at,cash_after,cash_before,contract,day,entry,entry_at,exit,exit_at,fees,limit,lot,period,pnl,premium_multiple,quality,quantity,reason,selection,side,signal,status,strike,variant
2026-07-21T10:24:00+05:30,5429.30,9411.18,NSE_FO|57349|21-07-2026,2026-07-21,48.20,2026-07-21T10:25:00+05:30,18.00,2026-07-21T14:57:00+05:30,55.88,50.60,65,development,-3981.88,0.3734439834024896265560165975,strict,130,STOP,"[{'contract': 'NSE_FO|57349|21-07-2026', 'status': 'ORDER_CREATED'}]",PE,ORB30,MODELED_EXIT,24200.0,ORB30_TARGET
2026-08-04T10:34:00+05:30,,5429.30,,2026-08-04,,,,,,,,development,,,strict,,,['UNKNOWN_VOLUME_MISMATCH'],PE,ORB30,UNKNOWN_SELECTION_DATA,,ORB30_TARGET
2026-07-21T10:24:00+05:30,7713.34,9411.18,NSE_FO|57349|21-07-2026,2026-07-21,48.20,2026-07-21T10:25:00+05:30,35.60,2026-07-21T13:34:00+05:30,59.84,50.60,65,development,-1697.84,0.7385892116182572614107883817,strict,130,STOP,"[{'contract': 'NSE_FO|57349|21-07-2026', 'status': 'ORDER_CREATED'}]",PE,ORB30,MODELED_EXIT,24200.0,ORB30_TRAIL
2026-08-04T10:34:00+05:30,,7713.34,,2026-08-04,,,,,,,,development,,,strict,,,['UNKNOWN_VOLUME_MISMATCH'],PE,ORB30,UNKNOWN_SELECTION_DATA,,ORB30_TRAIL
2026-07-21T14:58:00+05:30,4556.15,9411.18,NSE_FO|57348|21-07-2026,2026-07-21,13.80,2026-07-21T14:59:00+05:30,5.60,2026-07-21T15:01:00+05:30,58.03,14.55,65,development,-4855.03,0.4057971014492753623188405797,strict,585,STOP,"[{'contract': 'NSE_FO|57348|21-07-2026', 'status': 'ORDER_CREATED'}]",CE,LATE_BREAK,MODELED_EXIT,24200.0,LATE_BREAK_TARGET
2026-07-28T14:33:00+05:30,,4556.15,NSE_FO|63938|28-07-2026,2026-07-28,,,,,,7.90,65,development,,,strict,520,,"[{'contract': 'NSE_FO|63938|28-07-2026', 'status': 'ORDER_CREATED'}]",PE,LATE_BREAK,MODELED_LIMIT_MISS,23950.0,LATE_BREAK_TARGET
2026-08-04T15:03:00+05:30,,4556.15,,2026-08-04,,,,,,,,development,,,strict,,,['UNKNOWN_VOLUME_MISMATCH'],PE,LATE_BREAK,UNKNOWN_SELECTION_DATA,,LATE_BREAK_TARGET
2026-07-21T14:58:00+05:30,4556.15,9411.18,NSE_FO|57348|21-07-2026,2026-07-21,13.80,2026-07-21T14:59:00+05:30,5.60,2026-07-21T15:01:00+05:30,58.03,14.55,65,development,-4855.03,0.4057971014492753623188405797,strict,585,STOP,"[{'contract': 'NSE_FO|57348|21-07-2026', 'status': 'ORDER_CREATED'}]",CE,LATE_BREAK,MODELED_EXIT,24200.0,LATE_BREAK_TRAIL
2026-07-28T14:33:00+05:30,,4556.15,NSE_FO|63938|28-07-2026,2026-07-28,,,,,,7.90,65,development,,,strict,520,,"[{'contract': 'NSE_FO|63938|28-07-2026', 'status': 'ORDER_CREATED'}]",PE,LATE_BREAK,MODELED_LIMIT_MISS,23950.0,LATE_BREAK_TRAIL
2026-08-04T15:03:00+05:30,,4556.15,,2026-08-04,,,,,,,,development,,,strict,,,['UNKNOWN_VOLUME_MISMATCH'],PE,LATE_BREAK,UNKNOWN_SELECTION_DATA,,LATE_BREAK_TRAIL
2026-07-28T14:38:00+05:30,,9411.18,,2026-07-28,,,,,,,,development,,,strict,,,['UNKNOWN_VOLUME_MISMATCH'],CE,LATE_FADE,UNKNOWN_SELECTION_DATA,,LATE_FADE_TARGET
2026-07-28T14:38:00+05:30,,9411.18,,2026-07-28,,,,,,,,development,,,strict,,,['UNKNOWN_VOLUME_MISMATCH'],CE,LATE_FADE,UNKNOWN_SELECTION_DATA,,LATE_FADE_TRAIL
2026-07-21T14:45:00+05:30,,9411.18,,2026-07-21,,,,,,,,development,,,strict,,,['UNKNOWN_VOLUME_MISMATCH'],CE,BLIND_CE,UNKNOWN_SELECTION_DATA,,BLIND_CE_TARGET
2026-07-21T14:45:00+05:30,,9411.18,,2026-07-21,,,,,,,,development,,,strict,,,['UNKNOWN_VOLUME_MISMATCH'],CE,BLIND_CE,UNKNOWN_SELECTION_DATA,,BLIND_CE_TRAIL
2026-07-21T14:45:00+05:30,,9411.18,NSE_FO|57347|21-07-2026,2026-07-21,,,,,,8.95,65,development,,,strict,975,,"[{'contract': 'NSE_FO|57347|21-07-2026', 'status': 'ORDER_CREATED'}]",PE,BLIND_PE,MODELED_LIMIT_MISS,24150.0,BLIND_PE_TARGET
2026-07-28T14:45:00+05:30,,9411.18,NSE_FO|63940|28-07-2026,2026-07-28,,,,,,20.80,65,development,,,strict,390,,"[{'contract': 'NSE_FO|63940|28-07-2026', 'status': 'ORDER_CREATED'}]",PE,BLIND_PE,MODELED_LIMIT_MISS,24000.0,BLIND_PE_TARGET
2026-08-04T14:45:00+05:30,,9411.18,,2026-08-04,,,,,,,,development,,,strict,,,['UNKNOWN_VOLUME_MISMATCH'],PE,BLIND_PE,UNKNOWN_SELECTION_DATA,,BLIND_PE_TARGET
2026-07-21T14:45:00+05:30,,9411.18,NSE_FO|57347|21-07-2026,2026-07-21,,,,,,8.95,65,development,,,strict,975,,"[{'contract': 'NSE_FO|57347|21-07-2026', 'status': 'ORDER_CREATED'}]",PE,BLIND_PE,MODELED_LIMIT_MISS,24150.0,BLIND_PE_TRAIL
2026-07-28T14:45:00+05:30,,9411.18,NSE_FO|63940|28-07-2026,2026-07-28,,,,,,20.80,65,development,,,strict,390,,"[{'contract': 'NSE_FO|63940|28-07-2026', 'status': 'ORDER_CREATED'}]",PE,BLIND_PE,MODELED_LIMIT_MISS,24000.0,BLIND_PE_TRAIL
2026-08-04T14:45:00+05:30,,9411.18,,2026-08-04,,,,,,,,development,,,strict,,,['UNKNOWN_VOLUME_MISMATCH'],PE,BLIND_PE,UNKNOWN_SELECTION_DATA,,BLIND_PE_TRAIL
2026-07-21T10:24:00+05:30,5429.30,9411.18,NSE_FO|57349|21-07-2026,2026-07-21,48.20,2026-07-21T10:25:00+05:30,18.00,2026-07-21T14:57:00+05:30,55.88,50.60,65,development,-3981.88,0.3734439834024896265560165975,reported,130,STOP,"[{'contract': 'NSE_FO|57349|21-07-2026', 'status': 'ORDER_CREATED'}]",PE,ORB30,MODELED_EXIT,24200.0,ORB30_TARGET
2026-08-04T10:34:00+05:30,,5429.30,NSE_FO|65872|04-08-2026,2026-08-04,,,,,,49.45,65,development,,,reported,65,,"[{'contract': 'NSE_FO|65872|04-08-2026', 'status': 'ORDER_CREATED'}]",PE,ORB30,MODELED_LIMIT_MISS,24600.0,ORB30_TARGET
2026-08-11T11:04:00+05:30,3793.41,5429.30,NSE_FO|41010|11-08-2026,2026-08-11,46.5,2026-08-11T11:05:00+05:30,22.15,2026-08-11T14:18:00+05:30,53.14,46.75,65,development,-1635.89,0.4763440860215053763440860215,reported,65,STOP,"[{'contract': 'NSE_FO|41010|11-08-2026', 'status': 'ORDER_CREATED'}]",PE,ORB30,MODELED_EXIT,24450.0,ORB30_TARGET
2026-08-18T10:48:00+05:30,2731.22,3793.41,NSE_FO|45099|18-08-2026,2026-08-18,29.40,2026-08-18T10:49:00+05:30,13.85,2026-08-18T14:31:00+05:30,51.44,31.90,65,development,-1062.19,0.4710884353741496598639455782,reported,65,STOP,"[{'contract': 'NSE_FO|45099|18-08-2026', 'status': 'ORDER_CREATED'}]",PE,ORB30,MODELED_EXIT,24200.0,ORB30_TARGET
2026-08-25T10:25:00+05:30,1945.57,2731.22,NSE_FO|61622|25-08-2026,2026-08-25,21.70,2026-08-25T10:26:00+05:30,10.40,2026-08-25T10:50:00+05:30,51.15,21.75,65,development,-785.65,0.4792626728110599078341013825,reported,65,STOP,"[{'contract': 'NSE_FO|61622|25-08-2026', 'status': 'ORDER_CREATED'}]",PE,ORB30,MODELED_EXIT,24100.0,ORB30_TARGET
2026-09-01T09:49:00+05:30,,1945.57,NSE_FO|46984|01-09-2026,2026-09-01,,,,,,13.55,65,development,,,reported,130,,"[{'contract': 'NSE_FO|46986|01-09-2026', 'status': 'UNAFFORDABLE_OR_PAST_CAPACITY'}, {'contract': 'NSE_FO|46984|01-09-2026', 'status': 'ORDER_CREATED'}]",PE,ORB30,MODELED_LIMIT_MISS,23950.0,ORB30_TARGET
2026-09-08T10:05:00+05:30,1112.37,1945.57,NSE_FO|42624|08-09-2026,2026-09-08,18.35,2026-09-08T10:06:00+05:30,6.30,2026-09-08T15:17:00+05:30,49.95,19.00,65,development,-833.20,0.3433242506811989100817438692,reported,65,STOP,"[{'contract': 'NSE_FO|42626|08-09-2026', 'status': 'UNAFFORDABLE_OR_PAST_CAPACITY'}, {'contract': 'NSE_FO|42624|08-09-2026', 'status': 'ORDER_CREATED'}]",PE,ORB30,MODELED_EXIT,23600.0,ORB30_TARGET
2026-09-15T09:49:00+05:30,,1112.37,,2026-09-15,,,,,,,,development,,,reported,,,"[{'contract': 'NSE_FO|47296|15-09-2026', 'status': 'UNAFFORDABLE_OR_PAST_CAPACITY'}, {'contract': 'NSE_FO|47294|15-09-2026', 'status': 'UNAFFORDABLE_OR_PAST_CAPACITY'}, {'contract': 'NSE_FO|47292|15-09-2026', 'status': 'UNAFFORDABLE_OR_PAST_CAPACITY'}, {'contract': 'NSE_FO|47290|15-09-2026', 'status': 'UNAFFORDABLE_OR_PAST_CAPACITY'}]",PE,ORB30,NO_AFFORDABLE_LIQUID_CONTRACT,,ORB30_TARGET
2026-07-21T10:24:00+05:30,7713.34,9411.18,NSE_FO|57349|21-07-2026,2026-07-21,48.20,2026-07-21T10:25:00+05:30,35.60,2026-07-21T13:34:00+05:30,59.84,50.60,65,development,-1697.84,0.7385892116182572614107883817,reported,130,STOP,"[{'contract': 'NSE_FO|57349|21-07-2026', 'status': 'ORDER_CREATED'}]",PE,ORB30,MODELED_EXIT,24200.0,ORB30_TRAIL
2026-08-04T10:34:00+05:30,,7713.34,NSE_FO|65872|04-08-2026,2026-08-04,,,,,,49.45,65,development,,,reported,130,,"[{'contract': 'NSE_FO|65872|04-08-2026', 'status': 'ORDER_CREATED'}]",PE,ORB30,MODELED_LIMIT_MISS,24600.0,ORB30_TRAIL
2026-08-11T11:04:00+05:30,4685.74,7713.34,NSE_FO|41010|11-08-2026,2026-08-11,46.5,2026-08-11T11:05:00+05:30,23.65,2026-08-11T14:09:00+05:30,57.10,46.75,65,development,-3027.60,0.5086021505376344086021505376,reported,130,STOP,"[{'contract': 'NSE_FO|41010|11-08-2026', 'status': 'ORDER_CREATED'}]",PE,ORB30,MODELED_EXIT,24450.0,ORB30_TRAIL
2026-08-18T10:48:00+05:30,3934.06,4685.74,NSE_FO|45099|18-08-2026,2026-08-18,29.40,2026-08-18T10:49:00+05:30,24.05,2026-08-18T11:52:00+05:30,56.18,31.90,65,development,-751.68,0.8180272108843537414965986395,reported,130,STOP,"[{'contract': 'NSE_FO|45099|18-08-2026', 'status': 'ORDER_CREATED'}]",PE,ORB30,MODELED_EXIT,24200.0,ORB30_TRAIL
2026-08-25T10:25:00+05:30,2412.03,3934.06,NSE_FO|61622|25-08-2026,2026-08-25,21.70,2026-08-25T10:26:00+05:30,10.40,2026-08-25T10:50:00+05:30,53.03,21.75,65,development,-1522.03,0.4792626728110599078341013825,reported,130,STOP,"[{'contract': 'NSE_FO|61622|25-08-2026', 'status': 'ORDER_CREATED'}]",PE,ORB30,MODELED_EXIT,24100.0,ORB30_TRAIL
2026-09-01T09:49:00+05:30,1343.37,2412.03,NSE_FO|46986|01-09-2026,2026-09-01,28.90,2026-09-01T09:50:00+05:30,13.25,2026-09-01T10:31:00+05:30,51.41,28.90,65,development,-1068.66,0.4584775086505190311418685121,reported,65,STOP,"[{'contract': 'NSE_FO|46986|01-09-2026', 'status': 'ORDER_CREATED'}]",PE,ORB30,MODELED_EXIT,24000.0,ORB30_TRAIL
2026-09-08T10:05:00+05:30,510.17,1343.37,NSE_FO|42624|08-09-2026,2026-09-08,18.35,2026-09-08T10:06:00+05:30,6.30,2026-09-08T15:17:00+05:30,49.95,19.00,65,development,-833.20,0.3433242506811989100817438692,reported,65,STOP,"[{'contract': 'NSE_FO|42626|08-09-2026', 'status': 'UNAFFORDABLE_OR_PAST_CAPACITY'}, {'contract': 'NSE_FO|42624|08-09-2026', 'status': 'ORDER_CREATED'}]",PE,ORB30,MODELED_EXIT,23600.0,ORB30_TRAIL
2026-09-15T09:49:00+05:30,,510.17,,2026-09-15,,,,,,,,development,,,reported,,,"[{'contract': 'NSE_FO|47296|15-09-2026', 'status': 'UNAFFORDABLE_OR_PAST_CAPACITY'}, {'contract': 'NSE_FO|47294|15-09-2026', 'status': 'UNAFFORDABLE_OR_PAST_CAPACITY'}, {'contract': 'NSE_FO|47292|15-09-2026', 'status': 'UNAFFORDABLE_OR_PAST_CAPACITY'}, {'contract': 'NSE_FO|47290|15-09-2026', 'status': 'UNAFFORDABLE_OR_PAST_CAPACITY'}]",PE,ORB30,NO_AFFORDABLE_LIQUID_CONTRACT,,ORB30_TRAIL
2026-07-21T14:58:00+05:30,4556.15,9411.18,NSE_FO|57348|21-07-2026,2026-07-21,13.80,2026-07-21T14:59:00+05:30,5.60,2026-07-21T15:01:00+05:30,58.03,14.55,65,development,-4855.03,0.4057971014492753623188405797,reported,585,STOP,"[{'contract': 'NSE_FO|57348|21-07-2026', 'status': 'ORDER_CREATED'}]",CE,LATE_BREAK,MODELED_EXIT,24200.0,LATE_BREAK_TARGET
2026-07-28T14:33:00+05:30,,4556.15,NSE_FO|63938|28-07-2026,2026-07-28,,,,,,7.90,65,development,,,reported,520,,"[{'contract': 'NSE_FO|63938|28-07-2026', 'status': 'ORDER_CREATED'}]",PE,LATE_BREAK,MODELED_LIMIT_MISS,23950.0,LATE_BREAK_TARGET
2026-08-04T15:03:00+05:30,2869.63,4556.15,NSE_FO|65859|04-08-2026,2026-08-04,40.0,2026-08-04T15:04:00+05:30,14.85,2026-08-04T15:23:00+05:30,51.77,41.45,65,development,-1686.52,0.37125,reported,65,STOP,"[{'contract': 'NSE_FO|65859|04-08-2026', 'status': 'ORDER_CREATED'}]",PE,LATE_BREAK,MODELED_EXIT,24450.0,LATE_BREAK_TARGET
2026-08-11T14:41:00+05:30,1791.22,2869.63,NSE_FO|41010|11-08-2026,2026-08-11,28.85,2026-08-11T14:42:00+05:30,13.05,2026-08-11T15:01:00+05:30,51.41,31.50,65,development,-1078.41,0.4523396880415944540727902946,reported,65,STOP,"[{'contract': 'NSE_FO|41010|11-08-2026', 'status': 'ORDER_CREATED'}]",PE,LATE_BREAK,MODELED_EXIT,24450.0,LATE_BREAK_TARGET
2026-08-18T14:52:00+05:30,2441.08,1791.22,NSE_FO|45100|18-08-2026,2026-08-18,10.80,2026-08-18T14:53:00+05:30,21.60,2026-08-18T15:02:00+05:30,52.14,14.95,65,development,649.86,2,reported,65,TARGET_2X,"[{'contract': 'NSE_FO|45098|18-08-2026', 'status': 'UNAFFORDABLE_OR_PAST_CAPACITY'}, {'contract': 'NSE_FO|45100|18-08-2026', 'status': 'ORDER_CREATED'}]",CE,LATE_BREAK,MODELED_EXIT,24250.0,LATE_BREAK_TARGET
2026-08-25T14:33:00+05:30,1812.61,2441.08,NSE_FO|61671|25-08-2026,2026-08-25,17.5,2026-08-25T14:34:00+05:30,8.60,2026-08-25T14:38:00+05:30,49.97,19.30,65,development,-628.47,0.4914285714285714285714285714,reported,65,STOP,"[{'contract': 'NSE_FO|61647|25-08-2026', 'status': 'UNAFFORDABLE_OR_PAST_CAPACITY'}, {'contract': 'NSE_FO|61671|25-08-2026', 'status': 'ORDER_CREATED'}]",CE,LATE_BREAK,MODELED_EXIT,24250.0,LATE_BREAK_TARGET
2026-09-15T14:49:00+05:30,868.79,1812.61,NSE_FO|47282|15-09-2026,2026-09-15,21.65,2026-09-15T14:50:00+05:30,7.90,2026-09-15T15:17:00+05:30,50.07,21.75,65,development,-943.82,0.3648960739030023094688221709,reported,65,STOP,"[{'contract': 'NSE_FO|47284|15-09-2026', 'status': 'UNAFFORDABLE_OR_PAST_CAPACITY'}, {'contract': 'NSE_FO|47282|15-09-2026', 'status': 'ORDER_CREATED'}]",PE,LATE_BREAK,MODELED_EXIT,23100.0,LATE_BREAK_TARGET
2026-07-21T14:58:00+05:30,4556.15,9411.18,NSE_FO|57348|21-07-2026,2026-07-21,13.80,2026-07-21T14:59:00+05:30,5.60,2026-07-21T15:01:00+05:30,58.03,14.55,65,development,-4855.03,0.4057971014492753623188405797,reported,585,STOP,"[{'contract': 'NSE_FO|57348|21-07-2026', 'status': 'ORDER_CREATED'}]",CE,LATE_BREAK,MODELED_EXIT,24200.0,LATE_BREAK_TRAIL
2026-07-28T14:33:00+05:30,,4556.15,NSE_FO|63938|28-07-2026,2026-07-28,,,,,,7.90,65,development,,,reported,520,,"[{'contract': 'NSE_FO|63938|28-07-2026', 'status': 'ORDER_CREATED'}]",PE,LATE_BREAK,MODELED_LIMIT_MISS,23950.0,LATE_BREAK_TRAIL
2026-08-04T15:03:00+05:30,2869.63,4556.15,NSE_FO|65859|04-08-2026,2026-08-04,40.0,2026-08-04T15:04:00+05:30,14.85,2026-08-04T15:23:00+05:30,51.77,41.45,65,development,-1686.52,0.37125,reported,65,STOP,"[{'contract': 'NSE_FO|65859|04-08-2026', 'status': 'ORDER_CREATED'}]",PE,LATE_BREAK,MODELED_EXIT,24450.0,LATE_BREAK_TRAIL
2026-08-11T14:41:00+05:30,1791.22,2869.63,NSE_FO|41010|11-08-2026,2026-08-11,28.85,2026-08-11T14:42:00+05:30,13.05,2026-08-11T15:01:00+05:30,51.41,31.50,65,development,-1078.41,0.4523396880415944540727902946,reported,65,STOP,"[{'contract': 'NSE_FO|41010|11-08-2026', 'status': 'ORDER_CREATED'}]",PE,LATE_BREAK,MODELED_EXIT,24450.0,LATE_BREAK_TRAIL
2026-08-18T14:52:00+05:30,1617.92,1791.22,NSE_FO|45100|18-08-2026,2026-08-18,10.80,2026-08-18T14:53:00+05:30,8.90,2026-08-18T15:04:00+05:30,49.80,14.95,65,development,-173.30,0.8240740740740740740740740741,reported,65,STOP,"[{'contract': 'NSE_FO|45098|18-08-2026', 'status': 'UNAFFORDABLE_OR_PAST_CAPACITY'}, {'contract': 'NSE_FO|45100|18-08-2026', 'status': 'ORDER_CREATED'}]",CE,LATE_BREAK,MODELED_EXIT,24250.0,LATE_BREAK_TRAIL
2026-08-25T14:33:00+05:30,989.45,1617.92,NSE_FO|61671|25-08-2026,2026-08-25,17.5,2026-08-25T14:34:00+05:30,8.60,2026-08-25T14:38:00+05:30,49.97,19.30,65,development,-628.47,0.4914285714285714285714285714,reported,65,STOP,"[{'contract': 'NSE_FO|61647|25-08-2026', 'status': 'UNAFFORDABLE_OR_PAST_CAPACITY'}, {'contract': 'NSE_FO|61671|25-08-2026', 'status': 'ORDER_CREATED'}]",CE,LATE_BREAK,MODELED_EXIT,24250.0,LATE_BREAK_TRAIL
2026-09-15T14:49:00+05:30,549.74,989.45,NSE_FO|47280|15-09-2026,2026-09-15,10.95,2026-09-15T14:50:00+05:30,4.95,2026-09-15T15:12:00+05:30,49.71,11.05,65,development,-439.71,0.4520547945205479452054794521,reported,65,STOP,"[{'contract': 'NSE_FO|47284|15-09-2026', 'status': 'UNAFFORDABLE_OR_PAST_CAPACITY'}, {'contract': 'NSE_FO|47282|15-09-2026', 'status': 'UNAFFORDABLE_OR_PAST_CAPACITY'}, {'contract': 'NSE_FO|47280|15-09-2026', 'status': 'ORDER_CREATED'}]",PE,LATE_BREAK,MODELED_EXIT,23050.0,LATE_BREAK_TRAIL
2026-07-28T14:38:00+05:30,,9411.18,NSE_FO|63939|28-07-2026,2026-07-28,,,,,,11.05,65,development,,,reported,780,,"[{'contract': 'NSE_FO|63939|28-07-2026', 'status': 'ORDER_CREATED'}]",CE,LATE_FADE,MODELED_LIMIT_MISS,24000.0,LATE_FADE_TARGET
2026-08-11T14:45:00+05:30,,9411.18,NSE_FO|41009|11-08-2026,2026-08-11,,,,,,38.75,65,development,,,reported,195,,"[{'contract': 'NSE_FO|41009|11-08-2026', 'status': 'ORDER_CREATED'}]",CE,LATE_FADE,MODELED_LIMIT_MISS,24450.0,LATE_FADE_TARGET
2026-08-18T15:08:00+05:30,,9411.18,NSE_FO|45099|18-08-2026,2026-08-18,,,,,,13.25,65,development,,,reported,650,,"[{'contract': 'NSE_FO|45099|18-08-2026', 'status': 'ORDER_CREATED'}]",PE,LATE_FADE,MODELED_LIMIT_MISS,24200.0,LATE_FADE_TARGET
2026-07-28T14:38:00+05:30,,9411.18,NSE_FO|63939|28-07-2026,2026-07-28,,,,,,11.05,65,development,,,reported,780,,"[{'contract': 'NSE_FO|63939|28-07-2026', 'status': 'ORDER_CREATED'}]",CE,LATE_FADE,MODELED_LIMIT_MISS,24000.0,LATE_FADE_TRAIL
2026-08-11T14:45:00+05:30,,9411.18,NSE_FO|41009|11-08-2026,2026-08-11,,,,,,38.75,65,development,,,reported,195,,"[{'contract': 'NSE_FO|41009|11-08-2026', 'status': 'ORDER_CREATED'}]",CE,LATE_FADE,MODELED_LIMIT_MISS,24450.0,LATE_FADE_TRAIL
2026-08-18T15:08:00+05:30,,9411.18,NSE_FO|45099|18-08-2026,2026-08-18,,,,,,13.25,65,development,,,reported,650,,"[{'contract': 'NSE_FO|45099|18-08-2026', 'status': 'ORDER_CREATED'}]",PE,LATE_FADE,MODELED_LIMIT_MISS,24200.0,LATE_FADE_TRAIL
2026-07-28T15:02:00+05:30,4816.85,9411.18,NSE_FO|63940|28-07-2026,2026-07-28,44.15,2026-07-28T15:03:00+05:30,20.90,2026-07-28T15:19:00+05:30,60.58,45.15,65,development,-4594.33,0.4733861834654586636466591166,reported,195,STOP,"[{'contract': 'NSE_FO|63940|28-07-2026', 'status': 'ORDER_CREATED'}]",PE,OPTION_ACCEL,MODELED_EXIT,24000.0,OPTION_ACCEL_TARGET
2026-08-11T15:23:00+05:30,2169.57,4816.85,NSE_FO|41009|11-08-2026,2026-08-11,33.0,2026-08-11T15:24:00+05:30,13.05,2026-08-11T15:27:00+05:30,53.78,34.35,65,development,-2647.28,0.3954545454545454545454545455,reported,130,STOP,"[{'contract': 'NSE_FO|41009|11-08-2026', 'status': 'ORDER_CREATED'}]",CE,OPTION_ACCEL,MODELED_EXIT,24450.0,OPTION_ACCEL_TARGET
2026-08-18T15:05:00+05:30,,2169.57,NSE_FO|45099|18-08-2026,2026-08-18,,,,,,13.35,65,development,,,reported,130,,"[{'contract': 'NSE_FO|45099|18-08-2026', 'status': 'ORDER_CREATED'}]",PE,OPTION_ACCEL,MODELED_LIMIT_MISS,24200.0,OPTION_ACCEL_TARGET
2026-09-08T15:14:00+05:30,,2169.57,NSE_FO|42624|08-09-2026,2026-09-08,,,,,,20.15,65,development,,,reported,65,,"[{'contract': 'NSE_FO|42626|08-09-2026', 'status': 'UNAFFORDABLE_OR_PAST_CAPACITY'}, {'contract': 'NSE_FO|42624|08-09-2026', 'status': 'ORDER_CREATED'}]",PE,OPTION_ACCEL,MODELED_LIMIT_MISS,23600.0,OPTION_ACCEL_TARGET
2026-09-15T14:48:00+05:30,,2169.57,NSE_FO|47282|15-09-2026,2026-09-15,,,,,,18.55,65,development,,,reported,65,,"[{'contract': 'NSE_FO|47286|15-09-2026', 'status': 'UNAFFORDABLE_OR_PAST_CAPACITY'}, {'contract': 'NSE_FO|47284|15-09-2026', 'status': 'UNAFFORDABLE_OR_PAST_CAPACITY'}, {'contract': 'NSE_FO|47282|15-09-2026', 'status': 'ORDER_CREATED'}]",PE,OPTION_ACCEL,MODELED_LIMIT_MISS,23100.0,OPTION_ACCEL_TARGET
2026-07-28T15:02:00+05:30,4816.85,9411.18,NSE_FO|63940|28-07-2026,2026-07-28,44.15,2026-07-28T15:03:00+05:30,20.90,2026-07-28T15:19:00+05:30,60.58,45.15,65,development,-4594.33,0.4733861834654586636466591166,reported,195,STOP,"[{'contract': 'NSE_FO|63940|28-07-2026', 'status': 'ORDER_CREATED'}]",PE,OPTION_ACCEL,MODELED_EXIT,24000.0,OPTION_ACCEL_TRAIL
2026-08-11T15:23:00+05:30,2169.57,4816.85,NSE_FO|41009|11-08-2026,2026-08-11,33.0,2026-08-11T15:24:00+05:30,13.05,2026-08-11T15:27:00+05:30,53.78,34.35,65,development,-2647.28,0.3954545454545454545454545455,reported,130,STOP,"[{'contract': 'NSE_FO|41009|11-08-2026', 'status': 'ORDER_CREATED'}]",CE,OPTION_ACCEL,MODELED_EXIT,24450.0,OPTION_ACCEL_TRAIL
2026-08-18T15:05:00+05:30,,2169.57,NSE_FO|45099|18-08-2026,2026-08-18,,,,,,13.35,65,development,,,reported,130,,"[{'contract': 'NSE_FO|45099|18-08-2026', 'status': 'ORDER_CREATED'}]",PE,OPTION_ACCEL,MODELED_LIMIT_MISS,24200.0,OPTION_ACCEL_TRAIL
2026-09-08T15:14:00+05:30,,2169.57,NSE_FO|42624|08-09-2026,2026-09-08,,,,,,20.15,65,development,,,reported,65,,"[{'contract': 'NSE_FO|42626|08-09-2026', 'status': 'UNAFFORDABLE_OR_PAST_CAPACITY'}, {'contract': 'NSE_FO|42624|08-09-2026', 'status': 'ORDER_CREATED'}]",PE,OPTION_ACCEL,MODELED_LIMIT_MISS,23600.0,OPTION_ACCEL_TRAIL
2026-09-15T14:48:00+05:30,,2169.57,NSE_FO|47282|15-09-2026,2026-09-15,,,,,,18.55,65,development,,,reported,65,,"[{'contract': 'NSE_FO|47286|15-09-2026', 'status': 'UNAFFORDABLE_OR_PAST_CAPACITY'}, {'contract': 'NSE_FO|47284|15-09-2026', 'status': 'UNAFFORDABLE_OR_PAST_CAPACITY'}, {'contract': 'NSE_FO|47282|15-09-2026', 'status': 'ORDER_CREATED'}]",PE,OPTION_ACCEL,MODELED_LIMIT_MISS,23100.0,OPTION_ACCEL_TRAIL
2026-07-28T15:02:00+05:30,4816.85,9411.18,NSE_FO|63940|28-07-2026,2026-07-28,44.15,2026-07-28T15:03:00+05:30,20.90,2026-07-28T15:19:00+05:30,60.58,45.15,65,development,-4594.33,0.4733861834654586636466591166,reported,195,STOP,"[{'contract': 'NSE_FO|63940|28-07-2026', 'status': 'ORDER_CREATED'}]",PE,OPTION_ACCEL_OI,MODELED_EXIT,24000.0,OPTION_ACCEL_OI_TARGET
2026-08-11T15:23:00+05:30,2169.57,4816.85,NSE_FO|41009|11-08-2026,2026-08-11,33.0,2026-08-11T15:24:00+05:30,13.05,2026-08-11T15:27:00+05:30,53.78,34.35,65,development,-2647.28,0.3954545454545454545454545455,reported,130,STOP,"[{'contract': 'NSE_FO|41009|11-08-2026', 'status': 'ORDER_CREATED'}]",CE,OPTION_ACCEL_OI,MODELED_EXIT,24450.0,OPTION_ACCEL_OI_TARGET
2026-08-18T15:16:00+05:30,,2169.57,NSE_FO|45099|18-08-2026,2026-08-18,,,,,,21.95,65,development,,,reported,65,,"[{'contract': 'NSE_FO|45099|18-08-2026', 'status': 'ORDER_CREATED'}]",PE,OPTION_ACCEL_OI,MODELED_LIMIT_MISS,24200.0,OPTION_ACCEL_OI_TARGET
2026-09-08T15:14:00+05:30,,2169.57,NSE_FO|42624|08-09-2026,2026-09-08,,,,,,20.15,65,development,,,reported,65,,"[{'contract': 'NSE_FO|42626|08-09-2026', 'status': 'UNAFFORDABLE_OR_PAST_CAPACITY'}, {'contract': 'NSE_FO|42624|08-09-2026', 'status': 'ORDER_CREATED'}]",PE,OPTION_ACCEL_OI,MODELED_LIMIT_MISS,23600.0,OPTION_ACCEL_OI_TARGET
2026-09-15T14:48:00+05:30,,2169.57,NSE_FO|47282|15-09-2026,2026-09-15,,,,,,18.55,65,development,,,reported,65,,"[{'contract': 'NSE_FO|47286|15-09-2026', 'status': 'UNAFFORDABLE_OR_PAST_CAPACITY'}, {'contract': 'NSE_FO|47284|15-09-2026', 'status': 'UNAFFORDABLE_OR_PAST_CAPACITY'}, {'contract': 'NSE_FO|47282|15-09-2026', 'status': 'ORDER_CREATED'}]",PE,OPTION_ACCEL_OI,MODELED_LIMIT_MISS,23100.0,OPTION_ACCEL_OI_TARGET
2026-07-28T15:02:00+05:30,4816.85,9411.18,NSE_FO|63940|28-07-2026,2026-07-28,44.15,2026-07-28T15:03:00+05:30,20.90,2026-07-28T15:19:00+05:30,60.58,45.15,65,development,-4594.33,0.4733861834654586636466591166,reported,195,STOP,"[{'contract': 'NSE_FO|63940|28-07-2026', 'status': 'ORDER_CREATED'}]",PE,OPTION_ACCEL_OI,MODELED_EXIT,24000.0,OPTION_ACCEL_OI_TRAIL
2026-08-11T15:23:00+05:30,2169.57,4816.85,NSE_FO|41009|11-08-2026,2026-08-11,33.0,2026-08-11T15:24:00+05:30,13.05,2026-08-11T15:27:00+05:30,53.78,34.35,65,development,-2647.28,0.3954545454545454545454545455,reported,130,STOP,"[{'contract': 'NSE_FO|41009|11-08-2026', 'status': 'ORDER_CREATED'}]",CE,OPTION_ACCEL_OI,MODELED_EXIT,24450.0,OPTION_ACCEL_OI_TRAIL
2026-08-18T15:16:00+05:30,,2169.57,NSE_FO|45099|18-08-2026,2026-08-18,,,,,,21.95,65,development,,,reported,65,,"[{'contract': 'NSE_FO|45099|18-08-2026', 'status': 'ORDER_CREATED'}]",PE,OPTION_ACCEL_OI,MODELED_LIMIT_MISS,24200.0,OPTION_ACCEL_OI_TRAIL
2026-09-08T15:14:00+05:30,,2169.57,NSE_FO|42624|08-09-2026,2026-09-08,,,,,,20.15,65,development,,,reported,65,,"[{'contract': 'NSE_FO|42626|08-09-2026', 'status': 'UNAFFORDABLE_OR_PAST_CAPACITY'}, {'contract': 'NSE_FO|42624|08-09-2026', 'status': 'ORDER_CREATED'}]",PE,OPTION_ACCEL_OI,MODELED_LIMIT_MISS,23600.0,OPTION_ACCEL_OI_TRAIL
2026-09-15T14:48:00+05:30,,2169.57,NSE_FO|47282|15-09-2026,2026-09-15,,,,,,18.55,65,development,,,reported,65,,"[{'contract': 'NSE_FO|47286|15-09-2026', 'status': 'UNAFFORDABLE_OR_PAST_CAPACITY'}, {'contract': 'NSE_FO|47284|15-09-2026', 'status': 'UNAFFORDABLE_OR_PAST_CAPACITY'}, {'contract': 'NSE_FO|47282|15-09-2026', 'status': 'ORDER_CREATED'}]",PE,OPTION_ACCEL_OI,MODELED_LIMIT_MISS,23100.0,OPTION_ACCEL_OI_TRAIL
2026-07-21T14:45:00+05:30,,9411.18,NSE_FO|57346|21-07-2026,2026-07-21,,,,,,27.80,65,development,,,reported,260,,"[{'contract': 'NSE_FO|57346|21-07-2026', 'status': 'ORDER_CREATED'}]",CE,BLIND_CE,MODELED_LIMIT_MISS,24150.0,BLIND_CE_TARGET
2026-07-28T14:45:00+05:30,5803.51,9411.18,NSE_FO|63939|28-07-2026,2026-07-28,8.30,2026-07-28T14:46:00+05:30,4.10,2026-07-28T14:59:00+05:30,58.67,9.80,65,development,-3607.67,0.4939759036144578313253012048,reported,845,STOP,"[{'contract': 'NSE_FO|63939|28-07-2026', 'status': 'ORDER_CREATED'}]",CE,BLIND_CE,MODELED_EXIT,24000.0,BLIND_CE_TARGET
2026-08-04T14:45:00+05:30,,5803.51,NSE_FO|65858|04-08-2026,2026-08-04,,,,,,57.10,65,development,,,reported,65,,"[{'contract': 'NSE_FO|65858|04-08-2026', 'status': 'ORDER_CREATED'}]",CE,BLIND_CE,MODELED_LIMIT_MISS,24450.0,BLIND_CE_TARGET
2026-08-11T14:45:00+05:30,,5803.51,NSE_FO|41009|11-08-2026,2026-08-11,,,,,,38.75,65,development,,,reported,130,,"[{'contract': 'NSE_FO|41009|11-08-2026', 'status': 'ORDER_CREATED'}]",CE,BLIND_CE,MODELED_LIMIT_MISS,24450.0,BLIND_CE_TARGET
2026-08-18T14:45:00+05:30,,5803.51,NSE_FO|45098|18-08-2026,2026-08-18,,,,,,32.45,65,development,,,reported,130,,"[{'contract': 'NSE_FO|45098|18-08-2026', 'status': 'ORDER_CREATED'}]",CE,BLIND_CE,MODELED_LIMIT_MISS,24200.0,BLIND_CE_TARGET
2026-08-25T14:45:00+05:30,,5803.51,NSE_FO|61647|25-08-2026,2026-08-25,,,,,,43.90,65,development,,,reported,65,,"[{'contract': 'NSE_FO|61647|25-08-2026', 'status': 'ORDER_CREATED'}]",CE,BLIND_CE,MODELED_LIMIT_MISS,24200.0,BLIND_CE_TARGET
2026-09-01T14:45:00+05:30,,5803.51,NSE_FO|46983|01-09-2026,2026-09-01,,,,,,50.75,65,development,,,reported,65,,"[{'contract': 'NSE_FO|46983|01-09-2026', 'status': 'ORDER_CREATED'}]",CE,BLIND_CE,MODELED_LIMIT_MISS,23950.0,BLIND_CE_TARGET
2026-09-08T14:45:00+05:30,3700.91,5803.51,NSE_FO|42625|08-09-2026,2026-09-08,44.75,2026-09-08T14:46:00+05:30,13.20,2026-09-08T15:16:00+05:30,51.85,47.50,65,development,-2102.60,0.2949720670391061452513966480,reported,65,STOP,"[{'contract': 'NSE_FO|42625|08-09-2026', 'status': 'ORDER_CREATED'}]",CE,BLIND_CE,MODELED_EXIT,23650.0,BLIND_CE_TARGET
2026-09-15T14:45:00+05:30,2417.60,3700.91,NSE_FO|47287|15-09-2026,2026-09-15,33.20,2026-09-15T14:46:00+05:30,14.25,2026-09-15T14:49:00+05:30,51.56,36.60,65,development,-1283.31,0.4292168674698795180722891566,reported,65,STOP,"[{'contract': 'NSE_FO|47285|15-09-2026', 'status': 'UNAFFORDABLE_OR_PAST_CAPACITY'}, {'contract': 'NSE_FO|47287|15-09-2026', 'status': 'ORDER_CREATED'}]",CE,BLIND_CE,MODELED_EXIT,23250.0,BLIND_CE_TARGET
2026-07-21T14:45:00+05:30,,9411.18,NSE_FO|57346|21-07-2026,2026-07-21,,,,,,27.80,65,development,,,reported,260,,"[{'contract': 'NSE_FO|57346|21-07-2026', 'status': 'ORDER_CREATED'}]",CE,BLIND_CE,MODELED_LIMIT_MISS,24150.0,BLIND_CE_TRAIL
2026-07-28T14:45:00+05:30,5803.51,9411.18,NSE_FO|63939|28-07-2026,2026-07-28,8.30,2026-07-28T14:46:00+05:30,4.10,2026-07-28T14:59:00+05:30,58.67,9.80,65,development,-3607.67,0.4939759036144578313253012048,reported,845,STOP,"[{'contract': 'NSE_FO|63939|28-07-2026', 'status': 'ORDER_CREATED'}]",CE,BLIND_CE,MODELED_EXIT,24000.0,BLIND_CE_TRAIL
2026-08-04T14:45:00+05:30,,5803.51,NSE_FO|65858|04-08-2026,2026-08-04,,,,,,57.10,65,development,,,reported,65,,"[{'contract': 'NSE_FO|65858|04-08-2026', 'status': 'ORDER_CREATED'}]",CE,BLIND_CE,MODELED_LIMIT_MISS,24450.0,BLIND_CE_TRAIL
2026-08-11T14:45:00+05:30,,5803.51,NSE_FO|41009|11-08-2026,2026-08-11,,,,,,38.75,65,development,,,reported,130,,"[{'contract': 'NSE_FO|41009|11-08-2026', 'status': 'ORDER_CREATED'}]",CE,BLIND_CE,MODELED_LIMIT_MISS,24450.0,BLIND_CE_TRAIL
2026-08-18T14:45:00+05:30,,5803.51,NSE_FO|45098|18-08-2026,2026-08-18,,,,,,32.45,65,development,,,reported,130,,"[{'contract': 'NSE_FO|45098|18-08-2026', 'status': 'ORDER_CREATED'}]",CE,BLIND_CE,MODELED_LIMIT_MISS,24200.0,BLIND_CE_TRAIL
2026-08-25T14:45:00+05:30,,5803.51,NSE_FO|61647|25-08-2026,2026-08-25,,,,,,43.90,65,development,,,reported,65,,"[{'contract': 'NSE_FO|61647|25-08-2026', 'status': 'ORDER_CREATED'}]",CE,BLIND_CE,MODELED_LIMIT_MISS,24200.0,BLIND_CE_TRAIL
2026-09-01T14:45:00+05:30,,5803.51,NSE_FO|46983|01-09-2026,2026-09-01,,,,,,50.75,65,development,,,reported,65,,"[{'contract': 'NSE_FO|46983|01-09-2026', 'status': 'ORDER_CREATED'}]",CE,BLIND_CE,MODELED_LIMIT_MISS,23950.0,BLIND_CE_TRAIL
2026-09-08T14:45:00+05:30,4544.55,5803.51,NSE_FO|42625|08-09-2026,2026-09-08,44.75,2026-09-08T14:46:00+05:30,26.20,2026-09-08T15:15:00+05:30,53.21,47.50,65,development,-1258.96,0.5854748603351955307262569832,reported,65,STOP,"[{'contract': 'NSE_FO|42625|08-09-2026', 'status': 'ORDER_CREATED'}]",CE,BLIND_CE,MODELED_EXIT,23650.0,BLIND_CE_TRAIL
2026-09-15T14:45:00+05:30,2596.23,4544.55,NSE_FO|47285|15-09-2026,2026-09-15,56.85,2026-09-15T14:46:00+05:30,27.70,2026-09-15T14:49:00+05:30,53.57,62.10,65,development,-1948.32,0.4872471416007036059806508355,reported,65,STOP,"[{'contract': 'NSE_FO|47285|15-09-2026', 'status': 'ORDER_CREATED'}]",CE,BLIND_CE,MODELED_EXIT,23200.0,BLIND_CE_TRAIL
2026-07-21T14:45:00+05:30,,9411.18,NSE_FO|57347|21-07-2026,2026-07-21,,,,,,8.95,65,development,,,reported,975,,"[{'contract': 'NSE_FO|57347|21-07-2026', 'status': 'ORDER_CREATED'}]",PE,BLIND_PE,MODELED_LIMIT_MISS,24150.0,BLIND_PE_TARGET
2026-07-28T14:45:00+05:30,,9411.18,NSE_FO|63940|28-07-2026,2026-07-28,,,,,,20.80,65,development,,,reported,390,,"[{'contract': 'NSE_FO|63940|28-07-2026', 'status': 'ORDER_CREATED'}]",PE,BLIND_PE,MODELED_LIMIT_MISS,24000.0,BLIND_PE_TARGET
2026-08-04T14:45:00+05:30,5522.13,9411.18,NSE_FO|65859|04-08-2026,2026-08-04,34.5,2026-08-04T14:46:00+05:30,14.85,2026-08-04T15:23:00+05:30,57.30,34.70,65,development,-3889.05,0.4304347826086956521739130435,reported,195,STOP,"[{'contract': 'NSE_FO|65859|04-08-2026', 'status': 'ORDER_CREATED'}]",PE,BLIND_PE,MODELED_EXIT,24450.0,BLIND_PE_TARGET
2026-08-11T14:45:00+05:30,3518.83,5522.13,NSE_FO|41010|11-08-2026,2026-08-11,26.15,2026-08-11T14:46:00+05:30,11.15,2026-08-11T15:03:00+05:30,53.30,29.50,65,development,-2003.30,0.4263862332695984703632887189,reported,130,STOP,"[{'contract': 'NSE_FO|41010|11-08-2026', 'status': 'ORDER_CREATED'}]",PE,BLIND_PE,MODELED_EXIT,24450.0,BLIND_PE_TARGET
2026-08-18T14:45:00+05:30,,3518.83,NSE_FO|45099|18-08-2026,2026-08-18,,,,,,15.30,65,development,,,reported,195,,"[{'contract': 'NSE_FO|45099|18-08-2026', 'status': 'ORDER_CREATED'}]",PE,BLIND_PE,MODELED_LIMIT_MISS,24200.0,BLIND_PE_TARGET
2026-08-25T14:45:00+05:30,,3518.83,NSE_FO|61670|25-08-2026,2026-08-25,,,,,,14.50,65,development,,,reported,195,,"[{'contract': 'NSE_FO|61670|25-08-2026', 'status': 'ORDER_CREATED'}]",PE,BLIND_PE,MODELED_LIMIT_MISS,24200.0,BLIND_PE_TARGET
2026-09-01T14:45:00+05:30,1037.26,3518.83,NSE_FO|46984|01-09-2026,2026-09-01,21.25,2026-09-01T14:46:00+05:30,2.55,2026-09-01T15:21:00+05:30,50.57,24.25,65,development,-2481.57,0.12,reported,130,STOP,"[{'contract': 'NSE_FO|46984|01-09-2026', 'status': 'ORDER_CREATED'}]",PE,BLIND_PE,MODELED_EXIT,23950.0,BLIND_PE_TARGET
2026-09-08T14:45:00+05:30,,1037.26,NSE_FO|42621|08-09-2026,2026-09-08,,,,,,6.60,65,development,,,reported,130,,"[{'contract': 'NSE_FO|42626|08-09-2026', 'status': 'UNAFFORDABLE_OR_PAST_CAPACITY'}, {'contract': 'NSE_FO|42624|08-09-2026', 'status': 'UNAFFORDABLE_OR_PAST_CAPACITY'}, {'contract': 'NSE_FO|42621|08-09-2026', 'status': 'ORDER_CREATED'}]",PE,BLIND_PE,MODELED_LIMIT_MISS,23550.0,BLIND_PE_TARGET
2026-09-15T14:45:00+05:30,,1037.26,NSE_FO|47282|15-09-2026,2026-09-15,,,,,,12.90,65,development,,,reported,65,,"[{'contract': 'NSE_FO|47286|15-09-2026', 'status': 'UNAFFORDABLE_OR_PAST_CAPACITY'}, {'contract': 'NSE_FO|47284|15-09-2026', 'status': 'UNAFFORDABLE_OR_PAST_CAPACITY'}, {'contract': 'NSE_FO|47282|15-09-2026', 'status': 'ORDER_CREATED'}]",PE,BLIND_PE,MODELED_LIMIT_MISS,23100.0,BLIND_PE_TARGET
2026-07-21T14:45:00+05:30,,9411.18,NSE_FO|57347|21-07-2026,2026-07-21,,,,,,8.95,65,development,,,reported,975,,"[{'contract': 'NSE_FO|57347|21-07-2026', 'status': 'ORDER_CREATED'}]",PE,BLIND_PE,MODELED_LIMIT_MISS,24150.0,BLIND_PE_TRAIL
2026-07-28T14:45:00+05:30,,9411.18,NSE_FO|63940|28-07-2026,2026-07-28,,,,,,20.80,65,development,,,reported,390,,"[{'contract': 'NSE_FO|63940|28-07-2026', 'status': 'ORDER_CREATED'}]",PE,BLIND_PE,MODELED_LIMIT_MISS,24000.0,BLIND_PE_TRAIL
2026-08-04T14:45:00+05:30,5522.13,9411.18,NSE_FO|65859|04-08-2026,2026-08-04,34.5,2026-08-04T14:46:00+05:30,14.85,2026-08-04T15:23:00+05:30,57.30,34.70,65,development,-3889.05,0.4304347826086956521739130435,reported,195,STOP,"[{'contract': 'NSE_FO|65859|04-08-2026', 'status': 'ORDER_CREATED'}]",PE,BLIND_PE,MODELED_EXIT,24450.0,BLIND_PE_TRAIL
2026-08-11T14:45:00+05:30,3518.83,5522.13,NSE_FO|41010|11-08-2026,2026-08-11,26.15,2026-08-11T14:46:00+05:30,11.15,2026-08-11T15:03:00+05:30,53.30,29.50,65,development,-2003.30,0.4263862332695984703632887189,reported,130,STOP,"[{'contract': 'NSE_FO|41010|11-08-2026', 'status': 'ORDER_CREATED'}]",PE,BLIND_PE,MODELED_EXIT,24450.0,BLIND_PE_TRAIL
2026-08-18T14:45:00+05:30,,3518.83,NSE_FO|45099|18-08-2026,2026-08-18,,,,,,15.30,65,development,,,reported,195,,"[{'contract': 'NSE_FO|45099|18-08-2026', 'status': 'ORDER_CREATED'}]",PE,BLIND_PE,MODELED_LIMIT_MISS,24200.0,BLIND_PE_TRAIL
2026-08-25T14:45:00+05:30,,3518.83,NSE_FO|61670|25-08-2026,2026-08-25,,,,,,14.50,65,development,,,reported,195,,"[{'contract': 'NSE_FO|61670|25-08-2026', 'status': 'ORDER_CREATED'}]",PE,BLIND_PE,MODELED_LIMIT_MISS,24200.0,BLIND_PE_TRAIL
2026-09-01T14:45:00+05:30,2139.79,3518.83,NSE_FO|46984|01-09-2026,2026-09-01,21.25,2026-09-01T14:46:00+05:30,11.05,2026-09-01T14:56:00+05:30,53.04,24.25,65,development,-1379.04,0.52,reported,130,STOP,"[{'contract': 'NSE_FO|46984|01-09-2026', 'status': 'ORDER_CREATED'}]",PE,BLIND_PE,MODELED_EXIT,23950.0,BLIND_PE_TRAIL
2026-09-08T14:45:00+05:30,,2139.79,NSE_FO|42624|08-09-2026,2026-09-08,,,,,,14.95,65,development,,,reported,130,,"[{'contract': 'NSE_FO|42626|08-09-2026', 'status': 'UNAFFORDABLE_OR_PAST_CAPACITY'}, {'contract': 'NSE_FO|42624|08-09-2026', 'status': 'ORDER_CREATED'}]",PE,BLIND_PE,MODELED_LIMIT_MISS,23600.0,BLIND_PE_TRAIL
2026-09-15T14:45:00+05:30,,2139.79,NSE_FO|47284|15-09-2026,2026-09-15,,,,,,24.30,65,development,,,reported,65,,"[{'contract': 'NSE_FO|47286|15-09-2026', 'status': 'UNAFFORDABLE_OR_PAST_CAPACITY'}, {'contract': 'NSE_FO|47284|15-09-2026', 'status': 'ORDER_CREATED'}]",PE,BLIND_PE,MODELED_LIMIT_MISS,23150.0,BLIND_PE_TRAIL
2026-04-07T10:05:00+05:30,5729.93,9411.18,NSE_FO|40761|07-04-2026,2026-04-07,105.30,2026-04-07T10:06:00+05:30,49.55,2026-04-07T11:01:00+05:30,57.50,110.15,65,recent_validation,-3681.25,0.4705603038936372269705603039,strict,65,STOP,"[{'contract': 'NSE_FO|40761|07-04-2026', 'status': 'ORDER_CREATED'}]",CE,ORB30,MODELED_EXIT,22900.0,ORB30_TARGET
2026-04-13T10:23:00+05:30,9564.75,5729.93,NSE_FO|54802|13-04-2026,2026-04-13,60.0,2026-04-13T10:24:00+05:30,120.0,2026-04-13T13:53:00+05:30,65.18,63.25,65,recent_validation,3834.82,2,strict,65,TARGET_2X,"[{'contract': 'NSE_FO|54800|13-04-2026', 'status': 'UNAFFORDABLE_OR_PAST_CAPACITY'}, {'contract': 'NSE_FO|54802|13-04-2026', 'status': 'ORDER_CREATED'}]",CE,ORB30,MODELED_EXIT,23750.0,ORB30_TARGET
2026-04-21T09:47:00+05:30,10105.81,9564.75,NSE_FO|63447|21-04-2026,2026-04-21,67.20,2026-04-21T09:48:00+05:30,76.45,2026-04-21T15:25:00+05:30,60.19,72.65,65,recent_validation,541.06,1.137648809523809523809523810,strict,65,TIMED_CLOSE,"[{'contract': 'NSE_FO|63447|21-04-2026', 'status': 'ORDER_CREATED'}]",CE,ORB30,MODELED_EXIT,24500.0,ORB30_TARGET
2026-04-28T09:48:00+05:30,7021.06,10105.81,NSE_FO|72269|28-04-2026,2026-04-28,43.55,2026-04-28T09:49:00+05:30,20.25,2026-04-28T11:25:00+05:30,55.75,51.45,65,recent_validation,-3084.75,0.4649827784156142365097588978,strict,130,STOP,"[{'contract': 'NSE_FO|72269|28-04-2026', 'status': 'ORDER_CREATED'}]",CE,ORB30,MODELED_EXIT,24150.0,ORB30_TARGET
2026-05-05T10:36:00+05:30,4802.86,7021.06,NSE_FO|74146|05-05-2026,2026-05-05,61.10,2026-05-05T10:37:00+05:30,27.80,2026-05-05T12:23:00+05:30,53.70,64.60,65,recent_validation,-2218.20,0.4549918166939443535188216039,strict,65,STOP,"[{'contract': 'NSE_FO|74146|05-05-2026', 'status': 'ORDER_CREATED'}]",PE,ORB30,MODELED_EXIT,23950.0,ORB30_TARGET
2026-05-12T10:35:00+05:30,7650.68,4802.86,NSE_FO|41735|12-05-2026,2026-05-12,44.75,2026-05-12T10:36:00+05:30,89.50,2026-05-12T12:31:00+05:30,60.93,47.05,65,recent_validation,2847.82,2,strict,65,TARGET_2X,"[{'contract': 'NSE_FO|41735|12-05-2026', 'status': 'ORDER_CREATED'}]",PE,ORB30,MODELED_EXIT,23600.0,ORB30_TARGET
2026-05-19T10:59:00+05:30,5021.31,7650.68,NSE_FO|51374|19-05-2026,2026-05-19,38.40,2026-05-19T11:00:00+05:30,18.60,2026-05-19T11:15:00+05:30,55.37,44.05,65,recent_validation,-2629.37,0.484375,strict,130,STOP,"[{'contract': 'NSE_FO|51374|19-05-2026', 'status': 'ORDER_CREATED'}]",CE,ORB30,MODELED_EXIT,23800.0,ORB30_TARGET
2026-05-26T10:40:00+05:30,3734.53,5021.31,NSE_FO|72183|26-05-2026,2026-05-26,37.20,2026-05-26T10:41:00+05:30,18.20,2026-05-26T11:25:00+05:30,51.78,38.65,65,recent_validation,-1286.78,0.4892473118279569892473118280,strict,65,STOP,"[{'contract': 'NSE_FO|72183|26-05-2026', 'status': 'ORDER_CREATED'}]",CE,ORB30,MODELED_EXIT,24100.0,ORB30_TARGET
2026-06-02T09:57:00+05:30,,3734.53,,2026-06-02,,,,,,,,recent_validation,,,strict,,,['UNKNOWN_VOLUME_MISMATCH'],CE,ORB30,UNKNOWN_SELECTION_DATA,,ORB30_TARGET
2026-04-07T10:05:00+05:30,6248.72,9411.18,NSE_FO|40761|07-04-2026,2026-04-07,105.30,2026-04-07T10:06:00+05:30,57.55,2026-04-07T10:59:00+05:30,58.71,110.15,65,recent_validation,-3162.46,0.5465337132003798670465337132,strict,65,STOP,"[{'contract': 'NSE_FO|40761|07-04-2026', 'status': 'ORDER_CREATED'}]",CE,ORB30,MODELED_EXIT,22900.0,ORB30_TRAIL
2026-04-13T10:23:00+05:30,9586.39,6248.72,NSE_FO|54800|13-04-2026,2026-04-13,84.90,2026-04-13T10:24:00+05:30,137.30,2026-04-13T15:25:00+05:30,68.33,88.95,65,recent_validation,3337.67,1.617196702002355712603062426,strict,65,TIMED_CLOSE,"[{'contract': 'NSE_FO|54800|13-04-2026', 'status': 'ORDER_CREATED'}]",CE,ORB30,MODELED_EXIT,23700.0,ORB30_TRAIL
2026-04-21T09:47:00+05:30,7704.72,9586.39,NSE_FO|63447|21-04-2026,2026-04-21,67.20,2026-04-21T09:48:00+05:30,39.10,2026-04-21T13:44:00+05:30,55.17,72.65,65,recent_validation,-1881.67,0.5818452380952380952380952381,strict,65,STOP,"[{'contract': 'NSE_FO|63447|21-04-2026', 'status': 'ORDER_CREATED'}]",CE,ORB30,MODELED_EXIT,24500.0,ORB30_TRAIL
2026-04-28T09:48:00+05:30,5482.11,7704.72,NSE_FO|72269|28-04-2026,2026-04-28,43.55,2026-04-28T09:49:00+05:30,26.90,2026-04-28T11:13:00+05:30,58.11,51.45,65,recent_validation,-2222.61,0.6176808266360505166475315729,strict,130,STOP,"[{'contract': 'NSE_FO|72269|28-04-2026', 'status': 'ORDER_CREATED'}]",CE,ORB30,MODELED_EXIT,24150.0,ORB30_TRAIL
2026-05-05T10:36:00+05:30,4114.06,5482.11,NSE_FO|74146|05-05-2026,2026-05-05,61.10,2026-05-05T10:37:00+05:30,40.90,2026-05-05T12:15:00+05:30,55.05,64.60,65,recent_validation,-1368.05,0.6693944353518821603927986907,strict,65,STOP,"[{'contract': 'NSE_FO|74146|05-05-2026', 'status': 'ORDER_CREATED'}]",PE,ORB30,MODELED_EXIT,23950.0,ORB30_TRAIL
2026-05-12T10:35:00+05:30,15346.59,4114.06,NSE_FO|41735|12-05-2026,2026-05-12,44.75,2026-05-12T10:36:00+05:30,218.75,2026-05-12T15:25:00+05:30,77.47,47.05,65,recent_validation,11232.53,4.888268156424581005586592179,strict,65,TIMED_CLOSE,"[{'contract': 'NSE_FO|41735|12-05-2026', 'status': 'ORDER_CREATED'}]",PE,ORB30,MODELED_EXIT,23600.0,ORB30_TRAIL
2026-05-19T10:59:00+05:30,8845.54,15346.59,NSE_FO|51374|19-05-2026,2026-05-19,38.40,2026-05-19T11:00:00+05:30,18.60,2026-05-19T11:15:00+05:30,66.05,44.05,65,recent_validation,-6501.05,0.484375,strict,325,STOP,"[{'contract': 'NSE_FO|51374|19-05-2026', 'status': 'ORDER_CREATED'}]",CE,ORB30,MODELED_EXIT,23800.0,ORB30_TRAIL
2026-05-26T10:40:00+05:30,5081.74,8845.54,NSE_FO|72183|26-05-2026,2026-05-26,37.20,2026-05-26T10:41:00+05:30,18.20,2026-05-26T11:25:00+05:30,58.80,38.65,65,recent_validation,-3763.80,0.4892473118279569892473118280,strict,195,STOP,"[{'contract': 'NSE_FO|72183|26-05-2026', 'status': 'ORDER_CREATED'}]",CE,ORB30,MODELED_EXIT,24100.0,ORB30_TRAIL
2026-06-02T09:57:00+05:30,,5081.74,,2026-06-02,,,,,,,,recent_validation,,,strict,,,['UNKNOWN_VOLUME_MISMATCH'],CE,ORB30,UNKNOWN_SELECTION_DATA,,ORB30_TRAIL
2026-04-07T14:33:00+05:30,5276.73,9411.18,NSE_FO|40774|07-04-2026,2026-04-07,39.05,2026-04-07T14:34:00+05:30,18.15,2026-04-07T14:36:00+05:30,58.95,40.30,65,recent_validation,-4134.45,0.4647887323943661971830985915,strict,195,STOP,"[{'contract': 'NSE_FO|40774|07-04-2026', 'status': 'ORDER_CREATED'}]",CE,LATE_BREAK,MODELED_EXIT,23050.0,LATE_BREAK_TARGET
2026-04-13T15:21:00+05:30,4224.55,5276.73,NSE_FO|54807|13-04-2026,2026-04-13,11.70,2026-04-13T15:22:00+05:30,9.15,2026-04-13T15:25:00+05:30,57.68,11.80,65,recent_validation,-1052.18,0.7820512820512820512820512821,strict,390,TIMED_CLOSE,"[{'contract': 'NSE_FO|54807|13-04-2026', 'status': 'ORDER_CREATED'}]",PE,LATE_BREAK,MODELED_EXIT,23850.0,LATE_BREAK_TARGET
2026-04-28T14:32:00+05:30,2260.29,4224.55,NSE_FO|72265|28-04-2026,2026-04-28,12.80,2026-04-28T14:33:00+05:30,5.45,2026-04-28T14:35:00+05:30,53.26,14.25,65,recent_validation,-1964.26,0.42578125,strict,260,STOP,"[{'contract': 'NSE_FO|72265|28-04-2026', 'status': 'ORDER_CREATED'}]",CE,LATE_BREAK,MODELED_EXIT,24050.0,LATE_BREAK_TARGET
2026-05-12T14:54:00+05:30,,2260.29,,2026-05-12,,,,,,,,recent_validation,,,strict,,,['UNKNOWN_VOLUME_MISMATCH'],PE,LATE_BREAK,UNKNOWN_SELECTION_DATA,,LATE_BREAK_TARGET
2026-04-07T14:33:00+05:30,5276.73,9411.18,NSE_FO|40774|07-04-2026,2026-04-07,39.05,2026-04-07T14:34:00+05:30,18.15,2026-04-07T14:36:00+05:30,58.95,40.30,65,recent_validation,-4134.45,0.4647887323943661971830985915,strict,195,STOP,"[{'contract': 'NSE_FO|40774|07-04-2026', 'status': 'ORDER_CREATED'}]",CE,LATE_BREAK,MODELED_EXIT,23050.0,LATE_BREAK_TRAIL
2026-04-13T15:21:00+05:30,4224.55,5276.73,NSE_FO|54807|13-04-2026,2026-04-13,11.70,2026-04-13T15:22:00+05:30,9.15,2026-04-13T15:25:00+05:30,57.68,11.80,65,recent_validation,-1052.18,0.7820512820512820512820512821,strict,390,TIMED_CLOSE,"[{'contract': 'NSE_FO|54807|13-04-2026', 'status': 'ORDER_CREATED'}]",PE,LATE_BREAK,MODELED_EXIT,23850.0,LATE_BREAK_TRAIL
2026-04-28T14:32:00+05:30,2260.29,4224.55,NSE_FO|72265|28-04-2026,2026-04-28,12.80,2026-04-28T14:33:00+05:30,5.45,2026-04-28T14:35:00+05:30,53.26,14.25,65,recent_validation,-1964.26,0.42578125,strict,260,STOP,"[{'contract': 'NSE_FO|72265|28-04-2026', 'status': 'ORDER_CREATED'}]",CE,LATE_BREAK,MODELED_EXIT,24050.0,LATE_BREAK_TRAIL
2026-05-12T14:54:00+05:30,,2260.29,,2026-05-12,,,,,,,,recent_validation,,,strict,,,['UNKNOWN_VOLUME_MISMATCH'],PE,LATE_BREAK,UNKNOWN_SELECTION_DATA,,LATE_BREAK_TRAIL
2026-04-07T14:37:00+05:30,,9411.18,NSE_FO|40773|07-04-2026,2026-04-07,,,,,,31.25,65,recent_validation,,,strict,260,,"[{'contract': 'NSE_FO|40773|07-04-2026', 'status': 'ORDER_CREATED'}]",PE,LATE_FADE,MODELED_LIMIT_MISS,23000.0,LATE_FADE_TARGET
2026-04-13T14:38:00+05:30,,9411.18,NSE_FO|54809|13-04-2026,2026-04-13,,,,,,35.50,65,recent_validation,,,strict,195,,"[{'contract': 'NSE_FO|54809|13-04-2026', 'status': 'ORDER_CREATED'}]",PE,LATE_FADE,MODELED_LIMIT_MISS,23900.0,LATE_FADE_TARGET
2026-04-21T15:04:00+05:30,,9411.18,NSE_FO|63463|21-04-2026,2026-04-21,,,,,,1.05,65,recent_validation,,,strict,8385,,"[{'contract': 'NSE_FO|63463|21-04-2026', 'status': 'ORDER_CREATED'}]",PE,LATE_FADE,MODELED_LIMIT_MISS,24550.0,LATE_FADE_TARGET
2026-04-28T15:03:00+05:30,,9411.18,,2026-04-28,,,,,,,,recent_validation,,,strict,,,['UNKNOWN_VOLUME_MISMATCH'],PE,LATE_FADE,UNKNOWN_SELECTION_DATA,,LATE_FADE_TARGET
2026-04-07T14:37:00+05:30,,9411.18,NSE_FO|40773|07-04-2026,2026-04-07,,,,,,31.25,65,recent_validation,,,strict,260,,"[{'contract': 'NSE_FO|40773|07-04-2026', 'status': 'ORDER_CREATED'}]",PE,LATE_FADE,MODELED_LIMIT_MISS,23000.0,LATE_FADE_TRAIL
2026-04-13T14:38:00+05:30,,9411.18,NSE_FO|54809|13-04-2026,2026-04-13,,,,,,35.50,65,recent_validation,,,strict,195,,"[{'contract': 'NSE_FO|54809|13-04-2026', 'status': 'ORDER_CREATED'}]",PE,LATE_FADE,MODELED_LIMIT_MISS,23900.0,LATE_FADE_TRAIL
2026-04-21T15:04:00+05:30,,9411.18,NSE_FO|63463|21-04-2026,2026-04-21,,,,,,1.05,65,recent_validation,,,strict,8385,,"[{'contract': 'NSE_FO|63463|21-04-2026', 'status': 'ORDER_CREATED'}]",PE,LATE_FADE,MODELED_LIMIT_MISS,24550.0,LATE_FADE_TRAIL
2026-04-28T15:03:00+05:30,,9411.18,,2026-04-28,,,,,,,,recent_validation,,,strict,,,['UNKNOWN_VOLUME_MISMATCH'],PE,LATE_FADE,UNKNOWN_SELECTION_DATA,,LATE_FADE_TRAIL
2026-05-19T14:45:00+05:30,,9411.18,NSE_FO|51365|19-05-2026,2026-05-19,,,,,,19.90,65,recent_validation,,,strict,390,,"[{'contract': 'NSE_FO|51365|19-05-2026', 'status': 'ORDER_CREATED'}]",PE,TREND1445,MODELED_LIMIT_MISS,23650.0,TREND1445_TARGET
2026-05-19T14:45:00+05:30,,9411.18,NSE_FO|51365|19-05-2026,2026-05-19,,,,,,19.90,65,recent_validation,,,strict,390,,"[{'contract': 'NSE_FO|51365|19-05-2026', 'status': 'ORDER_CREATED'}]",PE,TREND1445,MODELED_LIMIT_MISS,23650.0,TREND1445_TRAIL
2026-04-13T15:01:00+05:30,3468.37,9411.18,NSE_FO|54807|13-04-2026,2026-04-13,18.40,2026-04-13T15:02:00+05:30,3.30,2026-04-13T15:03:00+05:30,53.81,21.30,65,recent_validation,-5942.81,0.1793478260869565217391304348,strict,390,STOP,"[{'contract': 'NSE_FO|54807|13-04-2026', 'status': 'ORDER_CREATED'}]",PE,OPTION_ACCEL,MODELED_EXIT,23850.0,OPTION_ACCEL_TARGET
2026-04-21T15:04:00+05:30,,3468.37,NSE_FO|63463|21-04-2026,2026-04-21,,,,,,1.05,65,recent_validation,,,strict,3055,,"[{'contract': 'NSE_FO|63463|21-04-2026', 'status': 'ORDER_CREATED'}]",PE,OPTION_ACCEL,MODELED_LIMIT_MISS,24550.0,OPTION_ACCEL_TARGET
2026-04-13T15:01:00+05:30,3468.37,9411.18,NSE_FO|54807|13-04-2026,2026-04-13,18.40,2026-04-13T15:02:00+05:30,3.30,2026-04-13T15:03:00+05:30,53.81,21.30,65,recent_validation,-5942.81,0.1793478260869565217391304348,strict,390,STOP,"[{'contract': 'NSE_FO|54807|13-04-2026', 'status': 'ORDER_CREATED'}]",PE,OPTION_ACCEL,MODELED_EXIT,23850.0,OPTION_ACCEL_TRAIL
2026-04-21T15:04:00+05:30,,3468.37,NSE_FO|63463|21-04-2026,2026-04-21,,,,,,1.05,65,recent_validation,,,strict,3055,,"[{'contract': 'NSE_FO|63463|21-04-2026', 'status': 'ORDER_CREATED'}]",PE,OPTION_ACCEL,MODELED_LIMIT_MISS,24550.0,OPTION_ACCEL_TRAIL
2026-04-13T15:02:00+05:30,6970.37,9411.18,NSE_FO|54807|13-04-2026,2026-04-13,7.30,2026-04-13T15:03:00+05:30,2.05,2026-04-13T15:04:00+05:30,52.06,18.10,65,recent_validation,-2440.81,0.2808219178082191780821917808,strict,455,STOP,"[{'contract': 'NSE_FO|54807|13-04-2026', 'status': 'ORDER_CREATED'}]",PE,OPTION_ACCEL_OI,MODELED_EXIT,23850.0,OPTION_ACCEL_OI_TARGET
2026-04-13T15:02:00+05:30,6970.37,9411.18,NSE_FO|54807|13-04-2026,2026-04-13,7.30,2026-04-13T15:03:00+05:30,2.05,2026-04-13T15:04:00+05:30,52.06,18.10,65,recent_validation,-2440.81,0.2808219178082191780821917808,strict,455,STOP,"[{'contract': 'NSE_FO|54807|13-04-2026', 'status': 'ORDER_CREATED'}]",PE,OPTION_ACCEL_OI,MODELED_EXIT,23850.0,OPTION_ACCEL_OI_TRAIL
2026-04-07T14:45:00+05:30,,9411.18,NSE_FO|40774|07-04-2026,2026-04-07,,,,,,21.55,65,recent_validation,,,strict,390,,"[{'contract': 'NSE_FO|40774|07-04-2026', 'status': 'ORDER_CREATED'}]",CE,BLIND_CE,MODELED_LIMIT_MISS,23050.0,BLIND_CE_TARGET
2026-04-13T14:45:00+05:30,,9411.18,NSE_FO|54806|13-04-2026,2026-04-13,,,,,,30.00,65,recent_validation,,,strict,260,,"[{'contract': 'NSE_FO|54806|13-04-2026', 'status': 'ORDER_CREATED'}]",CE,BLIND_CE,MODELED_LIMIT_MISS,23850.0,BLIND_CE_TARGET
2026-04-21T14:45:00+05:30,,9411.18,NSE_FO|63458|21-04-2026,2026-04-21,,,,,,9.55,65,recent_validation,,,strict,910,,"[{'contract': 'NSE_FO|63458|21-04-2026', 'status': 'ORDER_CREATED'}]",CE,BLIND_CE,MODELED_LIMIT_MISS,24550.0,BLIND_CE_TARGET
2026-04-28T14:45:00+05:30,5439.38,9411.18,NSE_FO|72265|28-04-2026,2026-04-28,8.10,2026-04-28T14:46:00+05:30,3.80,2026-04-28T14:53:00+05:30,58.80,9.20,65,recent_validation,-3971.80,0.4691358024691358024691358025,strict,910,STOP,"[{'contract': 'NSE_FO|72265|28-04-2026', 'status': 'ORDER_CREATED'}]",CE,BLIND_CE,MODELED_EXIT,24050.0,BLIND_CE_TARGET
2026-05-05T14:45:00+05:30,,5439.38,,2026-05-05,,,,,,,,recent_validation,,,strict,,,['UNKNOWN_VOLUME_MISMATCH'],CE,BLIND_CE,UNKNOWN_SELECTION_DATA,,BLIND_CE_TARGET
2026-04-07T14:45:00+05:30,,9411.18,NSE_FO|40774|07-04-2026,2026-04-07,,,,,,21.55,65,recent_validation,,,strict,390,,"[{'contract': 'NSE_FO|40774|07-04-2026', 'status': 'ORDER_CREATED'}]",CE,BLIND_CE,MODELED_LIMIT_MISS,23050.0,BLIND_CE_TRAIL
2026-04-13T14:45:00+05:30,,9411.18,NSE_FO|54806|13-04-2026,2026-04-13,,,,,,30.00,65,recent_validation,,,strict,260,,"[{'contract': 'NSE_FO|54806|13-04-2026', 'status': 'ORDER_CREATED'}]",CE,BLIND_CE,MODELED_LIMIT_MISS,23850.0,BLIND_CE_TRAIL
2026-04-21T14:45:00+05:30,,9411.18,NSE_FO|63458|21-04-2026,2026-04-21,,,,,,9.55,65,recent_validation,,,strict,910,,"[{'contract': 'NSE_FO|63458|21-04-2026', 'status': 'ORDER_CREATED'}]",CE,BLIND_CE,MODELED_LIMIT_MISS,24550.0,BLIND_CE_TRAIL
2026-04-28T14:45:00+05:30,5439.38,9411.18,NSE_FO|72265|28-04-2026,2026-04-28,8.10,2026-04-28T14:46:00+05:30,3.80,2026-04-28T14:53:00+05:30,58.80,9.20,65,recent_validation,-3971.80,0.4691358024691358024691358025,strict,910,STOP,"[{'contract': 'NSE_FO|72265|28-04-2026', 'status': 'ORDER_CREATED'}]",CE,BLIND_CE,MODELED_EXIT,24050.0,BLIND_CE_TRAIL
2026-05-05T14:45:00+05:30,,5439.38,,2026-05-05,,,,,,,,recent_validation,,,strict,,,['UNKNOWN_VOLUME_MISMATCH'],CE,BLIND_CE,UNKNOWN_SELECTION_DATA,,BLIND_CE_TRAIL
2026-04-07T14:45:00+05:30,,9411.18,NSE_FO|40775|07-04-2026,2026-04-07,,,,,,40.90,65,recent_validation,,,strict,195,,"[{'contract': 'NSE_FO|40775|07-04-2026', 'status': 'ORDER_CREATED'}]",PE,BLIND_PE,MODELED_LIMIT_MISS,23050.0,BLIND_PE_TARGET
2026-04-13T14:45:00+05:30,5645.53,9411.18,NSE_FO|54807|13-04-2026,2026-04-13,14.90,2026-04-13T14:46:00+05:30,6.75,2026-04-13T14:49:00+05:30,57.40,19.30,65,recent_validation,-3765.65,0.4530201342281879194630872483,strict,455,STOP,"[{'contract': 'NSE_FO|54807|13-04-2026', 'status': 'ORDER_CREATED'}]",PE,BLIND_PE,MODELED_EXIT,23850.0,BLIND_PE_TARGET
2026-04-21T14:45:00+05:30,3798.08,5645.53,NSE_FO|63463|21-04-2026,2026-04-21,26.95,2026-04-21T14:46:00+05:30,13.15,2026-04-21T14:49:00+05:30,53.45,27.70,65,recent_validation,-1847.45,0.4879406307977736549165120594,strict,130,STOP,"[{'contract': 'NSE_FO|63463|21-04-2026', 'status': 'ORDER_CREATED'}]",PE,BLIND_PE,MODELED_EXIT,24550.0,BLIND_PE_TARGET
2026-04-28T14:45:00+05:30,,3798.08,,2026-04-28,,,,,,,,recent_validation,,,strict,,,['UNKNOWN_VOLUME_MISMATCH'],PE,BLIND_PE,UNKNOWN_SELECTION_DATA,,BLIND_PE_TARGET
2026-04-07T14:45:00+05:30,,9411.18,NSE_FO|40775|07-04-2026,2026-04-07,,,,,,40.90,65,recent_validation,,,strict,195,,"[{'contract': 'NSE_FO|40775|07-04-2026', 'status': 'ORDER_CREATED'}]",PE,BLIND_PE,MODELED_LIMIT_MISS,23050.0,BLIND_PE_TRAIL
2026-04-13T14:45:00+05:30,5645.53,9411.18,NSE_FO|54807|13-04-2026,2026-04-13,14.90,2026-04-13T14:46:00+05:30,6.75,2026-04-13T14:49:00+05:30,57.40,19.30,65,recent_validation,-3765.65,0.4530201342281879194630872483,strict,455,STOP,"[{'contract': 'NSE_FO|54807|13-04-2026', 'status': 'ORDER_CREATED'}]",PE,BLIND_PE,MODELED_EXIT,23850.0,BLIND_PE_TRAIL
2026-04-21T14:45:00+05:30,3798.08,5645.53,NSE_FO|63463|21-04-2026,2026-04-21,26.95,2026-04-21T14:46:00+05:30,13.15,2026-04-21T14:49:00+05:30,53.45,27.70,65,recent_validation,-1847.45,0.4879406307977736549165120594,strict,130,STOP,"[{'contract': 'NSE_FO|63463|21-04-2026', 'status': 'ORDER_CREATED'}]",PE,BLIND_PE,MODELED_EXIT,24550.0,BLIND_PE_TRAIL
2026-04-28T14:45:00+05:30,,3798.08,,2026-04-28,,,,,,,,recent_validation,,,strict,,,['UNKNOWN_VOLUME_MISMATCH'],PE,BLIND_PE,UNKNOWN_SELECTION_DATA,,BLIND_PE_TRAIL
2026-04-07T10:05:00+05:30,5729.93,9411.18,NSE_FO|40761|07-04-2026,2026-04-07,105.30,2026-04-07T10:06:00+05:30,49.55,2026-04-07T11:01:00+05:30,57.50,110.15,65,recent_validation,-3681.25,0.4705603038936372269705603039,reported,65,STOP,"[{'contract': 'NSE_FO|40761|07-04-2026', 'status': 'ORDER_CREATED'}]",CE,ORB30,MODELED_EXIT,22900.0,ORB30_TARGET
2026-04-13T10:23:00+05:30,9564.75,5729.93,NSE_FO|54802|13-04-2026,2026-04-13,60.0,2026-04-13T10:24:00+05:30,120.0,2026-04-13T13:53:00+05:30,65.18,63.25,65,recent_validation,3834.82,2,reported,65,TARGET_2X,"[{'contract': 'NSE_FO|54800|13-04-2026', 'status': 'UNAFFORDABLE_OR_PAST_CAPACITY'}, {'contract': 'NSE_FO|54802|13-04-2026', 'status': 'ORDER_CREATED'}]",CE,ORB30,MODELED_EXIT,23750.0,ORB30_TARGET
2026-04-21T09:47:00+05:30,10105.81,9564.75,NSE_FO|63447|21-04-2026,2026-04-21,67.20,2026-04-21T09:48:00+05:30,76.45,2026-04-21T15:25:00+05:30,60.19,72.65,65,recent_validation,541.06,1.137648809523809523809523810,reported,65,TIMED_CLOSE,"[{'contract': 'NSE_FO|63447|21-04-2026', 'status': 'ORDER_CREATED'}]",CE,ORB30,MODELED_EXIT,24500.0,ORB30_TARGET
2026-04-28T09:48:00+05:30,7021.06,10105.81,NSE_FO|72269|28-04-2026,2026-04-28,43.55,2026-04-28T09:49:00+05:30,20.25,2026-04-28T11:25:00+05:30,55.75,51.45,65,recent_validation,-3084.75,0.4649827784156142365097588978,reported,130,STOP,"[{'contract': 'NSE_FO|72269|28-04-2026', 'status': 'ORDER_CREATED'}]",CE,ORB30,MODELED_EXIT,24150.0,ORB30_TARGET
2026-05-05T10:36:00+05:30,4802.86,7021.06,NSE_FO|74146|05-05-2026,2026-05-05,61.10,2026-05-05T10:37:00+05:30,27.80,2026-05-05T12:23:00+05:30,53.70,64.60,65,recent_validation,-2218.20,0.4549918166939443535188216039,reported,65,STOP,"[{'contract': 'NSE_FO|74146|05-05-2026', 'status': 'ORDER_CREATED'}]",PE,ORB30,MODELED_EXIT,23950.0,ORB30_TARGET
2026-05-12T10:35:00+05:30,7650.68,4802.86,NSE_FO|41735|12-05-2026,2026-05-12,44.75,2026-05-12T10:36:00+05:30,89.50,2026-05-12T12:31:00+05:30,60.93,47.05,65,recent_validation,2847.82,2,reported,65,TARGET_2X,"[{'contract': 'NSE_FO|41735|12-05-2026', 'status': 'ORDER_CREATED'}]",PE,ORB30,MODELED_EXIT,23600.0,ORB30_TARGET
2026-05-19T10:59:00+05:30,5021.31,7650.68,NSE_FO|51374|19-05-2026,2026-05-19,38.40,2026-05-19T11:00:00+05:30,18.60,2026-05-19T11:15:00+05:30,55.37,44.05,65,recent_validation,-2629.37,0.484375,reported,130,STOP,"[{'contract': 'NSE_FO|51374|19-05-2026', 'status': 'ORDER_CREATED'}]",CE,ORB30,MODELED_EXIT,23800.0,ORB30_TARGET
2026-05-26T10:40:00+05:30,3734.53,5021.31,NSE_FO|72183|26-05-2026,2026-05-26,37.20,2026-05-26T10:41:00+05:30,18.20,2026-05-26T11:25:00+05:30,51.78,38.65,65,recent_validation,-1286.78,0.4892473118279569892473118280,reported,65,STOP,"[{'contract': 'NSE_FO|72183|26-05-2026', 'status': 'ORDER_CREATED'}]",CE,ORB30,MODELED_EXIT,24100.0,ORB30_TARGET
2026-06-02T09:57:00+05:30,2424.95,3734.53,NSE_FO|57024|02-06-2026,2026-06-02,38.25,2026-06-02T09:58:00+05:30,18.90,2026-06-02T10:16:00+05:30,51.83,42.00,65,recent_validation,-1309.58,0.4941176470588235294117647059,reported,65,STOP,"[{'contract': 'NSE_FO|57022|02-06-2026', 'status': 'UNAFFORDABLE_OR_PAST_CAPACITY'}, {'contract': 'NSE_FO|57024|02-06-2026', 'status': 'ORDER_CREATED'}]",CE,ORB30,MODELED_EXIT,23350.0,ORB30_TARGET
2026-06-09T09:51:00+05:30,3550.96,2424.95,NSE_FO|42273|09-06-2026,2026-06-09,18.15,2026-06-09T09:52:00+05:30,36.30,2026-06-09T10:50:00+05:30,53.74,23.90,65,recent_validation,1126.01,2,reported,65,TARGET_2X,"[{'contract': 'NSE_FO|42285|09-06-2026', 'status': 'UNAFFORDABLE_OR_PAST_CAPACITY'}, {'contract': 'NSE_FO|42279|09-06-2026', 'status': 'UNAFFORDABLE_OR_PAST_CAPACITY'}, {'contract': 'NSE_FO|42273|09-06-2026', 'status': 'ORDER_CREATED'}]",PE,ORB30,MODELED_EXIT,23100.0,ORB30_TARGET
2026-06-16T10:38:00+05:30,,3550.96,NSE_FO|50613|16-06-2026,2026-06-16,,,,,,50.15,65,recent_validation,,,reported,65,,"[{'contract': 'NSE_FO|50613|16-06-2026', 'status': 'ORDER_CREATED'}]",CE,ORB30,MODELED_LIMIT_MISS,23950.0,ORB30_TARGET
2026-06-23T11:50:00+05:30,,3550.96,NSE_FO|56373|23-06-2026,2026-06-23,,,,,,23.55,65,recent_validation,,,reported,130,,"[{'contract': 'NSE_FO|56373|23-06-2026', 'status': 'ORDER_CREATED'}]",PE,ORB30,MODELED_LIMIT_MISS,24000.0,ORB30_TARGET
2026-06-30T09:49:00+05:30,,3550.96,NSE_FO|79712|30-06-2026,2026-06-30,,,,,,41.45,65,recent_validation,,,reported,65,,"[{'contract': 'NSE_FO|79714|30-06-2026', 'status': 'UNAFFORDABLE_OR_PAST_CAPACITY'}, {'contract': 'NSE_FO|79712|30-06-2026', 'status': 'ORDER_CREATED'}]",PE,ORB30,MODELED_LIMIT_MISS,23800.0,ORB30_TARGET
2026-04-07T10:05:00+05:30,6248.72,9411.18,NSE_FO|40761|07-04-2026,2026-04-07,105.30,2026-04-07T10:06:00+05:30,57.55,2026-04-07T10:59:00+05:30,58.71,110.15,65,recent_validation,-3162.46,0.5465337132003798670465337132,reported,65,STOP,"[{'contract': 'NSE_FO|40761|07-04-2026', 'status': 'ORDER_CREATED'}]",CE,ORB30,MODELED_EXIT,22900.0,ORB30_TRAIL
2026-04-13T10:23:00+05:30,9586.39,6248.72,NSE_FO|54800|13-04-2026,2026-04-13,84.90,2026-04-13T10:24:00+05:30,137.30,2026-04-13T15:25:00+05:30,68.33,88.95,65,recent_validation,3337.67,1.617196702002355712603062426,reported,65,TIMED_CLOSE,"[{'contract': 'NSE_FO|54800|13-04-2026', 'status': 'ORDER_CREATED'}]",CE,ORB30,MODELED_EXIT,23700.0,ORB30_TRAIL
2026-04-21T09:47:00+05:30,7704.72,9586.39,NSE_FO|63447|21-04-2026,2026-04-21,67.20,2026-04-21T09:48:00+05:30,39.10,2026-04-21T13:44:00+05:30,55.17,72.65,65,recent_validation,-1881.67,0.5818452380952380952380952381,reported,65,STOP,"[{'contract': 'NSE_FO|63447|21-04-2026', 'status': 'ORDER_CREATED'}]",CE,ORB30,MODELED_EXIT,24500.0,ORB30_TRAIL
2026-04-28T09:48:00+05:30,5482.11,7704.72,NSE_FO|72269|28-04-2026,2026-04-28,43.55,2026-04-28T09:49:00+05:30,26.90,2026-04-28T11:13:00+05:30,58.11,51.45,65,recent_validation,-2222.61,0.6176808266360505166475315729,reported,130,STOP,"[{'contract': 'NSE_FO|72269|28-04-2026', 'status': 'ORDER_CREATED'}]",CE,ORB30,MODELED_EXIT,24150.0,ORB30_TRAIL
2026-05-05T10:36:00+05:30,4114.06,5482.11,NSE_FO|74146|05-05-2026,2026-05-05,61.10,2026-05-05T10:37:00+05:30,40.90,2026-05-05T12:15:00+05:30,55.05,64.60,65,recent_validation,-1368.05,0.6693944353518821603927986907,reported,65,STOP,"[{'contract': 'NSE_FO|74146|05-05-2026', 'status': 'ORDER_CREATED'}]",PE,ORB30,MODELED_EXIT,23950.0,ORB30_TRAIL
2026-05-12T10:35:00+05:30,15346.59,4114.06,NSE_FO|41735|12-05-2026,2026-05-12,44.75,2026-05-12T10:36:00+05:30,218.75,2026-05-12T15:25:00+05:30,77.47,47.05,65,recent_validation,11232.53,4.888268156424581005586592179,reported,65,TIMED_CLOSE,"[{'contract': 'NSE_FO|41735|12-05-2026', 'status': 'ORDER_CREATED'}]",PE,ORB30,MODELED_EXIT,23600.0,ORB30_TRAIL
2026-05-19T10:59:00+05:30,8845.54,15346.59,NSE_FO|51374|19-05-2026,2026-05-19,38.40,2026-05-19T11:00:00+05:30,18.60,2026-05-19T11:15:00+05:30,66.05,44.05,65,recent_validation,-6501.05,0.484375,reported,325,STOP,"[{'contract': 'NSE_FO|51374|19-05-2026', 'status': 'ORDER_CREATED'}]",CE,ORB30,MODELED_EXIT,23800.0,ORB30_TRAIL
2026-05-26T10:40:00+05:30,5081.74,8845.54,NSE_FO|72183|26-05-2026,2026-05-26,37.20,2026-05-26T10:41:00+05:30,18.20,2026-05-26T11:25:00+05:30,58.80,38.65,65,recent_validation,-3763.80,0.4892473118279569892473118280,reported,195,STOP,"[{'contract': 'NSE_FO|72183|26-05-2026', 'status': 'ORDER_CREATED'}]",CE,ORB30,MODELED_EXIT,24100.0,ORB30_TRAIL
2026-06-02T09:57:00+05:30,4160.95,5081.74,NSE_FO|57022|02-06-2026,2026-06-02,61.95,2026-06-02T09:58:00+05:30,48.65,2026-06-02T10:54:00+05:30,56.29,67.20,65,recent_validation,-920.79,0.7853107344632768361581920904,reported,65,STOP,"[{'contract': 'NSE_FO|57022|02-06-2026', 'status': 'ORDER_CREATED'}]",CE,ORB30,MODELED_EXIT,23300.0,ORB30_TRAIL
2026-06-09T09:51:00+05:30,3792.87,4160.95,NSE_FO|42279|09-06-2026,2026-06-09,31.05,2026-06-09T09:52:00+05:30,26.20,2026-06-09T11:47:00+05:30,52.83,39.70,65,recent_validation,-368.08,0.8438003220611916264090177134,reported,65,STOP,"[{'contract': 'NSE_FO|42285|09-06-2026', 'status': 'UNAFFORDABLE_OR_PAST_CAPACITY'}, {'contract': 'NSE_FO|42279|09-06-2026', 'status': 'ORDER_CREATED'}]",PE,ORB30,MODELED_EXIT,23150.0,ORB30_TRAIL
2026-06-16T10:38:00+05:30,,3792.87,NSE_FO|50613|16-06-2026,2026-06-16,,,,,,50.15,65,recent_validation,,,reported,65,,"[{'contract': 'NSE_FO|50613|16-06-2026', 'status': 'ORDER_CREATED'}]",CE,ORB30,MODELED_LIMIT_MISS,23950.0,ORB30_TRAIL
2026-06-23T11:50:00+05:30,,3792.87,NSE_FO|56373|23-06-2026,2026-06-23,,,,,,23.55,65,recent_validation,,,reported,130,,"[{'contract': 'NSE_FO|56373|23-06-2026', 'status': 'ORDER_CREATED'}]",PE,ORB30,MODELED_LIMIT_MISS,24000.0,ORB30_TRAIL
2026-06-30T09:49:00+05:30,,3792.87,NSE_FO|79712|30-06-2026,2026-06-30,,,,,,41.45,65,recent_validation,,,reported,65,,"[{'contract': 'NSE_FO|79714|30-06-2026', 'status': 'UNAFFORDABLE_OR_PAST_CAPACITY'}, {'contract': 'NSE_FO|79712|30-06-2026', 'status': 'ORDER_CREATED'}]",PE,ORB30,MODELED_LIMIT_MISS,23800.0,ORB30_TRAIL
2026-04-07T14:33:00+05:30,5276.73,9411.18,NSE_FO|40774|07-04-2026,2026-04-07,39.05,2026-04-07T14:34:00+05:30,18.15,2026-04-07T14:36:00+05:30,58.95,40.30,65,recent_validation,-4134.45,0.4647887323943661971830985915,reported,195,STOP,"[{'contract': 'NSE_FO|40774|07-04-2026', 'status': 'ORDER_CREATED'}]",CE,LATE_BREAK,MODELED_EXIT,23050.0,LATE_BREAK_TARGET
2026-04-13T15:21:00+05:30,4224.55,5276.73,NSE_FO|54807|13-04-2026,2026-04-13,11.70,2026-04-13T15:22:00+05:30,9.15,2026-04-13T15:25:00+05:30,57.68,11.80,65,recent_validation,-1052.18,0.7820512820512820512820512821,reported,390,TIMED_CLOSE,"[{'contract': 'NSE_FO|54807|13-04-2026', 'status': 'ORDER_CREATED'}]",PE,LATE_BREAK,MODELED_EXIT,23850.0,LATE_BREAK_TARGET
2026-04-28T14:32:00+05:30,2260.29,4224.55,NSE_FO|72265|28-04-2026,2026-04-28,12.80,2026-04-28T14:33:00+05:30,5.45,2026-04-28T14:35:00+05:30,53.26,14.25,65,recent_validation,-1964.26,0.42578125,reported,260,STOP,"[{'contract': 'NSE_FO|72265|28-04-2026', 'status': 'ORDER_CREATED'}]",CE,LATE_BREAK,MODELED_EXIT,24050.0,LATE_BREAK_TARGET
2026-05-12T14:54:00+05:30,,2260.29,NSE_FO|41725|12-05-2026,2026-05-12,,,,,,21.45,65,recent_validation,,,reported,65,,"[{'contract': 'NSE_FO|41725|12-05-2026', 'status': 'ORDER_CREATED'}]",PE,LATE_BREAK,MODELED_LIMIT_MISS,23450.0,LATE_BREAK_TARGET
2026-05-19T14:37:00+05:30,3952.32,2260.29,NSE_FO|51367|19-05-2026,2026-05-19,26.90,2026-05-19T14:38:00+05:30,53.80,2026-05-19T14:45:00+05:30,56.47,28.70,65,recent_validation,1692.03,2,reported,65,TARGET_2X,"[{'contract': 'NSE_FO|51367|19-05-2026', 'status': 'ORDER_CREATED'}]",PE,LATE_BREAK,MODELED_EXIT,23700.0,LATE_BREAK_TARGET
2026-05-26T14:42:00+05:30,1957.09,3952.32,NSE_FO|72176|26-05-2026,2026-05-26,20.85,2026-05-26T14:43:00+05:30,5.90,2026-05-26T14:58:00+05:30,51.73,23.35,65,recent_validation,-1995.23,0.2829736211031175059952038369,reported,130,STOP,"[{'contract': 'NSE_FO|72176|26-05-2026', 'status': 'ORDER_CREATED'}]",PE,LATE_BREAK,MODELED_EXIT,23900.0,LATE_BREAK_TARGET
2026-06-02T14:39:00+05:30,,1957.09,NSE_FO|57031|02-06-2026,2026-06-02,,,,,,23.10,65,recent_validation,,,reported,65,,"[{'contract': 'NSE_FO|57031|02-06-2026', 'status': 'ORDER_CREATED'}]",PE,LATE_BREAK,MODELED_LIMIT_MISS,23500.0,LATE_BREAK_TARGET
2026-06-09T14:40:00+05:30,,1957.09,NSE_FO|42286|09-06-2026,2026-06-09,,,,,,18.10,65,recent_validation,,,reported,65,,"[{'contract': 'NSE_FO|42286|09-06-2026', 'status': 'ORDER_CREATED'}]",CE,LATE_BREAK,MODELED_LIMIT_MISS,23250.0,LATE_BREAK_TARGET
2026-06-16T14:46:00+05:30,1211.57,1957.09,NSE_FO|50614|16-06-2026,2026-06-16,9.60,2026-06-16T14:47:00+05:30,4.25,2026-06-16T14:49:00+05:30,50.02,10.45,65,recent_validation,-745.52,0.4427083333333333333333333333,reported,130,STOP,"[{'contract': 'NSE_FO|50614|16-06-2026', 'status': 'ORDER_CREATED'}]",PE,LATE_BREAK,MODELED_EXIT,23950.0,LATE_BREAK_TARGET
2026-06-23T14:44:00+05:30,612.51,1211.57,NSE_FO|56370|23-06-2026,2026-06-23,14.25,2026-06-23T14:45:00+05:30,5.80,2026-06-23T14:47:00+05:30,49.81,15.40,65,recent_validation,-599.06,0.4070175438596491228070175439,reported,65,STOP,"[{'contract': 'NSE_FO|56370|23-06-2026', 'status': 'ORDER_CREATED'}]",CE,LATE_BREAK,MODELED_EXIT,23950.0,LATE_BREAK_TARGET
2026-06-30T15:02:00+05:30,462.40,612.51,NSE_FO|79712|30-06-2026,2026-06-30,2.55,2026-06-30T15:03:00+05:30,1.00,2026-06-30T15:04:00+05:30,49.36,5.55,65,recent_validation,-150.11,0.3921568627450980392156862745,reported,65,STOP,"[{'contract': 'NSE_FO|79714|30-06-2026', 'status': 'UNAFFORDABLE_OR_PAST_CAPACITY'}, {'contract': 'NSE_FO|79712|30-06-2026', 'status': 'ORDER_CREATED'}]",PE,LATE_BREAK,MODELED_EXIT,23800.0,LATE_BREAK_TARGET
2026-04-07T14:33:00+05:30,5276.73,9411.18,NSE_FO|40774|07-04-2026,2026-04-07,39.05,2026-04-07T14:34:00+05:30,18.15,2026-04-07T14:36:00+05:30,58.95,40.30,65,recent_validation,-4134.45,0.4647887323943661971830985915,reported,195,STOP,"[{'contract': 'NSE_FO|40774|07-04-2026', 'status': 'ORDER_CREATED'}]",CE,LATE_BREAK,MODELED_EXIT,23050.0,LATE_BREAK_TRAIL
2026-04-13T15:21:00+05:30,4224.55,5276.73,NSE_FO|54807|13-04-2026,2026-04-13,11.70,2026-04-13T15:22:00+05:30,9.15,2026-04-13T15:25:00+05:30,57.68,11.80,65,recent_validation,-1052.18,0.7820512820512820512820512821,reported,390,TIMED_CLOSE,"[{'contract': 'NSE_FO|54807|13-04-2026', 'status': 'ORDER_CREATED'}]",PE,LATE_BREAK,MODELED_EXIT,23850.0,LATE_BREAK_TRAIL
2026-04-28T14:32:00+05:30,2260.29,4224.55,NSE_FO|72265|28-04-2026,2026-04-28,12.80,2026-04-28T14:33:00+05:30,5.45,2026-04-28T14:35:00+05:30,53.26,14.25,65,recent_validation,-1964.26,0.42578125,reported,260,STOP,"[{'contract': 'NSE_FO|72265|28-04-2026', 'status': 'ORDER_CREATED'}]",CE,LATE_BREAK,MODELED_EXIT,24050.0,LATE_BREAK_TRAIL
2026-05-12T14:54:00+05:30,,2260.29,NSE_FO|41725|12-05-2026,2026-05-12,,,,,,21.45,65,recent_validation,,,reported,65,,"[{'contract': 'NSE_FO|41725|12-05-2026', 'status': 'ORDER_CREATED'}]",PE,LATE_BREAK,MODELED_LIMIT_MISS,23450.0,LATE_BREAK_TRAIL
2026-05-19T14:37:00+05:30,5577.88,2260.29,NSE_FO|51367|19-05-2026,2026-05-19,26.90,2026-05-19T14:38:00+05:30,78.85,2026-05-19T15:25:00+05:30,59.16,28.70,65,recent_validation,3317.59,2.931226765799256505576208178,reported,65,TIMED_CLOSE,"[{'contract': 'NSE_FO|51367|19-05-2026', 'status': 'ORDER_CREATED'}]",PE,LATE_BREAK,MODELED_EXIT,23700.0,LATE_BREAK_TRAIL
2026-05-26T14:42:00+05:30,4011.59,5577.88,NSE_FO|72176|26-05-2026,2026-05-26,20.85,2026-05-26T14:43:00+05:30,13.10,2026-05-26T14:57:00+05:30,55.04,23.35,65,recent_validation,-1566.29,0.6282973621103117505995203837,reported,195,STOP,"[{'contract': 'NSE_FO|72176|26-05-2026', 'status': 'ORDER_CREATED'}]",PE,LATE_BREAK,MODELED_EXIT,23900.0,LATE_BREAK_TRAIL
2026-06-02T14:39:00+05:30,,4011.59,NSE_FO|57031|02-06-2026,2026-06-02,,,,,,23.10,65,recent_validation,,,reported,130,,"[{'contract': 'NSE_FO|57031|02-06-2026', 'status': 'ORDER_CREATED'}]",PE,LATE_BREAK,MODELED_LIMIT_MISS,23500.0,LATE_BREAK_TRAIL
2026-06-09T14:40:00+05:30,,4011.59,NSE_FO|42286|09-06-2026,2026-06-09,,,,,,18.10,65,recent_validation,,,reported,195,,"[{'contract': 'NSE_FO|42286|09-06-2026', 'status': 'ORDER_CREATED'}]",CE,LATE_BREAK,MODELED_LIMIT_MISS,23250.0,LATE_BREAK_TRAIL
2026-06-16T14:46:00+05:30,2219.68,4011.59,NSE_FO|50614|16-06-2026,2026-06-16,9.60,2026-06-16T14:47:00+05:30,4.25,2026-06-16T14:49:00+05:30,53.16,10.45,65,recent_validation,-1791.91,0.4427083333333333333333333333,reported,325,STOP,"[{'contract': 'NSE_FO|50614|16-06-2026', 'status': 'ORDER_CREATED'}]",PE,LATE_BREAK,MODELED_EXIT,23950.0,LATE_BREAK_TRAIL
2026-06-23T14:44:00+05:30,1069.82,2219.68,NSE_FO|56370|23-06-2026,2026-06-23,14.25,2026-06-23T14:45:00+05:30,5.80,2026-06-23T14:47:00+05:30,51.36,15.40,65,recent_validation,-1149.86,0.4070175438596491228070175439,reported,130,STOP,"[{'contract': 'NSE_FO|56370|23-06-2026', 'status': 'ORDER_CREATED'}]",CE,LATE_BREAK,MODELED_EXIT,23950.0,LATE_BREAK_TRAIL
2026-06-30T15:02:00+05:30,818.86,1069.82,NSE_FO|79712|30-06-2026,2026-06-30,2.55,2026-06-30T15:03:00+05:30,1.00,2026-06-30T15:04:00+05:30,49.46,5.55,65,recent_validation,-250.96,0.3921568627450980392156862745,reported,130,STOP,"[{'contract': 'NSE_FO|79714|30-06-2026', 'status': 'UNAFFORDABLE_OR_PAST_CAPACITY'}, {'contract': 'NSE_FO|79712|30-06-2026', 'status': 'ORDER_CREATED'}]",PE,LATE_BREAK,MODELED_EXIT,23800.0,LATE_BREAK_TRAIL
2026-04-07T14:37:00+05:30,,9411.18,NSE_FO|40773|07-04-2026,2026-04-07,,,,,,31.25,65,recent_validation,,,reported,260,,"[{'contract': 'NSE_FO|40773|07-04-2026', 'status': 'ORDER_CREATED'}]",PE,LATE_FADE,MODELED_LIMIT_MISS,23000.0,LATE_FADE_TARGET
2026-04-13T14:38:00+05:30,,9411.18,NSE_FO|54809|13-04-2026,2026-04-13,,,,,,35.50,65,recent_validation,,,reported,195,,"[{'contract': 'NSE_FO|54809|13-04-2026', 'status': 'ORDER_CREATED'}]",PE,LATE_FADE,MODELED_LIMIT_MISS,23900.0,LATE_FADE_TARGET
2026-04-21T15:04:00+05:30,,9411.18,NSE_FO|63463|21-04-2026,2026-04-21,,,,,,1.05,65,recent_validation,,,reported,8385,,"[{'contract': 'NSE_FO|63463|21-04-2026', 'status': 'ORDER_CREATED'}]",PE,LATE_FADE,MODELED_LIMIT_MISS,24550.0,LATE_FADE_TARGET
2026-04-28T15:03:00+05:30,,9411.18,NSE_FO|72264|28-04-2026,2026-04-28,,,,,,10.70,65,recent_validation,,,reported,780,,"[{'contract': 'NSE_FO|72264|28-04-2026', 'status': 'ORDER_CREATED'}]",PE,LATE_FADE,MODELED_LIMIT_MISS,24000.0,LATE_FADE_TARGET
2026-05-05T15:05:00+05:30,,9411.18,NSE_FO|74147|05-05-2026,2026-05-05,,,,,,15.75,65,recent_validation,,,reported,520,,"[{'contract': 'NSE_FO|74147|05-05-2026', 'status': 'ORDER_CREATED'}]",CE,LATE_FADE,MODELED_LIMIT_MISS,24000.0,LATE_FADE_TARGET
2026-05-12T14:38:00+05:30,,9411.18,NSE_FO|41724|12-05-2026,2026-05-12,,,,,,24.85,65,recent_validation,,,reported,325,,"[{'contract': 'NSE_FO|41724|12-05-2026', 'status': 'ORDER_CREATED'}]",CE,LATE_FADE,MODELED_LIMIT_MISS,23450.0,LATE_FADE_TARGET
2026-05-26T14:59:00+05:30,,9411.18,NSE_FO|72175|26-05-2026,2026-05-26,,,,,,18.45,65,recent_validation,,,reported,455,,"[{'contract': 'NSE_FO|72175|26-05-2026', 'status': 'ORDER_CREATED'}]",CE,LATE_FADE,MODELED_LIMIT_MISS,23900.0,LATE_FADE_TARGET
2026-06-02T15:20:00+05:30,5015.77,9411.18,NSE_FO|57030|02-06-2026,2026-06-02,0.30,2026-06-02T15:21:00+05:30,0.10,2026-06-02T15:22:00+05:30,547.41,0.45,65,recent_validation,-4395.41,0.3333333333333333333333333333,reported,19240,STOP,"[{'contract': 'NSE_FO|57030|02-06-2026', 'status': 'ORDER_CREATED'}]",CE,LATE_FADE,MODELED_EXIT,23500.0,LATE_FADE_TARGET
2026-06-16T14:50:00+05:30,2934.32,5015.77,NSE_FO|50615|16-06-2026,2026-06-16,6.95,2026-06-16T14:51:00+05:30,3.05,2026-06-16T15:01:00+05:30,53.45,8.55,65,recent_validation,-2081.45,0.4388489208633093525179856115,reported,520,STOP,"[{'contract': 'NSE_FO|50615|16-06-2026', 'status': 'ORDER_CREATED'}]",CE,LATE_FADE,MODELED_EXIT,24000.0,LATE_FADE_TARGET
2026-06-23T14:48:00+05:30,,2934.32,NSE_FO|56359|23-06-2026,2026-06-23,,,,,,9.05,65,recent_validation,,,reported,260,,"[{'contract': 'NSE_FO|56359|23-06-2026', 'status': 'ORDER_CREATED'}]",PE,LATE_FADE,MODELED_LIMIT_MISS,23900.0,LATE_FADE_TARGET
2026-06-30T15:12:00+05:30,,2934.32,NSE_FO|79713|30-06-2026,2026-06-30,,,,,,18.70,65,recent_validation,,,reported,130,,"[{'contract': 'NSE_FO|79713|30-06-2026', 'status': 'ORDER_CREATED'}]",CE,LATE_FADE,MODELED_LIMIT_MISS,23850.0,LATE_FADE_TARGET
2026-04-07T14:37:00+05:30,,9411.18,NSE_FO|40773|07-04-2026,2026-04-07,,,,,,31.25,65,recent_validation,,,reported,260,,"[{'contract': 'NSE_FO|40773|07-04-2026', 'status': 'ORDER_CREATED'}]",PE,LATE_FADE,MODELED_LIMIT_MISS,23000.0,LATE_FADE_TRAIL
2026-04-13T14:38:00+05:30,,9411.18,NSE_FO|54809|13-04-2026,2026-04-13,,,,,,35.50,65,recent_validation,,,reported,195,,"[{'contract': 'NSE_FO|54809|13-04-2026', 'status': 'ORDER_CREATED'}]",PE,LATE_FADE,MODELED_LIMIT_MISS,23900.0,LATE_FADE_TRAIL
2026-04-21T15:04:00+05:30,,9411.18,NSE_FO|63463|21-04-2026,2026-04-21,,,,,,1.05,65,recent_validation,,,reported,8385,,"[{'contract': 'NSE_FO|63463|21-04-2026', 'status': 'ORDER_CREATED'}]",PE,LATE_FADE,MODELED_LIMIT_MISS,24550.0,LATE_FADE_TRAIL
2026-04-28T15:03:00+05:30,,9411.18,NSE_FO|72264|28-04-2026,2026-04-28,,,,,,10.70,65,recent_validation,,,reported,780,,"[{'contract': 'NSE_FO|72264|28-04-2026', 'status': 'ORDER_CREATED'}]",PE,LATE_FADE,MODELED_LIMIT_MISS,24000.0,LATE_FADE_TRAIL
2026-05-05T15:05:00+05:30,,9411.18,NSE_FO|74147|05-05-2026,2026-05-05,,,,,,15.75,65,recent_validation,,,reported,520,,"[{'contract': 'NSE_FO|74147|05-05-2026', 'status': 'ORDER_CREATED'}]",CE,LATE_FADE,MODELED_LIMIT_MISS,24000.0,LATE_FADE_TRAIL
2026-05-12T14:38:00+05:30,,9411.18,NSE_FO|41724|12-05-2026,2026-05-12,,,,,,24.85,65,recent_validation,,,reported,325,,"[{'contract': 'NSE_FO|41724|12-05-2026', 'status': 'ORDER_CREATED'}]",CE,LATE_FADE,MODELED_LIMIT_MISS,23450.0,LATE_FADE_TRAIL
2026-05-26T14:59:00+05:30,,9411.18,NSE_FO|72175|26-05-2026,2026-05-26,,,,,,18.45,65,recent_validation,,,reported,455,,"[{'contract': 'NSE_FO|72175|26-05-2026', 'status': 'ORDER_CREATED'}]",CE,LATE_FADE,MODELED_LIMIT_MISS,23900.0,LATE_FADE_TRAIL
2026-06-02T15:20:00+05:30,5015.77,9411.18,NSE_FO|57030|02-06-2026,2026-06-02,0.30,2026-06-02T15:21:00+05:30,0.10,2026-06-02T15:22:00+05:30,547.41,0.45,65,recent_validation,-4395.41,0.3333333333333333333333333333,reported,19240,STOP,"[{'contract': 'NSE_FO|57030|02-06-2026', 'status': 'ORDER_CREATED'}]",CE,LATE_FADE,MODELED_EXIT,23500.0,LATE_FADE_TRAIL
2026-06-16T14:50:00+05:30,3168.22,5015.77,NSE_FO|50615|16-06-2026,2026-06-16,6.95,2026-06-16T14:51:00+05:30,3.50,2026-06-16T14:58:00+05:30,53.55,8.55,65,recent_validation,-1847.55,0.5035971223021582733812949640,reported,520,STOP,"[{'contract': 'NSE_FO|50615|16-06-2026', 'status': 'ORDER_CREATED'}]",CE,LATE_FADE,MODELED_EXIT,24000.0,LATE_FADE_TRAIL
2026-06-23T14:48:00+05:30,,3168.22,NSE_FO|56359|23-06-2026,2026-06-23,,,,,,9.05,65,recent_validation,,,reported,325,,"[{'contract': 'NSE_FO|56359|23-06-2026', 'status': 'ORDER_CREATED'}]",PE,LATE_FADE,MODELED_LIMIT_MISS,23900.0,LATE_FADE_TRAIL
2026-06-30T15:12:00+05:30,,3168.22,NSE_FO|79713|30-06-2026,2026-06-30,,,,,,18.70,65,recent_validation,,,reported,130,,"[{'contract': 'NSE_FO|79713|30-06-2026', 'status': 'ORDER_CREATED'}]",CE,LATE_FADE,MODELED_LIMIT_MISS,23850.0,LATE_FADE_TRAIL
2026-05-19T14:45:00+05:30,,9411.18,NSE_FO|51365|19-05-2026,2026-05-19,,,,,,19.90,65,recent_validation,,,reported,390,,"[{'contract': 'NSE_FO|51365|19-05-2026', 'status': 'ORDER_CREATED'}]",PE,TREND1445,MODELED_LIMIT_MISS,23650.0,TREND1445_TARGET
2026-05-19T14:45:00+05:30,,9411.18,NSE_FO|51365|19-05-2026,2026-05-19,,,,,,19.90,65,recent_validation,,,reported,390,,"[{'contract': 'NSE_FO|51365|19-05-2026', 'status': 'ORDER_CREATED'}]",PE,TREND1445,MODELED_LIMIT_MISS,23650.0,TREND1445_TRAIL
2026-04-13T15:01:00+05:30,3468.37,9411.18,NSE_FO|54807|13-04-2026,2026-04-13,18.40,2026-04-13T15:02:00+05:30,3.30,2026-04-13T15:03:00+05:30,53.81,21.30,65,recent_validation,-5942.81,0.1793478260869565217391304348,reported,390,STOP,"[{'contract': 'NSE_FO|54807|13-04-2026', 'status': 'ORDER_CREATED'}]",PE,OPTION_ACCEL,MODELED_EXIT,23850.0,OPTION_ACCEL_TARGET
2026-04-21T15:04:00+05:30,,3468.37,NSE_FO|63463|21-04-2026,2026-04-21,,,,,,1.05,65,recent_validation,,,reported,3055,,"[{'contract': 'NSE_FO|63463|21-04-2026', 'status': 'ORDER_CREATED'}]",PE,OPTION_ACCEL,MODELED_LIMIT_MISS,24550.0,OPTION_ACCEL_TARGET
2026-04-28T15:01:00+05:30,,3468.37,NSE_FO|72266|28-04-2026,2026-04-28,,,,,,36.75,65,recent_validation,,,reported,65,,"[{'contract': 'NSE_FO|72266|28-04-2026', 'status': 'ORDER_CREATED'}]",PE,OPTION_ACCEL,MODELED_LIMIT_MISS,24050.0,OPTION_ACCEL_TARGET
2026-05-19T14:45:00+05:30,,3468.37,NSE_FO|51365|19-05-2026,2026-05-19,,,,,,19.90,65,recent_validation,,,reported,130,,"[{'contract': 'NSE_FO|51365|19-05-2026', 'status': 'ORDER_CREATED'}]",PE,OPTION_ACCEL,MODELED_LIMIT_MISS,23650.0,OPTION_ACCEL_TARGET
2026-05-26T14:57:00+05:30,,3468.37,NSE_FO|72175|26-05-2026,2026-05-26,,,,,,12.25,65,recent_validation,,,reported,260,,"[{'contract': 'NSE_FO|72175|26-05-2026', 'status': 'ORDER_CREATED'}]",CE,OPTION_ACCEL,MODELED_LIMIT_MISS,23900.0,OPTION_ACCEL_TARGET
2026-06-02T14:46:00+05:30,2648.10,3468.37,NSE_FO|57029|02-06-2026,2026-06-02,19.75,2026-06-02T14:47:00+05:30,7.90,2026-06-02T14:49:00+05:30,50.02,25.20,65,recent_validation,-820.27,0.4,reported,65,STOP,"[{'contract': 'NSE_FO|57029|02-06-2026', 'status': 'ORDER_CREATED'}]",PE,OPTION_ACCEL,MODELED_EXIT,23450.0,OPTION_ACCEL_TARGET
2026-06-09T15:01:00+05:30,,2648.10,NSE_FO|42287|09-06-2026,2026-06-09,,,,,,12.30,65,recent_validation,,,reported,195,,"[{'contract': 'NSE_FO|42287|09-06-2026', 'status': 'ORDER_CREATED'}]",PE,OPTION_ACCEL,MODELED_LIMIT_MISS,23250.0,OPTION_ACCEL_TARGET
2026-06-16T14:45:00+05:30,1694.50,2648.10,NSE_FO|50614|16-06-2026,2026-06-16,11.20,2026-06-16T14:46:00+05:30,4.25,2026-06-16T14:49:00+05:30,50.10,13.35,65,recent_validation,-953.60,0.3794642857142857142857142857,reported,130,STOP,"[{'contract': 'NSE_FO|50614|16-06-2026', 'status': 'ORDER_CREATED'}]",PE,OPTION_ACCEL,MODELED_EXIT,23950.0,OPTION_ACCEL_TARGET
2026-06-23T14:45:00+05:30,,1694.50,NSE_FO|56370|23-06-2026,2026-06-23,,,,,,12.30,65,recent_validation,,,reported,65,,"[{'contract': 'NSE_FO|56370|23-06-2026', 'status': 'ORDER_CREATED'}]",CE,OPTION_ACCEL,MODELED_LIMIT_MISS,23950.0,OPTION_ACCEL_TARGET
2026-06-30T15:01:00+05:30,,1694.50,NSE_FO|79714|30-06-2026,2026-06-30,,,,,,13.65,65,recent_validation,,,reported,65,,"[{'contract': 'NSE_FO|79729|30-06-2026', 'status': 'UNAFFORDABLE_OR_PAST_CAPACITY'}, {'contract': 'NSE_FO|79723|30-06-2026', 'status': 'UNAFFORDABLE_OR_PAST_CAPACITY'}, {'contract': 'NSE_FO|79714|30-06-2026', 'status': 'ORDER_CREATED'}]",PE,OPTION_ACCEL,MODELED_LIMIT_MISS,23850.0,OPTION_ACCEL_TARGET
2026-04-13T15:01:00+05:30,3468.37,9411.18,NSE_FO|54807|13-04-2026,2026-04-13,18.40,2026-04-13T15:02:00+05:30,3.30,2026-04-13T15:03:00+05:30,53.81,21.30,65,recent_validation,-5942.81,0.1793478260869565217391304348,reported,390,STOP,"[{'contract': 'NSE_FO|54807|13-04-2026', 'status': 'ORDER_CREATED'}]",PE,OPTION_ACCEL,MODELED_EXIT,23850.0,OPTION_ACCEL_TRAIL
2026-04-21T15:04:00+05:30,,3468.37,NSE_FO|63463|21-04-2026,2026-04-21,,,,,,1.05,65,recent_validation,,,reported,3055,,"[{'contract': 'NSE_FO|63463|21-04-2026', 'status': 'ORDER_CREATED'}]",PE,OPTION_ACCEL,MODELED_LIMIT_MISS,24550.0,OPTION_ACCEL_TRAIL
2026-04-28T15:01:00+05:30,,3468.37,NSE_FO|72266|28-04-2026,2026-04-28,,,,,,36.75,65,recent_validation,,,reported,65,,"[{'contract': 'NSE_FO|72266|28-04-2026', 'status': 'ORDER_CREATED'}]",PE,OPTION_ACCEL,MODELED_LIMIT_MISS,24050.0,OPTION_ACCEL_TRAIL
2026-05-19T14:45:00+05:30,,3468.37,NSE_FO|51365|19-05-2026,2026-05-19,,,,,,19.90,65,recent_validation,,,reported,130,,"[{'contract': 'NSE_FO|51365|19-05-2026', 'status': 'ORDER_CREATED'}]",PE,OPTION_ACCEL,MODELED_LIMIT_MISS,23650.0,OPTION_ACCEL_TRAIL
2026-05-26T14:57:00+05:30,,3468.37,NSE_FO|72175|26-05-2026,2026-05-26,,,,,,12.25,65,recent_validation,,,reported,260,,"[{'contract': 'NSE_FO|72175|26-05-2026', 'status': 'ORDER_CREATED'}]",CE,OPTION_ACCEL,MODELED_LIMIT_MISS,23900.0,OPTION_ACCEL_TRAIL
2026-06-02T14:46:00+05:30,2648.10,3468.37,NSE_FO|57029|02-06-2026,2026-06-02,19.75,2026-06-02T14:47:00+05:30,7.90,2026-06-02T14:49:00+05:30,50.02,25.20,65,recent_validation,-820.27,0.4,reported,65,STOP,"[{'contract': 'NSE_FO|57029|02-06-2026', 'status': 'ORDER_CREATED'}]",PE,OPTION_ACCEL,MODELED_EXIT,23450.0,OPTION_ACCEL_TRAIL
2026-06-09T15:01:00+05:30,,2648.10,NSE_FO|42287|09-06-2026,2026-06-09,,,,,,12.30,65,recent_validation,,,reported,195,,"[{'contract': 'NSE_FO|42287|09-06-2026', 'status': 'ORDER_CREATED'}]",PE,OPTION_ACCEL,MODELED_LIMIT_MISS,23250.0,OPTION_ACCEL_TRAIL
2026-06-16T14:45:00+05:30,1694.50,2648.10,NSE_FO|50614|16-06-2026,2026-06-16,11.20,2026-06-16T14:46:00+05:30,4.25,2026-06-16T14:49:00+05:30,50.10,13.35,65,recent_validation,-953.60,0.3794642857142857142857142857,reported,130,STOP,"[{'contract': 'NSE_FO|50614|16-06-2026', 'status': 'ORDER_CREATED'}]",PE,OPTION_ACCEL,MODELED_EXIT,23950.0,OPTION_ACCEL_TRAIL
2026-06-23T14:45:00+05:30,,1694.50,NSE_FO|56370|23-06-2026,2026-06-23,,,,,,12.30,65,recent_validation,,,reported,65,,"[{'contract': 'NSE_FO|56370|23-06-2026', 'status': 'ORDER_CREATED'}]",CE,OPTION_ACCEL,MODELED_LIMIT_MISS,23950.0,OPTION_ACCEL_TRAIL
2026-06-30T15:01:00+05:30,,1694.50,NSE_FO|79714|30-06-2026,2026-06-30,,,,,,13.65,65,recent_validation,,,reported,65,,"[{'contract': 'NSE_FO|79729|30-06-2026', 'status': 'UNAFFORDABLE_OR_PAST_CAPACITY'}, {'contract': 'NSE_FO|79723|30-06-2026', 'status': 'UNAFFORDABLE_OR_PAST_CAPACITY'}, {'contract': 'NSE_FO|79714|30-06-2026', 'status': 'ORDER_CREATED'}]",PE,OPTION_ACCEL,MODELED_LIMIT_MISS,23850.0,OPTION_ACCEL_TRAIL
2026-04-13T15:02:00+05:30,6970.37,9411.18,NSE_FO|54807|13-04-2026,2026-04-13,7.30,2026-04-13T15:03:00+05:30,2.05,2026-04-13T15:04:00+05:30,52.06,18.10,65,recent_validation,-2440.81,0.2808219178082191780821917808,reported,455,STOP,"[{'contract': 'NSE_FO|54807|13-04-2026', 'status': 'ORDER_CREATED'}]",PE,OPTION_ACCEL_OI,MODELED_EXIT,23850.0,OPTION_ACCEL_OI_TARGET
2026-04-28T15:03:00+05:30,,6970.37,NSE_FO|72266|28-04-2026,2026-04-28,,,,,,55.20,65,recent_validation,,,reported,65,,"[{'contract': 'NSE_FO|72266|28-04-2026', 'status': 'ORDER_CREATED'}]",PE,OPTION_ACCEL_OI,MODELED_LIMIT_MISS,24050.0,OPTION_ACCEL_OI_TARGET
2026-05-19T14:45:00+05:30,,6970.37,NSE_FO|51365|19-05-2026,2026-05-19,,,,,,19.90,65,recent_validation,,,reported,325,,"[{'contract': 'NSE_FO|51365|19-05-2026', 'status': 'ORDER_CREATED'}]",PE,OPTION_ACCEL_OI,MODELED_LIMIT_MISS,23650.0,OPTION_ACCEL_OI_TARGET
2026-05-26T14:57:00+05:30,,6970.37,NSE_FO|72175|26-05-2026,2026-05-26,,,,,,12.25,65,recent_validation,,,reported,520,,"[{'contract': 'NSE_FO|72175|26-05-2026', 'status': 'ORDER_CREATED'}]",CE,OPTION_ACCEL_OI,MODELED_LIMIT_MISS,23900.0,OPTION_ACCEL_OI_TARGET
2026-06-02T14:46:00+05:30,3834.09,6970.37,NSE_FO|57029|02-06-2026,2026-06-02,19.75,2026-06-02T14:47:00+05:30,7.90,2026-06-02T14:49:00+05:30,55.28,25.20,65,recent_validation,-3136.28,0.4,reported,260,STOP,"[{'contract': 'NSE_FO|57029|02-06-2026', 'status': 'ORDER_CREATED'}]",PE,OPTION_ACCEL_OI,MODELED_EXIT,23450.0,OPTION_ACCEL_OI_TARGET
2026-06-09T15:01:00+05:30,,3834.09,NSE_FO|42287|09-06-2026,2026-06-09,,,,,,12.30,65,recent_validation,,,reported,260,,"[{'contract': 'NSE_FO|42287|09-06-2026', 'status': 'ORDER_CREATED'}]",PE,OPTION_ACCEL_OI,MODELED_LIMIT_MISS,23250.0,OPTION_ACCEL_OI_TARGET
2026-06-16T14:45:00+05:30,1975.13,3834.09,NSE_FO|50614|16-06-2026,2026-06-16,11.20,2026-06-16T14:46:00+05:30,4.25,2026-06-16T14:49:00+05:30,51.96,13.35,65,recent_validation,-1858.96,0.3794642857142857142857142857,reported,260,STOP,"[{'contract': 'NSE_FO|50614|16-06-2026', 'status': 'ORDER_CREATED'}]",PE,OPTION_ACCEL_OI,MODELED_EXIT,23950.0,OPTION_ACCEL_OI_TARGET
2026-06-23T14:45:00+05:30,,1975.13,NSE_FO|56370|23-06-2026,2026-06-23,,,,,,12.30,65,recent_validation,,,reported,130,,"[{'contract': 'NSE_FO|56370|23-06-2026', 'status': 'ORDER_CREATED'}]",CE,OPTION_ACCEL_OI,MODELED_LIMIT_MISS,23950.0,OPTION_ACCEL_OI_TARGET
2026-06-30T15:01:00+05:30,,1975.13,NSE_FO|79714|30-06-2026,2026-06-30,,,,,,13.65,65,recent_validation,,,reported,130,,"[{'contract': 'NSE_FO|79729|30-06-2026', 'status': 'UNAFFORDABLE_OR_PAST_CAPACITY'}, {'contract': 'NSE_FO|79723|30-06-2026', 'status': 'UNAFFORDABLE_OR_PAST_CAPACITY'}, {'contract': 'NSE_FO|79714|30-06-2026', 'status': 'ORDER_CREATED'}]",PE,OPTION_ACCEL_OI,MODELED_LIMIT_MISS,23850.0,OPTION_ACCEL_OI_TARGET
2026-04-13T15:02:00+05:30,6970.37,9411.18,NSE_FO|54807|13-04-2026,2026-04-13,7.30,2026-04-13T15:03:00+05:30,2.05,2026-04-13T15:04:00+05:30,52.06,18.10,65,recent_validation,-2440.81,0.2808219178082191780821917808,reported,455,STOP,"[{'contract': 'NSE_FO|54807|13-04-2026', 'status': 'ORDER_CREATED'}]",PE,OPTION_ACCEL_OI,MODELED_EXIT,23850.0,OPTION_ACCEL_OI_TRAIL
2026-04-28T15:03:00+05:30,,6970.37,NSE_FO|72266|28-04-2026,2026-04-28,,,,,,55.20,65,recent_validation,,,reported,65,,"[{'contract': 'NSE_FO|72266|28-04-2026', 'status': 'ORDER_CREATED'}]",PE,OPTION_ACCEL_OI,MODELED_LIMIT_MISS,24050.0,OPTION_ACCEL_OI_TRAIL
2026-05-19T14:45:00+05:30,,6970.37,NSE_FO|51365|19-05-2026,2026-05-19,,,,,,19.90,65,recent_validation,,,reported,325,,"[{'contract': 'NSE_FO|51365|19-05-2026', 'status': 'ORDER_CREATED'}]",PE,OPTION_ACCEL_OI,MODELED_LIMIT_MISS,23650.0,OPTION_ACCEL_OI_TRAIL
2026-05-26T14:57:00+05:30,,6970.37,NSE_FO|72175|26-05-2026,2026-05-26,,,,,,12.25,65,recent_validation,,,reported,520,,"[{'contract': 'NSE_FO|72175|26-05-2026', 'status': 'ORDER_CREATED'}]",CE,OPTION_ACCEL_OI,MODELED_LIMIT_MISS,23900.0,OPTION_ACCEL_OI_TRAIL
2026-06-02T14:46:00+05:30,3834.09,6970.37,NSE_FO|57029|02-06-2026,2026-06-02,19.75,2026-06-02T14:47:00+05:30,7.90,2026-06-02T14:49:00+05:30,55.28,25.20,65,recent_validation,-3136.28,0.4,reported,260,STOP,"[{'contract': 'NSE_FO|57029|02-06-2026', 'status': 'ORDER_CREATED'}]",PE,OPTION_ACCEL_OI,MODELED_EXIT,23450.0,OPTION_ACCEL_OI_TRAIL
2026-06-09T15:01:00+05:30,,3834.09,NSE_FO|42287|09-06-2026,2026-06-09,,,,,,12.30,65,recent_validation,,,reported,260,,"[{'contract': 'NSE_FO|42287|09-06-2026', 'status': 'ORDER_CREATED'}]",PE,OPTION_ACCEL_OI,MODELED_LIMIT_MISS,23250.0,OPTION_ACCEL_OI_TRAIL
2026-06-16T14:45:00+05:30,1975.13,3834.09,NSE_FO|50614|16-06-2026,2026-06-16,11.20,2026-06-16T14:46:00+05:30,4.25,2026-06-16T14:49:00+05:30,51.96,13.35,65,recent_validation,-1858.96,0.3794642857142857142857142857,reported,260,STOP,"[{'contract': 'NSE_FO|50614|16-06-2026', 'status': 'ORDER_CREATED'}]",PE,OPTION_ACCEL_OI,MODELED_EXIT,23950.0,OPTION_ACCEL_OI_TRAIL
2026-06-23T14:45:00+05:30,,1975.13,NSE_FO|56370|23-06-2026,2026-06-23,,,,,,12.30,65,recent_validation,,,reported,130,,"[{'contract': 'NSE_FO|56370|23-06-2026', 'status': 'ORDER_CREATED'}]",CE,OPTION_ACCEL_OI,MODELED_LIMIT_MISS,23950.0,OPTION_ACCEL_OI_TRAIL
2026-06-30T15:01:00+05:30,,1975.13,NSE_FO|79714|30-06-2026,2026-06-30,,,,,,13.65,65,recent_validation,,,reported,130,,"[{'contract': 'NSE_FO|79729|30-06-2026', 'status': 'UNAFFORDABLE_OR_PAST_CAPACITY'}, {'contract': 'NSE_FO|79723|30-06-2026', 'status': 'UNAFFORDABLE_OR_PAST_CAPACITY'}, {'contract': 'NSE_FO|79714|30-06-2026', 'status': 'ORDER_CREATED'}]",PE,OPTION_ACCEL_OI,MODELED_LIMIT_MISS,23850.0,OPTION_ACCEL_OI_TRAIL
2026-04-07T14:45:00+05:30,,9411.18,NSE_FO|40774|07-04-2026,2026-04-07,,,,,,21.55,65,recent_validation,,,reported,390,,"[{'contract': 'NSE_FO|40774|07-04-2026', 'status': 'ORDER_CREATED'}]",CE,BLIND_CE,MODELED_LIMIT_MISS,23050.0,BLIND_CE_TARGET
2026-04-13T14:45:00+05:30,,9411.18,NSE_FO|54806|13-04-2026,2026-04-13,,,,,,30.00,65,recent_validation,,,reported,260,,"[{'contract': 'NSE_FO|54806|13-04-2026', 'status': 'ORDER_CREATED'}]",CE,BLIND_CE,MODELED_LIMIT_MISS,23850.0,BLIND_CE_TARGET
2026-04-21T14:45:00+05:30,,9411.18,NSE_FO|63458|21-04-2026,2026-04-21,,,,,,9.55,65,recent_validation,,,reported,910,,"[{'contract': 'NSE_FO|63458|21-04-2026', 'status': 'ORDER_CREATED'}]",CE,BLIND_CE,MODELED_LIMIT_MISS,24550.0,BLIND_CE_TARGET
2026-04-28T14:45:00+05:30,5439.38,9411.18,NSE_FO|72265|28-04-2026,2026-04-28,8.10,2026-04-28T14:46:00+05:30,3.80,2026-04-28T14:53:00+05:30,58.80,9.20,65,recent_validation,-3971.80,0.4691358024691358024691358025,reported,910,STOP,"[{'contract': 'NSE_FO|72265|28-04-2026', 'status': 'ORDER_CREATED'}]",CE,BLIND_CE,MODELED_EXIT,24050.0,BLIND_CE_TARGET
2026-05-05T14:45:00+05:30,3386.97,5439.38,NSE_FO|74155|05-05-2026,2026-05-05,11.80,2026-05-05T14:46:00+05:30,5.65,2026-05-05T14:48:00+05:30,53.66,15.30,65,recent_validation,-2052.41,0.4788135593220338983050847458,reported,325,STOP,"[{'contract': 'NSE_FO|74155|05-05-2026', 'status': 'ORDER_CREATED'}]",CE,BLIND_CE,MODELED_EXIT,24050.0,BLIND_CE_TARGET
2026-05-12T14:45:00+05:30,,3386.97,NSE_FO|41724|12-05-2026,2026-05-12,,,,,,28.25,65,recent_validation,,,reported,65,,"[{'contract': 'NSE_FO|41724|12-05-2026', 'status': 'ORDER_CREATED'}]",CE,BLIND_CE,MODELED_LIMIT_MISS,23450.0,BLIND_CE_TARGET
2026-05-19T14:45:00+05:30,2043.48,3386.97,NSE_FO|51364|19-05-2026,2026-05-19,11.60,2026-05-19T14:46:00+05:30,1.65,2026-05-19T15:02:00+05:30,49.99,17.20,65,recent_validation,-1343.49,0.1422413793103448275862068966,reported,130,STOP,"[{'contract': 'NSE_FO|51364|19-05-2026', 'status': 'ORDER_CREATED'}]",CE,BLIND_CE,MODELED_EXIT,23650.0,BLIND_CE_TARGET
2026-05-26T14:45:00+05:30,,2043.48,NSE_FO|72175|26-05-2026,2026-05-26,,,,,,16.75,65,recent_validation,,,reported,65,,"[{'contract': 'NSE_FO|72175|26-05-2026', 'status': 'ORDER_CREATED'}]",CE,BLIND_CE,MODELED_LIMIT_MISS,23900.0,BLIND_CE_TARGET
2026-06-02T14:45:00+05:30,1258.87,2043.48,NSE_FO|57028|02-06-2026,2026-06-02,21.05,2026-06-02T14:46:00+05:30,9.75,2026-06-02T14:59:00+05:30,50.11,21.95,65,recent_validation,-784.61,0.4631828978622327790973871734,reported,65,STOP,"[{'contract': 'NSE_FO|57028|02-06-2026', 'status': 'ORDER_CREATED'}]",CE,BLIND_CE,MODELED_EXIT,23450.0,BLIND_CE_TARGET
2026-06-09T14:45:00+05:30,656.46,1258.87,NSE_FO|42288|09-06-2026,2026-06-09,3.20,2026-06-09T14:46:00+05:30,1.50,2026-06-09T14:48:00+05:30,49.91,3.40,65,recent_validation,-602.41,0.46875,reported,325,STOP,"[{'contract': 'NSE_FO|42286|09-06-2026', 'status': 'UNAFFORDABLE_OR_PAST_CAPACITY'}, {'contract': 'NSE_FO|42288|09-06-2026', 'status': 'ORDER_CREATED'}]",CE,BLIND_CE,MODELED_EXIT,23300.0,BLIND_CE_TARGET
2026-06-16T14:45:00+05:30,,656.46,NSE_FO|50615|16-06-2026,2026-06-16,,,,,,3.85,65,recent_validation,,,reported,130,,"[{'contract': 'NSE_FO|50613|16-06-2026', 'status': 'UNAFFORDABLE_OR_PAST_CAPACITY'}, {'contract': 'NSE_FO|50615|16-06-2026', 'status': 'ORDER_CREATED'}]",CE,BLIND_CE,MODELED_LIMIT_MISS,24000.0,BLIND_CE_TARGET
2026-06-23T14:45:00+05:30,,656.46,NSE_FO|56372|23-06-2026,2026-06-23,,,,,,2.95,65,recent_validation,,,reported,195,,"[{'contract': 'NSE_FO|56370|23-06-2026', 'status': 'UNAFFORDABLE_OR_PAST_CAPACITY'}, {'contract': 'NSE_FO|56372|23-06-2026', 'status': 'ORDER_CREATED'}]",CE,BLIND_CE,MODELED_LIMIT_MISS,24000.0,BLIND_CE_TARGET
2026-06-30T14:45:00+05:30,,656.46,NSE_FO|71472|30-06-2026,2026-06-30,,,,,,5.80,65,recent_validation,,,reported,65,,"[{'contract': 'NSE_FO|79728|30-06-2026', 'status': 'UNAFFORDABLE_OR_PAST_CAPACITY'}, {'contract': 'NSE_FO|71472|30-06-2026', 'status': 'ORDER_CREATED'}]",CE,BLIND_CE,MODELED_LIMIT_MISS,24000.0,BLIND_CE_TARGET
2026-04-07T14:45:00+05:30,,9411.18,NSE_FO|40774|07-04-2026,2026-04-07,,,,,,21.55,65,recent_validation,,,reported,390,,"[{'contract': 'NSE_FO|40774|07-04-2026', 'status': 'ORDER_CREATED'}]",CE,BLIND_CE,MODELED_LIMIT_MISS,23050.0,BLIND_CE_TRAIL
2026-04-13T14:45:00+05:30,,9411.18,NSE_FO|54806|13-04-2026,2026-04-13,,,,,,30.00,65,recent_validation,,,reported,260,,"[{'contract': 'NSE_FO|54806|13-04-2026', 'status': 'ORDER_CREATED'}]",CE,BLIND_CE,MODELED_LIMIT_MISS,23850.0,BLIND_CE_TRAIL
2026-04-21T14:45:00+05:30,,9411.18,NSE_FO|63458|21-04-2026,2026-04-21,,,,,,9.55,65,recent_validation,,,reported,910,,"[{'contract': 'NSE_FO|63458|21-04-2026', 'status': 'ORDER_CREATED'}]",CE,BLIND_CE,MODELED_LIMIT_MISS,24550.0,BLIND_CE_TRAIL
2026-04-28T14:45:00+05:30,5439.38,9411.18,NSE_FO|72265|28-04-2026,2026-04-28,8.10,2026-04-28T14:46:00+05:30,3.80,2026-04-28T14:53:00+05:30,58.80,9.20,65,recent_validation,-3971.80,0.4691358024691358024691358025,reported,910,STOP,"[{'contract': 'NSE_FO|72265|28-04-2026', 'status': 'ORDER_CREATED'}]",CE,BLIND_CE,MODELED_EXIT,24050.0,BLIND_CE_TRAIL
2026-05-05T14:45:00+05:30,3386.97,5439.38,NSE_FO|74155|05-05-2026,2026-05-05,11.80,2026-05-05T14:46:00+05:30,5.65,2026-05-05T14:48:00+05:30,53.66,15.30,65,recent_validation,-2052.41,0.4788135593220338983050847458,reported,325,STOP,"[{'contract': 'NSE_FO|74155|05-05-2026', 'status': 'ORDER_CREATED'}]",CE,BLIND_CE,MODELED_EXIT,24050.0,BLIND_CE_TRAIL
2026-05-12T14:45:00+05:30,,3386.97,NSE_FO|41724|12-05-2026,2026-05-12,,,,,,28.25,65,recent_validation,,,reported,65,,"[{'contract': 'NSE_FO|41724|12-05-2026', 'status': 'ORDER_CREATED'}]",CE,BLIND_CE,MODELED_LIMIT_MISS,23450.0,BLIND_CE_TRAIL
2026-05-19T14:45:00+05:30,2984.58,3386.97,NSE_FO|51364|19-05-2026,2026-05-19,11.60,2026-05-19T14:46:00+05:30,8.90,2026-05-19T14:57:00+05:30,51.39,17.20,65,recent_validation,-402.39,0.7672413793103448275862068966,reported,130,STOP,"[{'contract': 'NSE_FO|51364|19-05-2026', 'status': 'ORDER_CREATED'}]",CE,BLIND_CE,MODELED_EXIT,23650.0,BLIND_CE_TRAIL
2026-05-26T14:45:00+05:30,,2984.58,NSE_FO|72175|26-05-2026,2026-05-26,,,,,,16.75,65,recent_validation,,,reported,130,,"[{'contract': 'NSE_FO|72175|26-05-2026', 'status': 'ORDER_CREATED'}]",CE,BLIND_CE,MODELED_LIMIT_MISS,23900.0,BLIND_CE_TRAIL
2026-06-02T14:45:00+05:30,2199.97,2984.58,NSE_FO|57028|02-06-2026,2026-06-02,21.05,2026-06-02T14:46:00+05:30,9.75,2026-06-02T14:59:00+05:30,50.11,21.95,65,recent_validation,-784.61,0.4631828978622327790973871734,reported,65,STOP,"[{'contract': 'NSE_FO|57028|02-06-2026', 'status': 'ORDER_CREATED'}]",CE,BLIND_CE,MODELED_EXIT,23450.0,BLIND_CE_TRAIL
2026-06-09T14:45:00+05:30,1464.23,2199.97,NSE_FO|42286|09-06-2026,2026-06-09,18.5,2026-06-09T14:46:00+05:30,7.95,2026-06-09T14:50:00+05:30,49.99,19.45,65,recent_validation,-735.74,0.4297297297297297297297297297,reported,65,STOP,"[{'contract': 'NSE_FO|42286|09-06-2026', 'status': 'ORDER_CREATED'}]",CE,BLIND_CE,MODELED_EXIT,23250.0,BLIND_CE_TRAIL
2026-06-16T14:45:00+05:30,,1464.23,NSE_FO|50613|16-06-2026,2026-06-16,,,,,,20.65,65,recent_validation,,,reported,65,,"[{'contract': 'NSE_FO|50613|16-06-2026', 'status': 'ORDER_CREATED'}]",CE,BLIND_CE,MODELED_LIMIT_MISS,23950.0,BLIND_CE_TRAIL
2026-06-23T14:45:00+05:30,,1464.23,NSE_FO|56370|23-06-2026,2026-06-23,,,,,,12.30,65,recent_validation,,,reported,65,,"[{'contract': 'NSE_FO|56370|23-06-2026', 'status': 'ORDER_CREATED'}]",CE,BLIND_CE,MODELED_LIMIT_MISS,23950.0,BLIND_CE_TRAIL
2026-06-30T14:45:00+05:30,,1464.23,NSE_FO|79728|30-06-2026,2026-06-30,,,,,,19.15,65,recent_validation,,,reported,65,,"[{'contract': 'NSE_FO|79728|30-06-2026', 'status': 'ORDER_CREATED'}]",CE,BLIND_CE,MODELED_LIMIT_MISS,23950.0,BLIND_CE_TRAIL
2026-04-07T14:45:00+05:30,,9411.18,NSE_FO|40775|07-04-2026,2026-04-07,,,,,,40.90,65,recent_validation,,,reported,195,,"[{'contract': 'NSE_FO|40775|07-04-2026', 'status': 'ORDER_CREATED'}]",PE,BLIND_PE,MODELED_LIMIT_MISS,23050.0,BLIND_PE_TARGET
2026-04-13T14:45:00+05:30,5645.53,9411.18,NSE_FO|54807|13-04-2026,2026-04-13,14.90,2026-04-13T14:46:00+05:30,6.75,2026-04-13T14:49:00+05:30,57.40,19.30,65,recent_validation,-3765.65,0.4530201342281879194630872483,reported,455,STOP,"[{'contract': 'NSE_FO|54807|13-04-2026', 'status': 'ORDER_CREATED'}]",PE,BLIND_PE,MODELED_EXIT,23850.0,BLIND_PE_TARGET
2026-04-21T14:45:00+05:30,3798.08,5645.53,NSE_FO|63463|21-04-2026,2026-04-21,26.95,2026-04-21T14:46:00+05:30,13.15,2026-04-21T14:49:00+05:30,53.45,27.70,65,recent_validation,-1847.45,0.4879406307977736549165120594,reported,130,STOP,"[{'contract': 'NSE_FO|63463|21-04-2026', 'status': 'ORDER_CREATED'}]",PE,BLIND_PE,MODELED_EXIT,24550.0,BLIND_PE_TARGET
2026-04-28T14:45:00+05:30,,3798.08,NSE_FO|72266|28-04-2026,2026-04-28,,,,,,27.20,65,recent_validation,,,reported,130,,"[{'contract': 'NSE_FO|72266|28-04-2026', 'status': 'ORDER_CREATED'}]",PE,BLIND_PE,MODELED_LIMIT_MISS,24050.0,BLIND_PE_TARGET
2026-05-05T14:45:00+05:30,,3798.08,NSE_FO|74156|05-05-2026,2026-05-05,,,,,,21.55,65,recent_validation,,,reported,130,,"[{'contract': 'NSE_FO|74156|05-05-2026', 'status': 'ORDER_CREATED'}]",PE,BLIND_PE,MODELED_LIMIT_MISS,24050.0,BLIND_PE_TARGET
2026-05-12T14:45:00+05:30,,3798.08,NSE_FO|41725|12-05-2026,2026-05-12,,,,,,13.00,65,recent_validation,,,reported,260,,"[{'contract': 'NSE_FO|41725|12-05-2026', 'status': 'ORDER_CREATED'}]",PE,BLIND_PE,MODELED_LIMIT_MISS,23450.0,BLIND_PE_TARGET
2026-05-19T14:45:00+05:30,,3798.08,NSE_FO|51365|19-05-2026,2026-05-19,,,,,,19.90,65,recent_validation,,,reported,130,,"[{'contract': 'NSE_FO|51365|19-05-2026', 'status': 'ORDER_CREATED'}]",PE,BLIND_PE,MODELED_LIMIT_MISS,23650.0,BLIND_PE_TARGET
2026-05-26T14:45:00+05:30,,3798.08,NSE_FO|72176|26-05-2026,2026-05-26,,,,,,20.05,65,recent_validation,,,reported,130,,"[{'contract': 'NSE_FO|72176|26-05-2026', 'status': 'ORDER_CREATED'}]",PE,BLIND_PE,MODELED_LIMIT_MISS,23900.0,BLIND_PE_TARGET
2026-06-02T14:45:00+05:30,,3798.08,NSE_FO|57029|02-06-2026,2026-06-02,,,,,,17.65,65,recent_validation,,,reported,195,,"[{'contract': 'NSE_FO|57029|02-06-2026', 'status': 'ORDER_CREATED'}]",PE,BLIND_PE,MODELED_LIMIT_MISS,23450.0,BLIND_PE_TARGET
2026-06-09T14:45:00+05:30,,3798.08,NSE_FO|42287|09-06-2026,2026-06-09,,,,,,13.20,65,recent_validation,,,reported,260,,"[{'contract': 'NSE_FO|42287|09-06-2026', 'status': 'ORDER_CREATED'}]",PE,BLIND_PE,MODELED_LIMIT_MISS,23250.0,BLIND_PE_TARGET
2026-06-16T14:45:00+05:30,1939.12,3798.08,NSE_FO|50614|16-06-2026,2026-06-16,11.20,2026-06-16T14:46:00+05:30,4.25,2026-06-16T14:49:00+05:30,51.96,13.35,65,recent_validation,-1858.96,0.3794642857142857142857142857,reported,260,STOP,"[{'contract': 'NSE_FO|50614|16-06-2026', 'status': 'ORDER_CREATED'}]",PE,BLIND_PE,MODELED_EXIT,23950.0,BLIND_PE_TARGET
2026-06-23T14:45:00+05:30,,1939.12,NSE_FO|56359|23-06-2026,2026-06-23,,,,,,6.45,65,recent_validation,,,reported,260,,"[{'contract': 'NSE_FO|56371|23-06-2026', 'status': 'UNAFFORDABLE_OR_PAST_CAPACITY'}, {'contract': 'NSE_FO|56359|23-06-2026', 'status': 'ORDER_CREATED'}]",PE,BLIND_PE,MODELED_LIMIT_MISS,23900.0,BLIND_PE_TARGET
2026-06-30T14:45:00+05:30,,1939.12,NSE_FO|79729|30-06-2026,2026-06-30,,,,,,22.15,65,recent_validation,,,reported,65,,"[{'contract': 'NSE_FO|79729|30-06-2026', 'status': 'ORDER_CREATED'}]",PE,BLIND_PE,MODELED_LIMIT_MISS,23950.0,BLIND_PE_TARGET
2026-04-07T14:45:00+05:30,,9411.18,NSE_FO|40775|07-04-2026,2026-04-07,,,,,,40.90,65,recent_validation,,,reported,195,,"[{'contract': 'NSE_FO|40775|07-04-2026', 'status': 'ORDER_CREATED'}]",PE,BLIND_PE,MODELED_LIMIT_MISS,23050.0,BLIND_PE_TRAIL
2026-04-13T14:45:00+05:30,5645.53,9411.18,NSE_FO|54807|13-04-2026,2026-04-13,14.90,2026-04-13T14:46:00+05:30,6.75,2026-04-13T14:49:00+05:30,57.40,19.30,65,recent_validation,-3765.65,0.4530201342281879194630872483,reported,455,STOP,"[{'contract': 'NSE_FO|54807|13-04-2026', 'status': 'ORDER_CREATED'}]",PE,BLIND_PE,MODELED_EXIT,23850.0,BLIND_PE_TRAIL
2026-04-21T14:45:00+05:30,3798.08,5645.53,NSE_FO|63463|21-04-2026,2026-04-21,26.95,2026-04-21T14:46:00+05:30,13.15,2026-04-21T14:49:00+05:30,53.45,27.70,65,recent_validation,-1847.45,0.4879406307977736549165120594,reported,130,STOP,"[{'contract': 'NSE_FO|63463|21-04-2026', 'status': 'ORDER_CREATED'}]",PE,BLIND_PE,MODELED_EXIT,24550.0,BLIND_PE_TRAIL
2026-04-28T14:45:00+05:30,,3798.08,NSE_FO|72266|28-04-2026,2026-04-28,,,,,,27.20,65,recent_validation,,,reported,130,,"[{'contract': 'NSE_FO|72266|28-04-2026', 'status': 'ORDER_CREATED'}]",PE,BLIND_PE,MODELED_LIMIT_MISS,24050.0,BLIND_PE_TRAIL
2026-05-05T14:45:00+05:30,,3798.08,NSE_FO|74156|05-05-2026,2026-05-05,,,,,,21.55,65,recent_validation,,,reported,130,,"[{'contract': 'NSE_FO|74156|05-05-2026', 'status': 'ORDER_CREATED'}]",PE,BLIND_PE,MODELED_LIMIT_MISS,24050.0,BLIND_PE_TRAIL
2026-05-12T14:45:00+05:30,,3798.08,NSE_FO|41725|12-05-2026,2026-05-12,,,,,,13.00,65,recent_validation,,,reported,260,,"[{'contract': 'NSE_FO|41725|12-05-2026', 'status': 'ORDER_CREATED'}]",PE,BLIND_PE,MODELED_LIMIT_MISS,23450.0,BLIND_PE_TRAIL
2026-05-19T14:45:00+05:30,,3798.08,NSE_FO|51365|19-05-2026,2026-05-19,,,,,,19.90,65,recent_validation,,,reported,130,,"[{'contract': 'NSE_FO|51365|19-05-2026', 'status': 'ORDER_CREATED'}]",PE,BLIND_PE,MODELED_LIMIT_MISS,23650.0,BLIND_PE_TRAIL
2026-05-26T14:45:00+05:30,,3798.08,NSE_FO|72176|26-05-2026,2026-05-26,,,,,,20.05,65,recent_validation,,,reported,130,,"[{'contract': 'NSE_FO|72176|26-05-2026', 'status': 'ORDER_CREATED'}]",PE,BLIND_PE,MODELED_LIMIT_MISS,23900.0,BLIND_PE_TRAIL
2026-06-02T14:45:00+05:30,,3798.08,NSE_FO|57029|02-06-2026,2026-06-02,,,,,,17.65,65,recent_validation,,,reported,195,,"[{'contract': 'NSE_FO|57029|02-06-2026', 'status': 'ORDER_CREATED'}]",PE,BLIND_PE,MODELED_LIMIT_MISS,23450.0,BLIND_PE_TRAIL
2026-06-09T14:45:00+05:30,,3798.08,NSE_FO|42287|09-06-2026,2026-06-09,,,,,,13.20,65,recent_validation,,,reported,260,,"[{'contract': 'NSE_FO|42287|09-06-2026', 'status': 'ORDER_CREATED'}]",PE,BLIND_PE,MODELED_LIMIT_MISS,23250.0,BLIND_PE_TRAIL
2026-06-16T14:45:00+05:30,1939.12,3798.08,NSE_FO|50614|16-06-2026,2026-06-16,11.20,2026-06-16T14:46:00+05:30,4.25,2026-06-16T14:49:00+05:30,51.96,13.35,65,recent_validation,-1858.96,0.3794642857142857142857142857,reported,260,STOP,"[{'contract': 'NSE_FO|50614|16-06-2026', 'status': 'ORDER_CREATED'}]",PE,BLIND_PE,MODELED_EXIT,23950.0,BLIND_PE_TRAIL
2026-06-23T14:45:00+05:30,,1939.12,NSE_FO|56359|23-06-2026,2026-06-23,,,,,,6.45,65,recent_validation,,,reported,260,,"[{'contract': 'NSE_FO|56371|23-06-2026', 'status': 'UNAFFORDABLE_OR_PAST_CAPACITY'}, {'contract': 'NSE_FO|56359|23-06-2026', 'status': 'ORDER_CREATED'}]",PE,BLIND_PE,MODELED_LIMIT_MISS,23900.0,BLIND_PE_TRAIL
2026-06-30T14:45:00+05:30,,1939.12,NSE_FO|79729|30-06-2026,2026-06-30,,,,,,22.15,65,recent_validation,,,reported,65,,"[{'contract': 'NSE_FO|79729|30-06-2026', 'status': 'ORDER_CREATED'}]",PE,BLIND_PE,MODELED_LIMIT_MISS,23950.0,BLIND_PE_TRAIL
2025-10-07T09:49:00+05:30,,9411.18,,2025-10-07,,,,,,,,older_validation,,,strict,,,"[{'contract': 'NSE_FO|38397|07-10-2025', 'status': 'INSUFFICIENT_KNOWN_OI'}, {'contract': 'NSE_FO|38399|07-10-2025', 'status': 'INSUFFICIENT_KNOWN_OI'}, {'contract': 'NSE_FO|38401|07-10-2025', 'status': 'INSUFFICIENT_KNOWN_OI'}, {'contract': 'NSE_FO|38403|07-10-2025', 'status': 'INSUFFICIENT_KNOWN_OI'}]",CE,ORB30,NO_AFFORDABLE_LIQUID_CONTRACT,,ORB30_TARGET
2025-10-14T09:56:00+05:30,17831.20,9411.18,NSE_FO|42690|14-10-2025,2025-10-14,37.80,2025-10-14T09:57:00+05:30,75.60,2025-10-14T11:18:00+05:30,84.98,38.05,75,older_validation,8420.02,2,strict,225,TARGET_2X,"[{'contract': 'NSE_FO|42690|14-10-2025', 'status': 'ORDER_CREATED'}]",PE,ORB30,MODELED_EXIT,25200.0,ORB30_TARGET
2025-10-28T10:07:00+05:30,,17831.20,NSE_FO|58997|28-10-2025,2025-10-28,,,,,,57.10,75,older_validation,,,strict,225,,"[{'contract': 'NSE_FO|58997|28-10-2025', 'status': 'ORDER_CREATED'}]",PE,ORB30,MODELED_LIMIT_MISS,25900.0,ORB30_TARGET
2025-11-04T10:17:00+05:30,27284.09,17831.20,NSE_FO|47667|04-11-2025,2025-11-04,58.60,2025-11-04T10:18:00+05:30,101.05,2025-11-04T15:25:00+05:30,98.36,65.50,75,older_validation,9452.89,1.724402730375426621160409556,strict,225,TIMED_CLOSE,"[{'contract': 'NSE_FO|47667|04-11-2025', 'status': 'ORDER_CREATED'}]",PE,ORB30,MODELED_EXIT,25700.0,ORB30_TARGET
2025-11-11T10:35:00+05:30,,27284.09,,2025-11-11,,,,,,,,older_validation,,,strict,,,['UNKNOWN_VOLUME_MISMATCH'],PE,ORB30,UNKNOWN_SELECTION_DATA,,ORB30_TARGET
2025-10-07T09:49:00+05:30,,9411.18,,2025-10-07,,,,,,,,older_validation,,,strict,,,"[{'contract': 'NSE_FO|38397|07-10-2025', 'status': 'INSUFFICIENT_KNOWN_OI'}, {'contract': 'NSE_FO|38399|07-10-2025', 'status': 'INSUFFICIENT_KNOWN_OI'}, {'contract': 'NSE_FO|38401|07-10-2025', 'status': 'INSUFFICIENT_KNOWN_OI'}, {'contract': 'NSE_FO|38403|07-10-2025', 'status': 'INSUFFICIENT_KNOWN_OI'}]",CE,ORB30,NO_AFFORDABLE_LIQUID_CONTRACT,,ORB30_TRAIL
2025-10-14T09:56:00+05:30,8477.89,9411.18,NSE_FO|42690|14-10-2025,2025-10-14,37.80,2025-10-14T09:57:00+05:30,33.95,2025-10-14T10:45:00+05:30,67.04,38.05,75,older_validation,-933.29,0.8981481481481481481481481481,strict,225,STOP,"[{'contract': 'NSE_FO|42690|14-10-2025', 'status': 'ORDER_CREATED'}]",PE,ORB30,MODELED_EXIT,25200.0,ORB30_TRAIL
2025-10-28T10:07:00+05:30,,8477.89,NSE_FO|58997|28-10-2025,2025-10-28,,,,,,57.10,75,older_validation,,,strict,75,,"[{'contract': 'NSE_FO|58997|28-10-2025', 'status': 'ORDER_CREATED'}]",PE,ORB30,MODELED_LIMIT_MISS,25900.0,ORB30_TRAIL
2025-11-04T10:17:00+05:30,6498.99,8477.89,NSE_FO|47667|04-11-2025,2025-11-04,58.60,2025-11-04T10:18:00+05:30,32.95,2025-11-04T13:45:00+05:30,55.15,65.50,75,older_validation,-1978.90,0.5622866894197952218430034130,strict,75,STOP,"[{'contract': 'NSE_FO|47667|04-11-2025', 'status': 'ORDER_CREATED'}]",PE,ORB30,MODELED_EXIT,25700.0,ORB30_TRAIL
2025-11-11T10:35:00+05:30,,6498.99,,2025-11-11,,,,,,,,older_validation,,,strict,,,['UNKNOWN_VOLUME_MISMATCH'],PE,ORB30,UNKNOWN_SELECTION_DATA,,ORB30_TRAIL
2025-10-07T14:45:00+05:30,,9411.18,,2025-10-07,,,,,,,,older_validation,,,strict,,,"[{'contract': 'NSE_FO|38398|07-10-2025', 'status': 'INSUFFICIENT_KNOWN_OI'}, 'UNKNOWN_VOLUME_MISMATCH']",PE,LATE_BREAK,UNKNOWN_SELECTION_DATA,,LATE_BREAK_TARGET
2025-10-07T14:45:00+05:30,,9411.18,,2025-10-07,,,,,,,,older_validation,,,strict,,,"[{'contract': 'NSE_FO|38398|07-10-2025', 'status': 'INSUFFICIENT_KNOWN_OI'}, 'UNKNOWN_VOLUME_MISMATCH']",PE,LATE_BREAK,UNKNOWN_SELECTION_DATA,,LATE_BREAK_TRAIL
2025-10-07T14:50:00+05:30,,9411.18,,2025-10-07,,,,,,,,older_validation,,,strict,,,"[{'contract': 'NSE_FO|38397|07-10-2025', 'status': 'INSUFFICIENT_KNOWN_OI'}, {'contract': 'NSE_FO|38399|07-10-2025', 'status': 'INSUFFICIENT_KNOWN_OI'}, {'contract': 'NSE_FO|38401|07-10-2025', 'status': 'INSUFFICIENT_KNOWN_OI'}, {'contract': 'NSE_FO|38403|07-10-2025', 'status': 'INSUFFICIENT_KNOWN_OI'}]",CE,LATE_FADE,NO_AFFORDABLE_LIQUID_CONTRACT,,LATE_FADE_TARGET
2025-10-14T14:49:00+05:30,4697.50,9411.18,NSE_FO|42686|14-10-2025,2025-10-14,10.35,2025-10-14T14:50:00+05:30,3.45,2025-10-14T14:53:00+05:30,56.18,12.00,75,older_validation,-4713.68,0.3333333333333333333333333333,strict,675,STOP,"[{'contract': 'NSE_FO|42686|14-10-2025', 'status': 'ORDER_CREATED'}]",PE,LATE_FADE,MODELED_EXIT,25150.0,LATE_FADE_TARGET
2025-10-20T14:49:00+05:30,2450.01,4697.50,NSE_FO|45284|20-10-2025,2025-10-20,4.15,2025-10-20T14:50:00+05:30,1.90,2025-10-20T14:51:00+05:30,53.74,4.40,75,older_validation,-2247.49,0.4578313253012048192771084337,strict,975,STOP,"[{'contract': 'NSE_FO|45284|20-10-2025', 'status': 'ORDER_CREATED'}]",CE,LATE_FADE,MODELED_EXIT,25850.0,LATE_FADE_TARGET
2025-11-04T14:42:00+05:30,,2450.01,NSE_FO|47659|04-11-2025,2025-11-04,,,,,,11.00,75,older_validation,,,strict,150,,"[{'contract': 'NSE_FO|47659|04-11-2025', 'status': 'ORDER_CREATED'}]",PE,LATE_FADE,MODELED_LIMIT_MISS,25600.0,LATE_FADE_TARGET
2025-11-11T14:37:00+05:30,,2450.01,,2025-11-11,,,,,,,,older_validation,,,strict,,,['UNKNOWN_VOLUME_MISMATCH'],PE,LATE_FADE,UNKNOWN_SELECTION_DATA,,LATE_FADE_TARGET
2025-10-07T14:50:00+05:30,,9411.18,,2025-10-07,,,,,,,,older_validation,,,strict,,,"[{'contract': 'NSE_FO|38397|07-10-2025', 'status': 'INSUFFICIENT_KNOWN_OI'}, {'contract': 'NSE_FO|38399|07-10-2025', 'status': 'INSUFFICIENT_KNOWN_OI'}, {'contract': 'NSE_FO|38401|07-10-2025', 'status': 'INSUFFICIENT_KNOWN_OI'}, {'contract': 'NSE_FO|38403|07-10-2025', 'status': 'INSUFFICIENT_KNOWN_OI'}]",CE,LATE_FADE,NO_AFFORDABLE_LIQUID_CONTRACT,,LATE_FADE_TRAIL
2025-10-14T14:49:00+05:30,4697.50,9411.18,NSE_FO|42686|14-10-2025,2025-10-14,10.35,2025-10-14T14:50:00+05:30,3.45,2025-10-14T14:53:00+05:30,56.18,12.00,75,older_validation,-4713.68,0.3333333333333333333333333333,strict,675,STOP,"[{'contract': 'NSE_FO|42686|14-10-2025', 'status': 'ORDER_CREATED'}]",PE,LATE_FADE,MODELED_EXIT,25150.0,LATE_FADE_TRAIL
2025-10-20T14:49:00+05:30,2450.01,4697.50,NSE_FO|45284|20-10-2025,2025-10-20,4.15,2025-10-20T14:50:00+05:30,1.90,2025-10-20T14:51:00+05:30,53.74,4.40,75,older_validation,-2247.49,0.4578313253012048192771084337,strict,975,STOP,"[{'contract': 'NSE_FO|45284|20-10-2025', 'status': 'ORDER_CREATED'}]",CE,LATE_FADE,MODELED_EXIT,25850.0,LATE_FADE_TRAIL
2025-11-04T14:42:00+05:30,,2450.01,NSE_FO|47659|04-11-2025,2025-11-04,,,,,,11.00,75,older_validation,,,strict,150,,"[{'contract': 'NSE_FO|47659|04-11-2025', 'status': 'ORDER_CREATED'}]",PE,LATE_FADE,MODELED_LIMIT_MISS,25600.0,LATE_FADE_TRAIL
2025-11-11T14:37:00+05:30,,2450.01,,2025-11-11,,,,,,,,older_validation,,,strict,,,['UNKNOWN_VOLUME_MISMATCH'],PE,LATE_FADE,UNKNOWN_SELECTION_DATA,,LATE_FADE_TRAIL
2025-12-23T14:45:00+05:30,5143.23,9411.18,NSE_FO|57019|23-12-2025,2025-12-23,6.5,2025-12-23T14:46:00+05:30,3.20,2025-12-23T14:47:00+05:30,60.45,6.70,75,older_validation,-4267.95,0.4923076923076923076923076923,strict,1275,STOP,"[{'contract': 'NSE_FO|57019|23-12-2025', 'status': 'ORDER_CREATED'}]",PE,TREND1445,MODELED_EXIT,26150.0,TREND1445_TARGET
2026-01-20T14:45:00+05:30,,5143.23,,2026-01-20,,,,,,,,older_validation,,,strict,,,['UNKNOWN_VOLUME_MISMATCH'],PE,TREND1445,UNKNOWN_SELECTION_DATA,,TREND1445_TARGET
2025-12-23T14:45:00+05:30,5143.23,9411.18,NSE_FO|57019|23-12-2025,2025-12-23,6.5,2025-12-23T14:46:00+05:30,3.20,2025-12-23T14:47:00+05:30,60.45,6.70,75,older_validation,-4267.95,0.4923076923076923076923076923,strict,1275,STOP,"[{'contract': 'NSE_FO|57019|23-12-2025', 'status': 'ORDER_CREATED'}]",PE,TREND1445,MODELED_EXIT,26150.0,TREND1445_TRAIL
2026-01-20T14:45:00+05:30,,5143.23,,2026-01-20,,,,,,,,older_validation,,,strict,,,['UNKNOWN_VOLUME_MISMATCH'],PE,TREND1445,UNKNOWN_SELECTION_DATA,,TREND1445_TRAIL
2025-10-07T14:49:00+05:30,,9411.18,,2025-10-07,,,,,,,,older_validation,,,strict,,,"[{'contract': 'NSE_FO|38397|07-10-2025', 'status': 'INSUFFICIENT_KNOWN_OI'}, {'contract': 'NSE_FO|38399|07-10-2025', 'status': 'INSUFFICIENT_KNOWN_OI'}, {'contract': 'NSE_FO|38401|07-10-2025', 'status': 'INSUFFICIENT_KNOWN_OI'}, {'contract': 'NSE_FO|38403|07-10-2025', 'status': 'INSUFFICIENT_KNOWN_OI'}]",CE,OPTION_ACCEL,NO_AFFORDABLE_LIQUID_CONTRACT,,OPTION_ACCEL_TARGET
2025-10-14T14:48:00+05:30,5138.64,9411.18,NSE_FO|42690|14-10-2025,2025-10-14,48.0,2025-10-14T14:49:00+05:30,19.90,2025-10-14T14:57:00+05:30,57.54,53.25,75,older_validation,-4272.54,0.4145833333333333333333333333,strict,150,STOP,"[{'contract': 'NSE_FO|42690|14-10-2025', 'status': 'ORDER_CREATED'}]",PE,OPTION_ACCEL,MODELED_EXIT,25200.0,OPTION_ACCEL_TARGET
2025-10-07T14:49:00+05:30,,9411.18,,2025-10-07,,,,,,,,older_validation,,,strict,,,"[{'contract': 'NSE_FO|38397|07-10-2025', 'status': 'INSUFFICIENT_KNOWN_OI'}, {'contract': 'NSE_FO|38399|07-10-2025', 'status': 'INSUFFICIENT_KNOWN_OI'}, {'contract': 'NSE_FO|38401|07-10-2025', 'status': 'INSUFFICIENT_KNOWN_OI'}, {'contract': 'NSE_FO|38403|07-10-2025', 'status': 'INSUFFICIENT_KNOWN_OI'}]",CE,OPTION_ACCEL,NO_AFFORDABLE_LIQUID_CONTRACT,,OPTION_ACCEL_TRAIL
2025-10-14T14:48:00+05:30,5138.64,9411.18,NSE_FO|42690|14-10-2025,2025-10-14,48.0,2025-10-14T14:49:00+05:30,19.90,2025-10-14T14:57:00+05:30,57.54,53.25,75,older_validation,-4272.54,0.4145833333333333333333333333,strict,150,STOP,"[{'contract': 'NSE_FO|42690|14-10-2025', 'status': 'ORDER_CREATED'}]",PE,OPTION_ACCEL,MODELED_EXIT,25200.0,OPTION_ACCEL_TRAIL
2025-10-14T14:49:00+05:30,5288.70,9411.18,NSE_FO|42690|14-10-2025,2025-10-14,47.0,2025-10-14T14:50:00+05:30,19.90,2025-10-14T14:57:00+05:30,57.48,49.15,75,older_validation,-4122.48,0.4234042553191489361702127660,strict,150,STOP,"[{'contract': 'NSE_FO|42690|14-10-2025', 'status': 'ORDER_CREATED'}]",PE,OPTION_ACCEL_OI,MODELED_EXIT,25200.0,OPTION_ACCEL_OI_TARGET
2025-10-14T14:49:00+05:30,5288.70,9411.18,NSE_FO|42690|14-10-2025,2025-10-14,47.0,2025-10-14T14:50:00+05:30,19.90,2025-10-14T14:57:00+05:30,57.48,49.15,75,older_validation,-4122.48,0.4234042553191489361702127660,strict,150,STOP,"[{'contract': 'NSE_FO|42690|14-10-2025', 'status': 'ORDER_CREATED'}]",PE,OPTION_ACCEL_OI,MODELED_EXIT,25200.0,OPTION_ACCEL_OI_TRAIL
2025-10-07T14:45:00+05:30,,9411.18,,2025-10-07,,,,,,,,older_validation,,,strict,,,"[{'contract': 'NSE_FO|38397|07-10-2025', 'status': 'INSUFFICIENT_KNOWN_OI'}, {'contract': 'NSE_FO|38399|07-10-2025', 'status': 'INSUFFICIENT_KNOWN_OI'}, {'contract': 'NSE_FO|38401|07-10-2025', 'status': 'INSUFFICIENT_KNOWN_OI'}, {'contract': 'NSE_FO|38403|07-10-2025', 'status': 'INSUFFICIENT_KNOWN_OI'}]",CE,BLIND_CE,NO_AFFORDABLE_LIQUID_CONTRACT,,BLIND_CE_TARGET
2025-10-14T14:45:00+05:30,,9411.18,NSE_FO|42687|14-10-2025,2025-10-14,,,,,,7.45,75,older_validation,,,strict,1125,,"[{'contract': 'NSE_FO|42687|14-10-2025', 'status': 'ORDER_CREATED'}]",CE,BLIND_CE,MODELED_LIMIT_MISS,25200.0,BLIND_CE_TARGET
2025-10-20T14:45:00+05:30,,9411.18,,2025-10-20,,,,,,,,older_validation,,,strict,,,['UNKNOWN_VOLUME_MISMATCH'],CE,BLIND_CE,UNKNOWN_SELECTION_DATA,,BLIND_CE_TARGET
2025-10-07T14:45:00+05:30,,9411.18,,2025-10-07,,,,,,,,older_validation,,,strict,,,"[{'contract': 'NSE_FO|38397|07-10-2025', 'status': 'INSUFFICIENT_KNOWN_OI'}, {'contract': 'NSE_FO|38399|07-10-2025', 'status': 'INSUFFICIENT_KNOWN_OI'}, {'contract': 'NSE_FO|38401|07-10-2025', 'status': 'INSUFFICIENT_KNOWN_OI'}, {'contract': 'NSE_FO|38403|07-10-2025', 'status': 'INSUFFICIENT_KNOWN_OI'}]",CE,BLIND_CE,NO_AFFORDABLE_LIQUID_CONTRACT,,BLIND_CE_TRAIL
2025-10-14T14:45:00+05:30,,9411.18,NSE_FO|42687|14-10-2025,2025-10-14,,,,,,7.45,75,older_validation,,,strict,1125,,"[{'contract': 'NSE_FO|42687|14-10-2025', 'status': 'ORDER_CREATED'}]",CE,BLIND_CE,MODELED_LIMIT_MISS,25200.0,BLIND_CE_TRAIL
2025-10-20T14:45:00+05:30,,9411.18,,2025-10-20,,,,,,,,older_validation,,,strict,,,['UNKNOWN_VOLUME_MISMATCH'],CE,BLIND_CE,UNKNOWN_SELECTION_DATA,,BLIND_CE_TRAIL
2025-10-07T14:45:00+05:30,,9411.18,,2025-10-07,,,,,,,,older_validation,,,strict,,,"[{'contract': 'NSE_FO|38398|07-10-2025', 'status': 'INSUFFICIENT_KNOWN_OI'}, 'UNKNOWN_VOLUME_MISMATCH']",PE,BLIND_PE,UNKNOWN_SELECTION_DATA,,BLIND_PE_TARGET
2025-10-07T14:45:00+05:30,,9411.18,,2025-10-07,,,,,,,,older_validation,,,strict,,,"[{'contract': 'NSE_FO|38398|07-10-2025', 'status': 'INSUFFICIENT_KNOWN_OI'}, 'UNKNOWN_VOLUME_MISMATCH']",PE,BLIND_PE,UNKNOWN_SELECTION_DATA,,BLIND_PE_TRAIL
2025-10-07T09:49:00+05:30,,9411.18,,2025-10-07,,,,,,,,older_validation,,,reported,,,"[{'contract': 'NSE_FO|38397|07-10-2025', 'status': 'INSUFFICIENT_KNOWN_OI'}, {'contract': 'NSE_FO|38399|07-10-2025', 'status': 'INSUFFICIENT_KNOWN_OI'}, {'contract': 'NSE_FO|38401|07-10-2025', 'status': 'INSUFFICIENT_KNOWN_OI'}, {'contract': 'NSE_FO|38403|07-10-2025', 'status': 'INSUFFICIENT_KNOWN_OI'}]",CE,ORB30,NO_AFFORDABLE_LIQUID_CONTRACT,,ORB30_TARGET
2025-10-14T09:56:00+05:30,17831.20,9411.18,NSE_FO|42690|14-10-2025,2025-10-14,37.80,2025-10-14T09:57:00+05:30,75.60,2025-10-14T11:18:00+05:30,84.98,38.05,75,older_validation,8420.02,2,reported,225,TARGET_2X,"[{'contract': 'NSE_FO|42690|14-10-2025', 'status': 'ORDER_CREATED'}]",PE,ORB30,MODELED_EXIT,25200.0,ORB30_TARGET
2025-10-28T10:07:00+05:30,,17831.20,NSE_FO|58997|28-10-2025,2025-10-28,,,,,,57.10,75,older_validation,,,reported,225,,"[{'contract': 'NSE_FO|58997|28-10-2025', 'status': 'ORDER_CREATED'}]",PE,ORB30,MODELED_LIMIT_MISS,25900.0,ORB30_TARGET
2025-11-04T10:17:00+05:30,27284.09,17831.20,NSE_FO|47667|04-11-2025,2025-11-04,58.60,2025-11-04T10:18:00+05:30,101.05,2025-11-04T15:25:00+05:30,98.36,65.50,75,older_validation,9452.89,1.724402730375426621160409556,reported,225,TIMED_CLOSE,"[{'contract': 'NSE_FO|47667|04-11-2025', 'status': 'ORDER_CREATED'}]",PE,ORB30,MODELED_EXIT,25700.0,ORB30_TARGET
2025-11-11T10:35:00+05:30,,27284.09,NSE_FO|40094|11-11-2025,2025-11-11,,,,,,34.65,75,older_validation,,,reported,675,,"[{'contract': 'NSE_FO|40094|11-11-2025', 'status': 'ORDER_CREATED'}]",PE,ORB30,MODELED_LIMIT_MISS,25450.0,ORB30_TARGET
2025-11-18T09:52:00+05:30,,27284.09,NSE_FO|44296|18-11-2025,2025-11-18,,,,,,44.85,75,older_validation,,,reported,525,,"[{'contract': 'NSE_FO|44296|18-11-2025', 'status': 'ORDER_CREATED'}]",PE,ORB30,MODELED_LIMIT_MISS,25900.0,ORB30_TARGET
2025-11-25T10:13:00+05:30,,27284.09,NSE_FO|52911|25-11-2025,2025-11-25,,,,,,72.20,75,older_validation,,,reported,300,,"[{'contract': 'NSE_FO|52911|25-11-2025', 'status': 'ORDER_CREATED'}]",CE,ORB30,MODELED_LIMIT_MISS,26000.0,ORB30_TARGET
2025-12-02T09:52:00+05:30,14038.60,27284.09,NSE_FO|46798|02-12-2025,2025-12-02,37.45,2025-12-02T09:53:00+05:30,17.95,2025-12-02T10:53:00+05:30,82.99,38.25,75,older_validation,-13245.49,0.4793057409879839786381842457,reported,675,STOP,"[{'contract': 'NSE_FO|46798|02-12-2025', 'status': 'ORDER_CREATED'}]",PE,ORB30,MODELED_EXIT,26050.0,ORB30_TARGET
2025-12-09T09:52:00+05:30,,14038.60,NSE_FO|41862|09-12-2025,2025-12-09,,,,,,54.45,75,older_validation,,,reported,225,,"[{'contract': 'NSE_FO|41862|09-12-2025', 'status': 'ORDER_CREATED'}]",PE,ORB30,MODELED_LIMIT_MISS,25750.0,ORB30_TARGET
2025-12-16T10:03:00+05:30,7988.98,14038.60,NSE_FO|48221|16-12-2025,2025-12-16,52.20,2025-12-16T10:04:00+05:30,25.60,2025-12-16T12:30:00+05:30,64.62,53.45,75,older_validation,-6049.62,0.4904214559386973180076628352,reported,225,STOP,"[{'contract': 'NSE_FO|48221|16-12-2025', 'status': 'ORDER_CREATED'}]",PE,ORB30,MODELED_EXIT,25900.0,ORB30_TARGET
2025-12-30T10:25:00+05:30,5974.09,7988.98,NSE_FO|65600|30-12-2025,2025-12-30,50.85,2025-12-30T10:26:00+05:30,24.70,2025-12-30T10:53:00+05:30,53.64,54.20,75,older_validation,-2014.89,0.4857423795476892822025565388,reported,75,STOP,"[{'contract': 'NSE_FO|65600|30-12-2025', 'status': 'ORDER_CREATED'}]",CE,ORB30,MODELED_EXIT,25950.0,ORB30_TARGET
2026-01-06T10:00:00+05:30,,5974.09,NSE_FO|40479|06-01-2026,2026-01-06,,,,,,44.25,65,older_validation,,,reported,65,,"[{'contract': 'NSE_FO|40479|06-01-2026', 'status': 'ORDER_CREATED'}]",CE,ORB30,MODELED_LIMIT_MISS,26250.0,ORB30_TARGET
2026-01-20T09:58:00+05:30,4081.21,5974.09,NSE_FO|47598|20-01-2026,2026-01-20,52.95,2026-01-20T09:59:00+05:30,24.65,2026-01-20T10:39:00+05:30,53.38,60.30,65,older_validation,-1892.88,0.4655335221907459867799811143,reported,65,STOP,"[{'contract': 'NSE_FO|47598|20-01-2026', 'status': 'ORDER_CREATED'}]",PE,ORB30,MODELED_EXIT,25450.0,ORB30_TARGET
2026-01-27T09:49:00+05:30,2272.90,4081.21,NSE_FO|58693|27-01-2026,2026-01-27,51.0,2026-01-27T09:50:00+05:30,24.00,2026-01-27T10:09:00+05:30,53.31,51.40,65,older_validation,-1808.31,0.4705882352941176470588235294,reported,65,STOP,"[{'contract': 'NSE_FO|58667|27-01-2026', 'status': 'UNAFFORDABLE_OR_PAST_CAPACITY'}, {'contract': 'NSE_FO|58689|27-01-2026', 'status': 'UNAFFORDABLE_OR_PAST_CAPACITY'}, {'contract': 'NSE_FO|58693|27-01-2026', 'status': 'ORDER_CREATED'}]",CE,ORB30,MODELED_EXIT,25250.0,ORB30_TARGET
2026-02-03T09:47:00+05:30,,2272.90,,2026-02-03,,,,,,,,older_validation,,,reported,,,"[{'contract': 'NSE_FO|49834|03-02-2026', 'status': 'UNAFFORDABLE_OR_PAST_CAPACITY'}, {'contract': 'NSE_FO|49824|03-02-2026', 'status': 'UNAFFORDABLE_OR_PAST_CAPACITY'}, {'contract': 'NSE_FO|49821|03-02-2026', 'status': 'UNAFFORDABLE_OR_PAST_CAPACITY'}, {'contract': 'NSE_FO|49819|03-02-2026', 'status': 'UNAFFORDABLE_OR_PAST_CAPACITY'}]",PE,ORB30,NO_AFFORDABLE_LIQUID_CONTRACT,,ORB30_TARGET
2026-02-10T10:08:00+05:30,1425.40,2272.90,NSE_FO|42546|10-02-2026,2026-02-10,24.15,2026-02-10T10:09:00+05:30,11.90,2026-02-10T11:52:00+05:30,51.25,27.40,65,older_validation,-847.50,0.4927536231884057971014492754,reported,65,STOP,"[{'contract': 'NSE_FO|42544|10-02-2026', 'status': 'UNAFFORDABLE_OR_PAST_CAPACITY'}, {'contract': 'NSE_FO|42546|10-02-2026', 'status': 'ORDER_CREATED'}]",CE,ORB30,MODELED_EXIT,26000.0,ORB30_TARGET
2026-02-17T10:14:00+05:30,2175.87,1425.40,NSE_FO|48228|17-02-2026,2026-02-17,12.35,2026-02-17T10:15:00+05:30,24.70,2026-02-17T10:28:00+05:30,52.28,13.20,65,older_validation,750.47,2,reported,65,TARGET_2X,"[{'contract': 'NSE_FO|48224|17-02-2026', 'status': 'UNAFFORDABLE_OR_PAST_CAPACITY'}, {'contract': 'NSE_FO|48226|17-02-2026', 'status': 'UNAFFORDABLE_OR_PAST_CAPACITY'}, {'contract': 'NSE_FO|48228|17-02-2026', 'status': 'ORDER_CREATED'}]",CE,ORB30,MODELED_EXIT,25800.0,ORB30_TARGET
2026-02-24T10:50:00+05:30,1243.79,2175.87,NSE_FO|64849|24-02-2026,2026-02-24,26.15,2026-02-24T10:51:00+05:30,12.60,2026-02-24T11:21:00+05:30,51.33,29.50,65,older_validation,-932.08,0.4818355640535372848948374761,reported,65,STOP,"[{'contract': 'NSE_FO|64851|24-02-2026', 'status': 'UNAFFORDABLE_OR_PAST_CAPACITY'}, {'contract': 'NSE_FO|64849|24-02-2026', 'status': 'ORDER_CREATED'}]",PE,ORB30,MODELED_EXIT,25400.0,ORB30_TARGET
2026-03-17T10:03:00+05:30,,1243.79,,2026-03-17,,,,,,,,older_validation,,,reported,,,"[{'contract': 'NSE_FO|57745|17-03-2026', 'status': 'UNAFFORDABLE_OR_PAST_CAPACITY'}, {'contract': 'NSE_FO|57749|17-03-2026', 'status': 'UNAFFORDABLE_OR_PAST_CAPACITY'}, {'contract': 'NSE_FO|57753|17-03-2026', 'status': 'UNAFFORDABLE_OR_PAST_CAPACITY'}, {'contract': 'NSE_FO|57757|17-03-2026', 'status': 'UNAFFORDABLE_OR_PAST_CAPACITY'}]",CE,ORB30,NO_AFFORDABLE_LIQUID_CONTRACT,,ORB30_TARGET
2026-03-24T09:47:00+05:30,,1243.79,,2026-03-24,,,,,,,,older_validation,,,reported,,,"[{'contract': 'NSE_FO|62556|24-03-2026', 'status': 'UNAFFORDABLE_OR_PAST_CAPACITY'}, {'contract': 'NSE_FO|62509|24-03-2026', 'status': 'UNAFFORDABLE_OR_PAST_CAPACITY'}, {'contract': 'NSE_FO|62499|24-03-2026', 'status': 'UNAFFORDABLE_OR_PAST_CAPACITY'}, {'contract': 'NSE_FO|62437|24-03-2026', 'status': 'UNAFFORDABLE_OR_PAST_CAPACITY'}]",PE,ORB30,NO_AFFORDABLE_LIQUID_CONTRACT,,ORB30_TARGET
2026-03-30T11:13:00+05:30,,1243.79,,2026-03-30,,,,,,,,older_validation,,,reported,,,"[{'contract': 'NSE_FO|54477|30-03-2026', 'status': 'UNAFFORDABLE_OR_PAST_CAPACITY'}, {'contract': 'NSE_FO|54475|30-03-2026', 'status': 'UNAFFORDABLE_OR_PAST_CAPACITY'}, {'contract': 'NSE_FO|54473|30-03-2026', 'status': 'UNAFFORDABLE_OR_PAST_CAPACITY'}, {'contract': 'NSE_FO|54471|30-03-2026', 'status': 'UNAFFORDABLE_OR_PAST_CAPACITY'}]",PE,ORB30,NO_AFFORDABLE_LIQUID_CONTRACT,,ORB30_TARGET
2025-10-07T09:49:00+05:30,,9411.18,,2025-10-07,,,,,,,,older_validation,,,reported,,,"[{'contract': 'NSE_FO|38397|07-10-2025', 'status': 'INSUFFICIENT_KNOWN_OI'}, {'contract': 'NSE_FO|38399|07-10-2025', 'status': 'INSUFFICIENT_KNOWN_OI'}, {'contract': 'NSE_FO|38401|07-10-2025', 'status': 'INSUFFICIENT_KNOWN_OI'}, {'contract': 'NSE_FO|38403|07-10-2025', 'status': 'INSUFFICIENT_KNOWN_OI'}]",CE,ORB30,NO_AFFORDABLE_LIQUID_CONTRACT,,ORB30_TRAIL
2025-10-14T09:56:00+05:30,8477.89,9411.18,NSE_FO|42690|14-10-2025,2025-10-14,37.80,2025-10-14T09:57:00+05:30,33.95,2025-10-14T10:45:00+05:30,67.04,38.05,75,older_validation,-933.29,0.8981481481481481481481481481,reported,225,STOP,"[{'contract': 'NSE_FO|42690|14-10-2025', 'status': 'ORDER_CREATED'}]",PE,ORB30,MODELED_EXIT,25200.0,ORB30_TRAIL
2025-10-28T10:07:00+05:30,,8477.89,NSE_FO|58997|28-10-2025,2025-10-28,,,,,,57.10,75,older_validation,,,reported,75,,"[{'contract': 'NSE_FO|58997|28-10-2025', 'status': 'ORDER_CREATED'}]",PE,ORB30,MODELED_LIMIT_MISS,25900.0,ORB30_TRAIL
2025-11-04T10:17:00+05:30,6498.99,8477.89,NSE_FO|47667|04-11-2025,2025-11-04,58.60,2025-11-04T10:18:00+05:30,32.95,2025-11-04T13:45:00+05:30,55.15,65.50,75,older_validation,-1978.90,0.5622866894197952218430034130,reported,75,STOP,"[{'contract': 'NSE_FO|47667|04-11-2025', 'status': 'ORDER_CREATED'}]",PE,ORB30,MODELED_EXIT,25700.0,ORB30_TRAIL
2025-11-11T10:35:00+05:30,,6498.99,NSE_FO|40094|11-11-2025,2025-11-11,,,,,,34.65,75,older_validation,,,reported,150,,"[{'contract': 'NSE_FO|40094|11-11-2025', 'status': 'ORDER_CREATED'}]",PE,ORB30,MODELED_LIMIT_MISS,25450.0,ORB30_TRAIL
2025-11-18T09:52:00+05:30,,6498.99,NSE_FO|44296|18-11-2025,2025-11-18,,,,,,44.85,75,older_validation,,,reported,75,,"[{'contract': 'NSE_FO|44296|18-11-2025', 'status': 'ORDER_CREATED'}]",PE,ORB30,MODELED_LIMIT_MISS,25900.0,ORB30_TRAIL
2025-11-25T10:13:00+05:30,,6498.99,NSE_FO|52911|25-11-2025,2025-11-25,,,,,,72.20,75,older_validation,,,reported,75,,"[{'contract': 'NSE_FO|52911|25-11-2025', 'status': 'ORDER_CREATED'}]",CE,ORB30,MODELED_LIMIT_MISS,26000.0,ORB30_TRAIL
2025-12-02T09:52:00+05:30,3922.06,6498.99,NSE_FO|46798|02-12-2025,2025-12-02,37.45,2025-12-02T09:53:00+05:30,20.65,2025-12-02T10:51:00+05:30,56.93,38.25,75,older_validation,-2576.93,0.5514018691588785046728971963,reported,150,STOP,"[{'contract': 'NSE_FO|46798|02-12-2025', 'status': 'ORDER_CREATED'}]",PE,ORB30,MODELED_EXIT,26050.0,ORB30_TRAIL
2025-12-09T09:52:00+05:30,,3922.06,NSE_FO|41858|09-12-2025,2025-12-09,,,,,,33.05,75,older_validation,,,reported,75,,"[{'contract': 'NSE_FO|41862|09-12-2025', 'status': 'UNAFFORDABLE_OR_PAST_CAPACITY'}, {'contract': 'NSE_FO|41858|09-12-2025', 'status': 'ORDER_CREATED'}]",PE,ORB30,MODELED_LIMIT_MISS,25700.0,ORB30_TRAIL
2025-12-16T10:03:00+05:30,2756.71,3922.06,NSE_FO|48219|16-12-2025,2025-12-16,28.45,2025-12-16T10:04:00+05:30,13.60,2025-12-16T11:31:00+05:30,51.60,29.15,75,older_validation,-1165.35,0.4780316344463971880492091388,reported,75,STOP,"[{'contract': 'NSE_FO|48221|16-12-2025', 'status': 'UNAFFORDABLE_OR_PAST_CAPACITY'}, {'contract': 'NSE_FO|48219|16-12-2025', 'status': 'ORDER_CREATED'}]",PE,ORB30,MODELED_EXIT,25850.0,ORB30_TRAIL
2025-12-30T10:25:00+05:30,1707.72,2756.71,NSE_FO|71399|30-12-2025,2025-12-30,26.20,2025-12-30T10:26:00+05:30,12.90,2025-12-30T10:46:00+05:30,51.49,28.60,75,older_validation,-1048.99,0.4923664122137404580152671756,reported,75,STOP,"[{'contract': 'NSE_FO|65600|30-12-2025', 'status': 'UNAFFORDABLE_OR_PAST_CAPACITY'}, {'contract': 'NSE_FO|71399|30-12-2025', 'status': 'ORDER_CREATED'}]",CE,ORB30,MODELED_EXIT,26000.0,ORB30_TRAIL
2026-01-06T10:00:00+05:30,,1707.72,NSE_FO|40487|06-01-2026,2026-01-06,,,,,,21.45,65,older_validation,,,reported,65,,"[{'contract': 'NSE_FO|40479|06-01-2026', 'status': 'UNAFFORDABLE_OR_PAST_CAPACITY'}, {'contract': 'NSE_FO|40487|06-01-2026', 'status': 'ORDER_CREATED'}]",CE,ORB30,MODELED_LIMIT_MISS,26300.0,ORB30_TRAIL
2026-01-20T09:58:00+05:30,1007.71,1707.72,NSE_FO|47594|20-01-2026,2026-01-20,18.65,2026-01-20T09:59:00+05:30,8.65,2026-01-20T10:23:00+05:30,50.01,21.60,65,older_validation,-700.01,0.4638069705093833780160857909,reported,65,STOP,"[{'contract': 'NSE_FO|47598|20-01-2026', 'status': 'UNAFFORDABLE_OR_PAST_CAPACITY'}, {'contract': 'NSE_FO|47596|20-01-2026', 'status': 'UNAFFORDABLE_OR_PAST_CAPACITY'}, {'contract': 'NSE_FO|47594|20-01-2026', 'status': 'ORDER_CREATED'}]",PE,ORB30,MODELED_EXIT,25350.0,ORB30_TRAIL
2026-01-27T09:49:00+05:30,,1007.71,,2026-01-27,,,,,,,,older_validation,,,reported,,,"[{'contract': 'NSE_FO|58667|27-01-2026', 'status': 'UNAFFORDABLE_OR_PAST_CAPACITY'}, {'contract': 'NSE_FO|58689|27-01-2026', 'status': 'UNAFFORDABLE_OR_PAST_CAPACITY'}, {'contract': 'NSE_FO|58693|27-01-2026', 'status': 'UNAFFORDABLE_OR_PAST_CAPACITY'}, {'contract': 'NSE_FO|58695|27-01-2026', 'status': 'UNAFFORDABLE_OR_PAST_CAPACITY'}]",CE,ORB30,NO_AFFORDABLE_LIQUID_CONTRACT,,ORB30_TRAIL
2026-02-03T09:47:00+05:30,,1007.71,,2026-02-03,,,,,,,,older_validation,,,reported,,,"[{'contract': 'NSE_FO|49834|03-02-2026', 'status': 'UNAFFORDABLE_OR_PAST_CAPACITY'}, {'contract': 'NSE_FO|49824|03-02-2026', 'status': 'UNAFFORDABLE_OR_PAST_CAPACITY'}, {'contract': 'NSE_FO|49821|03-02-2026', 'status': 'UNAFFORDABLE_OR_PAST_CAPACITY'}, {'contract': 'NSE_FO|49819|03-02-2026', 'status': 'UNAFFORDABLE_OR_PAST_CAPACITY'}]",PE,ORB30,NO_AFFORDABLE_LIQUID_CONTRACT,,ORB30_TRAIL
2026-02-10T10:08:00+05:30,623.16,1007.71,NSE_FO|42548|10-02-2026,2026-02-10,12.15,2026-02-10T10:09:00+05:30,7.00,2026-02-10T11:24:00+05:30,49.80,13.95,65,older_validation,-384.55,0.5761316872427983539094650206,reported,65,STOP,"[{'contract': 'NSE_FO|42544|10-02-2026', 'status': 'UNAFFORDABLE_OR_PAST_CAPACITY'}, {'contract': 'NSE_FO|42546|10-02-2026', 'status': 'UNAFFORDABLE_OR_PAST_CAPACITY'}, {'contract': 'NSE_FO|42548|10-02-2026', 'status': 'ORDER_CREATED'}]",CE,ORB30,MODELED_EXIT,26050.0,ORB30_TRAIL
2026-02-17T10:14:00+05:30,576.75,623.16,NSE_FO|48230|17-02-2026,2026-02-17,7.25,2026-02-17T10:15:00+05:30,7.30,2026-02-17T10:42:00+05:30,49.66,7.90,65,older_validation,-46.41,1.006896551724137931034482759,reported,65,STOP,"[{'contract': 'NSE_FO|48224|17-02-2026', 'status': 'UNAFFORDABLE_OR_PAST_CAPACITY'}, {'contract': 'NSE_FO|48226|17-02-2026', 'status': 'UNAFFORDABLE_OR_PAST_CAPACITY'}, {'contract': 'NSE_FO|48228|17-02-2026', 'status': 'UNAFFORDABLE_OR_PAST_CAPACITY'}, {'contract': 'NSE_FO|48230|17-02-2026', 'status': 'ORDER_CREATED'}]",CE,ORB30,MODELED_EXIT,25850.0,ORB30_TRAIL
2026-02-24T10:50:00+05:30,,576.75,,2026-02-24,,,,,,,,older_validation,,,reported,,,"[{'contract': 'NSE_FO|64851|24-02-2026', 'status': 'UNAFFORDABLE_OR_PAST_CAPACITY'}, {'contract': 'NSE_FO|64849|24-02-2026', 'status': 'UNAFFORDABLE_OR_PAST_CAPACITY'}, {'contract': 'NSE_FO|64844|24-02-2026', 'status': 'UNAFFORDABLE_OR_PAST_CAPACITY'}, {'contract': 'NSE_FO|64842|24-02-2026', 'status': 'UNAFFORDABLE_OR_PAST_CAPACITY'}]",PE,ORB30,NO_AFFORDABLE_LIQUID_CONTRACT,,ORB30_TRAIL
2026-03-17T10:03:00+05:30,,576.75,,2026-03-17,,,,,,,,older_validation,,,reported,,,"[{'contract': 'NSE_FO|57745|17-03-2026', 'status': 'UNAFFORDABLE_OR_PAST_CAPACITY'}, {'contract': 'NSE_FO|57749|17-03-2026', 'status': 'UNAFFORDABLE_OR_PAST_CAPACITY'}, {'contract': 'NSE_FO|57753|17-03-2026', 'status': 'UNAFFORDABLE_OR_PAST_CAPACITY'}, {'contract': 'NSE_FO|57757|17-03-2026', 'status': 'UNAFFORDABLE_OR_PAST_CAPACITY'}]",CE,ORB30,NO_AFFORDABLE_LIQUID_CONTRACT,,ORB30_TRAIL
2026-03-24T09:47:00+05:30,,576.75,,2026-03-24,,,,,,,,older_validation,,,reported,,,"[{'contract': 'NSE_FO|62556|24-03-2026', 'status': 'UNAFFORDABLE_OR_PAST_CAPACITY'}, {'contract': 'NSE_FO|62509|24-03-2026', 'status': 'UNAFFORDABLE_OR_PAST_CAPACITY'}, {'contract': 'NSE_FO|62499|24-03-2026', 'status': 'UNAFFORDABLE_OR_PAST_CAPACITY'}, {'contract': 'NSE_FO|62437|24-03-2026', 'status': 'UNAFFORDABLE_OR_PAST_CAPACITY'}]",PE,ORB30,NO_AFFORDABLE_LIQUID_CONTRACT,,ORB30_TRAIL
2026-03-30T11:13:00+05:30,,576.75,,2026-03-30,,,,,,,,older_validation,,,reported,,,"[{'contract': 'NSE_FO|54477|30-03-2026', 'status': 'UNAFFORDABLE_OR_PAST_CAPACITY'}, {'contract': 'NSE_FO|54475|30-03-2026', 'status': 'UNAFFORDABLE_OR_PAST_CAPACITY'}, {'contract': 'NSE_FO|54473|30-03-2026', 'status': 'UNAFFORDABLE_OR_PAST_CAPACITY'}, {'contract': 'NSE_FO|54471|30-03-2026', 'status': 'UNAFFORDABLE_OR_PAST_CAPACITY'}]",PE,ORB30,NO_AFFORDABLE_LIQUID_CONTRACT,,ORB30_TRAIL
2025-10-07T14:45:00+05:30,,9411.18,,2025-10-07,,,,,,,,older_validation,,,reported,,,"[{'contract': 'NSE_FO|38398|07-10-2025', 'status': 'INSUFFICIENT_KNOWN_OI'}, {'contract': 'NSE_FO|38396|07-10-2025', 'status': 'INSUFFICIENT_KNOWN_OI'}, {'contract': 'NSE_FO|38394|07-10-2025', 'status': 'INSUFFICIENT_KNOWN_OI'}, {'contract': 'NSE_FO|38389|07-10-2025', 'status': 'INSUFFICIENT_KNOWN_OI'}]",PE,LATE_BREAK,NO_AFFORDABLE_LIQUID_CONTRACT,,LATE_BREAK_TARGET
2025-10-14T14:35:00+05:30,,9411.18,NSE_FO|42685|14-10-2025,2025-10-14,,,,,,36.45,75,older_validation,,,reported,225,,"[{'contract': 'NSE_FO|42685|14-10-2025', 'status': 'ORDER_CREATED'}]",CE,LATE_BREAK,MODELED_LIMIT_MISS,25150.0,LATE_BREAK_TARGET
2025-10-28T15:02:00+05:30,,9411.18,NSE_FO|58974|28-10-2025,2025-10-28,,,,,,25.35,75,older_validation,,,reported,300,,"[{'contract': 'NSE_FO|58974|28-10-2025', 'status': 'ORDER_CREATED'}]",CE,LATE_BREAK,MODELED_LIMIT_MISS,25900.0,LATE_BREAK_TARGET
2025-11-04T14:37:00+05:30,,9411.18,NSE_FO|47660|04-11-2025,2025-11-04,,,,,,11.15,75,older_validation,,,reported,750,,"[{'contract': 'NSE_FO|47660|04-11-2025', 'status': 'ORDER_CREATED'}]",CE,LATE_BREAK,MODELED_LIMIT_MISS,25650.0,LATE_BREAK_TARGET
2025-11-11T15:23:00+05:30,2436.93,9411.18,NSE_FO|40123|11-11-2025,2025-11-11,0.10,2025-11-11T15:24:00+05:30,0.00,2025-11-11T15:25:00+05:30,1529.25,0.15,75,older_validation,-6974.25,0,reported,54450,STOP,"[{'contract': 'NSE_FO|40123|11-11-2025', 'status': 'ORDER_CREATED'}]",CE,LATE_BREAK,MODELED_EXIT,25700.0,LATE_BREAK_TARGET
2025-11-18T14:34:00+05:30,3605.62,2436.93,NSE_FO|44298|18-11-2025,2025-11-18,16.30,2025-11-18T14:35:00+05:30,32.60,2025-11-18T15:02:00+05:30,53.81,16.40,75,older_validation,1168.69,2,reported,75,TARGET_2X,"[{'contract': 'NSE_FO|44298|18-11-2025', 'status': 'ORDER_CREATED'}]",PE,LATE_BREAK,MODELED_EXIT,25950.0,LATE_BREAK_TARGET
2025-11-25T14:32:00+05:30,,3605.62,NSE_FO|52910|25-11-2025,2025-11-25,,,,,,16.00,75,older_validation,,,reported,150,,"[{'contract': 'NSE_FO|52910|25-11-2025', 'status': 'ORDER_CREATED'}]",PE,LATE_BREAK,MODELED_LIMIT_MISS,25950.0,LATE_BREAK_TARGET
2025-12-02T14:38:00+05:30,2399.00,3605.62,NSE_FO|46796|02-12-2025,2025-12-02,14.55,2025-12-02T14:39:00+05:30,6.85,2025-12-02T14:49:00+05:30,51.62,15.75,75,older_validation,-1206.62,0.4707903780068728522336769759,reported,150,STOP,"[{'contract': 'NSE_FO|46796|02-12-2025', 'status': 'ORDER_CREATED'}]",PE,LATE_BREAK,MODELED_EXIT,26000.0,LATE_BREAK_TARGET
2025-12-09T14:37:00+05:30,1670.26,2399.00,NSE_FO|41876|09-12-2025,2025-12-09,15.90,2025-12-09T14:38:00+05:30,6.85,2025-12-09T14:41:00+05:30,49.99,17.25,75,older_validation,-728.74,0.4308176100628930817610062893,reported,75,STOP,"[{'contract': 'NSE_FO|41876|09-12-2025', 'status': 'ORDER_CREATED'}]",PE,LATE_BREAK,MODELED_EXIT,25800.0,LATE_BREAK_TARGET
2025-12-16T15:21:00+05:30,516.78,1670.26,NSE_FO|48219|16-12-2025,2025-12-16,0.25,2025-12-16T15:22:00+05:30,0.05,2025-12-16T15:23:00+05:30,148.48,0.30,75,older_validation,-1153.48,0.2,reported,5025,STOP,"[{'contract': 'NSE_FO|48219|16-12-2025', 'status': 'ORDER_CREATED'}]",PE,LATE_BREAK,MODELED_EXIT,25850.0,LATE_BREAK_TARGET
2025-12-23T14:43:00+05:30,,516.78,NSE_FO|57019|23-12-2025,2025-12-23,,,,,,3.55,75,older_validation,,,reported,75,,"[{'contract': 'NSE_FO|57021|23-12-2025', 'status': 'UNAFFORDABLE_OR_PAST_CAPACITY'}, {'contract': 'NSE_FO|57019|23-12-2025', 'status': 'ORDER_CREATED'}]",PE,LATE_BREAK,MODELED_LIMIT_MISS,26150.0,LATE_BREAK_TARGET
2026-01-06T14:49:00+05:30,,516.78,NSE_FO|40477|06-01-2026,2026-01-06,,,,,,1.60,65,older_validation,,,reported,260,,"[{'contract': 'NSE_FO|40475|06-01-2026', 'status': 'UNAFFORDABLE_OR_PAST_CAPACITY'}, {'contract': 'NSE_FO|40477|06-01-2026', 'status': 'ORDER_CREATED'}]",CE,LATE_BREAK,MODELED_LIMIT_MISS,26200.0,LATE_BREAK_TARGET
2026-01-13T14:38:00+05:30,869.00,516.78,NSE_FO|46163|13-01-2026,2026-01-13,1.55,2026-01-13T14:39:00+05:30,3.10,2026-01-13T14:42:00+05:30,50.78,1.75,65,older_validation,352.22,2,reported,260,TARGET_2X,"[{'contract': 'NSE_FO|46155|13-01-2026', 'status': 'UNAFFORDABLE_OR_PAST_CAPACITY'}, {'contract': 'NSE_FO|46161|13-01-2026', 'status': 'UNAFFORDABLE_OR_PAST_CAPACITY'}, {'contract': 'NSE_FO|46163|13-01-2026', 'status': 'ORDER_CREATED'}]",CE,LATE_BREAK,MODELED_EXIT,25750.0,LATE_BREAK_TARGET
2026-01-20T14:43:00+05:30,390.36,869.00,NSE_FO|47592|20-01-2026,2026-01-20,5.10,2026-01-20T14:44:00+05:30,1.80,2026-01-20T14:48:00+05:30,49.64,5.25,65,older_validation,-478.64,0.3529411764705882352941176471,reported,130,STOP,"[{'contract': 'NSE_FO|47594|20-01-2026', 'status': 'UNAFFORDABLE_OR_PAST_CAPACITY'}, {'contract': 'NSE_FO|47592|20-01-2026', 'status': 'ORDER_CREATED'}]",PE,LATE_BREAK,MODELED_EXIT,25300.0,LATE_BREAK_TARGET
2026-01-27T14:38:00+05:30,,390.36,NSE_FO|58689|27-01-2026,2026-01-27,,,,,,4.80,65,older_validation,,,reported,65,,"[{'contract': 'NSE_FO|58663|27-01-2026', 'status': 'UNAFFORDABLE_OR_PAST_CAPACITY'}, {'contract': 'NSE_FO|58665|27-01-2026', 'status': 'UNAFFORDABLE_OR_PAST_CAPACITY'}, {'contract': 'NSE_FO|58667|27-01-2026', 'status': 'UNAFFORDABLE_OR_PAST_CAPACITY'}, {'contract': 'NSE_FO|58689|27-01-2026', 'status': 'ORDER_CREATED'}]",CE,LATE_BREAK,MODELED_LIMIT_MISS,25200.0,LATE_BREAK_TARGET
2026-02-03T14:34:00+05:30,578.05,390.36,NSE_FO|49821|03-02-2026,2026-02-03,3.65,2026-02-03T14:35:00+05:30,7.30,2026-02-03T14:43:00+05:30,49.56,5.25,65,older_validation,187.69,2,reported,65,TARGET_2X,"[{'contract': 'NSE_FO|49836|03-02-2026', 'status': 'UNAFFORDABLE_OR_PAST_CAPACITY'}, {'contract': 'NSE_FO|49834|03-02-2026', 'status': 'UNAFFORDABLE_OR_PAST_CAPACITY'}, {'contract': 'NSE_FO|49824|03-02-2026', 'status': 'UNAFFORDABLE_OR_PAST_CAPACITY'}, {'contract': 'NSE_FO|49821|03-02-2026', 'status': 'ORDER_CREATED'}]",PE,LATE_BREAK,MODELED_EXIT,25600.0,LATE_BREAK_TARGET
2026-02-10T14:44:00+05:30,314.07,578.05,NSE_FO|42539|10-02-2026,2026-02-10,1.85,2026-02-10T14:45:00+05:30,0.75,2026-02-10T14:46:00+05:30,49.48,2.55,65,older_validation,-263.98,0.4054054054054054054054054054,reported,195,STOP,"[{'contract': 'NSE_FO|42543|10-02-2026', 'status': 'UNAFFORDABLE_OR_PAST_CAPACITY'}, {'contract': 'NSE_FO|42539|10-02-2026', 'status': 'ORDER_CREATED'}]",PE,LATE_BREAK,MODELED_EXIT,25850.0,LATE_BREAK_TARGET
2026-02-17T14:40:00+05:30,121.63,314.07,NSE_FO|48228|17-02-2026,2026-02-17,2.0,2026-02-17T14:41:00+05:30,0.90,2026-02-17T14:46:00+05:30,49.44,2.05,65,older_validation,-192.44,0.45,reported,130,STOP,"[{'contract': 'NSE_FO|48224|17-02-2026', 'status': 'UNAFFORDABLE_OR_PAST_CAPACITY'}, {'contract': 'NSE_FO|48226|17-02-2026', 'status': 'UNAFFORDABLE_OR_PAST_CAPACITY'}, {'contract': 'NSE_FO|48228|17-02-2026', 'status': 'ORDER_CREATED'}]",CE,LATE_BREAK,MODELED_EXIT,25800.0,LATE_BREAK_TARGET
2026-02-24T14:46:00+05:30,49.59,121.63,NSE_FO|64838|24-02-2026,2026-02-24,0.55,2026-02-24T14:47:00+05:30,0.20,2026-02-24T14:56:00+05:30,49.29,0.70,65,older_validation,-72.04,0.3636363636363636363636363636,reported,65,STOP,"[{'contract': 'NSE_FO|64844|24-02-2026', 'status': 'UNAFFORDABLE_OR_PAST_CAPACITY'}, {'contract': 'NSE_FO|64842|24-02-2026', 'status': 'UNAFFORDABLE_OR_PAST_CAPACITY'}, {'contract': 'NSE_FO|64840|24-02-2026', 'status': 'UNAFFORDABLE_OR_PAST_CAPACITY'}, {'contract': 'NSE_FO|64838|24-02-2026', 'status': 'ORDER_CREATED'}]",PE,LATE_BREAK,MODELED_EXIT,25200.0,LATE_BREAK_TARGET
2026-03-02T14:36:00+05:30,,49.59,,2026-03-02,,,,,,,,older_validation,,,reported,,,"[{'contract': 'NSE_FO|54880|02-03-2026', 'status': 'UNAFFORDABLE_OR_PAST_CAPACITY'}, {'contract': 'NSE_FO|54882|02-03-2026', 'status': 'UNAFFORDABLE_OR_PAST_CAPACITY'}, {'contract': 'NSE_FO|54884|02-03-2026', 'status': 'UNAFFORDABLE_OR_PAST_CAPACITY'}, {'contract': 'NSE_FO|54886|02-03-2026', 'status': 'UNAFFORDABLE_OR_PAST_CAPACITY'}]",CE,LATE_BREAK,NO_AFFORDABLE_LIQUID_CONTRACT,,LATE_BREAK_TARGET
2026-03-10T14:35:00+05:30,,49.59,,2026-03-10,,,,,,,,older_validation,,,reported,,,"[{'contract': 'NSE_FO|45483|10-03-2026', 'status': 'UNAFFORDABLE_OR_PAST_CAPACITY'}, {'contract': 'NSE_FO|45481|10-03-2026', 'status': 'UNAFFORDABLE_OR_PAST_CAPACITY'}, {'contract': 'NSE_FO|45478|10-03-2026', 'status': 'UNAFFORDABLE_OR_PAST_CAPACITY'}, {'contract': 'NSE_FO|45476|10-03-2026', 'status': 'UNAFFORDABLE_OR_PAST_CAPACITY'}]",PE,LATE_BREAK,NO_AFFORDABLE_LIQUID_CONTRACT,,LATE_BREAK_TARGET
2026-03-17T14:56:00+05:30,,49.59,,2026-03-17,,,,,,,,older_validation,,,reported,,,"[{'contract': 'NSE_FO|57757|17-03-2026', 'status': 'UNAFFORDABLE_OR_PAST_CAPACITY'}, {'contract': 'NSE_FO|57764|17-03-2026', 'status': 'UNAFFORDABLE_OR_PAST_CAPACITY'}, {'contract': 'NSE_FO|57769|17-03-2026', 'status': 'UNAFFORDABLE_OR_PAST_CAPACITY'}, {'contract': 'NSE_FO|57774|17-03-2026', 'status': 'UNAFFORDABLE_OR_PAST_CAPACITY'}]",CE,LATE_BREAK,NO_AFFORDABLE_LIQUID_CONTRACT,,LATE_BREAK_TARGET
2026-03-24T14:39:00+05:30,,49.59,,2026-03-24,,,,,,,,older_validation,,,reported,,,"[{'contract': 'NSE_FO|62567|24-03-2026', 'status': 'UNAFFORDABLE_OR_PAST_CAPACITY'}, {'contract': 'NSE_FO|62565|24-03-2026', 'status': 'UNAFFORDABLE_OR_PAST_CAPACITY'}, {'contract': 'NSE_FO|62563|24-03-2026', 'status': 'UNAFFORDABLE_OR_PAST_CAPACITY'}, {'contract': 'NSE_FO|62561|24-03-2026', 'status': 'UNAFFORDABLE_OR_PAST_CAPACITY'}]",PE,LATE_BREAK,NO_AFFORDABLE_LIQUID_CONTRACT,,LATE_BREAK_TARGET
2026-03-30T14:36:00+05:30,,49.59,,2026-03-30,,,,,,,,older_validation,,,reported,,,"[{'contract': 'NSE_FO|54473|30-03-2026', 'status': 'UNAFFORDABLE_OR_PAST_CAPACITY'}, {'contract': 'NSE_FO|54471|30-03-2026', 'status': 'UNAFFORDABLE_OR_PAST_CAPACITY'}, {'contract': 'NSE_FO|54469|30-03-2026', 'status': 'UNAFFORDABLE_OR_PAST_CAPACITY'}, {'contract': 'NSE_FO|54467|30-03-2026', 'status': 'UNAFFORDABLE_OR_PAST_CAPACITY'}]",PE,LATE_BREAK,NO_AFFORDABLE_LIQUID_CONTRACT,,LATE_BREAK_TARGET
2025-10-07T14:45:00+05:30,,9411.18,,2025-10-07,,,,,,,,older_validation,,,reported,,,"[{'contract': 'NSE_FO|38398|07-10-2025', 'status': 'INSUFFICIENT_KNOWN_OI'}, {'contract': 'NSE_FO|38396|07-10-2025', 'status': 'INSUFFICIENT_KNOWN_OI'}, {'contract': 'NSE_FO|38394|07-10-2025', 'status': 'INSUFFICIENT_KNOWN_OI'}, {'contract': 'NSE_FO|38389|07-10-2025', 'status': 'INSUFFICIENT_KNOWN_OI'}]",PE,LATE_BREAK,NO_AFFORDABLE_LIQUID_CONTRACT,,LATE_BREAK_TRAIL
2025-10-14T14:35:00+05:30,,9411.18,NSE_FO|42685|14-10-2025,2025-10-14,,,,,,36.45,75,older_validation,,,reported,225,,"[{'contract': 'NSE_FO|42685|14-10-2025', 'status': 'ORDER_CREATED'}]",CE,LATE_BREAK,MODELED_LIMIT_MISS,25150.0,LATE_BREAK_TRAIL
2025-10-28T15:02:00+05:30,,9411.18,NSE_FO|58974|28-10-2025,2025-10-28,,,,,,25.35,75,older_validation,,,reported,300,,"[{'contract': 'NSE_FO|58974|28-10-2025', 'status': 'ORDER_CREATED'}]",CE,LATE_BREAK,MODELED_LIMIT_MISS,25900.0,LATE_BREAK_TRAIL
2025-11-04T14:37:00+05:30,,9411.18,NSE_FO|47660|04-11-2025,2025-11-04,,,,,,11.15,75,older_validation,,,reported,750,,"[{'contract': 'NSE_FO|47660|04-11-2025', 'status': 'ORDER_CREATED'}]",CE,LATE_BREAK,MODELED_LIMIT_MISS,25650.0,LATE_BREAK_TRAIL
2025-11-11T15:23:00+05:30,2436.93,9411.18,NSE_FO|40123|11-11-2025,2025-11-11,0.10,2025-11-11T15:24:00+05:30,0.00,2025-11-11T15:25:00+05:30,1529.25,0.15,75,older_validation,-6974.25,0,reported,54450,STOP,"[{'contract': 'NSE_FO|40123|11-11-2025', 'status': 'ORDER_CREATED'}]",CE,LATE_BREAK,MODELED_EXIT,25700.0,LATE_BREAK_TRAIL
2025-11-18T14:34:00+05:30,4005.70,2436.93,NSE_FO|44298|18-11-2025,2025-11-18,16.30,2025-11-18T14:35:00+05:30,37.95,2025-11-18T15:25:00+05:30,54.98,16.40,75,older_validation,1568.77,2.328220858895705521472392638,reported,75,TIMED_CLOSE,"[{'contract': 'NSE_FO|44298|18-11-2025', 'status': 'ORDER_CREATED'}]",PE,LATE_BREAK,MODELED_EXIT,25950.0,LATE_BREAK_TRAIL
2025-11-25T14:32:00+05:30,,4005.70,NSE_FO|52910|25-11-2025,2025-11-25,,,,,,16.00,75,older_validation,,,reported,225,,"[{'contract': 'NSE_FO|52910|25-11-2025', 'status': 'ORDER_CREATED'}]",PE,LATE_BREAK,MODELED_LIMIT_MISS,25950.0,LATE_BREAK_TRAIL
2025-12-02T14:38:00+05:30,2219.91,4005.70,NSE_FO|46796|02-12-2025,2025-12-02,14.55,2025-12-02T14:39:00+05:30,6.85,2025-12-02T14:49:00+05:30,53.29,15.75,75,older_validation,-1785.79,0.4707903780068728522336769759,reported,225,STOP,"[{'contract': 'NSE_FO|46796|02-12-2025', 'status': 'ORDER_CREATED'}]",PE,LATE_BREAK,MODELED_EXIT,26000.0,LATE_BREAK_TRAIL
2025-12-09T14:37:00+05:30,1491.17,2219.91,NSE_FO|41876|09-12-2025,2025-12-09,15.90,2025-12-09T14:38:00+05:30,6.85,2025-12-09T14:41:00+05:30,49.99,17.25,75,older_validation,-728.74,0.4308176100628930817610062893,reported,75,STOP,"[{'contract': 'NSE_FO|41876|09-12-2025', 'status': 'ORDER_CREATED'}]",PE,LATE_BREAK,MODELED_EXIT,25800.0,LATE_BREAK_TRAIL
2025-12-16T15:21:00+05:30,457.77,1491.17,NSE_FO|48219|16-12-2025,2025-12-16,0.25,2025-12-16T15:22:00+05:30,0.05,2025-12-16T15:23:00+05:30,148.40,0.30,75,older_validation,-1033.40,0.2,reported,4425,STOP,"[{'contract': 'NSE_FO|48219|16-12-2025', 'status': 'ORDER_CREATED'}]",PE,LATE_BREAK,MODELED_EXIT,25850.0,LATE_BREAK_TRAIL
2025-12-23T14:43:00+05:30,,457.77,NSE_FO|57019|23-12-2025,2025-12-23,,,,,,3.55,75,older_validation,,,reported,75,,"[{'contract': 'NSE_FO|57021|23-12-2025', 'status': 'UNAFFORDABLE_OR_PAST_CAPACITY'}, {'contract': 'NSE_FO|57019|23-12-2025', 'status': 'ORDER_CREATED'}]",PE,LATE_BREAK,MODELED_LIMIT_MISS,26150.0,LATE_BREAK_TRAIL
2026-01-06T14:49:00+05:30,,457.77,NSE_FO|40477|06-01-2026,2026-01-06,,,,,,1.60,65,older_validation,,,reported,195,,"[{'contract': 'NSE_FO|40475|06-01-2026', 'status': 'UNAFFORDABLE_OR_PAST_CAPACITY'}, {'contract': 'NSE_FO|40477|06-01-2026', 'status': 'ORDER_CREATED'}]",CE,LATE_BREAK,MODELED_LIMIT_MISS,26200.0,LATE_BREAK_TRAIL
2026-01-13T14:38:00+05:30,398.50,457.77,NSE_FO|46163|13-01-2026,2026-01-13,1.55,2026-01-13T14:39:00+05:30,1.50,2026-01-13T14:52:00+05:30,49.52,1.75,65,older_validation,-59.27,0.9677419354838709677419354839,reported,195,STOP,"[{'contract': 'NSE_FO|46155|13-01-2026', 'status': 'UNAFFORDABLE_OR_PAST_CAPACITY'}, {'contract': 'NSE_FO|46161|13-01-2026', 'status': 'UNAFFORDABLE_OR_PAST_CAPACITY'}, {'contract': 'NSE_FO|46163|13-01-2026', 'status': 'ORDER_CREATED'}]",CE,LATE_BREAK,MODELED_EXIT,25750.0,LATE_BREAK_TRAIL
2026-01-20T14:43:00+05:30,134.54,398.50,NSE_FO|47592|20-01-2026,2026-01-20,5.10,2026-01-20T14:44:00+05:30,1.80,2026-01-20T14:48:00+05:30,49.46,5.25,65,older_validation,-263.96,0.3529411764705882352941176471,reported,65,STOP,"[{'contract': 'NSE_FO|47594|20-01-2026', 'status': 'UNAFFORDABLE_OR_PAST_CAPACITY'}, {'contract': 'NSE_FO|47592|20-01-2026', 'status': 'ORDER_CREATED'}]",PE,LATE_BREAK,MODELED_EXIT,25300.0,LATE_BREAK_TRAIL
2026-01-27T14:38:00+05:30,,134.54,,2026-01-27,,,,,,,,older_validation,,,reported,,,"[{'contract': 'NSE_FO|58663|27-01-2026', 'status': 'UNAFFORDABLE_OR_PAST_CAPACITY'}, {'contract': 'NSE_FO|58665|27-01-2026', 'status': 'UNAFFORDABLE_OR_PAST_CAPACITY'}, {'contract': 'NSE_FO|58667|27-01-2026', 'status': 'UNAFFORDABLE_OR_PAST_CAPACITY'}, {'contract': 'NSE_FO|58689|27-01-2026', 'status': 'UNAFFORDABLE_OR_PAST_CAPACITY'}]",CE,LATE_BREAK,NO_AFFORDABLE_LIQUID_CONTRACT,,LATE_BREAK_TRAIL
2026-02-03T14:34:00+05:30,,134.54,,2026-02-03,,,,,,,,older_validation,,,reported,,,"[{'contract': 'NSE_FO|49836|03-02-2026', 'status': 'UNAFFORDABLE_OR_PAST_CAPACITY'}, {'contract': 'NSE_FO|49834|03-02-2026', 'status': 'UNAFFORDABLE_OR_PAST_CAPACITY'}, {'contract': 'NSE_FO|49824|03-02-2026', 'status': 'UNAFFORDABLE_OR_PAST_CAPACITY'}, {'contract': 'NSE_FO|49821|03-02-2026', 'status': 'UNAFFORDABLE_OR_PAST_CAPACITY'}]",PE,LATE_BREAK,NO_AFFORDABLE_LIQUID_CONTRACT,,LATE_BREAK_TRAIL
2026-02-10T14:44:00+05:30,49.49,134.54,NSE_FO|42537|10-02-2026,2026-02-10,0.95,2026-02-10T14:45:00+05:30,0.40,2026-02-10T14:50:00+05:30,49.30,1.30,65,older_validation,-85.05,0.4210526315789473684210526316,reported,65,STOP,"[{'contract': 'NSE_FO|42543|10-02-2026', 'status': 'UNAFFORDABLE_OR_PAST_CAPACITY'}, {'contract': 'NSE_FO|42539|10-02-2026', 'status': 'UNAFFORDABLE_OR_PAST_CAPACITY'}, {'contract': 'NSE_FO|42537|10-02-2026', 'status': 'ORDER_CREATED'}]",PE,LATE_BREAK,MODELED_EXIT,25800.0,LATE_BREAK_TRAIL
2026-02-17T14:40:00+05:30,,49.49,,2026-02-17,,,,,,,,older_validation,,,reported,,,"[{'contract': 'NSE_FO|48224|17-02-2026', 'status': 'UNAFFORDABLE_OR_PAST_CAPACITY'}, {'contract': 'NSE_FO|48226|17-02-2026', 'status': 'UNAFFORDABLE_OR_PAST_CAPACITY'}, {'contract': 'NSE_FO|48228|17-02-2026', 'status': 'UNAFFORDABLE_OR_PAST_CAPACITY'}, {'contract': 'NSE_FO|48230|17-02-2026', 'status': 'UNAFFORDABLE_OR_PAST_CAPACITY'}]",CE,LATE_BREAK,NO_AFFORDABLE_LIQUID_CONTRACT,,LATE_BREAK_TRAIL
2026-02-24T14:46:00+05:30,,49.49,,2026-02-24,,,,,,,,older_validation,,,reported,,,"[{'contract': 'NSE_FO|64844|24-02-2026', 'status': 'UNAFFORDABLE_OR_PAST_CAPACITY'}, {'contract': 'NSE_FO|64842|24-02-2026', 'status': 'UNAFFORDABLE_OR_PAST_CAPACITY'}, {'contract': 'NSE_FO|64840|24-02-2026', 'status': 'UNAFFORDABLE_OR_PAST_CAPACITY'}, {'contract': 'NSE_FO|64838|24-02-2026', 'status': 'UNAFFORDABLE_OR_PAST_CAPACITY'}]",PE,LATE_BREAK,NO_AFFORDABLE_LIQUID_CONTRACT,,LATE_BREAK_TRAIL
2026-03-02T14:36:00+05:30,,49.49,,2026-03-02,,,,,,,,older_validation,,,reported,,,"[{'contract': 'NSE_FO|54880|02-03-2026', 'status': 'UNAFFORDABLE_OR_PAST_CAPACITY'}, {'contract': 'NSE_FO|54882|02-03-2026', 'status': 'UNAFFORDABLE_OR_PAST_CAPACITY'}, {'contract': 'NSE_FO|54884|02-03-2026', 'status': 'UNAFFORDABLE_OR_PAST_CAPACITY'}, {'contract': 'NSE_FO|54886|02-03-2026', 'status': 'UNAFFORDABLE_OR_PAST_CAPACITY'}]",CE,LATE_BREAK,NO_AFFORDABLE_LIQUID_CONTRACT,,LATE_BREAK_TRAIL
2026-03-10T14:35:00+05:30,,49.49,,2026-03-10,,,,,,,,older_validation,,,reported,,,"[{'contract': 'NSE_FO|45483|10-03-2026', 'status': 'UNAFFORDABLE_OR_PAST_CAPACITY'}, {'contract': 'NSE_FO|45481|10-03-2026', 'status': 'UNAFFORDABLE_OR_PAST_CAPACITY'}, {'contract': 'NSE_FO|45478|10-03-2026', 'status': 'UNAFFORDABLE_OR_PAST_CAPACITY'}, {'contract': 'NSE_FO|45476|10-03-2026', 'status': 'UNAFFORDABLE_OR_PAST_CAPACITY'}]",PE,LATE_BREAK,NO_AFFORDABLE_LIQUID_CONTRACT,,LATE_BREAK_TRAIL
2026-03-17T14:56:00+05:30,,49.49,,2026-03-17,,,,,,,,older_validation,,,reported,,,"[{'contract': 'NSE_FO|57757|17-03-2026', 'status': 'UNAFFORDABLE_OR_PAST_CAPACITY'}, {'contract': 'NSE_FO|57764|17-03-2026', 'status': 'UNAFFORDABLE_OR_PAST_CAPACITY'}, {'contract': 'NSE_FO|57769|17-03-2026', 'status': 'UNAFFORDABLE_OR_PAST_CAPACITY'}, {'contract': 'NSE_FO|57774|17-03-2026', 'status': 'UNAFFORDABLE_OR_PAST_CAPACITY'}]",CE,LATE_BREAK,NO_AFFORDABLE_LIQUID_CONTRACT,,LATE_BREAK_TRAIL
2026-03-24T14:39:00+05:30,,49.49,,2026-03-24,,,,,,,,older_validation,,,reported,,,"[{'contract': 'NSE_FO|62567|24-03-2026', 'status': 'UNAFFORDABLE_OR_PAST_CAPACITY'}, {'contract': 'NSE_FO|62565|24-03-2026', 'status': 'UNAFFORDABLE_OR_PAST_CAPACITY'}, {'contract': 'NSE_FO|62563|24-03-2026', 'status': 'UNAFFORDABLE_OR_PAST_CAPACITY'}, {'contract': 'NSE_FO|62561|24-03-2026', 'status': 'UNAFFORDABLE_OR_PAST_CAPACITY'}]",PE,LATE_BREAK,NO_AFFORDABLE_LIQUID_CONTRACT,,LATE_BREAK_TRAIL
2026-03-30T14:36:00+05:30,,49.49,,2026-03-30,,,,,,,,older_validation,,,reported,,,"[{'contract': 'NSE_FO|54473|30-03-2026', 'status': 'UNAFFORDABLE_OR_PAST_CAPACITY'}, {'contract': 'NSE_FO|54471|30-03-2026', 'status': 'UNAFFORDABLE_OR_PAST_CAPACITY'}, {'contract': 'NSE_FO|54469|30-03-2026', 'status': 'UNAFFORDABLE_OR_PAST_CAPACITY'}, {'contract': 'NSE_FO|54467|30-03-2026', 'status': 'UNAFFORDABLE_OR_PAST_CAPACITY'}]",PE,LATE_BREAK,NO_AFFORDABLE_LIQUID_CONTRACT,,LATE_BREAK_TRAIL
2025-10-07T14:50:00+05:30,,9411.18,,2025-10-07,,,,,,,,older_validation,,,reported,,,"[{'contract': 'NSE_FO|38397|07-10-2025', 'status': 'INSUFFICIENT_KNOWN_OI'}, {'contract': 'NSE_FO|38399|07-10-2025', 'status': 'INSUFFICIENT_KNOWN_OI'}, {'contract': 'NSE_FO|38401|07-10-2025', 'status': 'INSUFFICIENT_KNOWN_OI'}, {'contract': 'NSE_FO|38403|07-10-2025', 'status': 'INSUFFICIENT_KNOWN_OI'}]",CE,LATE_FADE,NO_AFFORDABLE_LIQUID_CONTRACT,,LATE_FADE_TARGET
2025-10-14T14:49:00+05:30,4697.50,9411.18,NSE_FO|42686|14-10-2025,2025-10-14,10.35,2025-10-14T14:50:00+05:30,3.45,2025-10-14T14:53:00+05:30,56.18,12.00,75,older_validation,-4713.68,0.3333333333333333333333333333,reported,675,STOP,"[{'contract': 'NSE_FO|42686|14-10-2025', 'status': 'ORDER_CREATED'}]",PE,LATE_FADE,MODELED_EXIT,25150.0,LATE_FADE_TARGET
2025-10-20T14:49:00+05:30,2450.01,4697.50,NSE_FO|45284|20-10-2025,2025-10-20,4.15,2025-10-20T14:50:00+05:30,1.90,2025-10-20T14:51:00+05:30,53.74,4.40,75,older_validation,-2247.49,0.4578313253012048192771084337,reported,975,STOP,"[{'contract': 'NSE_FO|45284|20-10-2025', 'status': 'ORDER_CREATED'}]",CE,LATE_FADE,MODELED_EXIT,25850.0,LATE_FADE_TARGET
2025-11-04T14:42:00+05:30,,2450.01,NSE_FO|47659|04-11-2025,2025-11-04,,,,,,11.00,75,older_validation,,,reported,150,,"[{'contract': 'NSE_FO|47659|04-11-2025', 'status': 'ORDER_CREATED'}]",PE,LATE_FADE,MODELED_LIMIT_MISS,25600.0,LATE_FADE_TARGET
2025-11-11T14:37:00+05:30,,2450.01,NSE_FO|40122|11-11-2025,2025-11-11,,,,,,9.10,75,older_validation,,,reported,225,,"[{'contract': 'NSE_FO|40124|11-11-2025', 'status': 'UNAFFORDABLE_OR_PAST_CAPACITY'}, {'contract': 'NSE_FO|40122|11-11-2025', 'status': 'ORDER_CREATED'}]",PE,LATE_FADE,MODELED_LIMIT_MISS,25650.0,LATE_FADE_TARGET
2025-11-18T14:40:00+05:30,1371.21,2450.01,NSE_FO|44297|18-11-2025,2025-11-18,23.15,2025-11-18T14:41:00+05:30,9.45,2025-11-18T14:50:00+05:30,51.30,24.05,75,older_validation,-1078.80,0.4082073434125269978401727862,reported,75,STOP,"[{'contract': 'NSE_FO|44297|18-11-2025', 'status': 'ORDER_CREATED'}]",CE,LATE_FADE,MODELED_EXIT,25950.0,LATE_FADE_TARGET
2025-12-02T15:13:00+05:30,,1371.21,NSE_FO|46797|02-12-2025,2025-12-02,,,,,,0.35,75,older_validation,,,reported,3525,,"[{'contract': 'NSE_FO|46797|02-12-2025', 'status': 'ORDER_CREATED'}]",CE,LATE_FADE,MODELED_LIMIT_MISS,26050.0,LATE_FADE_TARGET
2025-12-09T14:41:00+05:30,,1371.21,NSE_FO|41877|09-12-2025,2025-12-09,,,,,,11.45,75,older_validation,,,reported,75,,"[{'contract': 'NSE_FO|41877|09-12-2025', 'status': 'ORDER_CREATED'}]",CE,LATE_FADE,MODELED_LIMIT_MISS,25850.0,LATE_FADE_TARGET
2025-12-16T14:59:00+05:30,743.80,1371.21,NSE_FO|48219|16-12-2025,2025-12-16,1.0,2025-12-16T15:00:00+05:30,0.45,2025-12-16T15:01:00+05:30,49.91,1.20,75,older_validation,-627.41,0.45,reported,1050,STOP,"[{'contract': 'NSE_FO|48221|16-12-2025', 'status': 'UNAFFORDABLE_OR_PAST_CAPACITY'}, {'contract': 'NSE_FO|48219|16-12-2025', 'status': 'ORDER_CREATED'}]",PE,LATE_FADE,MODELED_EXIT,25850.0,LATE_FADE_TARGET
2026-01-13T14:34:00+05:30,,743.80,NSE_FO|46154|13-01-2026,2026-01-13,,,,,,4.30,65,older_validation,,,reported,130,,"[{'contract': 'NSE_FO|46160|13-01-2026', 'status': 'UNAFFORDABLE_OR_PAST_CAPACITY'}, {'contract': 'NSE_FO|46154|13-01-2026', 'status': 'ORDER_CREATED'}]",PE,LATE_FADE,MODELED_LIMIT_MISS,25600.0,LATE_FADE_TARGET
2026-02-03T14:37:00+05:30,,743.80,NSE_FO|49841|03-02-2026,2026-02-03,,,,,,9.80,65,older_validation,,,reported,65,,"[{'contract': 'NSE_FO|49835|03-02-2026', 'status': 'UNAFFORDABLE_OR_PAST_CAPACITY'}, {'contract': 'NSE_FO|49838|03-02-2026', 'status': 'UNAFFORDABLE_OR_PAST_CAPACITY'}, {'contract': 'NSE_FO|49841|03-02-2026', 'status': 'ORDER_CREATED'}]",CE,LATE_FADE,MODELED_LIMIT_MISS,25850.0,LATE_FADE_TARGET
2026-02-10T14:47:00+05:30,,743.80,NSE_FO|42544|10-02-2026,2026-02-10,,,,,,5.35,65,older_validation,,,reported,65,,"[{'contract': 'NSE_FO|42544|10-02-2026', 'status': 'ORDER_CREATED'}]",CE,LATE_FADE,MODELED_LIMIT_MISS,25950.0,LATE_FADE_TARGET
2026-02-17T14:58:00+05:30,450.56,743.80,NSE_FO|48223|17-02-2026,2026-02-17,1.20,2026-02-17T14:59:00+05:30,0.45,2026-02-17T15:01:00+05:30,49.49,1.80,65,older_validation,-293.24,0.375,reported,325,STOP,"[{'contract': 'NSE_FO|48225|17-02-2026', 'status': 'UNAFFORDABLE_OR_PAST_CAPACITY'}, {'contract': 'NSE_FO|48223|17-02-2026', 'status': 'ORDER_CREATED'}]",PE,LATE_FADE,MODELED_EXIT,25650.0,LATE_FADE_TARGET
2026-02-24T14:51:00+05:30,,450.56,NSE_FO|64850|24-02-2026,2026-02-24,,,,,,5.55,65,older_validation,,,reported,65,,"[{'contract': 'NSE_FO|64845|24-02-2026', 'status': 'UNAFFORDABLE_OR_PAST_CAPACITY'}, {'contract': 'NSE_FO|64850|24-02-2026', 'status': 'ORDER_CREATED'}]",CE,LATE_FADE,MODELED_LIMIT_MISS,25450.0,LATE_FADE_TARGET
2026-03-10T14:37:00+05:30,,450.56,NSE_FO|45490|10-03-2026,2026-03-10,,,,,,4.75,65,older_validation,,,reported,65,,"[{'contract': 'NSE_FO|45484|10-03-2026', 'status': 'UNAFFORDABLE_OR_PAST_CAPACITY'}, {'contract': 'NSE_FO|45488|10-03-2026', 'status': 'UNAFFORDABLE_OR_PAST_CAPACITY'}, {'contract': 'NSE_FO|45490|10-03-2026', 'status': 'ORDER_CREATED'}]",CE,LATE_FADE,MODELED_LIMIT_MISS,24350.0,LATE_FADE_TARGET
2026-03-17T15:04:00+05:30,196.37,450.56,NSE_FO|57752|17-03-2026,2026-03-17,1.5,2026-03-17T15:05:00+05:30,0.45,2026-03-17T15:06:00+05:30,49.44,1.65,65,older_validation,-254.19,0.3,reported,195,STOP,"[{'contract': 'NSE_FO|57756|17-03-2026', 'status': 'UNAFFORDABLE_OR_PAST_CAPACITY'}, {'contract': 'NSE_FO|57752|17-03-2026', 'status': 'ORDER_CREATED'}]",PE,LATE_FADE,MODELED_EXIT,23550.0,LATE_FADE_TARGET
2026-03-24T15:24:00+05:30,44.09,196.37,NSE_FO|62568|24-03-2026,2026-03-24,0.10,2026-03-24T15:25:00+05:30,0.00,2026-03-24T15:26:00+05:30,48.28,0.15,65,older_validation,-152.28,0,reported,1040,STOP,"[{'contract': 'NSE_FO|62566|24-03-2026', 'status': 'UNAFFORDABLE_OR_PAST_CAPACITY'}, {'contract': 'NSE_FO|62568|24-03-2026', 'status': 'ORDER_CREATED'}]",CE,LATE_FADE,MODELED_EXIT,22950.0,LATE_FADE_TARGET
2025-10-07T14:50:00+05:30,,9411.18,,2025-10-07,,,,,,,,older_validation,,,reported,,,"[{'contract': 'NSE_FO|38397|07-10-2025', 'status': 'INSUFFICIENT_KNOWN_OI'}, {'contract': 'NSE_FO|38399|07-10-2025', 'status': 'INSUFFICIENT_KNOWN_OI'}, {'contract': 'NSE_FO|38401|07-10-2025', 'status': 'INSUFFICIENT_KNOWN_OI'}, {'contract': 'NSE_FO|38403|07-10-2025', 'status': 'INSUFFICIENT_KNOWN_OI'}]",CE,LATE_FADE,NO_AFFORDABLE_LIQUID_CONTRACT,,LATE_FADE_TRAIL
2025-10-14T14:49:00+05:30,4697.50,9411.18,NSE_FO|42686|14-10-2025,2025-10-14,10.35,2025-10-14T14:50:00+05:30,3.45,2025-10-14T14:53:00+05:30,56.18,12.00,75,older_validation,-4713.68,0.3333333333333333333333333333,reported,675,STOP,"[{'contract': 'NSE_FO|42686|14-10-2025', 'status': 'ORDER_CREATED'}]",PE,LATE_FADE,MODELED_EXIT,25150.0,LATE_FADE_TRAIL
2025-10-20T14:49:00+05:30,2450.01,4697.50,NSE_FO|45284|20-10-2025,2025-10-20,4.15,2025-10-20T14:50:00+05:30,1.90,2025-10-20T14:51:00+05:30,53.74,4.40,75,older_validation,-2247.49,0.4578313253012048192771084337,reported,975,STOP,"[{'contract': 'NSE_FO|45284|20-10-2025', 'status': 'ORDER_CREATED'}]",CE,LATE_FADE,MODELED_EXIT,25850.0,LATE_FADE_TRAIL
2025-11-04T14:42:00+05:30,,2450.01,NSE_FO|47659|04-11-2025,2025-11-04,,,,,,11.00,75,older_validation,,,reported,150,,"[{'contract': 'NSE_FO|47659|04-11-2025', 'status': 'ORDER_CREATED'}]",PE,LATE_FADE,MODELED_LIMIT_MISS,25600.0,LATE_FADE_TRAIL
2025-11-11T14:37:00+05:30,,2450.01,NSE_FO|40122|11-11-2025,2025-11-11,,,,,,9.10,75,older_validation,,,reported,225,,"[{'contract': 'NSE_FO|40124|11-11-2025', 'status': 'UNAFFORDABLE_OR_PAST_CAPACITY'}, {'contract': 'NSE_FO|40122|11-11-2025', 'status': 'ORDER_CREATED'}]",PE,LATE_FADE,MODELED_LIMIT_MISS,25650.0,LATE_FADE_TRAIL
2025-11-18T14:40:00+05:30,1371.21,2450.01,NSE_FO|44297|18-11-2025,2025-11-18,23.15,2025-11-18T14:41:00+05:30,9.45,2025-11-18T14:50:00+05:30,51.30,24.05,75,older_validation,-1078.80,0.4082073434125269978401727862,reported,75,STOP,"[{'contract': 'NSE_FO|44297|18-11-2025', 'status': 'ORDER_CREATED'}]",CE,LATE_FADE,MODELED_EXIT,25950.0,LATE_FADE_TRAIL
2025-12-02T15:13:00+05:30,,1371.21,NSE_FO|46797|02-12-2025,2025-12-02,,,,,,0.35,75,older_validation,,,reported,3525,,"[{'contract': 'NSE_FO|46797|02-12-2025', 'status': 'ORDER_CREATED'}]",CE,LATE_FADE,MODELED_LIMIT_MISS,26050.0,LATE_FADE_TRAIL
2025-12-09T14:41:00+05:30,,1371.21,NSE_FO|41877|09-12-2025,2025-12-09,,,,,,11.45,75,older_validation,,,reported,75,,"[{'contract': 'NSE_FO|41877|09-12-2025', 'status': 'ORDER_CREATED'}]",CE,LATE_FADE,MODELED_LIMIT_MISS,25850.0,LATE_FADE_TRAIL
2025-12-16T14:59:00+05:30,743.80,1371.21,NSE_FO|48219|16-12-2025,2025-12-16,1.0,2025-12-16T15:00:00+05:30,0.45,2025-12-16T15:01:00+05:30,49.91,1.20,75,older_validation,-627.41,0.45,reported,1050,STOP,"[{'contract': 'NSE_FO|48221|16-12-2025', 'status': 'UNAFFORDABLE_OR_PAST_CAPACITY'}, {'contract': 'NSE_FO|48219|16-12-2025', 'status': 'ORDER_CREATED'}]",PE,LATE_FADE,MODELED_EXIT,25850.0,LATE_FADE_TRAIL
2026-01-13T14:34:00+05:30,,743.80,NSE_FO|46154|13-01-2026,2026-01-13,,,,,,4.30,65,older_validation,,,reported,130,,"[{'contract': 'NSE_FO|46160|13-01-2026', 'status': 'UNAFFORDABLE_OR_PAST_CAPACITY'}, {'contract': 'NSE_FO|46154|13-01-2026', 'status': 'ORDER_CREATED'}]",PE,LATE_FADE,MODELED_LIMIT_MISS,25600.0,LATE_FADE_TRAIL
2026-02-03T14:37:00+05:30,,743.80,NSE_FO|49841|03-02-2026,2026-02-03,,,,,,9.80,65,older_validation,,,reported,65,,"[{'contract': 'NSE_FO|49835|03-02-2026', 'status': 'UNAFFORDABLE_OR_PAST_CAPACITY'}, {'contract': 'NSE_FO|49838|03-02-2026', 'status': 'UNAFFORDABLE_OR_PAST_CAPACITY'}, {'contract': 'NSE_FO|49841|03-02-2026', 'status': 'ORDER_CREATED'}]",CE,LATE_FADE,MODELED_LIMIT_MISS,25850.0,LATE_FADE_TRAIL
2026-02-10T14:47:00+05:30,,743.80,NSE_FO|42544|10-02-2026,2026-02-10,,,,,,5.35,65,older_validation,,,reported,65,,"[{'contract': 'NSE_FO|42544|10-02-2026', 'status': 'ORDER_CREATED'}]",CE,LATE_FADE,MODELED_LIMIT_MISS,25950.0,LATE_FADE_TRAIL
2026-02-17T14:58:00+05:30,450.56,743.80,NSE_FO|48223|17-02-2026,2026-02-17,1.20,2026-02-17T14:59:00+05:30,0.45,2026-02-17T15:01:00+05:30,49.49,1.80,65,older_validation,-293.24,0.375,reported,325,STOP,"[{'contract': 'NSE_FO|48225|17-02-2026', 'status': 'UNAFFORDABLE_OR_PAST_CAPACITY'}, {'contract': 'NSE_FO|48223|17-02-2026', 'status': 'ORDER_CREATED'}]",PE,LATE_FADE,MODELED_EXIT,25650.0,LATE_FADE_TRAIL
2026-02-24T14:51:00+05:30,,450.56,NSE_FO|64850|24-02-2026,2026-02-24,,,,,,5.55,65,older_validation,,,reported,65,,"[{'contract': 'NSE_FO|64845|24-02-2026', 'status': 'UNAFFORDABLE_OR_PAST_CAPACITY'}, {'contract': 'NSE_FO|64850|24-02-2026', 'status': 'ORDER_CREATED'}]",CE,LATE_FADE,MODELED_LIMIT_MISS,25450.0,LATE_FADE_TRAIL
2026-03-10T14:37:00+05:30,,450.56,NSE_FO|45490|10-03-2026,2026-03-10,,,,,,4.75,65,older_validation,,,reported,65,,"[{'contract': 'NSE_FO|45484|10-03-2026', 'status': 'UNAFFORDABLE_OR_PAST_CAPACITY'}, {'contract': 'NSE_FO|45488|10-03-2026', 'status': 'UNAFFORDABLE_OR_PAST_CAPACITY'}, {'contract': 'NSE_FO|45490|10-03-2026', 'status': 'ORDER_CREATED'}]",CE,LATE_FADE,MODELED_LIMIT_MISS,24350.0,LATE_FADE_TRAIL
2026-03-17T15:04:00+05:30,196.37,450.56,NSE_FO|57752|17-03-2026,2026-03-17,1.5,2026-03-17T15:05:00+05:30,0.45,2026-03-17T15:06:00+05:30,49.44,1.65,65,older_validation,-254.19,0.3,reported,195,STOP,"[{'contract': 'NSE_FO|57756|17-03-2026', 'status': 'UNAFFORDABLE_OR_PAST_CAPACITY'}, {'contract': 'NSE_FO|57752|17-03-2026', 'status': 'ORDER_CREATED'}]",PE,LATE_FADE,MODELED_EXIT,23550.0,LATE_FADE_TRAIL
2026-03-24T15:24:00+05:30,44.09,196.37,NSE_FO|62568|24-03-2026,2026-03-24,0.10,2026-03-24T15:25:00+05:30,0.00,2026-03-24T15:26:00+05:30,48.28,0.15,65,older_validation,-152.28,0,reported,1040,STOP,"[{'contract': 'NSE_FO|62566|24-03-2026', 'status': 'UNAFFORDABLE_OR_PAST_CAPACITY'}, {'contract': 'NSE_FO|62568|24-03-2026', 'status': 'ORDER_CREATED'}]",CE,LATE_FADE,MODELED_EXIT,22950.0,LATE_FADE_TRAIL
2025-12-23T14:45:00+05:30,5143.23,9411.18,NSE_FO|57019|23-12-2025,2025-12-23,6.5,2025-12-23T14:46:00+05:30,3.20,2025-12-23T14:47:00+05:30,60.45,6.70,75,older_validation,-4267.95,0.4923076923076923076923076923,reported,1275,STOP,"[{'contract': 'NSE_FO|57019|23-12-2025', 'status': 'ORDER_CREATED'}]",PE,TREND1445,MODELED_EXIT,26150.0,TREND1445_TARGET
2026-01-20T14:45:00+05:30,9521.38,5143.23,NSE_FO|47594|20-01-2026,2026-01-20,17.10,2026-01-20T14:46:00+05:30,34.20,2026-01-20T15:00:00+05:30,67.85,17.35,65,older_validation,4378.15,2,reported,260,TARGET_2X,"[{'contract': 'NSE_FO|47594|20-01-2026', 'status': 'ORDER_CREATED'}]",PE,TREND1445,MODELED_EXIT,25350.0,TREND1445_TARGET
2025-12-23T14:45:00+05:30,5143.23,9411.18,NSE_FO|57019|23-12-2025,2025-12-23,6.5,2025-12-23T14:46:00+05:30,3.20,2025-12-23T14:47:00+05:30,60.45,6.70,75,older_validation,-4267.95,0.4923076923076923076923076923,reported,1275,STOP,"[{'contract': 'NSE_FO|57019|23-12-2025', 'status': 'ORDER_CREATED'}]",PE,TREND1445,MODELED_EXIT,26150.0,TREND1445_TRAIL
2026-01-20T14:45:00+05:30,31436.13,5143.23,NSE_FO|47594|20-01-2026,2026-01-20,17.10,2026-01-20T14:46:00+05:30,118.65,2026-01-20T15:25:00+05:30,110.10,17.35,65,older_validation,26292.90,6.938596491228070175438596491,reported,260,TIMED_CLOSE,"[{'contract': 'NSE_FO|47594|20-01-2026', 'status': 'ORDER_CREATED'}]",PE,TREND1445,MODELED_EXIT,25350.0,TREND1445_TRAIL
2025-10-07T14:49:00+05:30,,9411.18,,2025-10-07,,,,,,,,older_validation,,,reported,,,"[{'contract': 'NSE_FO|38397|07-10-2025', 'status': 'INSUFFICIENT_KNOWN_OI'}, {'contract': 'NSE_FO|38399|07-10-2025', 'status': 'INSUFFICIENT_KNOWN_OI'}, {'contract': 'NSE_FO|38401|07-10-2025', 'status': 'INSUFFICIENT_KNOWN_OI'}, {'contract': 'NSE_FO|38403|07-10-2025', 'status': 'INSUFFICIENT_KNOWN_OI'}]",CE,OPTION_ACCEL,NO_AFFORDABLE_LIQUID_CONTRACT,,OPTION_ACCEL_TARGET
2025-10-14T14:48:00+05:30,5138.64,9411.18,NSE_FO|42690|14-10-2025,2025-10-14,48.0,2025-10-14T14:49:00+05:30,19.90,2025-10-14T14:57:00+05:30,57.54,53.25,75,older_validation,-4272.54,0.4145833333333333333333333333,reported,150,STOP,"[{'contract': 'NSE_FO|42690|14-10-2025', 'status': 'ORDER_CREATED'}]",PE,OPTION_ACCEL,MODELED_EXIT,25200.0,OPTION_ACCEL_TARGET
2025-10-20T14:49:00+05:30,2488.46,5138.64,NSE_FO|45282|20-10-2025,2025-10-20,31.80,2025-10-20T14:50:00+05:30,14.50,2025-10-20T15:01:00+05:30,55.18,31.95,75,older_validation,-2650.18,0.4559748427672955974842767296,reported,150,STOP,"[{'contract': 'NSE_FO|45282|20-10-2025', 'status': 'ORDER_CREATED'}]",CE,OPTION_ACCEL,MODELED_EXIT,25800.0,OPTION_ACCEL_TARGET
2025-10-28T14:58:00+05:30,1868.50,2488.46,NSE_FO|58974|28-10-2025,2025-10-28,3.70,2025-10-28T14:59:00+05:30,1.80,2025-10-28T15:00:00+05:30,49.96,6.40,75,older_validation,-619.96,0.4864864864864864864864864865,reported,300,STOP,"[{'contract': 'NSE_FO|58970|28-10-2025', 'status': 'UNAFFORDABLE_OR_PAST_CAPACITY'}, {'contract': 'NSE_FO|58974|28-10-2025', 'status': 'ORDER_CREATED'}]",CE,OPTION_ACCEL,MODELED_EXIT,25900.0,OPTION_ACCEL_TARGET
2025-11-04T15:01:00+05:30,1184.92,1868.50,NSE_FO|47652|04-11-2025,2025-11-04,13.25,2025-11-04T15:02:00+05:30,4.80,2025-11-04T15:04:00+05:30,49.83,19.80,75,older_validation,-683.58,0.3622641509433962264150943396,reported,75,STOP,"[{'contract': 'NSE_FO|47652|04-11-2025', 'status': 'ORDER_CREATED'}]",CE,OPTION_ACCEL,MODELED_EXIT,25600.0,OPTION_ACCEL_TARGET
2025-12-02T15:02:00+05:30,452.60,1184.92,NSE_FO|46797|02-12-2025,2025-12-02,0.95,2025-12-02T15:03:00+05:30,0.30,2025-12-02T15:06:00+05:30,49.82,1.00,75,older_validation,-732.32,0.3157894736842105263157894737,reported,1050,STOP,"[{'contract': 'NSE_FO|46795|02-12-2025', 'status': 'UNAFFORDABLE_OR_PAST_CAPACITY'}, {'contract': 'NSE_FO|46797|02-12-2025', 'status': 'ORDER_CREATED'}]",CE,OPTION_ACCEL,MODELED_EXIT,26050.0,OPTION_ACCEL_TARGET
2025-12-09T15:01:00+05:30,,452.60,NSE_FO|41877|09-12-2025,2025-12-09,,,,,,5.25,75,older_validation,,,reported,75,,"[{'contract': 'NSE_FO|41877|09-12-2025', 'status': 'ORDER_CREATED'}]",CE,OPTION_ACCEL,MODELED_LIMIT_MISS,25850.0,OPTION_ACCEL_TARGET
2025-12-23T14:45:00+05:30,223.14,452.60,NSE_FO|57012|23-12-2025,2025-12-23,1.40,2025-12-23T14:46:00+05:30,0.60,2025-12-23T14:48:00+05:30,49.46,1.55,75,older_validation,-229.46,0.4285714285714285714285714286,reported,225,STOP,"[{'contract': 'NSE_FO|57019|23-12-2025', 'status': 'UNAFFORDABLE_OR_PAST_CAPACITY'}, {'contract': 'NSE_FO|57012|23-12-2025', 'status': 'ORDER_CREATED'}]",PE,OPTION_ACCEL,MODELED_EXIT,26100.0,OPTION_ACCEL_TARGET
2025-12-30T15:01:00+05:30,61.29,223.14,NSE_FO|65599|30-12-2025,2025-12-30,1.05,2025-12-30T15:02:00+05:30,0.30,2025-12-30T15:04:00+05:30,49.35,1.20,75,older_validation,-161.85,0.2857142857142857142857142857,reported,150,STOP,"[{'contract': 'NSE_FO|65620|30-12-2025', 'status': 'UNAFFORDABLE_OR_PAST_CAPACITY'}, {'contract': 'NSE_FO|65599|30-12-2025', 'status': 'ORDER_CREATED'}]",PE,OPTION_ACCEL,MODELED_EXIT,25900.0,OPTION_ACCEL_TARGET
2026-01-06T14:53:00+05:30,-0.99,61.29,NSE_FO|40470|06-01-2026,2026-01-06,0.30,2026-01-06T14:54:00+05:30,0.10,2026-01-06T15:03:00+05:30,49.28,0.30,65,older_validation,-62.28,0.3333333333333333333333333333,reported,65,STOP,"[{'contract': 'NSE_FO|40476|06-01-2026', 'status': 'UNAFFORDABLE_OR_PAST_CAPACITY'}, {'contract': 'NSE_FO|40472|06-01-2026', 'status': 'UNAFFORDABLE_OR_PAST_CAPACITY'}, {'contract': 'NSE_FO|40470|06-01-2026', 'status': 'ORDER_CREATED'}]",PE,OPTION_ACCEL,MODELED_EXIT,26050.0,OPTION_ACCEL_TARGET
2026-01-13T14:59:00+05:30,,-0.99,,2026-01-13,,,,,,,,older_validation,,,reported,,,"[{'contract': 'NSE_FO|46162|13-01-2026', 'status': 'UNAFFORDABLE_OR_PAST_CAPACITY'}, {'contract': 'NSE_FO|46160|13-01-2026', 'status': 'UNAFFORDABLE_OR_PAST_CAPACITY'}, {'contract': 'NSE_FO|46154|13-01-2026', 'status': 'UNAFFORDABLE_OR_PAST_CAPACITY'}, {'contract': 'NSE_FO|46150|13-01-2026', 'status': 'UNAFFORDABLE_OR_PAST_CAPACITY'}]",PE,OPTION_ACCEL,NO_AFFORDABLE_LIQUID_CONTRACT,,OPTION_ACCEL_TARGET
2026-01-20T14:54:00+05:30,,-0.99,,2026-01-20,,,,,,,,older_validation,,,reported,,,"[{'contract': 'NSE_FO|47594|20-01-2026', 'status': 'UNAFFORDABLE_OR_PAST_CAPACITY'}, {'contract': 'NSE_FO|47592|20-01-2026', 'status': 'UNAFFORDABLE_OR_PAST_CAPACITY'}, {'contract': 'NSE_FO|47590|20-01-2026', 'status': 'UNAFFORDABLE_OR_PAST_CAPACITY'}, {'contract': 'NSE_FO|47588|20-01-2026', 'status': 'UNAFFORDABLE_OR_PAST_CAPACITY'}]",PE,OPTION_ACCEL,NO_AFFORDABLE_LIQUID_CONTRACT,,OPTION_ACCEL_TARGET
2026-01-27T14:58:00+05:30,,-0.99,,2026-01-27,,,,,,,,older_validation,,,reported,,,"[{'contract': 'NSE_FO|58666|27-01-2026', 'status': 'UNAFFORDABLE_OR_PAST_CAPACITY'}, {'contract': 'NSE_FO|58664|27-01-2026', 'status': 'UNAFFORDABLE_OR_PAST_CAPACITY'}, {'contract': 'NSE_FO|58662|27-01-2026', 'status': 'UNAFFORDABLE_OR_PAST_CAPACITY'}, {'contract': 'NSE_FO|58652|27-01-2026', 'status': 'UNAFFORDABLE_OR_PAST_CAPACITY'}]",PE,OPTION_ACCEL,NO_AFFORDABLE_LIQUID_CONTRACT,,OPTION_ACCEL_TARGET
2026-02-03T15:01:00+05:30,,-0.99,,2026-02-03,,,,,,,,older_validation,,,reported,,,"[{'contract': 'NSE_FO|49836|03-02-2026', 'status': 'UNAFFORDABLE_OR_PAST_CAPACITY'}, {'contract': 'NSE_FO|49834|03-02-2026', 'status': 'UNAFFORDABLE_OR_PAST_CAPACITY'}, {'contract': 'NSE_FO|49824|03-02-2026', 'status': 'UNAFFORDABLE_OR_PAST_CAPACITY'}, {'contract': 'NSE_FO|49821|03-02-2026', 'status': 'UNAFFORDABLE_OR_PAST_CAPACITY'}]",PE,OPTION_ACCEL,NO_AFFORDABLE_LIQUID_CONTRACT,,OPTION_ACCEL_TARGET
2026-02-10T14:47:00+05:30,,-0.99,,2026-02-10,,,,,,,,older_validation,,,reported,,,"[{'contract': 'NSE_FO|42540|10-02-2026', 'status': 'UNAFFORDABLE_OR_PAST_CAPACITY'}, {'contract': 'NSE_FO|42544|10-02-2026', 'status': 'UNAFFORDABLE_OR_PAST_CAPACITY'}, {'contract': 'NSE_FO|42546|10-02-2026', 'status': 'UNAFFORDABLE_OR_PAST_CAPACITY'}, {'contract': 'NSE_FO|42548|10-02-2026', 'status': 'UNAFFORDABLE_OR_PAST_CAPACITY'}]",CE,OPTION_ACCEL,NO_AFFORDABLE_LIQUID_CONTRACT,,OPTION_ACCEL_TARGET
2026-02-17T15:01:00+05:30,,-0.99,,2026-02-17,,,,,,,,older_validation,,,reported,,,"[{'contract': 'NSE_FO|48224|17-02-2026', 'status': 'UNAFFORDABLE_OR_PAST_CAPACITY'}, {'contract': 'NSE_FO|48226|17-02-2026', 'status': 'UNAFFORDABLE_OR_PAST_CAPACITY'}, {'contract': 'NSE_FO|48228|17-02-2026', 'status': 'UNAFFORDABLE_OR_PAST_CAPACITY'}, {'contract': 'NSE_FO|48230|17-02-2026', 'status': 'UNAFFORDABLE_OR_PAST_CAPACITY'}]",CE,OPTION_ACCEL,NO_AFFORDABLE_LIQUID_CONTRACT,,OPTION_ACCEL_TARGET
2026-02-24T14:46:00+05:30,,-0.99,,2026-02-24,,,,,,,,older_validation,,,reported,,,"[{'contract': 'NSE_FO|64849|24-02-2026', 'status': 'UNAFFORDABLE_OR_PAST_CAPACITY'}, {'contract': 'NSE_FO|64844|24-02-2026', 'status': 'UNAFFORDABLE_OR_PAST_CAPACITY'}, {'contract': 'NSE_FO|64842|24-02-2026', 'status': 'UNAFFORDABLE_OR_PAST_CAPACITY'}, {'contract': 'NSE_FO|64840|24-02-2026', 'status': 'UNAFFORDABLE_OR_PAST_CAPACITY'}]",PE,OPTION_ACCEL,NO_AFFORDABLE_LIQUID_CONTRACT,,OPTION_ACCEL_TARGET
2026-03-02T14:46:00+05:30,,-0.99,,2026-03-02,,,,,,,,older_validation,,,reported,,,"[{'contract': 'NSE_FO|54881|02-03-2026', 'status': 'UNAFFORDABLE_OR_PAST_CAPACITY'}, {'contract': 'NSE_FO|54879|02-03-2026', 'status': 'UNAFFORDABLE_OR_PAST_CAPACITY'}, {'contract': 'NSE_FO|54877|02-03-2026', 'status': 'UNAFFORDABLE_OR_PAST_CAPACITY'}, {'contract': 'NSE_FO|54875|02-03-2026', 'status': 'UNAFFORDABLE_OR_PAST_CAPACITY'}]",PE,OPTION_ACCEL,NO_AFFORDABLE_LIQUID_CONTRACT,,OPTION_ACCEL_TARGET
2026-03-10T14:50:00+05:30,,-0.99,,2026-03-10,,,,,,,,older_validation,,,reported,,,"[{'contract': 'NSE_FO|45482|10-03-2026', 'status': 'UNAFFORDABLE_OR_PAST_CAPACITY'}, {'contract': 'NSE_FO|45484|10-03-2026', 'status': 'UNAFFORDABLE_OR_PAST_CAPACITY'}, {'contract': 'NSE_FO|45488|10-03-2026', 'status': 'UNAFFORDABLE_OR_PAST_CAPACITY'}, {'contract': 'NSE_FO|45490|10-03-2026', 'status': 'UNAFFORDABLE_OR_PAST_CAPACITY'}]",CE,OPTION_ACCEL,NO_AFFORDABLE_LIQUID_CONTRACT,,OPTION_ACCEL_TARGET
2026-03-17T15:03:00+05:30,,-0.99,,2026-03-17,,,,,,,,older_validation,,,reported,,,"[{'contract': 'NSE_FO|57756|17-03-2026', 'status': 'UNAFFORDABLE_OR_PAST_CAPACITY'}, {'contract': 'NSE_FO|57752|17-03-2026', 'status': 'UNAFFORDABLE_OR_PAST_CAPACITY'}, {'contract': 'NSE_FO|57748|17-03-2026', 'status': 'UNAFFORDABLE_OR_PAST_CAPACITY'}, {'contract': 'NSE_FO|57744|17-03-2026', 'status': 'UNAFFORDABLE_OR_PAST_CAPACITY'}]",PE,OPTION_ACCEL,NO_AFFORDABLE_LIQUID_CONTRACT,,OPTION_ACCEL_TARGET
2026-03-24T15:01:00+05:30,,-0.99,,2026-03-24,,,,,,,,older_validation,,,reported,,,"[{'contract': 'NSE_FO|62567|24-03-2026', 'status': 'UNAFFORDABLE_OR_PAST_CAPACITY'}, {'contract': 'NSE_FO|62565|24-03-2026', 'status': 'UNAFFORDABLE_OR_PAST_CAPACITY'}, {'contract': 'NSE_FO|62563|24-03-2026', 'status': 'UNAFFORDABLE_OR_PAST_CAPACITY'}, {'contract': 'NSE_FO|62561|24-03-2026', 'status': 'UNAFFORDABLE_OR_PAST_CAPACITY'}]",PE,OPTION_ACCEL,NO_AFFORDABLE_LIQUID_CONTRACT,,OPTION_ACCEL_TARGET
2026-03-30T15:02:00+05:30,,-0.99,,2026-03-30,,,,,,,,older_validation,,,reported,,,"[{'contract': 'NSE_FO|54473|30-03-2026', 'status': 'UNAFFORDABLE_OR_PAST_CAPACITY'}, {'contract': 'NSE_FO|54471|30-03-2026', 'status': 'UNAFFORDABLE_OR_PAST_CAPACITY'}, {'contract': 'NSE_FO|54469|30-03-2026', 'status': 'UNAFFORDABLE_OR_PAST_CAPACITY'}, {'contract': 'NSE_FO|54467|30-03-2026', 'status': 'UNAFFORDABLE_OR_PAST_CAPACITY'}]",PE,OPTION_ACCEL,NO_AFFORDABLE_LIQUID_CONTRACT,,OPTION_ACCEL_TARGET
2025-10-07T14:49:00+05:30,,9411.18,,2025-10-07,,,,,,,,older_validation,,,reported,,,"[{'contract': 'NSE_FO|38397|07-10-2025', 'status': 'INSUFFICIENT_KNOWN_OI'}, {'contract': 'NSE_FO|38399|07-10-2025', 'status': 'INSUFFICIENT_KNOWN_OI'}, {'contract': 'NSE_FO|38401|07-10-2025', 'status': 'INSUFFICIENT_KNOWN_OI'}, {'contract': 'NSE_FO|38403|07-10-2025', 'status': 'INSUFFICIENT_KNOWN_OI'}]",CE,OPTION_ACCEL,NO_AFFORDABLE_LIQUID_CONTRACT,,OPTION_ACCEL_TRAIL
2025-10-14T14:48:00+05:30,5138.64,9411.18,NSE_FO|42690|14-10-2025,2025-10-14,48.0,2025-10-14T14:49:00+05:30,19.90,2025-10-14T14:57:00+05:30,57.54,53.25,75,older_validation,-4272.54,0.4145833333333333333333333333,reported,150,STOP,"[{'contract': 'NSE_FO|42690|14-10-2025', 'status': 'ORDER_CREATED'}]",PE,OPTION_ACCEL,MODELED_EXIT,25200.0,OPTION_ACCEL_TRAIL
2025-10-20T14:49:00+05:30,2488.46,5138.64,NSE_FO|45282|20-10-2025,2025-10-20,31.80,2025-10-20T14:50:00+05:30,14.50,2025-10-20T15:01:00+05:30,55.18,31.95,75,older_validation,-2650.18,0.4559748427672955974842767296,reported,150,STOP,"[{'contract': 'NSE_FO|45282|20-10-2025', 'status': 'ORDER_CREATED'}]",CE,OPTION_ACCEL,MODELED_EXIT,25800.0,OPTION_ACCEL_TRAIL
2025-10-28T14:58:00+05:30,1868.50,2488.46,NSE_FO|58974|28-10-2025,2025-10-28,3.70,2025-10-28T14:59:00+05:30,1.80,2025-10-28T15:00:00+05:30,49.96,6.40,75,older_validation,-619.96,0.4864864864864864864864864865,reported,300,STOP,"[{'contract': 'NSE_FO|58970|28-10-2025', 'status': 'UNAFFORDABLE_OR_PAST_CAPACITY'}, {'contract': 'NSE_FO|58974|28-10-2025', 'status': 'ORDER_CREATED'}]",CE,OPTION_ACCEL,MODELED_EXIT,25900.0,OPTION_ACCEL_TRAIL
2025-11-04T15:01:00+05:30,1184.92,1868.50,NSE_FO|47652|04-11-2025,2025-11-04,13.25,2025-11-04T15:02:00+05:30,4.80,2025-11-04T15:04:00+05:30,49.83,19.80,75,older_validation,-683.58,0.3622641509433962264150943396,reported,75,STOP,"[{'contract': 'NSE_FO|47652|04-11-2025', 'status': 'ORDER_CREATED'}]",CE,OPTION_ACCEL,MODELED_EXIT,25600.0,OPTION_ACCEL_TRAIL
2025-12-02T15:02:00+05:30,452.60,1184.92,NSE_FO|46797|02-12-2025,2025-12-02,0.95,2025-12-02T15:03:00+05:30,0.30,2025-12-02T15:06:00+05:30,49.82,1.00,75,older_validation,-732.32,0.3157894736842105263157894737,reported,1050,STOP,"[{'contract': 'NSE_FO|46795|02-12-2025', 'status': 'UNAFFORDABLE_OR_PAST_CAPACITY'}, {'contract': 'NSE_FO|46797|02-12-2025', 'status': 'ORDER_CREATED'}]",CE,OPTION_ACCEL,MODELED_EXIT,26050.0,OPTION_ACCEL_TRAIL
2025-12-09T15:01:00+05:30,,452.60,NSE_FO|41877|09-12-2025,2025-12-09,,,,,,5.25,75,older_validation,,,reported,75,,"[{'contract': 'NSE_FO|41877|09-12-2025', 'status': 'ORDER_CREATED'}]",CE,OPTION_ACCEL,MODELED_LIMIT_MISS,25850.0,OPTION_ACCEL_TRAIL
2025-12-23T14:45:00+05:30,223.14,452.60,NSE_FO|57012|23-12-2025,2025-12-23,1.40,2025-12-23T14:46:00+05:30,0.60,2025-12-23T14:48:00+05:30,49.46,1.55,75,older_validation,-229.46,0.4285714285714285714285714286,reported,225,STOP,"[{'contract': 'NSE_FO|57019|23-12-2025', 'status': 'UNAFFORDABLE_OR_PAST_CAPACITY'}, {'contract': 'NSE_FO|57012|23-12-2025', 'status': 'ORDER_CREATED'}]",PE,OPTION_ACCEL,MODELED_EXIT,26100.0,OPTION_ACCEL_TRAIL
2025-12-30T15:01:00+05:30,61.29,223.14,NSE_FO|65599|30-12-2025,2025-12-30,1.05,2025-12-30T15:02:00+05:30,0.30,2025-12-30T15:04:00+05:30,49.35,1.20,75,older_validation,-161.85,0.2857142857142857142857142857,reported,150,STOP,"[{'contract': 'NSE_FO|65620|30-12-2025', 'status': 'UNAFFORDABLE_OR_PAST_CAPACITY'}, {'contract': 'NSE_FO|65599|30-12-2025', 'status': 'ORDER_CREATED'}]",PE,OPTION_ACCEL,MODELED_EXIT,25900.0,OPTION_ACCEL_TRAIL
2026-01-06T14:53:00+05:30,-0.99,61.29,NSE_FO|40470|06-01-2026,2026-01-06,0.30,2026-01-06T14:54:00+05:30,0.10,2026-01-06T15:03:00+05:30,49.28,0.30,65,older_validation,-62.28,0.3333333333333333333333333333,reported,65,STOP,"[{'contract': 'NSE_FO|40476|06-01-2026', 'status': 'UNAFFORDABLE_OR_PAST_CAPACITY'}, {'contract': 'NSE_FO|40472|06-01-2026', 'status': 'UNAFFORDABLE_OR_PAST_CAPACITY'}, {'contract': 'NSE_FO|40470|06-01-2026', 'status': 'ORDER_CREATED'}]",PE,OPTION_ACCEL,MODELED_EXIT,26050.0,OPTION_ACCEL_TRAIL
2026-01-13T14:59:00+05:30,,-0.99,,2026-01-13,,,,,,,,older_validation,,,reported,,,"[{'contract': 'NSE_FO|46162|13-01-2026', 'status': 'UNAFFORDABLE_OR_PAST_CAPACITY'}, {'contract': 'NSE_FO|46160|13-01-2026', 'status': 'UNAFFORDABLE_OR_PAST_CAPACITY'}, {'contract': 'NSE_FO|46154|13-01-2026', 'status': 'UNAFFORDABLE_OR_PAST_CAPACITY'}, {'contract': 'NSE_FO|46150|13-01-2026', 'status': 'UNAFFORDABLE_OR_PAST_CAPACITY'}]",PE,OPTION_ACCEL,NO_AFFORDABLE_LIQUID_CONTRACT,,OPTION_ACCEL_TRAIL
2026-01-20T14:54:00+05:30,,-0.99,,2026-01-20,,,,,,,,older_validation,,,reported,,,"[{'contract': 'NSE_FO|47594|20-01-2026', 'status': 'UNAFFORDABLE_OR_PAST_CAPACITY'}, {'contract': 'NSE_FO|47592|20-01-2026', 'status': 'UNAFFORDABLE_OR_PAST_CAPACITY'}, {'contract': 'NSE_FO|47590|20-01-2026', 'status': 'UNAFFORDABLE_OR_PAST_CAPACITY'}, {'contract': 'NSE_FO|47588|20-01-2026', 'status': 'UNAFFORDABLE_OR_PAST_CAPACITY'}]",PE,OPTION_ACCEL,NO_AFFORDABLE_LIQUID_CONTRACT,,OPTION_ACCEL_TRAIL
2026-01-27T14:58:00+05:30,,-0.99,,2026-01-27,,,,,,,,older_validation,,,reported,,,"[{'contract': 'NSE_FO|58666|27-01-2026', 'status': 'UNAFFORDABLE_OR_PAST_CAPACITY'}, {'contract': 'NSE_FO|58664|27-01-2026', 'status': 'UNAFFORDABLE_OR_PAST_CAPACITY'}, {'contract': 'NSE_FO|58662|27-01-2026', 'status': 'UNAFFORDABLE_OR_PAST_CAPACITY'}, {'contract': 'NSE_FO|58652|27-01-2026', 'status': 'UNAFFORDABLE_OR_PAST_CAPACITY'}]",PE,OPTION_ACCEL,NO_AFFORDABLE_LIQUID_CONTRACT,,OPTION_ACCEL_TRAIL
2026-02-03T15:01:00+05:30,,-0.99,,2026-02-03,,,,,,,,older_validation,,,reported,,,"[{'contract': 'NSE_FO|49836|03-02-2026', 'status': 'UNAFFORDABLE_OR_PAST_CAPACITY'}, {'contract': 'NSE_FO|49834|03-02-2026', 'status': 'UNAFFORDABLE_OR_PAST_CAPACITY'}, {'contract': 'NSE_FO|49824|03-02-2026', 'status': 'UNAFFORDABLE_OR_PAST_CAPACITY'}, {'contract': 'NSE_FO|49821|03-02-2026', 'status': 'UNAFFORDABLE_OR_PAST_CAPACITY'}]",PE,OPTION_ACCEL,NO_AFFORDABLE_LIQUID_CONTRACT,,OPTION_ACCEL_TRAIL
2026-02-10T14:47:00+05:30,,-0.99,,2026-02-10,,,,,,,,older_validation,,,reported,,,"[{'contract': 'NSE_FO|42540|10-02-2026', 'status': 'UNAFFORDABLE_OR_PAST_CAPACITY'}, {'contract': 'NSE_FO|42544|10-02-2026', 'status': 'UNAFFORDABLE_OR_PAST_CAPACITY'}, {'contract': 'NSE_FO|42546|10-02-2026', 'status': 'UNAFFORDABLE_OR_PAST_CAPACITY'}, {'contract': 'NSE_FO|42548|10-02-2026', 'status': 'UNAFFORDABLE_OR_PAST_CAPACITY'}]",CE,OPTION_ACCEL,NO_AFFORDABLE_LIQUID_CONTRACT,,OPTION_ACCEL_TRAIL
2026-02-17T15:01:00+05:30,,-0.99,,2026-02-17,,,,,,,,older_validation,,,reported,,,"[{'contract': 'NSE_FO|48224|17-02-2026', 'status': 'UNAFFORDABLE_OR_PAST_CAPACITY'}, {'contract': 'NSE_FO|48226|17-02-2026', 'status': 'UNAFFORDABLE_OR_PAST_CAPACITY'}, {'contract': 'NSE_FO|48228|17-02-2026', 'status': 'UNAFFORDABLE_OR_PAST_CAPACITY'}, {'contract': 'NSE_FO|48230|17-02-2026', 'status': 'UNAFFORDABLE_OR_PAST_CAPACITY'}]",CE,OPTION_ACCEL,NO_AFFORDABLE_LIQUID_CONTRACT,,OPTION_ACCEL_TRAIL
2026-02-24T14:46:00+05:30,,-0.99,,2026-02-24,,,,,,,,older_validation,,,reported,,,"[{'contract': 'NSE_FO|64849|24-02-2026', 'status': 'UNAFFORDABLE_OR_PAST_CAPACITY'}, {'contract': 'NSE_FO|64844|24-02-2026', 'status': 'UNAFFORDABLE_OR_PAST_CAPACITY'}, {'contract': 'NSE_FO|64842|24-02-2026', 'status': 'UNAFFORDABLE_OR_PAST_CAPACITY'}, {'contract': 'NSE_FO|64840|24-02-2026', 'status': 'UNAFFORDABLE_OR_PAST_CAPACITY'}]",PE,OPTION_ACCEL,NO_AFFORDABLE_LIQUID_CONTRACT,,OPTION_ACCEL_TRAIL
2026-03-02T14:46:00+05:30,,-0.99,,2026-03-02,,,,,,,,older_validation,,,reported,,,"[{'contract': 'NSE_FO|54881|02-03-2026', 'status': 'UNAFFORDABLE_OR_PAST_CAPACITY'}, {'contract': 'NSE_FO|54879|02-03-2026', 'status': 'UNAFFORDABLE_OR_PAST_CAPACITY'}, {'contract': 'NSE_FO|54877|02-03-2026', 'status': 'UNAFFORDABLE_OR_PAST_CAPACITY'}, {'contract': 'NSE_FO|54875|02-03-2026', 'status': 'UNAFFORDABLE_OR_PAST_CAPACITY'}]",PE,OPTION_ACCEL,NO_AFFORDABLE_LIQUID_CONTRACT,,OPTION_ACCEL_TRAIL
2026-03-10T14:50:00+05:30,,-0.99,,2026-03-10,,,,,,,,older_validation,,,reported,,,"[{'contract': 'NSE_FO|45482|10-03-2026', 'status': 'UNAFFORDABLE_OR_PAST_CAPACITY'}, {'contract': 'NSE_FO|45484|10-03-2026', 'status': 'UNAFFORDABLE_OR_PAST_CAPACITY'}, {'contract': 'NSE_FO|45488|10-03-2026', 'status': 'UNAFFORDABLE_OR_PAST_CAPACITY'}, {'contract': 'NSE_FO|45490|10-03-2026', 'status': 'UNAFFORDABLE_OR_PAST_CAPACITY'}]",CE,OPTION_ACCEL,NO_AFFORDABLE_LIQUID_CONTRACT,,OPTION_ACCEL_TRAIL
2026-03-17T15:03:00+05:30,,-0.99,,2026-03-17,,,,,,,,older_validation,,,reported,,,"[{'contract': 'NSE_FO|57756|17-03-2026', 'status': 'UNAFFORDABLE_OR_PAST_CAPACITY'}, {'contract': 'NSE_FO|57752|17-03-2026', 'status': 'UNAFFORDABLE_OR_PAST_CAPACITY'}, {'contract': 'NSE_FO|57748|17-03-2026', 'status': 'UNAFFORDABLE_OR_PAST_CAPACITY'}, {'contract': 'NSE_FO|57744|17-03-2026', 'status': 'UNAFFORDABLE_OR_PAST_CAPACITY'}]",PE,OPTION_ACCEL,NO_AFFORDABLE_LIQUID_CONTRACT,,OPTION_ACCEL_TRAIL
2026-03-24T15:01:00+05:30,,-0.99,,2026-03-24,,,,,,,,older_validation,,,reported,,,"[{'contract': 'NSE_FO|62567|24-03-2026', 'status': 'UNAFFORDABLE_OR_PAST_CAPACITY'}, {'contract': 'NSE_FO|62565|24-03-2026', 'status': 'UNAFFORDABLE_OR_PAST_CAPACITY'}, {'contract': 'NSE_FO|62563|24-03-2026', 'status': 'UNAFFORDABLE_OR_PAST_CAPACITY'}, {'contract': 'NSE_FO|62561|24-03-2026', 'status': 'UNAFFORDABLE_OR_PAST_CAPACITY'}]",PE,OPTION_ACCEL,NO_AFFORDABLE_LIQUID_CONTRACT,,OPTION_ACCEL_TRAIL
2026-03-30T15:02:00+05:30,,-0.99,,2026-03-30,,,,,,,,older_validation,,,reported,,,"[{'contract': 'NSE_FO|54473|30-03-2026', 'status': 'UNAFFORDABLE_OR_PAST_CAPACITY'}, {'contract': 'NSE_FO|54471|30-03-2026', 'status': 'UNAFFORDABLE_OR_PAST_CAPACITY'}, {'contract': 'NSE_FO|54469|30-03-2026', 'status': 'UNAFFORDABLE_OR_PAST_CAPACITY'}, {'contract': 'NSE_FO|54467|30-03-2026', 'status': 'UNAFFORDABLE_OR_PAST_CAPACITY'}]",PE,OPTION_ACCEL,NO_AFFORDABLE_LIQUID_CONTRACT,,OPTION_ACCEL_TRAIL
2025-10-14T14:49:00+05:30,5288.70,9411.18,NSE_FO|42690|14-10-2025,2025-10-14,47.0,2025-10-14T14:50:00+05:30,19.90,2025-10-14T14:57:00+05:30,57.48,49.15,75,older_validation,-4122.48,0.4234042553191489361702127660,reported,150,STOP,"[{'contract': 'NSE_FO|42690|14-10-2025', 'status': 'ORDER_CREATED'}]",PE,OPTION_ACCEL_OI,MODELED_EXIT,25200.0,OPTION_ACCEL_OI_TARGET
2025-10-28T15:01:00+05:30,,5288.70,NSE_FO|58970|28-10-2025,2025-10-28,,,,,,51.15,75,older_validation,,,reported,75,,"[{'contract': 'NSE_FO|58970|28-10-2025', 'status': 'ORDER_CREATED'}]",CE,OPTION_ACCEL_OI,MODELED_LIMIT_MISS,25850.0,OPTION_ACCEL_OI_TARGET
2025-12-09T15:11:00+05:30,3577.89,5288.70,NSE_FO|41878|09-12-2025,2025-12-09,21.75,2025-12-09T15:12:00+05:30,10.70,2025-12-09T15:14:00+05:30,53.31,23.10,75,older_validation,-1710.81,0.4919540229885057471264367816,reported,150,STOP,"[{'contract': 'NSE_FO|41878|09-12-2025', 'status': 'ORDER_CREATED'}]",PE,OPTION_ACCEL_OI,MODELED_EXIT,25850.0,OPTION_ACCEL_OI_TARGET
2025-12-23T15:01:00+05:30,2766.60,3577.89,NSE_FO|57020|23-12-2025,2025-12-23,2.5,2025-12-23T15:02:00+05:30,1.05,2025-12-23T15:03:00+05:30,50.04,5.75,75,older_validation,-811.29,0.42,reported,525,STOP,"[{'contract': 'NSE_FO|57013|23-12-2025', 'status': 'UNAFFORDABLE_OR_PAST_CAPACITY'}, {'contract': 'NSE_FO|57020|23-12-2025', 'status': 'ORDER_CREATED'}]",CE,OPTION_ACCEL_OI,MODELED_EXIT,26200.0,OPTION_ACCEL_OI_TARGET
2025-12-30T15:01:00+05:30,1947.71,2766.60,NSE_FO|65620|30-12-2025,2025-12-30,19.0,2025-12-30T15:02:00+05:30,8.75,2025-12-30T15:07:00+05:30,50.14,19.85,75,older_validation,-818.89,0.4605263157894736842105263158,reported,75,STOP,"[{'contract': 'NSE_FO|65620|30-12-2025', 'status': 'ORDER_CREATED'}]",PE,OPTION_ACCEL_OI,MODELED_EXIT,25950.0,OPTION_ACCEL_OI_TARGET
2026-01-13T15:05:00+05:30,922.80,1947.71,NSE_FO|46162|13-01-2026,2026-01-13,1.60,2026-01-13T15:06:00+05:30,0.35,2026-01-13T15:07:00+05:30,49.91,2.25,65,older_validation,-1024.91,0.21875,reported,780,STOP,"[{'contract': 'NSE_FO|46162|13-01-2026', 'status': 'ORDER_CREATED'}]",PE,OPTION_ACCEL_OI,MODELED_EXIT,25700.0,OPTION_ACCEL_OI_TARGET
2026-01-20T14:54:00+05:30,1466.52,922.80,NSE_FO|47592|20-01-2026,2026-01-20,3.05,2026-01-20T14:55:00+05:30,6.10,2026-01-20T15:01:00+05:30,51.03,3.60,65,older_validation,543.72,2,reported,195,TARGET_2X,"[{'contract': 'NSE_FO|47594|20-01-2026', 'status': 'UNAFFORDABLE_OR_PAST_CAPACITY'}, {'contract': 'NSE_FO|47592|20-01-2026', 'status': 'ORDER_CREATED'}]",PE,OPTION_ACCEL_OI,MODELED_EXIT,25300.0,OPTION_ACCEL_OI_TARGET
2026-02-03T15:03:00+05:30,,1466.52,NSE_FO|49834|03-02-2026,2026-02-03,,,,,,6.30,65,older_validation,,,reported,195,,"[{'contract': 'NSE_FO|49836|03-02-2026', 'status': 'UNAFFORDABLE_OR_PAST_CAPACITY'}, {'contract': 'NSE_FO|49834|03-02-2026', 'status': 'ORDER_CREATED'}]",PE,OPTION_ACCEL_OI,MODELED_LIMIT_MISS,25700.0,OPTION_ACCEL_OI_TARGET
2026-02-10T14:47:00+05:30,,1466.52,NSE_FO|42544|10-02-2026,2026-02-10,,,,,,5.35,65,older_validation,,,reported,195,,"[{'contract': 'NSE_FO|42540|10-02-2026', 'status': 'UNAFFORDABLE_OR_PAST_CAPACITY'}, {'contract': 'NSE_FO|42544|10-02-2026', 'status': 'ORDER_CREATED'}]",CE,OPTION_ACCEL_OI,MODELED_LIMIT_MISS,25950.0,OPTION_ACCEL_OI_TARGET
2026-02-17T15:02:00+05:30,1091.97,1466.52,NSE_FO|48226|17-02-2026,2026-02-17,1.55,2026-02-17T15:03:00+05:30,0.55,2026-02-17T15:04:00+05:30,49.55,3.55,65,older_validation,-374.55,0.3548387096774193548387096774,reported,325,STOP,"[{'contract': 'NSE_FO|48224|17-02-2026', 'status': 'UNAFFORDABLE_OR_PAST_CAPACITY'}, {'contract': 'NSE_FO|48226|17-02-2026', 'status': 'ORDER_CREATED'}]",CE,OPTION_ACCEL_OI,MODELED_EXIT,25750.0,OPTION_ACCEL_OI_TARGET
2026-03-02T15:00:00+05:30,863.74,1091.97,NSE_FO|54877|02-03-2026,2026-03-02,5.20,2026-03-02T15:01:00+05:30,2.45,2026-03-02T15:03:00+05:30,49.48,7.85,65,older_validation,-228.23,0.4711538461538461538461538462,reported,65,STOP,"[{'contract': 'NSE_FO|54881|02-03-2026', 'status': 'UNAFFORDABLE_OR_PAST_CAPACITY'}, {'contract': 'NSE_FO|54879|02-03-2026', 'status': 'UNAFFORDABLE_OR_PAST_CAPACITY'}, {'contract': 'NSE_FO|54877|02-03-2026', 'status': 'ORDER_CREATED'}]",PE,OPTION_ACCEL_OI,MODELED_EXIT,24750.0,OPTION_ACCEL_OI_TARGET
2026-03-10T14:50:00+05:30,596.52,863.74,NSE_FO|45490|10-03-2026,2026-03-10,5.5,2026-03-10T14:51:00+05:30,2.15,2026-03-10T14:52:00+05:30,49.47,7.15,65,older_validation,-267.22,0.3909090909090909090909090909,reported,65,STOP,"[{'contract': 'NSE_FO|45482|10-03-2026', 'status': 'UNAFFORDABLE_OR_PAST_CAPACITY'}, {'contract': 'NSE_FO|45484|10-03-2026', 'status': 'UNAFFORDABLE_OR_PAST_CAPACITY'}, {'contract': 'NSE_FO|45488|10-03-2026', 'status': 'UNAFFORDABLE_OR_PAST_CAPACITY'}, {'contract': 'NSE_FO|45490|10-03-2026', 'status': 'ORDER_CREATED'}]",CE,OPTION_ACCEL_OI,MODELED_EXIT,24350.0,OPTION_ACCEL_OI_TARGET
2026-03-17T15:06:00+05:30,313.03,596.52,NSE_FO|57752|17-03-2026,2026-03-17,1.0,2026-03-17T15:07:00+05:30,0.40,2026-03-17T15:08:00+05:30,49.49,1.30,65,older_validation,-283.49,0.4,reported,390,STOP,"[{'contract': 'NSE_FO|57756|17-03-2026', 'status': 'UNAFFORDABLE_OR_PAST_CAPACITY'}, {'contract': 'NSE_FO|57752|17-03-2026', 'status': 'ORDER_CREATED'}]",PE,OPTION_ACCEL_OI,MODELED_EXIT,23550.0,OPTION_ACCEL_OI_TARGET
2026-03-24T15:08:00+05:30,192.18,313.03,NSE_FO|62568|24-03-2026,2026-03-24,1.0,2026-03-24T15:09:00+05:30,0.45,2026-03-24T15:11:00+05:30,49.35,1.45,65,older_validation,-120.85,0.45,reported,130,STOP,"[{'contract': 'NSE_FO|62566|24-03-2026', 'status': 'UNAFFORDABLE_OR_PAST_CAPACITY'}, {'contract': 'NSE_FO|62568|24-03-2026', 'status': 'ORDER_CREATED'}]",CE,OPTION_ACCEL_OI,MODELED_EXIT,22950.0,OPTION_ACCEL_OI_TARGET
2026-03-30T15:03:00+05:30,,192.18,NSE_FO|54469|30-03-2026,2026-03-30,,,,,,1.05,65,older_validation,,,reported,130,,"[{'contract': 'NSE_FO|54473|30-03-2026', 'status': 'UNAFFORDABLE_OR_PAST_CAPACITY'}, {'contract': 'NSE_FO|54471|30-03-2026', 'status': 'UNAFFORDABLE_OR_PAST_CAPACITY'}, {'contract': 'NSE_FO|54469|30-03-2026', 'status': 'ORDER_CREATED'}]",PE,OPTION_ACCEL_OI,MODELED_LIMIT_MISS,22250.0,OPTION_ACCEL_OI_TARGET
2025-10-14T14:49:00+05:30,5288.70,9411.18,NSE_FO|42690|14-10-2025,2025-10-14,47.0,2025-10-14T14:50:00+05:30,19.90,2025-10-14T14:57:00+05:30,57.48,49.15,75,older_validation,-4122.48,0.4234042553191489361702127660,reported,150,STOP,"[{'contract': 'NSE_FO|42690|14-10-2025', 'status': 'ORDER_CREATED'}]",PE,OPTION_ACCEL_OI,MODELED_EXIT,25200.0,OPTION_ACCEL_OI_TRAIL
2025-10-28T15:01:00+05:30,,5288.70,NSE_FO|58970|28-10-2025,2025-10-28,,,,,,51.15,75,older_validation,,,reported,75,,"[{'contract': 'NSE_FO|58970|28-10-2025', 'status': 'ORDER_CREATED'}]",CE,OPTION_ACCEL_OI,MODELED_LIMIT_MISS,25850.0,OPTION_ACCEL_OI_TRAIL
2025-12-09T15:11:00+05:30,3577.89,5288.70,NSE_FO|41878|09-12-2025,2025-12-09,21.75,2025-12-09T15:12:00+05:30,10.70,2025-12-09T15:14:00+05:30,53.31,23.10,75,older_validation,-1710.81,0.4919540229885057471264367816,reported,150,STOP,"[{'contract': 'NSE_FO|41878|09-12-2025', 'status': 'ORDER_CREATED'}]",PE,OPTION_ACCEL_OI,MODELED_EXIT,25850.0,OPTION_ACCEL_OI_TRAIL
2025-12-23T15:01:00+05:30,2766.60,3577.89,NSE_FO|57020|23-12-2025,2025-12-23,2.5,2025-12-23T15:02:00+05:30,1.05,2025-12-23T15:03:00+05:30,50.04,5.75,75,older_validation,-811.29,0.42,reported,525,STOP,"[{'contract': 'NSE_FO|57013|23-12-2025', 'status': 'UNAFFORDABLE_OR_PAST_CAPACITY'}, {'contract': 'NSE_FO|57020|23-12-2025', 'status': 'ORDER_CREATED'}]",CE,OPTION_ACCEL_OI,MODELED_EXIT,26200.0,OPTION_ACCEL_OI_TRAIL
2025-12-30T15:01:00+05:30,1947.71,2766.60,NSE_FO|65620|30-12-2025,2025-12-30,19.0,2025-12-30T15:02:00+05:30,8.75,2025-12-30T15:07:00+05:30,50.14,19.85,75,older_validation,-818.89,0.4605263157894736842105263158,reported,75,STOP,"[{'contract': 'NSE_FO|65620|30-12-2025', 'status': 'ORDER_CREATED'}]",PE,OPTION_ACCEL_OI,MODELED_EXIT,25950.0,OPTION_ACCEL_OI_TRAIL
2026-01-13T15:05:00+05:30,922.80,1947.71,NSE_FO|46162|13-01-2026,2026-01-13,1.60,2026-01-13T15:06:00+05:30,0.35,2026-01-13T15:07:00+05:30,49.91,2.25,65,older_validation,-1024.91,0.21875,reported,780,STOP,"[{'contract': 'NSE_FO|46162|13-01-2026', 'status': 'ORDER_CREATED'}]",PE,OPTION_ACCEL_OI,MODELED_EXIT,25700.0,OPTION_ACCEL_OI_TRAIL
2026-01-20T14:54:00+05:30,13668.89,922.80,NSE_FO|47592|20-01-2026,2026-01-20,3.05,2026-01-20T14:55:00+05:30,68.80,2026-01-20T15:25:00+05:30,75.16,3.60,65,older_validation,12746.09,22.55737704918032786885245902,reported,195,TIMED_CLOSE,"[{'contract': 'NSE_FO|47594|20-01-2026', 'status': 'UNAFFORDABLE_OR_PAST_CAPACITY'}, {'contract': 'NSE_FO|47592|20-01-2026', 'status': 'ORDER_CREATED'}]",PE,OPTION_ACCEL_OI,MODELED_EXIT,25300.0,OPTION_ACCEL_OI_TRAIL
2026-02-03T15:03:00+05:30,,13668.89,NSE_FO|49836|03-02-2026,2026-02-03,,,,,,25.50,65,older_validation,,,reported,455,,"[{'contract': 'NSE_FO|49836|03-02-2026', 'status': 'ORDER_CREATED'}]",PE,OPTION_ACCEL_OI,MODELED_LIMIT_MISS,25750.0,OPTION_ACCEL_OI_TRAIL
2026-02-10T14:47:00+05:30,,13668.89,NSE_FO|42540|10-02-2026,2026-02-10,,,,,,33.25,65,older_validation,,,reported,325,,"[{'contract': 'NSE_FO|42540|10-02-2026', 'status': 'ORDER_CREATED'}]",CE,OPTION_ACCEL_OI,MODELED_LIMIT_MISS,25900.0,OPTION_ACCEL_OI_TRAIL
2026-02-17T15:02:00+05:30,11498.23,13668.89,NSE_FO|48224|17-02-2026,2026-02-17,33.35,2026-02-17T15:03:00+05:30,25.25,2026-02-17T15:25:00+05:30,64.66,40.00,65,older_validation,-2170.66,0.7571214392803598200899550225,reported,260,TIMED_CLOSE,"[{'contract': 'NSE_FO|48224|17-02-2026', 'status': 'ORDER_CREATED'}]",CE,OPTION_ACCEL_OI,MODELED_EXIT,25700.0,OPTION_ACCEL_OI_TRAIL
2026-03-02T15:00:00+05:30,,11498.23,NSE_FO|54881|02-03-2026,2026-03-02,,,,,,53.55,65,older_validation,,,reported,195,,"[{'contract': 'NSE_FO|54881|02-03-2026', 'status': 'ORDER_CREATED'}]",PE,OPTION_ACCEL_OI,MODELED_LIMIT_MISS,24850.0,OPTION_ACCEL_OI_TRAIL
2026-03-10T14:50:00+05:30,8326.15,11498.23,NSE_FO|45482|10-03-2026,2026-03-10,80.20,2026-03-10T14:51:00+05:30,32.25,2026-03-10T15:01:00+05:30,55.33,86.90,65,older_validation,-3172.08,0.4021197007481296758104738155,reported,65,STOP,"[{'contract': 'NSE_FO|45482|10-03-2026', 'status': 'ORDER_CREATED'}]",CE,OPTION_ACCEL_OI,MODELED_EXIT,24200.0,OPTION_ACCEL_OI_TRAIL
2026-03-17T15:06:00+05:30,4044.88,8326.15,NSE_FO|57756|17-03-2026,2026-03-17,21.20,2026-03-17T15:07:00+05:30,8.20,2026-03-17T15:10:00+05:30,56.27,21.55,65,older_validation,-4281.27,0.3867924528301886792452830189,reported,325,STOP,"[{'contract': 'NSE_FO|57756|17-03-2026', 'status': 'ORDER_CREATED'}]",PE,OPTION_ACCEL_OI,MODELED_EXIT,23600.0,OPTION_ACCEL_OI_TRAIL
2026-03-24T15:08:00+05:30,2406.90,4044.88,NSE_FO|62566|24-03-2026,2026-03-24,21.80,2026-03-24T15:09:00+05:30,9.60,2026-03-24T15:13:00+05:30,51.98,24.45,65,older_validation,-1637.98,0.4403669724770642201834862385,reported,130,STOP,"[{'contract': 'NSE_FO|62566|24-03-2026', 'status': 'ORDER_CREATED'}]",CE,OPTION_ACCEL_OI,MODELED_EXIT,22900.0,OPTION_ACCEL_OI_TRAIL
2026-03-30T15:03:00+05:30,,2406.90,NSE_FO|54471|30-03-2026,2026-03-30,,,,,,11.10,65,older_validation,,,reported,195,,"[{'contract': 'NSE_FO|54473|30-03-2026', 'status': 'UNAFFORDABLE_OR_PAST_CAPACITY'}, {'contract': 'NSE_FO|54471|30-03-2026', 'status': 'ORDER_CREATED'}]",PE,OPTION_ACCEL_OI,MODELED_LIMIT_MISS,22300.0,OPTION_ACCEL_OI_TRAIL
2025-10-07T14:45:00+05:30,,9411.18,,2025-10-07,,,,,,,,older_validation,,,reported,,,"[{'contract': 'NSE_FO|38397|07-10-2025', 'status': 'INSUFFICIENT_KNOWN_OI'}, {'contract': 'NSE_FO|38399|07-10-2025', 'status': 'INSUFFICIENT_KNOWN_OI'}, {'contract': 'NSE_FO|38401|07-10-2025', 'status': 'INSUFFICIENT_KNOWN_OI'}, {'contract': 'NSE_FO|38403|07-10-2025', 'status': 'INSUFFICIENT_KNOWN_OI'}]",CE,BLIND_CE,NO_AFFORDABLE_LIQUID_CONTRACT,,BLIND_CE_TARGET
2025-10-14T14:45:00+05:30,,9411.18,NSE_FO|42687|14-10-2025,2025-10-14,,,,,,7.45,75,older_validation,,,reported,1125,,"[{'contract': 'NSE_FO|42687|14-10-2025', 'status': 'ORDER_CREATED'}]",CE,BLIND_CE,MODELED_LIMIT_MISS,25200.0,BLIND_CE_TARGET
2025-10-20T14:45:00+05:30,15112.63,9411.18,NSE_FO|45282|20-10-2025,2025-10-20,19.25,2025-10-20T14:46:00+05:30,38.50,2025-10-20T15:10:00+05:30,73.55,26.05,75,older_validation,5701.45,2,reported,300,TARGET_2X,"[{'contract': 'NSE_FO|45282|20-10-2025', 'status': 'ORDER_CREATED'}]",CE,BLIND_CE,MODELED_EXIT,25800.0,BLIND_CE_TARGET
2025-10-28T14:45:00+05:30,,15112.63,NSE_FO|58970|28-10-2025,2025-10-28,,,,,,15.05,75,older_validation,,,reported,900,,"[{'contract': 'NSE_FO|58970|28-10-2025', 'status': 'ORDER_CREATED'}]",CE,BLIND_CE,MODELED_LIMIT_MISS,25850.0,BLIND_CE_TARGET
2025-11-04T14:45:00+05:30,7751.44,15112.63,NSE_FO|47652|04-11-2025,2025-11-04,23.80,2025-11-04T14:46:00+05:30,9.90,2025-11-04T14:55:00+05:30,63.69,26.35,75,older_validation,-7361.19,0.4159663865546218487394957983,reported,525,STOP,"[{'contract': 'NSE_FO|47652|04-11-2025', 'status': 'ORDER_CREATED'}]",CE,BLIND_CE,MODELED_EXIT,25600.0,BLIND_CE_TARGET
2025-11-11T14:45:00+05:30,,7751.44,NSE_FO|40121|11-11-2025,2025-11-11,,,,,,23.55,75,older_validation,,,reported,300,,"[{'contract': 'NSE_FO|40121|11-11-2025', 'status': 'ORDER_CREATED'}]",CE,BLIND_CE,MODELED_LIMIT_MISS,25650.0,BLIND_CE_TARGET
2025-11-18T14:45:00+05:30,,7751.44,NSE_FO|44297|18-11-2025,2025-11-18,,,,,,15.75,75,older_validation,,,reported,450,,"[{'contract': 'NSE_FO|44297|18-11-2025', 'status': 'ORDER_CREATED'}]",CE,BLIND_CE,MODELED_LIMIT_MISS,25950.0,BLIND_CE_TARGET
2025-11-25T14:45:00+05:30,3983.22,7751.44,NSE_FO|52899|25-11-2025,2025-11-25,15.95,2025-11-25T14:46:00+05:30,6.05,2025-11-25T14:53:00+05:30,55.72,18.05,75,older_validation,-3768.22,0.3793103448275862068965517241,reported,375,STOP,"[{'contract': 'NSE_FO|52899|25-11-2025', 'status': 'ORDER_CREATED'}]",CE,BLIND_CE,MODELED_EXIT,25950.0,BLIND_CE_TARGET
2025-12-02T14:45:00+05:30,,3983.22,NSE_FO|46795|02-12-2025,2025-12-02,,,,,,22.45,75,older_validation,,,reported,150,,"[{'contract': 'NSE_FO|46795|02-12-2025', 'status': 'ORDER_CREATED'}]",CE,BLIND_CE,MODELED_LIMIT_MISS,26000.0,BLIND_CE_TARGET
2025-12-09T14:45:00+05:30,1906.01,3983.22,NSE_FO|41877|09-12-2025,2025-12-09,4.95,2025-12-09T14:46:00+05:30,1.95,2025-12-09T14:53:00+05:30,52.21,5.15,75,older_validation,-2077.21,0.3939393939393939393939393939,reported,675,STOP,"[{'contract': 'NSE_FO|41877|09-12-2025', 'status': 'ORDER_CREATED'}]",CE,BLIND_CE,MODELED_EXIT,25850.0,BLIND_CE_TARGET
2025-12-16T14:45:00+05:30,,1906.01,NSE_FO|48220|16-12-2025,2025-12-16,,,,,,3.35,75,older_validation,,,reported,525,,"[{'contract': 'NSE_FO|48218|16-12-2025', 'status': 'UNAFFORDABLE_OR_PAST_CAPACITY'}, {'contract': 'NSE_FO|48220|16-12-2025', 'status': 'ORDER_CREATED'}]",CE,BLIND_CE,MODELED_LIMIT_MISS,25900.0,BLIND_CE_TARGET
2025-12-23T14:45:00+05:30,,1906.01,NSE_FO|57020|23-12-2025,2025-12-23,,,,,,2.75,75,older_validation,,,reported,600,,"[{'contract': 'NSE_FO|57013|23-12-2025', 'status': 'UNAFFORDABLE_OR_PAST_CAPACITY'}, {'contract': 'NSE_FO|57020|23-12-2025', 'status': 'ORDER_CREATED'}]",CE,BLIND_CE,MODELED_LIMIT_MISS,26200.0,BLIND_CE_TARGET
2025-12-30T14:45:00+05:30,1147.57,1906.01,NSE_FO|65600|30-12-2025,2025-12-30,11.40,2025-12-30T14:46:00+05:30,1.95,2025-12-30T15:01:00+05:30,49.69,12.35,75,older_validation,-758.44,0.1710526315789473684210526316,reported,75,STOP,"[{'contract': 'NSE_FO|65600|30-12-2025', 'status': 'ORDER_CREATED'}]",CE,BLIND_CE,MODELED_EXIT,25950.0,BLIND_CE_TARGET
2026-01-06T14:45:00+05:30,,1147.57,NSE_FO|40475|06-01-2026,2026-01-06,,,,,,10.70,65,older_validation,,,reported,65,,"[{'contract': 'NSE_FO|40475|06-01-2026', 'status': 'ORDER_CREATED'}]",CE,BLIND_CE,MODELED_LIMIT_MISS,26150.0,BLIND_CE_TARGET
2026-01-13T14:45:00+05:30,,1147.57,NSE_FO|46161|13-01-2026,2026-01-13,,,,,,15.85,65,older_validation,,,reported,65,,"[{'contract': 'NSE_FO|46161|13-01-2026', 'status': 'ORDER_CREATED'}]",CE,BLIND_CE,MODELED_LIMIT_MISS,25700.0,BLIND_CE_TARGET
2026-01-20T14:45:00+05:30,,1147.57,NSE_FO|47595|20-01-2026,2026-01-20,,,,,,3.60,65,older_validation,,,reported,260,,"[{'contract': 'NSE_FO|47593|20-01-2026', 'status': 'UNAFFORDABLE_OR_PAST_CAPACITY'}, {'contract': 'NSE_FO|47595|20-01-2026', 'status': 'ORDER_CREATED'}]",CE,BLIND_CE,MODELED_LIMIT_MISS,25400.0,BLIND_CE_TARGET
2026-01-27T14:45:00+05:30,,1147.57,NSE_FO|58667|27-01-2026,2026-01-27,,,,,,12.00,65,older_validation,,,reported,65,,"[{'contract': 'NSE_FO|58665|27-01-2026', 'status': 'UNAFFORDABLE_OR_PAST_CAPACITY'}, {'contract': 'NSE_FO|58667|27-01-2026', 'status': 'ORDER_CREATED'}]",CE,BLIND_CE,MODELED_LIMIT_MISS,25150.0,BLIND_CE_TARGET
2026-02-03T14:45:00+05:30,,1147.57,NSE_FO|49838|03-02-2026,2026-02-03,,,,,,14.70,65,older_validation,,,reported,65,,"[{'contract': 'NSE_FO|49835|03-02-2026', 'status': 'UNAFFORDABLE_OR_PAST_CAPACITY'}, {'contract': 'NSE_FO|49838|03-02-2026', 'status': 'ORDER_CREATED'}]",CE,BLIND_CE,MODELED_LIMIT_MISS,25800.0,BLIND_CE_TARGET
2026-02-10T14:45:00+05:30,,1147.57,NSE_FO|42544|10-02-2026,2026-02-10,,,,,,3.75,65,older_validation,,,reported,260,,"[{'contract': 'NSE_FO|42540|10-02-2026', 'status': 'UNAFFORDABLE_OR_PAST_CAPACITY'}, {'contract': 'NSE_FO|42544|10-02-2026', 'status': 'ORDER_CREATED'}]",CE,BLIND_CE,MODELED_LIMIT_MISS,25950.0,BLIND_CE_TARGET
2026-02-17T14:45:00+05:30,681.83,1147.57,NSE_FO|48226|17-02-2026,2026-02-17,5.90,2026-02-17T14:46:00+05:30,2.70,2026-02-17T14:49:00+05:30,49.74,6.25,65,older_validation,-465.74,0.4576271186440677966101694915,reported,130,STOP,"[{'contract': 'NSE_FO|48224|17-02-2026', 'status': 'UNAFFORDABLE_OR_PAST_CAPACITY'}, {'contract': 'NSE_FO|48226|17-02-2026', 'status': 'ORDER_CREATED'}]",CE,BLIND_CE,MODELED_EXIT,25750.0,BLIND_CE_TARGET
2026-02-24T14:45:00+05:30,,681.83,NSE_FO|64850|24-02-2026,2026-02-24,,,,,,3.30,65,older_validation,,,reported,130,,"[{'contract': 'NSE_FO|64845|24-02-2026', 'status': 'UNAFFORDABLE_OR_PAST_CAPACITY'}, {'contract': 'NSE_FO|64850|24-02-2026', 'status': 'ORDER_CREATED'}]",CE,BLIND_CE,MODELED_LIMIT_MISS,25450.0,BLIND_CE_TARGET
2026-03-02T14:45:00+05:30,898.73,681.83,NSE_FO|54886|02-03-2026,2026-03-02,4.10,2026-03-02T14:46:00+05:30,8.20,2026-03-02T14:48:00+05:30,49.60,6.95,65,older_validation,216.90,2,reported,65,TARGET_2X,"[{'contract': 'NSE_FO|54880|02-03-2026', 'status': 'UNAFFORDABLE_OR_PAST_CAPACITY'}, {'contract': 'NSE_FO|54882|02-03-2026', 'status': 'UNAFFORDABLE_OR_PAST_CAPACITY'}, {'contract': 'NSE_FO|54884|02-03-2026', 'status': 'UNAFFORDABLE_OR_PAST_CAPACITY'}, {'contract': 'NSE_FO|54886|02-03-2026', 'status': 'ORDER_CREATED'}]",CE,BLIND_CE,MODELED_EXIT,25000.0,BLIND_CE_TARGET
2026-03-10T14:45:00+05:30,1205.51,898.73,NSE_FO|45488|10-03-2026,2026-03-10,5.5,2026-03-10T14:46:00+05:30,11.0,2026-03-10T14:49:00+05:30,50.72,8.10,65,older_validation,306.78,2,reported,65,TARGET_2X,"[{'contract': 'NSE_FO|45482|10-03-2026', 'status': 'UNAFFORDABLE_OR_PAST_CAPACITY'}, {'contract': 'NSE_FO|45484|10-03-2026', 'status': 'UNAFFORDABLE_OR_PAST_CAPACITY'}, {'contract': 'NSE_FO|45488|10-03-2026', 'status': 'ORDER_CREATED'}]",CE,BLIND_CE,MODELED_EXIT,24300.0,BLIND_CE_TARGET
2026-03-17T14:45:00+05:30,525.25,1205.51,NSE_FO|57757|17-03-2026,2026-03-17,6.85,2026-03-17T14:46:00+05:30,2.00,2026-03-17T14:49:00+05:30,49.76,7.35,65,older_validation,-680.26,0.2919708029197080291970802920,reported,130,STOP,"[{'contract': 'NSE_FO|57753|17-03-2026', 'status': 'UNAFFORDABLE_OR_PAST_CAPACITY'}, {'contract': 'NSE_FO|57757|17-03-2026', 'status': 'ORDER_CREATED'}]",CE,BLIND_CE,MODELED_EXIT,23650.0,BLIND_CE_TARGET
2026-03-24T14:45:00+05:30,,525.25,NSE_FO|62572|24-03-2026,2026-03-24,,,,,,3.95,65,older_validation,,,reported,65,,"[{'contract': 'NSE_FO|62566|24-03-2026', 'status': 'UNAFFORDABLE_OR_PAST_CAPACITY'}, {'contract': 'NSE_FO|62568|24-03-2026', 'status': 'UNAFFORDABLE_OR_PAST_CAPACITY'}, {'contract': 'NSE_FO|62570|24-03-2026', 'status': 'UNAFFORDABLE_OR_PAST_CAPACITY'}, {'contract': 'NSE_FO|62572|24-03-2026', 'status': 'ORDER_CREATED'}]",CE,BLIND_CE,MODELED_LIMIT_MISS,23050.0,BLIND_CE_TARGET
2026-03-30T14:45:00+05:30,,525.25,NSE_FO|54478|30-03-2026,2026-03-30,,,,,,4.40,65,older_validation,,,reported,65,,"[{'contract': 'NSE_FO|54472|30-03-2026', 'status': 'UNAFFORDABLE_OR_PAST_CAPACITY'}, {'contract': 'NSE_FO|54474|30-03-2026', 'status': 'UNAFFORDABLE_OR_PAST_CAPACITY'}, {'contract': 'NSE_FO|54476|30-03-2026', 'status': 'UNAFFORDABLE_OR_PAST_CAPACITY'}, {'contract': 'NSE_FO|54478|30-03-2026', 'status': 'ORDER_CREATED'}]",CE,BLIND_CE,MODELED_LIMIT_MISS,22500.0,BLIND_CE_TARGET
2025-10-07T14:45:00+05:30,,9411.18,,2025-10-07,,,,,,,,older_validation,,,reported,,,"[{'contract': 'NSE_FO|38397|07-10-2025', 'status': 'INSUFFICIENT_KNOWN_OI'}, {'contract': 'NSE_FO|38399|07-10-2025', 'status': 'INSUFFICIENT_KNOWN_OI'}, {'contract': 'NSE_FO|38401|07-10-2025', 'status': 'INSUFFICIENT_KNOWN_OI'}, {'contract': 'NSE_FO|38403|07-10-2025', 'status': 'INSUFFICIENT_KNOWN_OI'}]",CE,BLIND_CE,NO_AFFORDABLE_LIQUID_CONTRACT,,BLIND_CE_TRAIL
2025-10-14T14:45:00+05:30,,9411.18,NSE_FO|42687|14-10-2025,2025-10-14,,,,,,7.45,75,older_validation,,,reported,1125,,"[{'contract': 'NSE_FO|42687|14-10-2025', 'status': 'ORDER_CREATED'}]",CE,BLIND_CE,MODELED_LIMIT_MISS,25200.0,BLIND_CE_TRAIL
2025-10-20T14:45:00+05:30,7926.66,9411.18,NSE_FO|45282|20-10-2025,2025-10-20,19.25,2025-10-20T14:46:00+05:30,14.50,2025-10-20T15:01:00+05:30,59.52,26.05,75,older_validation,-1484.52,0.7532467532467532467532467532,reported,300,STOP,"[{'contract': 'NSE_FO|45282|20-10-2025', 'status': 'ORDER_CREATED'}]",CE,BLIND_CE,MODELED_EXIT,25800.0,BLIND_CE_TRAIL
2025-10-28T14:45:00+05:30,,7926.66,NSE_FO|58970|28-10-2025,2025-10-28,,,,,,15.05,75,older_validation,,,reported,450,,"[{'contract': 'NSE_FO|58970|28-10-2025', 'status': 'ORDER_CREATED'}]",CE,BLIND_CE,MODELED_LIMIT_MISS,25850.0,BLIND_CE_TRAIL
2025-11-04T14:45:00+05:30,4743.71,7926.66,NSE_FO|47652|04-11-2025,2025-11-04,23.80,2025-11-04T14:46:00+05:30,9.90,2025-11-04T14:55:00+05:30,55.45,26.35,75,older_validation,-3182.95,0.4159663865546218487394957983,reported,225,STOP,"[{'contract': 'NSE_FO|47652|04-11-2025', 'status': 'ORDER_CREATED'}]",CE,BLIND_CE,MODELED_EXIT,25600.0,BLIND_CE_TRAIL
2025-11-11T14:45:00+05:30,,4743.71,NSE_FO|40121|11-11-2025,2025-11-11,,,,,,23.55,75,older_validation,,,reported,150,,"[{'contract': 'NSE_FO|40121|11-11-2025', 'status': 'ORDER_CREATED'}]",CE,BLIND_CE,MODELED_LIMIT_MISS,25650.0,BLIND_CE_TRAIL
2025-11-18T14:45:00+05:30,,4743.71,NSE_FO|44297|18-11-2025,2025-11-18,,,,,,15.75,75,older_validation,,,reported,225,,"[{'contract': 'NSE_FO|44297|18-11-2025', 'status': 'ORDER_CREATED'}]",CE,BLIND_CE,MODELED_LIMIT_MISS,25950.0,BLIND_CE_TRAIL
2025-11-25T14:45:00+05:30,2890.19,4743.71,NSE_FO|52899|25-11-2025,2025-11-25,15.95,2025-11-25T14:46:00+05:30,7.95,2025-11-25T14:52:00+05:30,53.52,18.05,75,older_validation,-1853.52,0.4984326018808777429467084639,reported,225,STOP,"[{'contract': 'NSE_FO|52899|25-11-2025', 'status': 'ORDER_CREATED'}]",CE,BLIND_CE,MODELED_EXIT,25950.0,BLIND_CE_TRAIL
2025-12-02T14:45:00+05:30,,2890.19,NSE_FO|46795|02-12-2025,2025-12-02,,,,,,22.45,75,older_validation,,,reported,75,,"[{'contract': 'NSE_FO|46795|02-12-2025', 'status': 'ORDER_CREATED'}]",CE,BLIND_CE,MODELED_LIMIT_MISS,26000.0,BLIND_CE_TRAIL
2025-12-09T14:45:00+05:30,1263.39,2890.19,NSE_FO|41877|09-12-2025,2025-12-09,4.95,2025-12-09T14:46:00+05:30,1.95,2025-12-09T14:53:00+05:30,51.80,5.15,75,older_validation,-1626.80,0.3939393939393939393939393939,reported,525,STOP,"[{'contract': 'NSE_FO|41877|09-12-2025', 'status': 'ORDER_CREATED'}]",CE,BLIND_CE,MODELED_EXIT,25850.0,BLIND_CE_TRAIL
2025-12-16T14:45:00+05:30,,1263.39,NSE_FO|48220|16-12-2025,2025-12-16,,,,,,3.35,75,older_validation,,,reported,300,,"[{'contract': 'NSE_FO|48218|16-12-2025', 'status': 'UNAFFORDABLE_OR_PAST_CAPACITY'}, {'contract': 'NSE_FO|48220|16-12-2025', 'status': 'ORDER_CREATED'}]",CE,BLIND_CE,MODELED_LIMIT_MISS,25900.0,BLIND_CE_TRAIL
2025-12-23T14:45:00+05:30,,1263.39,NSE_FO|57020|23-12-2025,2025-12-23,,,,,,2.75,75,older_validation,,,reported,375,,"[{'contract': 'NSE_FO|57013|23-12-2025', 'status': 'UNAFFORDABLE_OR_PAST_CAPACITY'}, {'contract': 'NSE_FO|57020|23-12-2025', 'status': 'ORDER_CREATED'}]",CE,BLIND_CE,MODELED_LIMIT_MISS,26200.0,BLIND_CE_TRAIL
2025-12-30T14:45:00+05:30,861.06,1263.39,NSE_FO|65600|30-12-2025,2025-12-30,11.40,2025-12-30T14:46:00+05:30,6.70,2025-12-30T14:59:00+05:30,49.83,12.35,75,older_validation,-402.33,0.5877192982456140350877192982,reported,75,STOP,"[{'contract': 'NSE_FO|65600|30-12-2025', 'status': 'ORDER_CREATED'}]",CE,BLIND_CE,MODELED_EXIT,25950.0,BLIND_CE_TRAIL
2026-01-06T14:45:00+05:30,,861.06,NSE_FO|40475|06-01-2026,2026-01-06,,,,,,10.70,65,older_validation,,,reported,65,,"[{'contract': 'NSE_FO|40475|06-01-2026', 'status': 'ORDER_CREATED'}]",CE,BLIND_CE,MODELED_LIMIT_MISS,26150.0,BLIND_CE_TRAIL
2026-01-13T14:45:00+05:30,,861.06,NSE_FO|46163|13-01-2026,2026-01-13,,,,,,2.75,65,older_validation,,,reported,260,,"[{'contract': 'NSE_FO|46161|13-01-2026', 'status': 'UNAFFORDABLE_OR_PAST_CAPACITY'}, {'contract': 'NSE_FO|46163|13-01-2026', 'status': 'ORDER_CREATED'}]",CE,BLIND_CE,MODELED_LIMIT_MISS,25750.0,BLIND_CE_TRAIL
2026-01-20T14:45:00+05:30,,861.06,NSE_FO|47595|20-01-2026,2026-01-20,,,,,,3.60,65,older_validation,,,reported,195,,"[{'contract': 'NSE_FO|47593|20-01-2026', 'status': 'UNAFFORDABLE_OR_PAST_CAPACITY'}, {'contract': 'NSE_FO|47595|20-01-2026', 'status': 'ORDER_CREATED'}]",CE,BLIND_CE,MODELED_LIMIT_MISS,25400.0,BLIND_CE_TRAIL
2026-01-27T14:45:00+05:30,,861.06,NSE_FO|58667|27-01-2026,2026-01-27,,,,,,12.00,65,older_validation,,,reported,65,,"[{'contract': 'NSE_FO|58665|27-01-2026', 'status': 'UNAFFORDABLE_OR_PAST_CAPACITY'}, {'contract': 'NSE_FO|58667|27-01-2026', 'status': 'ORDER_CREATED'}]",CE,BLIND_CE,MODELED_LIMIT_MISS,25150.0,BLIND_CE_TRAIL
2026-02-03T14:45:00+05:30,,861.06,NSE_FO|49841|03-02-2026,2026-02-03,,,,,,5.25,65,older_validation,,,reported,130,,"[{'contract': 'NSE_FO|49835|03-02-2026', 'status': 'UNAFFORDABLE_OR_PAST_CAPACITY'}, {'contract': 'NSE_FO|49838|03-02-2026', 'status': 'UNAFFORDABLE_OR_PAST_CAPACITY'}, {'contract': 'NSE_FO|49841|03-02-2026', 'status': 'ORDER_CREATED'}]",CE,BLIND_CE,MODELED_LIMIT_MISS,25850.0,BLIND_CE_TRAIL
2026-02-10T14:45:00+05:30,,861.06,NSE_FO|42544|10-02-2026,2026-02-10,,,,,,3.75,65,older_validation,,,reported,195,,"[{'contract': 'NSE_FO|42540|10-02-2026', 'status': 'UNAFFORDABLE_OR_PAST_CAPACITY'}, {'contract': 'NSE_FO|42544|10-02-2026', 'status': 'ORDER_CREATED'}]",CE,BLIND_CE,MODELED_LIMIT_MISS,25950.0,BLIND_CE_TRAIL
2026-02-17T14:45:00+05:30,603.56,861.06,NSE_FO|48226|17-02-2026,2026-02-17,5.90,2026-02-17T14:46:00+05:30,2.70,2026-02-17T14:49:00+05:30,49.50,6.25,65,older_validation,-257.50,0.4576271186440677966101694915,reported,65,STOP,"[{'contract': 'NSE_FO|48224|17-02-2026', 'status': 'UNAFFORDABLE_OR_PAST_CAPACITY'}, {'contract': 'NSE_FO|48226|17-02-2026', 'status': 'ORDER_CREATED'}]",CE,BLIND_CE,MODELED_EXIT,25750.0,BLIND_CE_TRAIL
2026-02-24T14:45:00+05:30,,603.56,NSE_FO|64850|24-02-2026,2026-02-24,,,,,,3.30,65,older_validation,,,reported,130,,"[{'contract': 'NSE_FO|64845|24-02-2026', 'status': 'UNAFFORDABLE_OR_PAST_CAPACITY'}, {'contract': 'NSE_FO|64850|24-02-2026', 'status': 'ORDER_CREATED'}]",CE,BLIND_CE,MODELED_LIMIT_MISS,25450.0,BLIND_CE_TRAIL
2026-03-02T14:45:00+05:30,466.35,603.56,NSE_FO|54886|02-03-2026,2026-03-02,4.10,2026-03-02T14:46:00+05:30,2.75,2026-03-02T14:49:00+05:30,49.46,6.95,65,older_validation,-137.21,0.6707317073170731707317073171,reported,65,STOP,"[{'contract': 'NSE_FO|54880|02-03-2026', 'status': 'UNAFFORDABLE_OR_PAST_CAPACITY'}, {'contract': 'NSE_FO|54882|02-03-2026', 'status': 'UNAFFORDABLE_OR_PAST_CAPACITY'}, {'contract': 'NSE_FO|54884|02-03-2026', 'status': 'UNAFFORDABLE_OR_PAST_CAPACITY'}, {'contract': 'NSE_FO|54886|02-03-2026', 'status': 'ORDER_CREATED'}]",CE,BLIND_CE,MODELED_EXIT,25000.0,BLIND_CE_TRAIL
2026-03-10T14:45:00+05:30,410.40,466.35,NSE_FO|45490|10-03-2026,2026-03-10,1.75,2026-03-10T14:46:00+05:30,1.70,2026-03-10T14:50:00+05:30,49.45,2.75,65,older_validation,-55.95,0.9714285714285714285714285714,reported,130,STOP,"[{'contract': 'NSE_FO|45482|10-03-2026', 'status': 'UNAFFORDABLE_OR_PAST_CAPACITY'}, {'contract': 'NSE_FO|45484|10-03-2026', 'status': 'UNAFFORDABLE_OR_PAST_CAPACITY'}, {'contract': 'NSE_FO|45488|10-03-2026', 'status': 'UNAFFORDABLE_OR_PAST_CAPACITY'}, {'contract': 'NSE_FO|45490|10-03-2026', 'status': 'ORDER_CREATED'}]",CE,BLIND_CE,MODELED_EXIT,24350.0,BLIND_CE_TRAIL
2026-03-17T14:45:00+05:30,198.47,410.40,NSE_FO|57764|17-03-2026,2026-03-17,2.0,2026-03-17T14:46:00+05:30,0.75,2026-03-17T14:49:00+05:30,49.43,2.35,65,older_validation,-211.93,0.375,reported,130,STOP,"[{'contract': 'NSE_FO|57753|17-03-2026', 'status': 'UNAFFORDABLE_OR_PAST_CAPACITY'}, {'contract': 'NSE_FO|57757|17-03-2026', 'status': 'UNAFFORDABLE_OR_PAST_CAPACITY'}, {'contract': 'NSE_FO|57764|17-03-2026', 'status': 'ORDER_CREATED'}]",CE,BLIND_CE,MODELED_EXIT,23700.0,BLIND_CE_TRAIL
2026-03-24T14:45:00+05:30,,198.47,,2026-03-24,,,,,,,,older_validation,,,reported,,,"[{'contract': 'NSE_FO|62566|24-03-2026', 'status': 'UNAFFORDABLE_OR_PAST_CAPACITY'}, {'contract': 'NSE_FO|62568|24-03-2026', 'status': 'UNAFFORDABLE_OR_PAST_CAPACITY'}, {'contract': 'NSE_FO|62570|24-03-2026', 'status': 'UNAFFORDABLE_OR_PAST_CAPACITY'}, {'contract': 'NSE_FO|62572|24-03-2026', 'status': 'UNAFFORDABLE_OR_PAST_CAPACITY'}]",CE,BLIND_CE,NO_AFFORDABLE_LIQUID_CONTRACT,,BLIND_CE_TRAIL
2026-03-30T14:45:00+05:30,,198.47,,2026-03-30,,,,,,,,older_validation,,,reported,,,"[{'contract': 'NSE_FO|54472|30-03-2026', 'status': 'UNAFFORDABLE_OR_PAST_CAPACITY'}, {'contract': 'NSE_FO|54474|30-03-2026', 'status': 'UNAFFORDABLE_OR_PAST_CAPACITY'}, {'contract': 'NSE_FO|54476|30-03-2026', 'status': 'UNAFFORDABLE_OR_PAST_CAPACITY'}, {'contract': 'NSE_FO|54478|30-03-2026', 'status': 'UNAFFORDABLE_OR_PAST_CAPACITY'}]",CE,BLIND_CE,NO_AFFORDABLE_LIQUID_CONTRACT,,BLIND_CE_TRAIL
2025-10-07T14:45:00+05:30,,9411.18,,2025-10-07,,,,,,,,older_validation,,,reported,,,"[{'contract': 'NSE_FO|38398|07-10-2025', 'status': 'INSUFFICIENT_KNOWN_OI'}, {'contract': 'NSE_FO|38396|07-10-2025', 'status': 'INSUFFICIENT_KNOWN_OI'}, {'contract': 'NSE_FO|38394|07-10-2025', 'status': 'INSUFFICIENT_KNOWN_OI'}, {'contract': 'NSE_FO|38389|07-10-2025', 'status': 'INSUFFICIENT_KNOWN_OI'}]",PE,BLIND_PE,NO_AFFORDABLE_LIQUID_CONTRACT,,BLIND_PE_TARGET
2025-10-14T14:45:00+05:30,,9411.18,NSE_FO|42690|14-10-2025,2025-10-14,,,,,,32.95,75,older_validation,,,reported,225,,"[{'contract': 'NSE_FO|42690|14-10-2025', 'status': 'ORDER_CREATED'}]",PE,BLIND_PE,MODELED_LIMIT_MISS,25200.0,BLIND_PE_TARGET
2025-10-20T14:45:00+05:30,,9411.18,NSE_FO|45283|20-10-2025,2025-10-20,,,,,,11.55,75,older_validation,,,reported,750,,"[{'contract': 'NSE_FO|45283|20-10-2025', 'status': 'ORDER_CREATED'}]",PE,BLIND_PE,MODELED_LIMIT_MISS,25800.0,BLIND_PE_TARGET
2025-10-28T14:45:00+05:30,4870.04,9411.18,NSE_FO|58973|28-10-2025,2025-10-28,22.85,2025-10-28T14:46:00+05:30,7.90,2025-10-28T14:57:00+05:30,56.14,28.35,75,older_validation,-4541.14,0.3457330415754923413566739606,reported,300,STOP,"[{'contract': 'NSE_FO|58973|28-10-2025', 'status': 'ORDER_CREATED'}]",PE,BLIND_PE,MODELED_EXIT,25850.0,BLIND_PE_TARGET
2025-11-04T14:45:00+05:30,,4870.04,NSE_FO|47659|04-11-2025,2025-11-04,,,,,,12.55,75,older_validation,,,reported,300,,"[{'contract': 'NSE_FO|47659|04-11-2025', 'status': 'ORDER_CREATED'}]",PE,BLIND_PE,MODELED_LIMIT_MISS,25600.0,BLIND_PE_TARGET
2025-11-11T14:45:00+05:30,,4870.04,NSE_FO|40122|11-11-2025,2025-11-11,,,,,,10.35,75,older_validation,,,reported,375,,"[{'contract': 'NSE_FO|40122|11-11-2025', 'status': 'ORDER_CREATED'}]",PE,BLIND_PE,MODELED_LIMIT_MISS,25650.0,BLIND_PE_TARGET
2025-11-18T14:45:00+05:30,,4870.04,NSE_FO|44298|18-11-2025,2025-11-18,,,,,,12.55,75,older_validation,,,reported,300,,"[{'contract': 'NSE_FO|44298|18-11-2025', 'status': 'ORDER_CREATED'}]",PE,BLIND_PE,MODELED_LIMIT_MISS,25950.0,BLIND_PE_TARGET
2025-11-25T14:45:00+05:30,,4870.04,NSE_FO|52910|25-11-2025,2025-11-25,,,,,,19.15,75,older_validation,,,reported,225,,"[{'contract': 'NSE_FO|52910|25-11-2025', 'status': 'ORDER_CREATED'}]",PE,BLIND_PE,MODELED_LIMIT_MISS,25950.0,BLIND_PE_TARGET
2025-12-02T14:45:00+05:30,,4870.04,NSE_FO|46796|02-12-2025,2025-12-02,,,,,,12.45,75,older_validation,,,reported,300,,"[{'contract': 'NSE_FO|46796|02-12-2025', 'status': 'ORDER_CREATED'}]",PE,BLIND_PE,MODELED_LIMIT_MISS,26000.0,BLIND_PE_TARGET
2025-12-09T14:45:00+05:30,,4870.04,NSE_FO|41878|09-12-2025,2025-12-09,,,,,,39.25,75,older_validation,,,reported,75,,"[{'contract': 'NSE_FO|41878|09-12-2025', 'status': 'ORDER_CREATED'}]",PE,BLIND_PE,MODELED_LIMIT_MISS,25850.0,BLIND_PE_TARGET
2025-12-16T14:45:00+05:30,,4870.04,NSE_FO|48219|16-12-2025,2025-12-16,,,,,,6.05,75,older_validation,,,reported,750,,"[{'contract': 'NSE_FO|48219|16-12-2025', 'status': 'ORDER_CREATED'}]",PE,BLIND_PE,MODELED_LIMIT_MISS,25850.0,BLIND_PE_TARGET
2025-12-23T14:45:00+05:30,2587.53,4870.04,NSE_FO|57019|23-12-2025,2025-12-23,6.5,2025-12-23T14:46:00+05:30,3.20,2025-12-23T14:47:00+05:30,55.01,6.70,75,older_validation,-2282.51,0.4923076923076923076923076923,reported,675,STOP,"[{'contract': 'NSE_FO|57019|23-12-2025', 'status': 'ORDER_CREATED'}]",PE,BLIND_PE,MODELED_EXIT,26150.0,BLIND_PE_TARGET
2025-12-30T14:45:00+05:30,,2587.53,NSE_FO|65620|30-12-2025,2025-12-30,,,,,,16.30,75,older_validation,,,reported,75,,"[{'contract': 'NSE_FO|65620|30-12-2025', 'status': 'ORDER_CREATED'}]",PE,BLIND_PE,MODELED_LIMIT_MISS,25950.0,BLIND_PE_TARGET
2026-01-06T14:45:00+05:30,1378.85,2587.53,NSE_FO|40476|06-01-2026,2026-01-06,8.70,2026-01-06T14:46:00+05:30,4.25,2026-01-06T14:48:00+05:30,51.68,9.30,65,older_validation,-1208.68,0.4885057471264367816091954023,reported,260,STOP,"[{'contract': 'NSE_FO|40476|06-01-2026', 'status': 'ORDER_CREATED'}]",PE,BLIND_PE,MODELED_EXIT,26150.0,BLIND_PE_TARGET
2026-01-13T14:45:00+05:30,662.69,1378.85,NSE_FO|46160|13-01-2026,2026-01-13,3.35,2026-01-13T14:46:00+05:30,1.30,2026-01-13T14:48:00+05:30,49.91,3.70,65,older_validation,-716.16,0.3880597014925373134328358209,reported,325,STOP,"[{'contract': 'NSE_FO|46162|13-01-2026', 'status': 'UNAFFORDABLE_OR_PAST_CAPACITY'}, {'contract': 'NSE_FO|46160|13-01-2026', 'status': 'ORDER_CREATED'}]",PE,BLIND_PE,MODELED_EXIT,25650.0,BLIND_PE_TARGET
2026-01-20T14:45:00+05:30,1053.86,662.69,NSE_FO|47592|20-01-2026,2026-01-20,3.40,2026-01-20T14:46:00+05:30,6.80,2026-01-20T15:01:00+05:30,50.83,3.60,65,older_validation,391.17,2,reported,130,TARGET_2X,"[{'contract': 'NSE_FO|47594|20-01-2026', 'status': 'UNAFFORDABLE_OR_PAST_CAPACITY'}, {'contract': 'NSE_FO|47592|20-01-2026', 'status': 'ORDER_CREATED'}]",PE,BLIND_PE,MODELED_EXIT,25300.0,BLIND_PE_TARGET
2026-01-27T14:45:00+05:30,757.34,1053.86,NSE_FO|58664|27-01-2026,2026-01-27,6.45,2026-01-27T14:46:00+05:30,2.65,2026-01-27T14:51:00+05:30,49.52,10.65,65,older_validation,-296.52,0.4108527131782945736434108527,reported,65,STOP,"[{'contract': 'NSE_FO|58666|27-01-2026', 'status': 'UNAFFORDABLE_OR_PAST_CAPACITY'}, {'contract': 'NSE_FO|58664|27-01-2026', 'status': 'ORDER_CREATED'}]",PE,BLIND_PE,MODELED_EXIT,25050.0,BLIND_PE_TARGET
2026-02-03T14:45:00+05:30,421.81,757.34,NSE_FO|49824|03-02-2026,2026-02-03,6.95,2026-02-03T14:46:00+05:30,2.55,2026-02-03T14:50:00+05:30,49.53,9.80,65,older_validation,-335.53,0.3669064748201438848920863309,reported,65,STOP,"[{'contract': 'NSE_FO|49836|03-02-2026', 'status': 'UNAFFORDABLE_OR_PAST_CAPACITY'}, {'contract': 'NSE_FO|49834|03-02-2026', 'status': 'UNAFFORDABLE_OR_PAST_CAPACITY'}, {'contract': 'NSE_FO|49824|03-02-2026', 'status': 'ORDER_CREATED'}]",PE,BLIND_PE,MODELED_EXIT,25650.0,BLIND_PE_TARGET
2026-02-10T14:45:00+05:30,235.90,421.81,NSE_FO|42539|10-02-2026,2026-02-10,1.20,2026-02-10T14:46:00+05:30,0.50,2026-02-10T14:50:00+05:30,49.41,1.85,65,older_validation,-185.91,0.4166666666666666666666666667,reported,195,STOP,"[{'contract': 'NSE_FO|42543|10-02-2026', 'status': 'UNAFFORDABLE_OR_PAST_CAPACITY'}, {'contract': 'NSE_FO|42539|10-02-2026', 'status': 'ORDER_CREATED'}]",PE,BLIND_PE,MODELED_EXIT,25850.0,BLIND_PE_TARGET
2026-02-17T14:45:00+05:30,,235.90,NSE_FO|48223|17-02-2026,2026-02-17,,,,,,1.80,65,older_validation,,,reported,65,,"[{'contract': 'NSE_FO|48225|17-02-2026', 'status': 'UNAFFORDABLE_OR_PAST_CAPACITY'}, {'contract': 'NSE_FO|48223|17-02-2026', 'status': 'ORDER_CREATED'}]",PE,BLIND_PE,MODELED_LIMIT_MISS,25650.0,BLIND_PE_TARGET
2026-02-24T14:45:00+05:30,,235.90,NSE_FO|64842|24-02-2026,2026-02-24,,,,,,2.55,65,older_validation,,,reported,65,,"[{'contract': 'NSE_FO|64849|24-02-2026', 'status': 'UNAFFORDABLE_OR_PAST_CAPACITY'}, {'contract': 'NSE_FO|64844|24-02-2026', 'status': 'UNAFFORDABLE_OR_PAST_CAPACITY'}, {'contract': 'NSE_FO|64842|24-02-2026', 'status': 'ORDER_CREATED'}]",PE,BLIND_PE,MODELED_LIMIT_MISS,25300.0,BLIND_PE_TARGET
2026-03-02T14:45:00+05:30,,235.90,,2026-03-02,,,,,,,,older_validation,,,reported,,,"[{'contract': 'NSE_FO|54881|02-03-2026', 'status': 'UNAFFORDABLE_OR_PAST_CAPACITY'}, {'contract': 'NSE_FO|54879|02-03-2026', 'status': 'UNAFFORDABLE_OR_PAST_CAPACITY'}, {'contract': 'NSE_FO|54877|02-03-2026', 'status': 'UNAFFORDABLE_OR_PAST_CAPACITY'}, {'contract': 'NSE_FO|54875|02-03-2026', 'status': 'UNAFFORDABLE_OR_PAST_CAPACITY'}]",PE,BLIND_PE,NO_AFFORDABLE_LIQUID_CONTRACT,,BLIND_PE_TARGET
2026-03-10T14:45:00+05:30,,235.90,NSE_FO|45478|10-03-2026,2026-03-10,,,,,,2.00,65,older_validation,,,reported,65,,"[{'contract': 'NSE_FO|45483|10-03-2026', 'status': 'UNAFFORDABLE_OR_PAST_CAPACITY'}, {'contract': 'NSE_FO|45481|10-03-2026', 'status': 'UNAFFORDABLE_OR_PAST_CAPACITY'}, {'contract': 'NSE_FO|45478|10-03-2026', 'status': 'ORDER_CREATED'}]",PE,BLIND_PE,MODELED_LIMIT_MISS,24100.0,BLIND_PE_TARGET
2026-03-17T14:45:00+05:30,,235.90,NSE_FO|57744|17-03-2026,2026-03-17,,,,,,1.85,65,older_validation,,,reported,65,,"[{'contract': 'NSE_FO|57756|17-03-2026', 'status': 'UNAFFORDABLE_OR_PAST_CAPACITY'}, {'contract': 'NSE_FO|57752|17-03-2026', 'status': 'UNAFFORDABLE_OR_PAST_CAPACITY'}, {'contract': 'NSE_FO|57748|17-03-2026', 'status': 'UNAFFORDABLE_OR_PAST_CAPACITY'}, {'contract': 'NSE_FO|57744|17-03-2026', 'status': 'ORDER_CREATED'}]",PE,BLIND_PE,MODELED_LIMIT_MISS,23450.0,BLIND_PE_TARGET
2026-03-24T14:45:00+05:30,,235.90,NSE_FO|62561|24-03-2026,2026-03-24,,,,,,2.70,65,older_validation,,,reported,65,,"[{'contract': 'NSE_FO|62567|24-03-2026', 'status': 'UNAFFORDABLE_OR_PAST_CAPACITY'}, {'contract': 'NSE_FO|62565|24-03-2026', 'status': 'UNAFFORDABLE_OR_PAST_CAPACITY'}, {'contract': 'NSE_FO|62563|24-03-2026', 'status': 'UNAFFORDABLE_OR_PAST_CAPACITY'}, {'contract': 'NSE_FO|62561|24-03-2026', 'status': 'ORDER_CREATED'}]",PE,BLIND_PE,MODELED_LIMIT_MISS,22750.0,BLIND_PE_TARGET
2026-03-30T14:45:00+05:30,,235.90,NSE_FO|54467|30-03-2026,2026-03-30,,,,,,1.75,65,older_validation,,,reported,65,,"[{'contract': 'NSE_FO|54473|30-03-2026', 'status': 'UNAFFORDABLE_OR_PAST_CAPACITY'}, {'contract': 'NSE_FO|54471|30-03-2026', 'status': 'UNAFFORDABLE_OR_PAST_CAPACITY'}, {'contract': 'NSE_FO|54469|30-03-2026', 'status': 'UNAFFORDABLE_OR_PAST_CAPACITY'}, {'contract': 'NSE_FO|54467|30-03-2026', 'status': 'ORDER_CREATED'}]",PE,BLIND_PE,MODELED_LIMIT_MISS,22200.0,BLIND_PE_TARGET
2025-10-07T14:45:00+05:30,,9411.18,,2025-10-07,,,,,,,,older_validation,,,reported,,,"[{'contract': 'NSE_FO|38398|07-10-2025', 'status': 'INSUFFICIENT_KNOWN_OI'}, {'contract': 'NSE_FO|38396|07-10-2025', 'status': 'INSUFFICIENT_KNOWN_OI'}, {'contract': 'NSE_FO|38394|07-10-2025', 'status': 'INSUFFICIENT_KNOWN_OI'}, {'contract': 'NSE_FO|38389|07-10-2025', 'status': 'INSUFFICIENT_KNOWN_OI'}]",PE,BLIND_PE,NO_AFFORDABLE_LIQUID_CONTRACT,,BLIND_PE_TRAIL
2025-10-14T14:45:00+05:30,,9411.18,NSE_FO|42690|14-10-2025,2025-10-14,,,,,,32.95,75,older_validation,,,reported,225,,"[{'contract': 'NSE_FO|42690|14-10-2025', 'status': 'ORDER_CREATED'}]",PE,BLIND_PE,MODELED_LIMIT_MISS,25200.0,BLIND_PE_TRAIL
2025-10-20T14:45:00+05:30,,9411.18,NSE_FO|45283|20-10-2025,2025-10-20,,,,,,11.55,75,older_validation,,,reported,750,,"[{'contract': 'NSE_FO|45283|20-10-2025', 'status': 'ORDER_CREATED'}]",PE,BLIND_PE,MODELED_LIMIT_MISS,25800.0,BLIND_PE_TRAIL
2025-10-28T14:45:00+05:30,7131.09,9411.18,NSE_FO|58973|28-10-2025,2025-10-28,22.85,2025-10-28T14:46:00+05:30,15.45,2025-10-28T14:55:00+05:30,60.09,28.35,75,older_validation,-2280.09,0.6761487964989059080962800875,reported,300,STOP,"[{'contract': 'NSE_FO|58973|28-10-2025', 'status': 'ORDER_CREATED'}]",PE,BLIND_PE,MODELED_EXIT,25850.0,BLIND_PE_TRAIL
2025-11-04T14:45:00+05:30,,7131.09,NSE_FO|47659|04-11-2025,2025-11-04,,,,,,12.55,75,older_validation,,,reported,525,,"[{'contract': 'NSE_FO|47659|04-11-2025', 'status': 'ORDER_CREATED'}]",PE,BLIND_PE,MODELED_LIMIT_MISS,25600.0,BLIND_PE_TRAIL
2025-11-11T14:45:00+05:30,,7131.09,NSE_FO|40122|11-11-2025,2025-11-11,,,,,,10.35,75,older_validation,,,reported,600,,"[{'contract': 'NSE_FO|40122|11-11-2025', 'status': 'ORDER_CREATED'}]",PE,BLIND_PE,MODELED_LIMIT_MISS,25650.0,BLIND_PE_TRAIL
2025-11-18T14:45:00+05:30,,7131.09,NSE_FO|44298|18-11-2025,2025-11-18,,,,,,12.55,75,older_validation,,,reported,525,,"[{'contract': 'NSE_FO|44298|18-11-2025', 'status': 'ORDER_CREATED'}]",PE,BLIND_PE,MODELED_LIMIT_MISS,25950.0,BLIND_PE_TRAIL
2025-11-25T14:45:00+05:30,,7131.09,NSE_FO|52910|25-11-2025,2025-11-25,,,,,,19.15,75,older_validation,,,reported,300,,"[{'contract': 'NSE_FO|52910|25-11-2025', 'status': 'ORDER_CREATED'}]",PE,BLIND_PE,MODELED_LIMIT_MISS,25950.0,BLIND_PE_TRAIL
2025-12-02T14:45:00+05:30,,7131.09,NSE_FO|46796|02-12-2025,2025-12-02,,,,,,12.45,75,older_validation,,,reported,525,,"[{'contract': 'NSE_FO|46796|02-12-2025', 'status': 'ORDER_CREATED'}]",PE,BLIND_PE,MODELED_LIMIT_MISS,26000.0,BLIND_PE_TRAIL
2025-12-09T14:45:00+05:30,,7131.09,NSE_FO|41878|09-12-2025,2025-12-09,,,,,,39.25,75,older_validation,,,reported,150,,"[{'contract': 'NSE_FO|41878|09-12-2025', 'status': 'ORDER_CREATED'}]",PE,BLIND_PE,MODELED_LIMIT_MISS,25850.0,BLIND_PE_TRAIL
2025-12-16T14:45:00+05:30,,7131.09,NSE_FO|48219|16-12-2025,2025-12-16,,,,,,6.05,75,older_validation,,,reported,1050,,"[{'contract': 'NSE_FO|48219|16-12-2025', 'status': 'ORDER_CREATED'}]",PE,BLIND_PE,MODELED_LIMIT_MISS,25850.0,BLIND_PE_TRAIL
2025-12-23T14:45:00+05:30,3856.35,7131.09,NSE_FO|57019|23-12-2025,2025-12-23,6.5,2025-12-23T14:46:00+05:30,3.20,2025-12-23T14:47:00+05:30,57.24,6.70,75,older_validation,-3274.74,0.4923076923076923076923076923,reported,975,STOP,"[{'contract': 'NSE_FO|57019|23-12-2025', 'status': 'ORDER_CREATED'}]",PE,BLIND_PE,MODELED_EXIT,26150.0,BLIND_PE_TRAIL
2025-12-30T14:45:00+05:30,,3856.35,NSE_FO|65620|30-12-2025,2025-12-30,,,,,,16.30,75,older_validation,,,reported,150,,"[{'contract': 'NSE_FO|65620|30-12-2025', 'status': 'ORDER_CREATED'}]",PE,BLIND_PE,MODELED_LIMIT_MISS,25950.0,BLIND_PE_TRAIL
2026-01-06T14:45:00+05:30,2067.47,3856.35,NSE_FO|40476|06-01-2026,2026-01-06,8.70,2026-01-06T14:46:00+05:30,4.25,2026-01-06T14:48:00+05:30,53.38,9.30,65,older_validation,-1788.88,0.4885057471264367816091954023,reported,390,STOP,"[{'contract': 'NSE_FO|40476|06-01-2026', 'status': 'ORDER_CREATED'}]",PE,BLIND_PE,MODELED_EXIT,26150.0,BLIND_PE_TRAIL
2026-01-13T14:45:00+05:30,1354.42,2067.47,NSE_FO|46162|13-01-2026,2026-01-13,19.45,2026-01-13T14:46:00+05:30,9.25,2026-01-13T14:48:00+05:30,50.05,20.65,65,older_validation,-713.05,0.4755784061696658097686375321,reported,65,STOP,"[{'contract': 'NSE_FO|46162|13-01-2026', 'status': 'ORDER_CREATED'}]",PE,BLIND_PE,MODELED_EXIT,25700.0,BLIND_PE_TRAIL
2026-01-20T14:45:00+05:30,7891.20,1354.42,NSE_FO|47594|20-01-2026,2026-01-20,17.10,2026-01-20T14:46:00+05:30,118.65,2026-01-20T15:25:00+05:30,63.97,17.35,65,older_validation,6536.78,6.938596491228070175438596491,reported,65,TIMED_CLOSE,"[{'contract': 'NSE_FO|47594|20-01-2026', 'status': 'ORDER_CREATED'}]",PE,BLIND_PE,MODELED_EXIT,25350.0,BLIND_PE_TRAIL
2026-01-27T14:45:00+05:30,5535.11,7891.20,NSE_FO|58666|27-01-2026,2026-01-27,17.35,2026-01-27T14:46:00+05:30,8.50,2026-01-27T14:52:00+05:30,55.09,28.00,65,older_validation,-2356.09,0.4899135446685878962536023055,reported,260,STOP,"[{'contract': 'NSE_FO|58666|27-01-2026', 'status': 'ORDER_CREATED'}]",PE,BLIND_PE,MODELED_EXIT,25100.0,BLIND_PE_TRAIL
2026-02-03T14:45:00+05:30,3271.39,5535.11,NSE_FO|49836|03-02-2026,2026-02-03,30.95,2026-02-03T14:46:00+05:30,13.95,2026-02-03T14:53:00+05:30,53.72,38.55,65,older_validation,-2263.72,0.4507269789983844911147011309,reported,130,STOP,"[{'contract': 'NSE_FO|49836|03-02-2026', 'status': 'ORDER_CREATED'}]",PE,BLIND_PE,MODELED_EXIT,25750.0,BLIND_PE_TRAIL
2026-02-10T14:45:00+05:30,2293.81,3271.39,NSE_FO|42543|10-02-2026,2026-02-10,5.35,2026-02-10T14:46:00+05:30,2.50,2026-02-10T14:52:00+05:30,51.33,8.85,65,older_validation,-977.58,0.4672897196261682242990654206,reported,325,STOP,"[{'contract': 'NSE_FO|42543|10-02-2026', 'status': 'ORDER_CREATED'}]",PE,BLIND_PE,MODELED_EXIT,25900.0,BLIND_PE_TRAIL
2026-02-17T14:45:00+05:30,,2293.81,NSE_FO|48225|17-02-2026,2026-02-17,,,,,,9.20,65,older_validation,,,reported,195,,"[{'contract': 'NSE_FO|48225|17-02-2026', 'status': 'ORDER_CREATED'}]",PE,BLIND_PE,MODELED_LIMIT_MISS,25700.0,BLIND_PE_TRAIL
2026-02-24T14:45:00+05:30,,2293.81,NSE_FO|64849|24-02-2026,2026-02-24,,,,,,29.75,65,older_validation,,,reported,65,,"[{'contract': 'NSE_FO|64849|24-02-2026', 'status': 'ORDER_CREATED'}]",PE,BLIND_PE,MODELED_LIMIT_MISS,25400.0,BLIND_PE_TRAIL
2026-03-02T14:45:00+05:30,,2293.81,NSE_FO|54879|02-03-2026,2026-03-02,,,,,,22.30,65,older_validation,,,reported,65,,"[{'contract': 'NSE_FO|54881|02-03-2026', 'status': 'UNAFFORDABLE_OR_PAST_CAPACITY'}, {'contract': 'NSE_FO|54879|02-03-2026', 'status': 'ORDER_CREATED'}]",PE,BLIND_PE,MODELED_LIMIT_MISS,24800.0,BLIND_PE_TRAIL
2026-03-10T14:45:00+05:30,,2293.81,NSE_FO|45483|10-03-2026,2026-03-10,,,,,,15.40,65,older_validation,,,reported,130,,"[{'contract': 'NSE_FO|45483|10-03-2026', 'status': 'ORDER_CREATED'}]",PE,BLIND_PE,MODELED_LIMIT_MISS,24200.0,BLIND_PE_TRAIL
2026-03-17T14:45:00+05:30,,2293.81,NSE_FO|57752|17-03-2026,2026-03-17,,,,,,16.40,65,older_validation,,,reported,130,,"[{'contract': 'NSE_FO|57756|17-03-2026', 'status': 'UNAFFORDABLE_OR_PAST_CAPACITY'}, {'contract': 'NSE_FO|57752|17-03-2026', 'status': 'ORDER_CREATED'}]",PE,BLIND_PE,MODELED_LIMIT_MISS,23550.0,BLIND_PE_TRAIL
2026-03-24T14:45:00+05:30,,2293.81,NSE_FO|62565|24-03-2026,2026-03-24,,,,,,18.10,65,older_validation,,,reported,65,,"[{'contract': 'NSE_FO|62567|24-03-2026', 'status': 'UNAFFORDABLE_OR_PAST_CAPACITY'}, {'contract': 'NSE_FO|62565|24-03-2026', 'status': 'ORDER_CREATED'}]",PE,BLIND_PE,MODELED_LIMIT_MISS,22850.0,BLIND_PE_TRAIL
2026-03-30T14:45:00+05:30,,2293.81,NSE_FO|54473|30-03-2026,2026-03-30,,,,,,25.05,65,older_validation,,,reported,65,,"[{'contract': 'NSE_FO|54473|30-03-2026', 'status': 'ORDER_CREATED'}]",PE,BLIND_PE,MODELED_LIMIT_MISS,22350.0,BLIND_PE_TRAIL
2025-10-07T09:49:00+05:30,,9411.18,,2025-10-07,,,,,,,,all,,,strict,,,"[{'contract': 'NSE_FO|38397|07-10-2025', 'status': 'INSUFFICIENT_KNOWN_OI'}, {'contract': 'NSE_FO|38399|07-10-2025', 'status': 'INSUFFICIENT_KNOWN_OI'}, {'contract': 'NSE_FO|38401|07-10-2025', 'status': 'INSUFFICIENT_KNOWN_OI'}, {'contract': 'NSE_FO|38403|07-10-2025', 'status': 'INSUFFICIENT_KNOWN_OI'}]",CE,ORB30,NO_AFFORDABLE_LIQUID_CONTRACT,,ORB30_TARGET
2025-10-14T09:56:00+05:30,17831.20,9411.18,NSE_FO|42690|14-10-2025,2025-10-14,37.80,2025-10-14T09:57:00+05:30,75.60,2025-10-14T11:18:00+05:30,84.98,38.05,75,all,8420.02,2,strict,225,TARGET_2X,"[{'contract': 'NSE_FO|42690|14-10-2025', 'status': 'ORDER_CREATED'}]",PE,ORB30,MODELED_EXIT,25200.0,ORB30_TARGET
2025-10-28T10:07:00+05:30,,17831.20,NSE_FO|58997|28-10-2025,2025-10-28,,,,,,57.10,75,all,,,strict,225,,"[{'contract': 'NSE_FO|58997|28-10-2025', 'status': 'ORDER_CREATED'}]",PE,ORB30,MODELED_LIMIT_MISS,25900.0,ORB30_TARGET
2025-11-04T10:17:00+05:30,27284.09,17831.20,NSE_FO|47667|04-11-2025,2025-11-04,58.60,2025-11-04T10:18:00+05:30,101.05,2025-11-04T15:25:00+05:30,98.36,65.50,75,all,9452.89,1.724402730375426621160409556,strict,225,TIMED_CLOSE,"[{'contract': 'NSE_FO|47667|04-11-2025', 'status': 'ORDER_CREATED'}]",PE,ORB30,MODELED_EXIT,25700.0,ORB30_TARGET
2025-11-11T10:35:00+05:30,,27284.09,,2025-11-11,,,,,,,,all,,,strict,,,['UNKNOWN_VOLUME_MISMATCH'],PE,ORB30,UNKNOWN_SELECTION_DATA,,ORB30_TARGET
2025-10-07T09:49:00+05:30,,9411.18,,2025-10-07,,,,,,,,all,,,strict,,,"[{'contract': 'NSE_FO|38397|07-10-2025', 'status': 'INSUFFICIENT_KNOWN_OI'}, {'contract': 'NSE_FO|38399|07-10-2025', 'status': 'INSUFFICIENT_KNOWN_OI'}, {'contract': 'NSE_FO|38401|07-10-2025', 'status': 'INSUFFICIENT_KNOWN_OI'}, {'contract': 'NSE_FO|38403|07-10-2025', 'status': 'INSUFFICIENT_KNOWN_OI'}]",CE,ORB30,NO_AFFORDABLE_LIQUID_CONTRACT,,ORB30_TRAIL
2025-10-14T09:56:00+05:30,8477.89,9411.18,NSE_FO|42690|14-10-2025,2025-10-14,37.80,2025-10-14T09:57:00+05:30,33.95,2025-10-14T10:45:00+05:30,67.04,38.05,75,all,-933.29,0.8981481481481481481481481481,strict,225,STOP,"[{'contract': 'NSE_FO|42690|14-10-2025', 'status': 'ORDER_CREATED'}]",PE,ORB30,MODELED_EXIT,25200.0,ORB30_TRAIL
2025-10-28T10:07:00+05:30,,8477.89,NSE_FO|58997|28-10-2025,2025-10-28,,,,,,57.10,75,all,,,strict,75,,"[{'contract': 'NSE_FO|58997|28-10-2025', 'status': 'ORDER_CREATED'}]",PE,ORB30,MODELED_LIMIT_MISS,25900.0,ORB30_TRAIL
2025-11-04T10:17:00+05:30,6498.99,8477.89,NSE_FO|47667|04-11-2025,2025-11-04,58.60,2025-11-04T10:18:00+05:30,32.95,2025-11-04T13:45:00+05:30,55.15,65.50,75,all,-1978.90,0.5622866894197952218430034130,strict,75,STOP,"[{'contract': 'NSE_FO|47667|04-11-2025', 'status': 'ORDER_CREATED'}]",PE,ORB30,MODELED_EXIT,25700.0,ORB30_TRAIL
2025-11-11T10:35:00+05:30,,6498.99,,2025-11-11,,,,,,,,all,,,strict,,,['UNKNOWN_VOLUME_MISMATCH'],PE,ORB30,UNKNOWN_SELECTION_DATA,,ORB30_TRAIL
2025-10-07T14:45:00+05:30,,9411.18,,2025-10-07,,,,,,,,all,,,strict,,,"[{'contract': 'NSE_FO|38398|07-10-2025', 'status': 'INSUFFICIENT_KNOWN_OI'}, 'UNKNOWN_VOLUME_MISMATCH']",PE,LATE_BREAK,UNKNOWN_SELECTION_DATA,,LATE_BREAK_TARGET
2025-10-07T14:45:00+05:30,,9411.18,,2025-10-07,,,,,,,,all,,,strict,,,"[{'contract': 'NSE_FO|38398|07-10-2025', 'status': 'INSUFFICIENT_KNOWN_OI'}, 'UNKNOWN_VOLUME_MISMATCH']",PE,LATE_BREAK,UNKNOWN_SELECTION_DATA,,LATE_BREAK_TRAIL
2025-10-07T14:50:00+05:30,,9411.18,,2025-10-07,,,,,,,,all,,,strict,,,"[{'contract': 'NSE_FO|38397|07-10-2025', 'status': 'INSUFFICIENT_KNOWN_OI'}, {'contract': 'NSE_FO|38399|07-10-2025', 'status': 'INSUFFICIENT_KNOWN_OI'}, {'contract': 'NSE_FO|38401|07-10-2025', 'status': 'INSUFFICIENT_KNOWN_OI'}, {'contract': 'NSE_FO|38403|07-10-2025', 'status': 'INSUFFICIENT_KNOWN_OI'}]",CE,LATE_FADE,NO_AFFORDABLE_LIQUID_CONTRACT,,LATE_FADE_TARGET
2025-10-14T14:49:00+05:30,4697.50,9411.18,NSE_FO|42686|14-10-2025,2025-10-14,10.35,2025-10-14T14:50:00+05:30,3.45,2025-10-14T14:53:00+05:30,56.18,12.00,75,all,-4713.68,0.3333333333333333333333333333,strict,675,STOP,"[{'contract': 'NSE_FO|42686|14-10-2025', 'status': 'ORDER_CREATED'}]",PE,LATE_FADE,MODELED_EXIT,25150.0,LATE_FADE_TARGET
2025-10-20T14:49:00+05:30,2450.01,4697.50,NSE_FO|45284|20-10-2025,2025-10-20,4.15,2025-10-20T14:50:00+05:30,1.90,2025-10-20T14:51:00+05:30,53.74,4.40,75,all,-2247.49,0.4578313253012048192771084337,strict,975,STOP,"[{'contract': 'NSE_FO|45284|20-10-2025', 'status': 'ORDER_CREATED'}]",CE,LATE_FADE,MODELED_EXIT,25850.0,LATE_FADE_TARGET
2025-11-04T14:42:00+05:30,,2450.01,NSE_FO|47659|04-11-2025,2025-11-04,,,,,,11.00,75,all,,,strict,150,,"[{'contract': 'NSE_FO|47659|04-11-2025', 'status': 'ORDER_CREATED'}]",PE,LATE_FADE,MODELED_LIMIT_MISS,25600.0,LATE_FADE_TARGET
2025-11-11T14:37:00+05:30,,2450.01,,2025-11-11,,,,,,,,all,,,strict,,,['UNKNOWN_VOLUME_MISMATCH'],PE,LATE_FADE,UNKNOWN_SELECTION_DATA,,LATE_FADE_TARGET
2025-10-07T14:50:00+05:30,,9411.18,,2025-10-07,,,,,,,,all,,,strict,,,"[{'contract': 'NSE_FO|38397|07-10-2025', 'status': 'INSUFFICIENT_KNOWN_OI'}, {'contract': 'NSE_FO|38399|07-10-2025', 'status': 'INSUFFICIENT_KNOWN_OI'}, {'contract': 'NSE_FO|38401|07-10-2025', 'status': 'INSUFFICIENT_KNOWN_OI'}, {'contract': 'NSE_FO|38403|07-10-2025', 'status': 'INSUFFICIENT_KNOWN_OI'}]",CE,LATE_FADE,NO_AFFORDABLE_LIQUID_CONTRACT,,LATE_FADE_TRAIL
2025-10-14T14:49:00+05:30,4697.50,9411.18,NSE_FO|42686|14-10-2025,2025-10-14,10.35,2025-10-14T14:50:00+05:30,3.45,2025-10-14T14:53:00+05:30,56.18,12.00,75,all,-4713.68,0.3333333333333333333333333333,strict,675,STOP,"[{'contract': 'NSE_FO|42686|14-10-2025', 'status': 'ORDER_CREATED'}]",PE,LATE_FADE,MODELED_EXIT,25150.0,LATE_FADE_TRAIL
2025-10-20T14:49:00+05:30,2450.01,4697.50,NSE_FO|45284|20-10-2025,2025-10-20,4.15,2025-10-20T14:50:00+05:30,1.90,2025-10-20T14:51:00+05:30,53.74,4.40,75,all,-2247.49,0.4578313253012048192771084337,strict,975,STOP,"[{'contract': 'NSE_FO|45284|20-10-2025', 'status': 'ORDER_CREATED'}]",CE,LATE_FADE,MODELED_EXIT,25850.0,LATE_FADE_TRAIL
2025-11-04T14:42:00+05:30,,2450.01,NSE_FO|47659|04-11-2025,2025-11-04,,,,,,11.00,75,all,,,strict,150,,"[{'contract': 'NSE_FO|47659|04-11-2025', 'status': 'ORDER_CREATED'}]",PE,LATE_FADE,MODELED_LIMIT_MISS,25600.0,LATE_FADE_TRAIL
2025-11-11T14:37:00+05:30,,2450.01,,2025-11-11,,,,,,,,all,,,strict,,,['UNKNOWN_VOLUME_MISMATCH'],PE,LATE_FADE,UNKNOWN_SELECTION_DATA,,LATE_FADE_TRAIL
2025-12-23T14:45:00+05:30,5143.23,9411.18,NSE_FO|57019|23-12-2025,2025-12-23,6.5,2025-12-23T14:46:00+05:30,3.20,2025-12-23T14:47:00+05:30,60.45,6.70,75,all,-4267.95,0.4923076923076923076923076923,strict,1275,STOP,"[{'contract': 'NSE_FO|57019|23-12-2025', 'status': 'ORDER_CREATED'}]",PE,TREND1445,MODELED_EXIT,26150.0,TREND1445_TARGET
2026-01-20T14:45:00+05:30,,5143.23,,2026-01-20,,,,,,,,all,,,strict,,,['UNKNOWN_VOLUME_MISMATCH'],PE,TREND1445,UNKNOWN_SELECTION_DATA,,TREND1445_TARGET
2025-12-23T14:45:00+05:30,5143.23,9411.18,NSE_FO|57019|23-12-2025,2025-12-23,6.5,2025-12-23T14:46:00+05:30,3.20,2025-12-23T14:47:00+05:30,60.45,6.70,75,all,-4267.95,0.4923076923076923076923076923,strict,1275,STOP,"[{'contract': 'NSE_FO|57019|23-12-2025', 'status': 'ORDER_CREATED'}]",PE,TREND1445,MODELED_EXIT,26150.0,TREND1445_TRAIL
2026-01-20T14:45:00+05:30,,5143.23,,2026-01-20,,,,,,,,all,,,strict,,,['UNKNOWN_VOLUME_MISMATCH'],PE,TREND1445,UNKNOWN_SELECTION_DATA,,TREND1445_TRAIL
2025-10-07T14:49:00+05:30,,9411.18,,2025-10-07,,,,,,,,all,,,strict,,,"[{'contract': 'NSE_FO|38397|07-10-2025', 'status': 'INSUFFICIENT_KNOWN_OI'}, {'contract': 'NSE_FO|38399|07-10-2025', 'status': 'INSUFFICIENT_KNOWN_OI'}, {'contract': 'NSE_FO|38401|07-10-2025', 'status': 'INSUFFICIENT_KNOWN_OI'}, {'contract': 'NSE_FO|38403|07-10-2025', 'status': 'INSUFFICIENT_KNOWN_OI'}]",CE,OPTION_ACCEL,NO_AFFORDABLE_LIQUID_CONTRACT,,OPTION_ACCEL_TARGET
2025-10-14T14:48:00+05:30,5138.64,9411.18,NSE_FO|42690|14-10-2025,2025-10-14,48.0,2025-10-14T14:49:00+05:30,19.90,2025-10-14T14:57:00+05:30,57.54,53.25,75,all,-4272.54,0.4145833333333333333333333333,strict,150,STOP,"[{'contract': 'NSE_FO|42690|14-10-2025', 'status': 'ORDER_CREATED'}]",PE,OPTION_ACCEL,MODELED_EXIT,25200.0,OPTION_ACCEL_TARGET
2025-10-07T14:49:00+05:30,,9411.18,,2025-10-07,,,,,,,,all,,,strict,,,"[{'contract': 'NSE_FO|38397|07-10-2025', 'status': 'INSUFFICIENT_KNOWN_OI'}, {'contract': 'NSE_FO|38399|07-10-2025', 'status': 'INSUFFICIENT_KNOWN_OI'}, {'contract': 'NSE_FO|38401|07-10-2025', 'status': 'INSUFFICIENT_KNOWN_OI'}, {'contract': 'NSE_FO|38403|07-10-2025', 'status': 'INSUFFICIENT_KNOWN_OI'}]",CE,OPTION_ACCEL,NO_AFFORDABLE_LIQUID_CONTRACT,,OPTION_ACCEL_TRAIL
2025-10-14T14:48:00+05:30,5138.64,9411.18,NSE_FO|42690|14-10-2025,2025-10-14,48.0,2025-10-14T14:49:00+05:30,19.90,2025-10-14T14:57:00+05:30,57.54,53.25,75,all,-4272.54,0.4145833333333333333333333333,strict,150,STOP,"[{'contract': 'NSE_FO|42690|14-10-2025', 'status': 'ORDER_CREATED'}]",PE,OPTION_ACCEL,MODELED_EXIT,25200.0,OPTION_ACCEL_TRAIL
2025-10-14T14:49:00+05:30,5288.70,9411.18,NSE_FO|42690|14-10-2025,2025-10-14,47.0,2025-10-14T14:50:00+05:30,19.90,2025-10-14T14:57:00+05:30,57.48,49.15,75,all,-4122.48,0.4234042553191489361702127660,strict,150,STOP,"[{'contract': 'NSE_FO|42690|14-10-2025', 'status': 'ORDER_CREATED'}]",PE,OPTION_ACCEL_OI,MODELED_EXIT,25200.0,OPTION_ACCEL_OI_TARGET
2025-10-14T14:49:00+05:30,5288.70,9411.18,NSE_FO|42690|14-10-2025,2025-10-14,47.0,2025-10-14T14:50:00+05:30,19.90,2025-10-14T14:57:00+05:30,57.48,49.15,75,all,-4122.48,0.4234042553191489361702127660,strict,150,STOP,"[{'contract': 'NSE_FO|42690|14-10-2025', 'status': 'ORDER_CREATED'}]",PE,OPTION_ACCEL_OI,MODELED_EXIT,25200.0,OPTION_ACCEL_OI_TRAIL
2025-10-07T14:45:00+05:30,,9411.18,,2025-10-07,,,,,,,,all,,,strict,,,"[{'contract': 'NSE_FO|38397|07-10-2025', 'status': 'INSUFFICIENT_KNOWN_OI'}, {'contract': 'NSE_FO|38399|07-10-2025', 'status': 'INSUFFICIENT_KNOWN_OI'}, {'contract': 'NSE_FO|38401|07-10-2025', 'status': 'INSUFFICIENT_KNOWN_OI'}, {'contract': 'NSE_FO|38403|07-10-2025', 'status': 'INSUFFICIENT_KNOWN_OI'}]",CE,BLIND_CE,NO_AFFORDABLE_LIQUID_CONTRACT,,BLIND_CE_TARGET
2025-10-14T14:45:00+05:30,,9411.18,NSE_FO|42687|14-10-2025,2025-10-14,,,,,,7.45,75,all,,,strict,1125,,"[{'contract': 'NSE_FO|42687|14-10-2025', 'status': 'ORDER_CREATED'}]",CE,BLIND_CE,MODELED_LIMIT_MISS,25200.0,BLIND_CE_TARGET
2025-10-20T14:45:00+05:30,,9411.18,,2025-10-20,,,,,,,,all,,,strict,,,['UNKNOWN_VOLUME_MISMATCH'],CE,BLIND_CE,UNKNOWN_SELECTION_DATA,,BLIND_CE_TARGET
2025-10-07T14:45:00+05:30,,9411.18,,2025-10-07,,,,,,,,all,,,strict,,,"[{'contract': 'NSE_FO|38397|07-10-2025', 'status': 'INSUFFICIENT_KNOWN_OI'}, {'contract': 'NSE_FO|38399|07-10-2025', 'status': 'INSUFFICIENT_KNOWN_OI'}, {'contract': 'NSE_FO|38401|07-10-2025', 'status': 'INSUFFICIENT_KNOWN_OI'}, {'contract': 'NSE_FO|38403|07-10-2025', 'status': 'INSUFFICIENT_KNOWN_OI'}]",CE,BLIND_CE,NO_AFFORDABLE_LIQUID_CONTRACT,,BLIND_CE_TRAIL
2025-10-14T14:45:00+05:30,,9411.18,NSE_FO|42687|14-10-2025,2025-10-14,,,,,,7.45,75,all,,,strict,1125,,"[{'contract': 'NSE_FO|42687|14-10-2025', 'status': 'ORDER_CREATED'}]",CE,BLIND_CE,MODELED_LIMIT_MISS,25200.0,BLIND_CE_TRAIL
2025-10-20T14:45:00+05:30,,9411.18,,2025-10-20,,,,,,,,all,,,strict,,,['UNKNOWN_VOLUME_MISMATCH'],CE,BLIND_CE,UNKNOWN_SELECTION_DATA,,BLIND_CE_TRAIL
2025-10-07T14:45:00+05:30,,9411.18,,2025-10-07,,,,,,,,all,,,strict,,,"[{'contract': 'NSE_FO|38398|07-10-2025', 'status': 'INSUFFICIENT_KNOWN_OI'}, 'UNKNOWN_VOLUME_MISMATCH']",PE,BLIND_PE,UNKNOWN_SELECTION_DATA,,BLIND_PE_TARGET
2025-10-07T14:45:00+05:30,,9411.18,,2025-10-07,,,,,,,,all,,,strict,,,"[{'contract': 'NSE_FO|38398|07-10-2025', 'status': 'INSUFFICIENT_KNOWN_OI'}, 'UNKNOWN_VOLUME_MISMATCH']",PE,BLIND_PE,UNKNOWN_SELECTION_DATA,,BLIND_PE_TRAIL
2025-10-07T09:49:00+05:30,,9411.18,,2025-10-07,,,,,,,,all,,,reported,,,"[{'contract': 'NSE_FO|38397|07-10-2025', 'status': 'INSUFFICIENT_KNOWN_OI'}, {'contract': 'NSE_FO|38399|07-10-2025', 'status': 'INSUFFICIENT_KNOWN_OI'}, {'contract': 'NSE_FO|38401|07-10-2025', 'status': 'INSUFFICIENT_KNOWN_OI'}, {'contract': 'NSE_FO|38403|07-10-2025', 'status': 'INSUFFICIENT_KNOWN_OI'}]",CE,ORB30,NO_AFFORDABLE_LIQUID_CONTRACT,,ORB30_TARGET
2025-10-14T09:56:00+05:30,17831.20,9411.18,NSE_FO|42690|14-10-2025,2025-10-14,37.80,2025-10-14T09:57:00+05:30,75.60,2025-10-14T11:18:00+05:30,84.98,38.05,75,all,8420.02,2,reported,225,TARGET_2X,"[{'contract': 'NSE_FO|42690|14-10-2025', 'status': 'ORDER_CREATED'}]",PE,ORB30,MODELED_EXIT,25200.0,ORB30_TARGET
2025-10-28T10:07:00+05:30,,17831.20,NSE_FO|58997|28-10-2025,2025-10-28,,,,,,57.10,75,all,,,reported,225,,"[{'contract': 'NSE_FO|58997|28-10-2025', 'status': 'ORDER_CREATED'}]",PE,ORB30,MODELED_LIMIT_MISS,25900.0,ORB30_TARGET
2025-11-04T10:17:00+05:30,27284.09,17831.20,NSE_FO|47667|04-11-2025,2025-11-04,58.60,2025-11-04T10:18:00+05:30,101.05,2025-11-04T15:25:00+05:30,98.36,65.50,75,all,9452.89,1.724402730375426621160409556,reported,225,TIMED_CLOSE,"[{'contract': 'NSE_FO|47667|04-11-2025', 'status': 'ORDER_CREATED'}]",PE,ORB30,MODELED_EXIT,25700.0,ORB30_TARGET
2025-11-11T10:35:00+05:30,,27284.09,NSE_FO|40094|11-11-2025,2025-11-11,,,,,,34.65,75,all,,,reported,675,,"[{'contract': 'NSE_FO|40094|11-11-2025', 'status': 'ORDER_CREATED'}]",PE,ORB30,MODELED_LIMIT_MISS,25450.0,ORB30_TARGET
2025-11-18T09:52:00+05:30,,27284.09,NSE_FO|44296|18-11-2025,2025-11-18,,,,,,44.85,75,all,,,reported,525,,"[{'contract': 'NSE_FO|44296|18-11-2025', 'status': 'ORDER_CREATED'}]",PE,ORB30,MODELED_LIMIT_MISS,25900.0,ORB30_TARGET
2025-11-25T10:13:00+05:30,,27284.09,NSE_FO|52911|25-11-2025,2025-11-25,,,,,,72.20,75,all,,,reported,300,,"[{'contract': 'NSE_FO|52911|25-11-2025', 'status': 'ORDER_CREATED'}]",CE,ORB30,MODELED_LIMIT_MISS,26000.0,ORB30_TARGET
2025-12-02T09:52:00+05:30,14038.60,27284.09,NSE_FO|46798|02-12-2025,2025-12-02,37.45,2025-12-02T09:53:00+05:30,17.95,2025-12-02T10:53:00+05:30,82.99,38.25,75,all,-13245.49,0.4793057409879839786381842457,reported,675,STOP,"[{'contract': 'NSE_FO|46798|02-12-2025', 'status': 'ORDER_CREATED'}]",PE,ORB30,MODELED_EXIT,26050.0,ORB30_TARGET
2025-12-09T09:52:00+05:30,,14038.60,NSE_FO|41862|09-12-2025,2025-12-09,,,,,,54.45,75,all,,,reported,225,,"[{'contract': 'NSE_FO|41862|09-12-2025', 'status': 'ORDER_CREATED'}]",PE,ORB30,MODELED_LIMIT_MISS,25750.0,ORB30_TARGET
2025-12-16T10:03:00+05:30,7988.98,14038.60,NSE_FO|48221|16-12-2025,2025-12-16,52.20,2025-12-16T10:04:00+05:30,25.60,2025-12-16T12:30:00+05:30,64.62,53.45,75,all,-6049.62,0.4904214559386973180076628352,reported,225,STOP,"[{'contract': 'NSE_FO|48221|16-12-2025', 'status': 'ORDER_CREATED'}]",PE,ORB30,MODELED_EXIT,25900.0,ORB30_TARGET
2025-12-30T10:25:00+05:30,5974.09,7988.98,NSE_FO|65600|30-12-2025,2025-12-30,50.85,2025-12-30T10:26:00+05:30,24.70,2025-12-30T10:53:00+05:30,53.64,54.20,75,all,-2014.89,0.4857423795476892822025565388,reported,75,STOP,"[{'contract': 'NSE_FO|65600|30-12-2025', 'status': 'ORDER_CREATED'}]",CE,ORB30,MODELED_EXIT,25950.0,ORB30_TARGET
2026-01-06T10:00:00+05:30,,5974.09,NSE_FO|40479|06-01-2026,2026-01-06,,,,,,44.25,65,all,,,reported,65,,"[{'contract': 'NSE_FO|40479|06-01-2026', 'status': 'ORDER_CREATED'}]",CE,ORB30,MODELED_LIMIT_MISS,26250.0,ORB30_TARGET
2026-01-20T09:58:00+05:30,4081.21,5974.09,NSE_FO|47598|20-01-2026,2026-01-20,52.95,2026-01-20T09:59:00+05:30,24.65,2026-01-20T10:39:00+05:30,53.38,60.30,65,all,-1892.88,0.4655335221907459867799811143,reported,65,STOP,"[{'contract': 'NSE_FO|47598|20-01-2026', 'status': 'ORDER_CREATED'}]",PE,ORB30,MODELED_EXIT,25450.0,ORB30_TARGET
2026-01-27T09:49:00+05:30,2272.90,4081.21,NSE_FO|58693|27-01-2026,2026-01-27,51.0,2026-01-27T09:50:00+05:30,24.00,2026-01-27T10:09:00+05:30,53.31,51.40,65,all,-1808.31,0.4705882352941176470588235294,reported,65,STOP,"[{'contract': 'NSE_FO|58667|27-01-2026', 'status': 'UNAFFORDABLE_OR_PAST_CAPACITY'}, {'contract': 'NSE_FO|58689|27-01-2026', 'status': 'UNAFFORDABLE_OR_PAST_CAPACITY'}, {'contract': 'NSE_FO|58693|27-01-2026', 'status': 'ORDER_CREATED'}]",CE,ORB30,MODELED_EXIT,25250.0,ORB30_TARGET
2026-02-03T09:47:00+05:30,,2272.90,,2026-02-03,,,,,,,,all,,,reported,,,"[{'contract': 'NSE_FO|49834|03-02-2026', 'status': 'UNAFFORDABLE_OR_PAST_CAPACITY'}, {'contract': 'NSE_FO|49824|03-02-2026', 'status': 'UNAFFORDABLE_OR_PAST_CAPACITY'}, {'contract': 'NSE_FO|49821|03-02-2026', 'status': 'UNAFFORDABLE_OR_PAST_CAPACITY'}, {'contract': 'NSE_FO|49819|03-02-2026', 'status': 'UNAFFORDABLE_OR_PAST_CAPACITY'}]",PE,ORB30,NO_AFFORDABLE_LIQUID_CONTRACT,,ORB30_TARGET
2026-02-10T10:08:00+05:30,1425.40,2272.90,NSE_FO|42546|10-02-2026,2026-02-10,24.15,2026-02-10T10:09:00+05:30,11.90,2026-02-10T11:52:00+05:30,51.25,27.40,65,all,-847.50,0.4927536231884057971014492754,reported,65,STOP,"[{'contract': 'NSE_FO|42544|10-02-2026', 'status': 'UNAFFORDABLE_OR_PAST_CAPACITY'}, {'contract': 'NSE_FO|42546|10-02-2026', 'status': 'ORDER_CREATED'}]",CE,ORB30,MODELED_EXIT,26000.0,ORB30_TARGET
2026-02-17T10:14:00+05:30,2175.87,1425.40,NSE_FO|48228|17-02-2026,2026-02-17,12.35,2026-02-17T10:15:00+05:30,24.70,2026-02-17T10:28:00+05:30,52.28,13.20,65,all,750.47,2,reported,65,TARGET_2X,"[{'contract': 'NSE_FO|48224|17-02-2026', 'status': 'UNAFFORDABLE_OR_PAST_CAPACITY'}, {'contract': 'NSE_FO|48226|17-02-2026', 'status': 'UNAFFORDABLE_OR_PAST_CAPACITY'}, {'contract': 'NSE_FO|48228|17-02-2026', 'status': 'ORDER_CREATED'}]",CE,ORB30,MODELED_EXIT,25800.0,ORB30_TARGET
2026-02-24T10:50:00+05:30,1243.79,2175.87,NSE_FO|64849|24-02-2026,2026-02-24,26.15,2026-02-24T10:51:00+05:30,12.60,2026-02-24T11:21:00+05:30,51.33,29.50,65,all,-932.08,0.4818355640535372848948374761,reported,65,STOP,"[{'contract': 'NSE_FO|64851|24-02-2026', 'status': 'UNAFFORDABLE_OR_PAST_CAPACITY'}, {'contract': 'NSE_FO|64849|24-02-2026', 'status': 'ORDER_CREATED'}]",PE,ORB30,MODELED_EXIT,25400.0,ORB30_TARGET
2026-03-17T10:03:00+05:30,,1243.79,,2026-03-17,,,,,,,,all,,,reported,,,"[{'contract': 'NSE_FO|57745|17-03-2026', 'status': 'UNAFFORDABLE_OR_PAST_CAPACITY'}, {'contract': 'NSE_FO|57749|17-03-2026', 'status': 'UNAFFORDABLE_OR_PAST_CAPACITY'}, {'contract': 'NSE_FO|57753|17-03-2026', 'status': 'UNAFFORDABLE_OR_PAST_CAPACITY'}, {'contract': 'NSE_FO|57757|17-03-2026', 'status': 'UNAFFORDABLE_OR_PAST_CAPACITY'}]",CE,ORB30,NO_AFFORDABLE_LIQUID_CONTRACT,,ORB30_TARGET
2026-03-24T09:47:00+05:30,,1243.79,,2026-03-24,,,,,,,,all,,,reported,,,"[{'contract': 'NSE_FO|62556|24-03-2026', 'status': 'UNAFFORDABLE_OR_PAST_CAPACITY'}, {'contract': 'NSE_FO|62509|24-03-2026', 'status': 'UNAFFORDABLE_OR_PAST_CAPACITY'}, {'contract': 'NSE_FO|62499|24-03-2026', 'status': 'UNAFFORDABLE_OR_PAST_CAPACITY'}, {'contract': 'NSE_FO|62437|24-03-2026', 'status': 'UNAFFORDABLE_OR_PAST_CAPACITY'}]",PE,ORB30,NO_AFFORDABLE_LIQUID_CONTRACT,,ORB30_TARGET
2026-03-30T11:13:00+05:30,,1243.79,,2026-03-30,,,,,,,,all,,,reported,,,"[{'contract': 'NSE_FO|54477|30-03-2026', 'status': 'UNAFFORDABLE_OR_PAST_CAPACITY'}, {'contract': 'NSE_FO|54475|30-03-2026', 'status': 'UNAFFORDABLE_OR_PAST_CAPACITY'}, {'contract': 'NSE_FO|54473|30-03-2026', 'status': 'UNAFFORDABLE_OR_PAST_CAPACITY'}, {'contract': 'NSE_FO|54471|30-03-2026', 'status': 'UNAFFORDABLE_OR_PAST_CAPACITY'}]",PE,ORB30,NO_AFFORDABLE_LIQUID_CONTRACT,,ORB30_TARGET
2026-04-07T10:05:00+05:30,,1243.79,,2026-04-07,,,,,,,,all,,,reported,,,"[{'contract': 'NSE_FO|40761|07-04-2026', 'status': 'UNAFFORDABLE_OR_PAST_CAPACITY'}, {'contract': 'NSE_FO|40770|07-04-2026', 'status': 'UNAFFORDABLE_OR_PAST_CAPACITY'}, {'contract': 'NSE_FO|40772|07-04-2026', 'status': 'UNAFFORDABLE_OR_PAST_CAPACITY'}, {'contract': 'NSE_FO|40774|07-04-2026', 'status': 'UNAFFORDABLE_OR_PAST_CAPACITY'}]",CE,ORB30,NO_AFFORDABLE_LIQUID_CONTRACT,,ORB30_TARGET
2026-04-13T10:23:00+05:30,,1243.79,,2026-04-13,,,,,,,,all,,,reported,,,"[{'contract': 'NSE_FO|54800|13-04-2026', 'status': 'UNAFFORDABLE_OR_PAST_CAPACITY'}, {'contract': 'NSE_FO|54802|13-04-2026', 'status': 'UNAFFORDABLE_OR_PAST_CAPACITY'}, {'contract': 'NSE_FO|54804|13-04-2026', 'status': 'UNAFFORDABLE_OR_PAST_CAPACITY'}, {'contract': 'NSE_FO|54806|13-04-2026', 'status': 'UNAFFORDABLE_OR_PAST_CAPACITY'}]",CE,ORB30,NO_AFFORDABLE_LIQUID_CONTRACT,,ORB30_TARGET
2026-04-21T09:47:00+05:30,699.92,1243.79,NSE_FO|63466|21-04-2026,2026-04-21,14.85,2026-04-21T09:48:00+05:30,7.25,2026-04-21T10:26:00+05:30,49.87,16.35,65,all,-543.87,0.4882154882154882154882154882,reported,65,STOP,"[{'contract': 'NSE_FO|63447|21-04-2026', 'status': 'UNAFFORDABLE_OR_PAST_CAPACITY'}, {'contract': 'NSE_FO|63458|21-04-2026', 'status': 'UNAFFORDABLE_OR_PAST_CAPACITY'}, {'contract': 'NSE_FO|63464|21-04-2026', 'status': 'UNAFFORDABLE_OR_PAST_CAPACITY'}, {'contract': 'NSE_FO|63466|21-04-2026', 'status': 'ORDER_CREATED'}]",CE,ORB30,MODELED_EXIT,24650.0,ORB30_TARGET
2026-04-28T09:48:00+05:30,396.85,699.92,NSE_FO|72279|28-04-2026,2026-04-28,7.60,2026-04-28T09:49:00+05:30,3.70,2026-04-28T10:42:00+05:30,49.57,9.40,65,all,-303.07,0.4868421052631578947368421053,reported,65,STOP,"[{'contract': 'NSE_FO|72269|28-04-2026', 'status': 'UNAFFORDABLE_OR_PAST_CAPACITY'}, {'contract': 'NSE_FO|72271|28-04-2026', 'status': 'UNAFFORDABLE_OR_PAST_CAPACITY'}, {'contract': 'NSE_FO|72277|28-04-2026', 'status': 'UNAFFORDABLE_OR_PAST_CAPACITY'}, {'contract': 'NSE_FO|72279|28-04-2026', 'status': 'ORDER_CREATED'}]",CE,ORB30,MODELED_EXIT,24300.0,ORB30_TARGET
2026-05-05T10:36:00+05:30,,396.85,,2026-05-05,,,,,,,,all,,,reported,,,"[{'contract': 'NSE_FO|74146|05-05-2026', 'status': 'UNAFFORDABLE_OR_PAST_CAPACITY'}, {'contract': 'NSE_FO|74134|05-05-2026', 'status': 'UNAFFORDABLE_OR_PAST_CAPACITY'}, {'contract': 'NSE_FO|74132|05-05-2026', 'status': 'UNAFFORDABLE_OR_PAST_CAPACITY'}, {'contract': 'NSE_FO|74130|05-05-2026', 'status': 'UNAFFORDABLE_OR_PAST_CAPACITY'}]",PE,ORB30,NO_AFFORDABLE_LIQUID_CONTRACT,,ORB30_TARGET
2026-05-12T10:35:00+05:30,,396.85,,2026-05-12,,,,,,,,all,,,reported,,,"[{'contract': 'NSE_FO|41735|12-05-2026', 'status': 'UNAFFORDABLE_OR_PAST_CAPACITY'}, {'contract': 'NSE_FO|41731|12-05-2026', 'status': 'UNAFFORDABLE_OR_PAST_CAPACITY'}, {'contract': 'NSE_FO|41729|12-05-2026', 'status': 'UNAFFORDABLE_OR_PAST_CAPACITY'}, {'contract': 'NSE_FO|41725|12-05-2026', 'status': 'UNAFFORDABLE_OR_PAST_CAPACITY'}]",PE,ORB30,NO_AFFORDABLE_LIQUID_CONTRACT,,ORB30_TARGET
2026-05-19T10:59:00+05:30,,396.85,,2026-05-19,,,,,,,,all,,,reported,,,"[{'contract': 'NSE_FO|51374|19-05-2026', 'status': 'UNAFFORDABLE_OR_PAST_CAPACITY'}, {'contract': 'NSE_FO|51376|19-05-2026', 'status': 'UNAFFORDABLE_OR_PAST_CAPACITY'}, {'contract': 'NSE_FO|51378|19-05-2026', 'status': 'UNAFFORDABLE_OR_PAST_CAPACITY'}, {'contract': 'NSE_FO|51380|19-05-2026', 'status': 'UNAFFORDABLE_OR_PAST_CAPACITY'}]",CE,ORB30,NO_AFFORDABLE_LIQUID_CONTRACT,,ORB30_TARGET
2026-05-26T10:40:00+05:30,171.88,396.85,NSE_FO|72237|26-05-2026,2026-05-26,5.10,2026-05-26T10:41:00+05:30,2.40,2026-05-26T11:18:00+05:30,49.47,5.35,65,all,-224.97,0.4705882352941176470588235294,reported,65,STOP,"[{'contract': 'NSE_FO|72183|26-05-2026', 'status': 'UNAFFORDABLE_OR_PAST_CAPACITY'}, {'contract': 'NSE_FO|72185|26-05-2026', 'status': 'UNAFFORDABLE_OR_PAST_CAPACITY'}, {'contract': 'NSE_FO|72187|26-05-2026', 'status': 'UNAFFORDABLE_OR_PAST_CAPACITY'}, {'contract': 'NSE_FO|72237|26-05-2026', 'status': 'ORDER_CREATED'}]",CE,ORB30,MODELED_EXIT,24250.0,ORB30_TARGET
2026-06-02T09:57:00+05:30,,171.88,,2026-06-02,,,,,,,,all,,,reported,,,"[{'contract': 'NSE_FO|57022|02-06-2026', 'status': 'UNAFFORDABLE_OR_PAST_CAPACITY'}, {'contract': 'NSE_FO|57024|02-06-2026', 'status': 'UNAFFORDABLE_OR_PAST_CAPACITY'}, {'contract': 'NSE_FO|57026|02-06-2026', 'status': 'UNAFFORDABLE_OR_PAST_CAPACITY'}, {'contract': 'NSE_FO|57028|02-06-2026', 'status': 'UNAFFORDABLE_OR_PAST_CAPACITY'}]",CE,ORB30,NO_AFFORDABLE_LIQUID_CONTRACT,,ORB30_TARGET
2026-06-09T09:51:00+05:30,,171.88,,2026-06-09,,,,,,,,all,,,reported,,,"[{'contract': 'NSE_FO|42285|09-06-2026', 'status': 'UNAFFORDABLE_OR_PAST_CAPACITY'}, {'contract': 'NSE_FO|42279|09-06-2026', 'status': 'UNAFFORDABLE_OR_PAST_CAPACITY'}, {'contract': 'NSE_FO|42273|09-06-2026', 'status': 'UNAFFORDABLE_OR_PAST_CAPACITY'}, {'contract': 'NSE_FO|42271|09-06-2026', 'status': 'UNAFFORDABLE_OR_PAST_CAPACITY'}]",PE,ORB30,NO_AFFORDABLE_LIQUID_CONTRACT,,ORB30_TARGET
2026-06-16T10:38:00+05:30,,171.88,,2026-06-16,,,,,,,,all,,,reported,,,"[{'contract': 'NSE_FO|50613|16-06-2026', 'status': 'UNAFFORDABLE_OR_PAST_CAPACITY'}, {'contract': 'NSE_FO|50615|16-06-2026', 'status': 'UNAFFORDABLE_OR_PAST_CAPACITY'}, {'contract': 'NSE_FO|50617|16-06-2026', 'status': 'UNAFFORDABLE_OR_PAST_CAPACITY'}, {'contract': 'NSE_FO|50619|16-06-2026', 'status': 'UNAFFORDABLE_OR_PAST_CAPACITY'}]",CE,ORB30,NO_AFFORDABLE_LIQUID_CONTRACT,,ORB30_TARGET
2026-06-23T11:50:00+05:30,,171.88,,2026-06-23,,,,,,,,all,,,reported,,,"[{'contract': 'NSE_FO|56373|23-06-2026', 'status': 'UNAFFORDABLE_OR_PAST_CAPACITY'}, {'contract': 'NSE_FO|56371|23-06-2026', 'status': 'UNAFFORDABLE_OR_PAST_CAPACITY'}, {'contract': 'NSE_FO|56359|23-06-2026', 'status': 'UNAFFORDABLE_OR_PAST_CAPACITY'}, {'contract': 'NSE_FO|56357|23-06-2026', 'status': 'UNAFFORDABLE_OR_PAST_CAPACITY'}]",PE,ORB30,NO_AFFORDABLE_LIQUID_CONTRACT,,ORB30_TARGET
2026-06-30T09:49:00+05:30,,171.88,,2026-06-30,,,,,,,,all,,,reported,,,"[{'contract': 'NSE_FO|79714|30-06-2026', 'status': 'UNAFFORDABLE_OR_PAST_CAPACITY'}, {'contract': 'NSE_FO|79712|30-06-2026', 'status': 'UNAFFORDABLE_OR_PAST_CAPACITY'}, {'contract': 'NSE_FO|79710|30-06-2026', 'status': 'UNAFFORDABLE_OR_PAST_CAPACITY'}, {'contract': 'NSE_FO|79708|30-06-2026', 'status': 'UNAFFORDABLE_OR_PAST_CAPACITY'}]",PE,ORB30,NO_AFFORDABLE_LIQUID_CONTRACT,,ORB30_TARGET
2026-07-21T10:24:00+05:30,,171.88,,2026-07-21,,,,,,,,all,,,reported,,,"[{'contract': 'NSE_FO|57349|21-07-2026', 'status': 'UNAFFORDABLE_OR_PAST_CAPACITY'}, {'contract': 'NSE_FO|57347|21-07-2026', 'status': 'UNAFFORDABLE_OR_PAST_CAPACITY'}, {'contract': 'NSE_FO|57345|21-07-2026', 'status': 'UNAFFORDABLE_OR_PAST_CAPACITY'}, {'contract': 'NSE_FO|57343|21-07-2026', 'status': 'UNAFFORDABLE_OR_PAST_CAPACITY'}]",PE,ORB30,NO_AFFORDABLE_LIQUID_CONTRACT,,ORB30_TARGET
2026-08-04T10:34:00+05:30,,171.88,,2026-08-04,,,,,,,,all,,,reported,,,"[{'contract': 'NSE_FO|65872|04-08-2026', 'status': 'UNAFFORDABLE_OR_PAST_CAPACITY'}, {'contract': 'NSE_FO|65868|04-08-2026', 'status': 'UNAFFORDABLE_OR_PAST_CAPACITY'}, {'contract': 'NSE_FO|65861|04-08-2026', 'status': 'UNAFFORDABLE_OR_PAST_CAPACITY'}, {'contract': 'NSE_FO|65859|04-08-2026', 'status': 'UNAFFORDABLE_OR_PAST_CAPACITY'}]",PE,ORB30,NO_AFFORDABLE_LIQUID_CONTRACT,,ORB30_TARGET
2026-08-11T11:04:00+05:30,,171.88,,2026-08-11,,,,,,,,all,,,reported,,,"[{'contract': 'NSE_FO|41010|11-08-2026', 'status': 'UNAFFORDABLE_OR_PAST_CAPACITY'}, {'contract': 'NSE_FO|41008|11-08-2026', 'status': 'UNAFFORDABLE_OR_PAST_CAPACITY'}, {'contract': 'NSE_FO|41006|11-08-2026', 'status': 'UNAFFORDABLE_OR_PAST_CAPACITY'}, {'contract': 'NSE_FO|41004|11-08-2026', 'status': 'UNAFFORDABLE_OR_PAST_CAPACITY'}]",PE,ORB30,NO_AFFORDABLE_LIQUID_CONTRACT,,ORB30_TARGET
2026-08-18T10:48:00+05:30,,171.88,,2026-08-18,,,,,,,,all,,,reported,,,"[{'contract': 'NSE_FO|45099|18-08-2026', 'status': 'UNAFFORDABLE_OR_PAST_CAPACITY'}, {'contract': 'NSE_FO|45097|18-08-2026', 'status': 'UNAFFORDABLE_OR_PAST_CAPACITY'}, {'contract': 'NSE_FO|45095|18-08-2026', 'status': 'UNAFFORDABLE_OR_PAST_CAPACITY'}, {'contract': 'NSE_FO|45093|18-08-2026', 'status': 'UNAFFORDABLE_OR_PAST_CAPACITY'}]",PE,ORB30,NO_AFFORDABLE_LIQUID_CONTRACT,,ORB30_TARGET
2026-08-25T10:25:00+05:30,,171.88,,2026-08-25,,,,,,,,all,,,reported,,,"[{'contract': 'NSE_FO|61622|25-08-2026', 'status': 'UNAFFORDABLE_OR_PAST_CAPACITY'}, {'contract': 'NSE_FO|61609|25-08-2026', 'status': 'UNAFFORDABLE_OR_PAST_CAPACITY'}, {'contract': 'NSE_FO|61604|25-08-2026', 'status': 'UNAFFORDABLE_OR_PAST_CAPACITY'}, {'contract': 'NSE_FO|61588|25-08-2026', 'status': 'UNAFFORDABLE_OR_PAST_CAPACITY'}]",PE,ORB30,NO_AFFORDABLE_LIQUID_CONTRACT,,ORB30_TARGET
2026-09-01T09:49:00+05:30,,171.88,,2026-09-01,,,,,,,,all,,,reported,,,"[{'contract': 'NSE_FO|46986|01-09-2026', 'status': 'UNAFFORDABLE_OR_PAST_CAPACITY'}, {'contract': 'NSE_FO|46984|01-09-2026', 'status': 'UNAFFORDABLE_OR_PAST_CAPACITY'}, {'contract': 'NSE_FO|46982|01-09-2026', 'status': 'UNAFFORDABLE_OR_PAST_CAPACITY'}, {'contract': 'NSE_FO|46980|01-09-2026', 'status': 'UNAFFORDABLE_OR_PAST_CAPACITY'}]",PE,ORB30,NO_AFFORDABLE_LIQUID_CONTRACT,,ORB30_TARGET
2026-09-08T10:05:00+05:30,,171.88,,2026-09-08,,,,,,,,all,,,reported,,,"[{'contract': 'NSE_FO|42626|08-09-2026', 'status': 'UNAFFORDABLE_OR_PAST_CAPACITY'}, {'contract': 'NSE_FO|42624|08-09-2026', 'status': 'UNAFFORDABLE_OR_PAST_CAPACITY'}, {'contract': 'NSE_FO|42621|08-09-2026', 'status': 'UNAFFORDABLE_OR_PAST_CAPACITY'}, {'contract': 'NSE_FO|42614|08-09-2026', 'status': 'UNAFFORDABLE_OR_PAST_CAPACITY'}]",PE,ORB30,NO_AFFORDABLE_LIQUID_CONTRACT,,ORB30_TARGET
2026-09-15T09:49:00+05:30,,171.88,,2026-09-15,,,,,,,,all,,,reported,,,"[{'contract': 'NSE_FO|47296|15-09-2026', 'status': 'UNAFFORDABLE_OR_PAST_CAPACITY'}, {'contract': 'NSE_FO|47294|15-09-2026', 'status': 'UNAFFORDABLE_OR_PAST_CAPACITY'}, {'contract': 'NSE_FO|47292|15-09-2026', 'status': 'UNAFFORDABLE_OR_PAST_CAPACITY'}, {'contract': 'NSE_FO|47290|15-09-2026', 'status': 'UNAFFORDABLE_OR_PAST_CAPACITY'}]",PE,ORB30,NO_AFFORDABLE_LIQUID_CONTRACT,,ORB30_TARGET
2025-10-07T09:49:00+05:30,,9411.18,,2025-10-07,,,,,,,,all,,,reported,,,"[{'contract': 'NSE_FO|38397|07-10-2025', 'status': 'INSUFFICIENT_KNOWN_OI'}, {'contract': 'NSE_FO|38399|07-10-2025', 'status': 'INSUFFICIENT_KNOWN_OI'}, {'contract': 'NSE_FO|38401|07-10-2025', 'status': 'INSUFFICIENT_KNOWN_OI'}, {'contract': 'NSE_FO|38403|07-10-2025', 'status': 'INSUFFICIENT_KNOWN_OI'}]",CE,ORB30,NO_AFFORDABLE_LIQUID_CONTRACT,,ORB30_TRAIL
2025-10-14T09:56:00+05:30,8477.89,9411.18,NSE_FO|42690|14-10-2025,2025-10-14,37.80,2025-10-14T09:57:00+05:30,33.95,2025-10-14T10:45:00+05:30,67.04,38.05,75,all,-933.29,0.8981481481481481481481481481,reported,225,STOP,"[{'contract': 'NSE_FO|42690|14-10-2025', 'status': 'ORDER_CREATED'}]",PE,ORB30,MODELED_EXIT,25200.0,ORB30_TRAIL
2025-10-28T10:07:00+05:30,,8477.89,NSE_FO|58997|28-10-2025,2025-10-28,,,,,,57.10,75,all,,,reported,75,,"[{'contract': 'NSE_FO|58997|28-10-2025', 'status': 'ORDER_CREATED'}]",PE,ORB30,MODELED_LIMIT_MISS,25900.0,ORB30_TRAIL
2025-11-04T10:17:00+05:30,6498.99,8477.89,NSE_FO|47667|04-11-2025,2025-11-04,58.60,2025-11-04T10:18:00+05:30,32.95,2025-11-04T13:45:00+05:30,55.15,65.50,75,all,-1978.90,0.5622866894197952218430034130,reported,75,STOP,"[{'contract': 'NSE_FO|47667|04-11-2025', 'status': 'ORDER_CREATED'}]",PE,ORB30,MODELED_EXIT,25700.0,ORB30_TRAIL
2025-11-11T10:35:00+05:30,,6498.99,NSE_FO|40094|11-11-2025,2025-11-11,,,,,,34.65,75,all,,,reported,150,,"[{'contract': 'NSE_FO|40094|11-11-2025', 'status': 'ORDER_CREATED'}]",PE,ORB30,MODELED_LIMIT_MISS,25450.0,ORB30_TRAIL
2025-11-18T09:52:00+05:30,,6498.99,NSE_FO|44296|18-11-2025,2025-11-18,,,,,,44.85,75,all,,,reported,75,,"[{'contract': 'NSE_FO|44296|18-11-2025', 'status': 'ORDER_CREATED'}]",PE,ORB30,MODELED_LIMIT_MISS,25900.0,ORB30_TRAIL
2025-11-25T10:13:00+05:30,,6498.99,NSE_FO|52911|25-11-2025,2025-11-25,,,,,,72.20,75,all,,,reported,75,,"[{'contract': 'NSE_FO|52911|25-11-2025', 'status': 'ORDER_CREATED'}]",CE,ORB30,MODELED_LIMIT_MISS,26000.0,ORB30_TRAIL
2025-12-02T09:52:00+05:30,3922.06,6498.99,NSE_FO|46798|02-12-2025,2025-12-02,37.45,2025-12-02T09:53:00+05:30,20.65,2025-12-02T10:51:00+05:30,56.93,38.25,75,all,-2576.93,0.5514018691588785046728971963,reported,150,STOP,"[{'contract': 'NSE_FO|46798|02-12-2025', 'status': 'ORDER_CREATED'}]",PE,ORB30,MODELED_EXIT,26050.0,ORB30_TRAIL
2025-12-09T09:52:00+05:30,,3922.06,NSE_FO|41858|09-12-2025,2025-12-09,,,,,,33.05,75,all,,,reported,75,,"[{'contract': 'NSE_FO|41862|09-12-2025', 'status': 'UNAFFORDABLE_OR_PAST_CAPACITY'}, {'contract': 'NSE_FO|41858|09-12-2025', 'status': 'ORDER_CREATED'}]",PE,ORB30,MODELED_LIMIT_MISS,25700.0,ORB30_TRAIL
2025-12-16T10:03:00+05:30,2756.71,3922.06,NSE_FO|48219|16-12-2025,2025-12-16,28.45,2025-12-16T10:04:00+05:30,13.60,2025-12-16T11:31:00+05:30,51.60,29.15,75,all,-1165.35,0.4780316344463971880492091388,reported,75,STOP,"[{'contract': 'NSE_FO|48221|16-12-2025', 'status': 'UNAFFORDABLE_OR_PAST_CAPACITY'}, {'contract': 'NSE_FO|48219|16-12-2025', 'status': 'ORDER_CREATED'}]",PE,ORB30,MODELED_EXIT,25850.0,ORB30_TRAIL
2025-12-30T10:25:00+05:30,1707.72,2756.71,NSE_FO|71399|30-12-2025,2025-12-30,26.20,2025-12-30T10:26:00+05:30,12.90,2025-12-30T10:46:00+05:30,51.49,28.60,75,all,-1048.99,0.4923664122137404580152671756,reported,75,STOP,"[{'contract': 'NSE_FO|65600|30-12-2025', 'status': 'UNAFFORDABLE_OR_PAST_CAPACITY'}, {'contract': 'NSE_FO|71399|30-12-2025', 'status': 'ORDER_CREATED'}]",CE,ORB30,MODELED_EXIT,26000.0,ORB30_TRAIL
2026-01-06T10:00:00+05:30,,1707.72,NSE_FO|40487|06-01-2026,2026-01-06,,,,,,21.45,65,all,,,reported,65,,"[{'contract': 'NSE_FO|40479|06-01-2026', 'status': 'UNAFFORDABLE_OR_PAST_CAPACITY'}, {'contract': 'NSE_FO|40487|06-01-2026', 'status': 'ORDER_CREATED'}]",CE,ORB30,MODELED_LIMIT_MISS,26300.0,ORB30_TRAIL
2026-01-20T09:58:00+05:30,1007.71,1707.72,NSE_FO|47594|20-01-2026,2026-01-20,18.65,2026-01-20T09:59:00+05:30,8.65,2026-01-20T10:23:00+05:30,50.01,21.60,65,all,-700.01,0.4638069705093833780160857909,reported,65,STOP,"[{'contract': 'NSE_FO|47598|20-01-2026', 'status': 'UNAFFORDABLE_OR_PAST_CAPACITY'}, {'contract': 'NSE_FO|47596|20-01-2026', 'status': 'UNAFFORDABLE_OR_PAST_CAPACITY'}, {'contract': 'NSE_FO|47594|20-01-2026', 'status': 'ORDER_CREATED'}]",PE,ORB30,MODELED_EXIT,25350.0,ORB30_TRAIL
2026-01-27T09:49:00+05:30,,1007.71,,2026-01-27,,,,,,,,all,,,reported,,,"[{'contract': 'NSE_FO|58667|27-01-2026', 'status': 'UNAFFORDABLE_OR_PAST_CAPACITY'}, {'contract': 'NSE_FO|58689|27-01-2026', 'status': 'UNAFFORDABLE_OR_PAST_CAPACITY'}, {'contract': 'NSE_FO|58693|27-01-2026', 'status': 'UNAFFORDABLE_OR_PAST_CAPACITY'}, {'contract': 'NSE_FO|58695|27-01-2026', 'status': 'UNAFFORDABLE_OR_PAST_CAPACITY'}]",CE,ORB30,NO_AFFORDABLE_LIQUID_CONTRACT,,ORB30_TRAIL
2026-02-03T09:47:00+05:30,,1007.71,,2026-02-03,,,,,,,,all,,,reported,,,"[{'contract': 'NSE_FO|49834|03-02-2026', 'status': 'UNAFFORDABLE_OR_PAST_CAPACITY'}, {'contract': 'NSE_FO|49824|03-02-2026', 'status': 'UNAFFORDABLE_OR_PAST_CAPACITY'}, {'contract': 'NSE_FO|49821|03-02-2026', 'status': 'UNAFFORDABLE_OR_PAST_CAPACITY'}, {'contract': 'NSE_FO|49819|03-02-2026', 'status': 'UNAFFORDABLE_OR_PAST_CAPACITY'}]",PE,ORB30,NO_AFFORDABLE_LIQUID_CONTRACT,,ORB30_TRAIL
2026-02-10T10:08:00+05:30,623.16,1007.71,NSE_FO|42548|10-02-2026,2026-02-10,12.15,2026-02-10T10:09:00+05:30,7.00,2026-02-10T11:24:00+05:30,49.80,13.95,65,all,-384.55,0.5761316872427983539094650206,reported,65,STOP,"[{'contract': 'NSE_FO|42544|10-02-2026', 'status': 'UNAFFORDABLE_OR_PAST_CAPACITY'}, {'contract': 'NSE_FO|42546|10-02-2026', 'status': 'UNAFFORDABLE_OR_PAST_CAPACITY'}, {'contract': 'NSE_FO|42548|10-02-2026', 'status': 'ORDER_CREATED'}]",CE,ORB30,MODELED_EXIT,26050.0,ORB30_TRAIL
2026-02-17T10:14:00+05:30,576.75,623.16,NSE_FO|48230|17-02-2026,2026-02-17,7.25,2026-02-17T10:15:00+05:30,7.30,2026-02-17T10:42:00+05:30,49.66,7.90,65,all,-46.41,1.006896551724137931034482759,reported,65,STOP,"[{'contract': 'NSE_FO|48224|17-02-2026', 'status': 'UNAFFORDABLE_OR_PAST_CAPACITY'}, {'contract': 'NSE_FO|48226|17-02-2026', 'status': 'UNAFFORDABLE_OR_PAST_CAPACITY'}, {'contract': 'NSE_FO|48228|17-02-2026', 'status': 'UNAFFORDABLE_OR_PAST_CAPACITY'}, {'contract': 'NSE_FO|48230|17-02-2026', 'status': 'ORDER_CREATED'}]",CE,ORB30,MODELED_EXIT,25850.0,ORB30_TRAIL
2026-02-24T10:50:00+05:30,,576.75,,2026-02-24,,,,,,,,all,,,reported,,,"[{'contract': 'NSE_FO|64851|24-02-2026', 'status': 'UNAFFORDABLE_OR_PAST_CAPACITY'}, {'contract': 'NSE_FO|64849|24-02-2026', 'status': 'UNAFFORDABLE_OR_PAST_CAPACITY'}, {'contract': 'NSE_FO|64844|24-02-2026', 'status': 'UNAFFORDABLE_OR_PAST_CAPACITY'}, {'contract': 'NSE_FO|64842|24-02-2026', 'status': 'UNAFFORDABLE_OR_PAST_CAPACITY'}]",PE,ORB30,NO_AFFORDABLE_LIQUID_CONTRACT,,ORB30_TRAIL
2026-03-17T10:03:00+05:30,,576.75,,2026-03-17,,,,,,,,all,,,reported,,,"[{'contract': 'NSE_FO|57745|17-03-2026', 'status': 'UNAFFORDABLE_OR_PAST_CAPACITY'}, {'contract': 'NSE_FO|57749|17-03-2026', 'status': 'UNAFFORDABLE_OR_PAST_CAPACITY'}, {'contract': 'NSE_FO|57753|17-03-2026', 'status': 'UNAFFORDABLE_OR_PAST_CAPACITY'}, {'contract': 'NSE_FO|57757|17-03-2026', 'status': 'UNAFFORDABLE_OR_PAST_CAPACITY'}]",CE,ORB30,NO_AFFORDABLE_LIQUID_CONTRACT,,ORB30_TRAIL
2026-03-24T09:47:00+05:30,,576.75,,2026-03-24,,,,,,,,all,,,reported,,,"[{'contract': 'NSE_FO|62556|24-03-2026', 'status': 'UNAFFORDABLE_OR_PAST_CAPACITY'}, {'contract': 'NSE_FO|62509|24-03-2026', 'status': 'UNAFFORDABLE_OR_PAST_CAPACITY'}, {'contract': 'NSE_FO|62499|24-03-2026', 'status': 'UNAFFORDABLE_OR_PAST_CAPACITY'}, {'contract': 'NSE_FO|62437|24-03-2026', 'status': 'UNAFFORDABLE_OR_PAST_CAPACITY'}]",PE,ORB30,NO_AFFORDABLE_LIQUID_CONTRACT,,ORB30_TRAIL
2026-03-30T11:13:00+05:30,,576.75,,2026-03-30,,,,,,,,all,,,reported,,,"[{'contract': 'NSE_FO|54477|30-03-2026', 'status': 'UNAFFORDABLE_OR_PAST_CAPACITY'}, {'contract': 'NSE_FO|54475|30-03-2026', 'status': 'UNAFFORDABLE_OR_PAST_CAPACITY'}, {'contract': 'NSE_FO|54473|30-03-2026', 'status': 'UNAFFORDABLE_OR_PAST_CAPACITY'}, {'contract': 'NSE_FO|54471|30-03-2026', 'status': 'UNAFFORDABLE_OR_PAST_CAPACITY'}]",PE,ORB30,NO_AFFORDABLE_LIQUID_CONTRACT,,ORB30_TRAIL
2026-04-07T10:05:00+05:30,,576.75,,2026-04-07,,,,,,,,all,,,reported,,,"[{'contract': 'NSE_FO|40761|07-04-2026', 'status': 'UNAFFORDABLE_OR_PAST_CAPACITY'}, {'contract': 'NSE_FO|40770|07-04-2026', 'status': 'UNAFFORDABLE_OR_PAST_CAPACITY'}, {'contract': 'NSE_FO|40772|07-04-2026', 'status': 'UNAFFORDABLE_OR_PAST_CAPACITY'}, {'contract': 'NSE_FO|40774|07-04-2026', 'status': 'UNAFFORDABLE_OR_PAST_CAPACITY'}]",CE,ORB30,NO_AFFORDABLE_LIQUID_CONTRACT,,ORB30_TRAIL
2026-04-13T10:23:00+05:30,,576.75,,2026-04-13,,,,,,,,all,,,reported,,,"[{'contract': 'NSE_FO|54800|13-04-2026', 'status': 'UNAFFORDABLE_OR_PAST_CAPACITY'}, {'contract': 'NSE_FO|54802|13-04-2026', 'status': 'UNAFFORDABLE_OR_PAST_CAPACITY'}, {'contract': 'NSE_FO|54804|13-04-2026', 'status': 'UNAFFORDABLE_OR_PAST_CAPACITY'}, {'contract': 'NSE_FO|54806|13-04-2026', 'status': 'UNAFFORDABLE_OR_PAST_CAPACITY'}]",CE,ORB30,NO_AFFORDABLE_LIQUID_CONTRACT,,ORB30_TRAIL
2026-04-21T09:47:00+05:30,,576.75,,2026-04-21,,,,,,,,all,,,reported,,,"[{'contract': 'NSE_FO|63447|21-04-2026', 'status': 'UNAFFORDABLE_OR_PAST_CAPACITY'}, {'contract': 'NSE_FO|63458|21-04-2026', 'status': 'UNAFFORDABLE_OR_PAST_CAPACITY'}, {'contract': 'NSE_FO|63464|21-04-2026', 'status': 'UNAFFORDABLE_OR_PAST_CAPACITY'}, {'contract': 'NSE_FO|63466|21-04-2026', 'status': 'UNAFFORDABLE_OR_PAST_CAPACITY'}]",CE,ORB30,NO_AFFORDABLE_LIQUID_CONTRACT,,ORB30_TRAIL
2026-04-28T09:48:00+05:30,,576.75,,2026-04-28,,,,,,,,all,,,reported,,,"[{'contract': 'NSE_FO|72269|28-04-2026', 'status': 'UNAFFORDABLE_OR_PAST_CAPACITY'}, {'contract': 'NSE_FO|72271|28-04-2026', 'status': 'UNAFFORDABLE_OR_PAST_CAPACITY'}, {'contract': 'NSE_FO|72277|28-04-2026', 'status': 'UNAFFORDABLE_OR_PAST_CAPACITY'}, {'contract': 'NSE_FO|72279|28-04-2026', 'status': 'UNAFFORDABLE_OR_PAST_CAPACITY'}]",CE,ORB30,NO_AFFORDABLE_LIQUID_CONTRACT,,ORB30_TRAIL
2026-05-05T10:36:00+05:30,,576.75,,2026-05-05,,,,,,,,all,,,reported,,,"[{'contract': 'NSE_FO|74146|05-05-2026', 'status': 'UNAFFORDABLE_OR_PAST_CAPACITY'}, {'contract': 'NSE_FO|74134|05-05-2026', 'status': 'UNAFFORDABLE_OR_PAST_CAPACITY'}, {'contract': 'NSE_FO|74132|05-05-2026', 'status': 'UNAFFORDABLE_OR_PAST_CAPACITY'}, {'contract': 'NSE_FO|74130|05-05-2026', 'status': 'UNAFFORDABLE_OR_PAST_CAPACITY'}]",PE,ORB30,NO_AFFORDABLE_LIQUID_CONTRACT,,ORB30_TRAIL
2026-05-12T10:35:00+05:30,585.57,576.75,NSE_FO|41725|12-05-2026,2026-05-12,7.25,2026-05-12T10:36:00+05:30,8.15,2026-05-12T13:16:00+05:30,49.68,7.55,65,all,8.82,1.124137931034482758620689655,reported,65,STOP,"[{'contract': 'NSE_FO|41735|12-05-2026', 'status': 'UNAFFORDABLE_OR_PAST_CAPACITY'}, {'contract': 'NSE_FO|41731|12-05-2026', 'status': 'UNAFFORDABLE_OR_PAST_CAPACITY'}, {'contract': 'NSE_FO|41729|12-05-2026', 'status': 'UNAFFORDABLE_OR_PAST_CAPACITY'}, {'contract': 'NSE_FO|41725|12-05-2026', 'status': 'ORDER_CREATED'}]",PE,ORB30,MODELED_EXIT,23450.0,ORB30_TRAIL
2026-05-19T10:59:00+05:30,344.32,585.57,NSE_FO|51380|19-05-2026,2026-05-19,5.65,2026-05-19T11:00:00+05:30,2.70,2026-05-19T11:16:00+05:30,49.50,6.75,65,all,-241.25,0.4778761061946902654867256637,reported,65,STOP,"[{'contract': 'NSE_FO|51374|19-05-2026', 'status': 'UNAFFORDABLE_OR_PAST_CAPACITY'}, {'contract': 'NSE_FO|51376|19-05-2026', 'status': 'UNAFFORDABLE_OR_PAST_CAPACITY'}, {'contract': 'NSE_FO|51378|19-05-2026', 'status': 'UNAFFORDABLE_OR_PAST_CAPACITY'}, {'contract': 'NSE_FO|51380|19-05-2026', 'status': 'ORDER_CREATED'}]",CE,ORB30,MODELED_EXIT,23950.0,ORB30_TRAIL
2026-05-26T10:40:00+05:30,,344.32,,2026-05-26,,,,,,,,all,,,reported,,,"[{'contract': 'NSE_FO|72183|26-05-2026', 'status': 'UNAFFORDABLE_OR_PAST_CAPACITY'}, {'contract': 'NSE_FO|72185|26-05-2026', 'status': 'UNAFFORDABLE_OR_PAST_CAPACITY'}, {'contract': 'NSE_FO|72187|26-05-2026', 'status': 'UNAFFORDABLE_OR_PAST_CAPACITY'}, {'contract': 'NSE_FO|72237|26-05-2026', 'status': 'UNAFFORDABLE_OR_PAST_CAPACITY'}]",CE,ORB30,NO_AFFORDABLE_LIQUID_CONTRACT,,ORB30_TRAIL
2026-06-02T09:57:00+05:30,,344.32,,2026-06-02,,,,,,,,all,,,reported,,,"[{'contract': 'NSE_FO|57022|02-06-2026', 'status': 'UNAFFORDABLE_OR_PAST_CAPACITY'}, {'contract': 'NSE_FO|57024|02-06-2026', 'status': 'UNAFFORDABLE_OR_PAST_CAPACITY'}, {'contract': 'NSE_FO|57026|02-06-2026', 'status': 'UNAFFORDABLE_OR_PAST_CAPACITY'}, {'contract': 'NSE_FO|57028|02-06-2026', 'status': 'UNAFFORDABLE_OR_PAST_CAPACITY'}]",CE,ORB30,NO_AFFORDABLE_LIQUID_CONTRACT,,ORB30_TRAIL
2026-06-09T09:51:00+05:30,,344.32,,2026-06-09,,,,,,,,all,,,reported,,,"[{'contract': 'NSE_FO|42285|09-06-2026', 'status': 'UNAFFORDABLE_OR_PAST_CAPACITY'}, {'contract': 'NSE_FO|42279|09-06-2026', 'status': 'UNAFFORDABLE_OR_PAST_CAPACITY'}, {'contract': 'NSE_FO|42273|09-06-2026', 'status': 'UNAFFORDABLE_OR_PAST_CAPACITY'}, {'contract': 'NSE_FO|42271|09-06-2026', 'status': 'UNAFFORDABLE_OR_PAST_CAPACITY'}]",PE,ORB30,NO_AFFORDABLE_LIQUID_CONTRACT,,ORB30_TRAIL
2026-06-16T10:38:00+05:30,,344.32,,2026-06-16,,,,,,,,all,,,reported,,,"[{'contract': 'NSE_FO|50613|16-06-2026', 'status': 'UNAFFORDABLE_OR_PAST_CAPACITY'}, {'contract': 'NSE_FO|50615|16-06-2026', 'status': 'UNAFFORDABLE_OR_PAST_CAPACITY'}, {'contract': 'NSE_FO|50617|16-06-2026', 'status': 'UNAFFORDABLE_OR_PAST_CAPACITY'}, {'contract': 'NSE_FO|50619|16-06-2026', 'status': 'UNAFFORDABLE_OR_PAST_CAPACITY'}]",CE,ORB30,NO_AFFORDABLE_LIQUID_CONTRACT,,ORB30_TRAIL
2026-06-23T11:50:00+05:30,,344.32,NSE_FO|56357|23-06-2026,2026-06-23,,,,,,2.75,65,all,,,reported,65,,"[{'contract': 'NSE_FO|56373|23-06-2026', 'status': 'UNAFFORDABLE_OR_PAST_CAPACITY'}, {'contract': 'NSE_FO|56371|23-06-2026', 'status': 'UNAFFORDABLE_OR_PAST_CAPACITY'}, {'contract': 'NSE_FO|56359|23-06-2026', 'status': 'UNAFFORDABLE_OR_PAST_CAPACITY'}, {'contract': 'NSE_FO|56357|23-06-2026', 'status': 'ORDER_CREATED'}]",PE,ORB30,MODELED_LIMIT_MISS,23850.0,ORB30_TRAIL
2026-06-30T09:49:00+05:30,,344.32,,2026-06-30,,,,,,,,all,,,reported,,,"[{'contract': 'NSE_FO|79714|30-06-2026', 'status': 'UNAFFORDABLE_OR_PAST_CAPACITY'}, {'contract': 'NSE_FO|79712|30-06-2026', 'status': 'UNAFFORDABLE_OR_PAST_CAPACITY'}, {'contract': 'NSE_FO|79710|30-06-2026', 'status': 'UNAFFORDABLE_OR_PAST_CAPACITY'}, {'contract': 'NSE_FO|79708|30-06-2026', 'status': 'UNAFFORDABLE_OR_PAST_CAPACITY'}]",PE,ORB30,NO_AFFORDABLE_LIQUID_CONTRACT,,ORB30_TRAIL
2026-07-21T10:24:00+05:30,,344.32,,2026-07-21,,,,,,,,all,,,reported,,,"[{'contract': 'NSE_FO|57349|21-07-2026', 'status': 'UNAFFORDABLE_OR_PAST_CAPACITY'}, {'contract': 'NSE_FO|57347|21-07-2026', 'status': 'UNAFFORDABLE_OR_PAST_CAPACITY'}, {'contract': 'NSE_FO|57345|21-07-2026', 'status': 'UNAFFORDABLE_OR_PAST_CAPACITY'}, {'contract': 'NSE_FO|57343|21-07-2026', 'status': 'UNAFFORDABLE_OR_PAST_CAPACITY'}]",PE,ORB30,NO_AFFORDABLE_LIQUID_CONTRACT,,ORB30_TRAIL
2026-08-04T10:34:00+05:30,,344.32,,2026-08-04,,,,,,,,all,,,reported,,,"[{'contract': 'NSE_FO|65872|04-08-2026', 'status': 'UNAFFORDABLE_OR_PAST_CAPACITY'}, {'contract': 'NSE_FO|65868|04-08-2026', 'status': 'UNAFFORDABLE_OR_PAST_CAPACITY'}, {'contract': 'NSE_FO|65861|04-08-2026', 'status': 'UNAFFORDABLE_OR_PAST_CAPACITY'}, {'contract': 'NSE_FO|65859|04-08-2026', 'status': 'UNAFFORDABLE_OR_PAST_CAPACITY'}]",PE,ORB30,NO_AFFORDABLE_LIQUID_CONTRACT,,ORB30_TRAIL
2026-08-11T11:04:00+05:30,,344.32,,2026-08-11,,,,,,,,all,,,reported,,,"[{'contract': 'NSE_FO|41010|11-08-2026', 'status': 'UNAFFORDABLE_OR_PAST_CAPACITY'}, {'contract': 'NSE_FO|41008|11-08-2026', 'status': 'UNAFFORDABLE_OR_PAST_CAPACITY'}, {'contract': 'NSE_FO|41006|11-08-2026', 'status': 'UNAFFORDABLE_OR_PAST_CAPACITY'}, {'contract': 'NSE_FO|41004|11-08-2026', 'status': 'UNAFFORDABLE_OR_PAST_CAPACITY'}]",PE,ORB30,NO_AFFORDABLE_LIQUID_CONTRACT,,ORB30_TRAIL
2026-08-18T10:48:00+05:30,288.42,344.32,NSE_FO|45093|18-08-2026,2026-08-18,2.35,2026-08-18T10:49:00+05:30,2.25,2026-08-18T11:36:00+05:30,49.40,2.45,65,all,-55.90,0.9574468085106382978723404255,reported,65,STOP,"[{'contract': 'NSE_FO|45099|18-08-2026', 'status': 'UNAFFORDABLE_OR_PAST_CAPACITY'}, {'contract': 'NSE_FO|45097|18-08-2026', 'status': 'UNAFFORDABLE_OR_PAST_CAPACITY'}, {'contract': 'NSE_FO|45095|18-08-2026', 'status': 'UNAFFORDABLE_OR_PAST_CAPACITY'}, {'contract': 'NSE_FO|45093|18-08-2026', 'status': 'ORDER_CREATED'}]",PE,ORB30,MODELED_EXIT,24050.0,ORB30_TRAIL
2026-08-25T10:25:00+05:30,157.81,288.42,NSE_FO|61588|25-08-2026,2026-08-25,2.35,2026-08-25T10:26:00+05:30,1.10,2026-08-25T12:00:00+05:30,49.36,2.35,65,all,-130.61,0.4680851063829787234042553191,reported,65,STOP,"[{'contract': 'NSE_FO|61622|25-08-2026', 'status': 'UNAFFORDABLE_OR_PAST_CAPACITY'}, {'contract': 'NSE_FO|61609|25-08-2026', 'status': 'UNAFFORDABLE_OR_PAST_CAPACITY'}, {'contract': 'NSE_FO|61604|25-08-2026', 'status': 'UNAFFORDABLE_OR_PAST_CAPACITY'}, {'contract': 'NSE_FO|61588|25-08-2026', 'status': 'ORDER_CREATED'}]",PE,ORB30,MODELED_EXIT,23950.0,ORB30_TRAIL
2026-09-01T09:49:00+05:30,,157.81,,2026-09-01,,,,,,,,all,,,reported,,,"[{'contract': 'NSE_FO|46986|01-09-2026', 'status': 'UNAFFORDABLE_OR_PAST_CAPACITY'}, {'contract': 'NSE_FO|46984|01-09-2026', 'status': 'UNAFFORDABLE_OR_PAST_CAPACITY'}, {'contract': 'NSE_FO|46982|01-09-2026', 'status': 'UNAFFORDABLE_OR_PAST_CAPACITY'}, {'contract': 'NSE_FO|46980|01-09-2026', 'status': 'UNAFFORDABLE_OR_PAST_CAPACITY'}]",PE,ORB30,NO_AFFORDABLE_LIQUID_CONTRACT,,ORB30_TRAIL
2026-09-08T10:05:00+05:30,,157.81,,2026-09-08,,,,,,,,all,,,reported,,,"[{'contract': 'NSE_FO|42626|08-09-2026', 'status': 'UNAFFORDABLE_OR_PAST_CAPACITY'}, {'contract': 'NSE_FO|42624|08-09-2026', 'status': 'UNAFFORDABLE_OR_PAST_CAPACITY'}, {'contract': 'NSE_FO|42621|08-09-2026', 'status': 'UNAFFORDABLE_OR_PAST_CAPACITY'}, {'contract': 'NSE_FO|42614|08-09-2026', 'status': 'UNAFFORDABLE_OR_PAST_CAPACITY'}]",PE,ORB30,NO_AFFORDABLE_LIQUID_CONTRACT,,ORB30_TRAIL
2026-09-15T09:49:00+05:30,,157.81,,2026-09-15,,,,,,,,all,,,reported,,,"[{'contract': 'NSE_FO|47296|15-09-2026', 'status': 'UNAFFORDABLE_OR_PAST_CAPACITY'}, {'contract': 'NSE_FO|47294|15-09-2026', 'status': 'UNAFFORDABLE_OR_PAST_CAPACITY'}, {'contract': 'NSE_FO|47292|15-09-2026', 'status': 'UNAFFORDABLE_OR_PAST_CAPACITY'}, {'contract': 'NSE_FO|47290|15-09-2026', 'status': 'UNAFFORDABLE_OR_PAST_CAPACITY'}]",PE,ORB30,NO_AFFORDABLE_LIQUID_CONTRACT,,ORB30_TRAIL
2025-10-07T14:45:00+05:30,,9411.18,,2025-10-07,,,,,,,,all,,,reported,,,"[{'contract': 'NSE_FO|38398|07-10-2025', 'status': 'INSUFFICIENT_KNOWN_OI'}, {'contract': 'NSE_FO|38396|07-10-2025', 'status': 'INSUFFICIENT_KNOWN_OI'}, {'contract': 'NSE_FO|38394|07-10-2025', 'status': 'INSUFFICIENT_KNOWN_OI'}, {'contract': 'NSE_FO|38389|07-10-2025', 'status': 'INSUFFICIENT_KNOWN_OI'}]",PE,LATE_BREAK,NO_AFFORDABLE_LIQUID_CONTRACT,,LATE_BREAK_TARGET
2025-10-14T14:35:00+05:30,,9411.18,NSE_FO|42685|14-10-2025,2025-10-14,,,,,,36.45,75,all,,,reported,225,,"[{'contract': 'NSE_FO|42685|14-10-2025', 'status': 'ORDER_CREATED'}]",CE,LATE_BREAK,MODELED_LIMIT_MISS,25150.0,LATE_BREAK_TARGET
2025-10-28T15:02:00+05:30,,9411.18,NSE_FO|58974|28-10-2025,2025-10-28,,,,,,25.35,75,all,,,reported,300,,"[{'contract': 'NSE_FO|58974|28-10-2025', 'status': 'ORDER_CREATED'}]",CE,LATE_BREAK,MODELED_LIMIT_MISS,25900.0,LATE_BREAK_TARGET
2025-11-04T14:37:00+05:30,,9411.18,NSE_FO|47660|04-11-2025,2025-11-04,,,,,,11.15,75,all,,,reported,750,,"[{'contract': 'NSE_FO|47660|04-11-2025', 'status': 'ORDER_CREATED'}]",CE,LATE_BREAK,MODELED_LIMIT_MISS,25650.0,LATE_BREAK_TARGET
2025-11-11T15:23:00+05:30,2436.93,9411.18,NSE_FO|40123|11-11-2025,2025-11-11,0.10,2025-11-11T15:24:00+05:30,0.00,2025-11-11T15:25:00+05:30,1529.25,0.15,75,all,-6974.25,0,reported,54450,STOP,"[{'contract': 'NSE_FO|40123|11-11-2025', 'status': 'ORDER_CREATED'}]",CE,LATE_BREAK,MODELED_EXIT,25700.0,LATE_BREAK_TARGET
2025-11-18T14:34:00+05:30,3605.62,2436.93,NSE_FO|44298|18-11-2025,2025-11-18,16.30,2025-11-18T14:35:00+05:30,32.60,2025-11-18T15:02:00+05:30,53.81,16.40,75,all,1168.69,2,reported,75,TARGET_2X,"[{'contract': 'NSE_FO|44298|18-11-2025', 'status': 'ORDER_CREATED'}]",PE,LATE_BREAK,MODELED_EXIT,25950.0,LATE_BREAK_TARGET
2025-11-25T14:32:00+05:30,,3605.62,NSE_FO|52910|25-11-2025,2025-11-25,,,,,,16.00,75,all,,,reported,150,,"[{'contract': 'NSE_FO|52910|25-11-2025', 'status': 'ORDER_CREATED'}]",PE,LATE_BREAK,MODELED_LIMIT_MISS,25950.0,LATE_BREAK_TARGET
2025-12-02T14:38:00+05:30,2399.00,3605.62,NSE_FO|46796|02-12-2025,2025-12-02,14.55,2025-12-02T14:39:00+05:30,6.85,2025-12-02T14:49:00+05:30,51.62,15.75,75,all,-1206.62,0.4707903780068728522336769759,reported,150,STOP,"[{'contract': 'NSE_FO|46796|02-12-2025', 'status': 'ORDER_CREATED'}]",PE,LATE_BREAK,MODELED_EXIT,26000.0,LATE_BREAK_TARGET
2025-12-09T14:37:00+05:30,1670.26,2399.00,NSE_FO|41876|09-12-2025,2025-12-09,15.90,2025-12-09T14:38:00+05:30,6.85,2025-12-09T14:41:00+05:30,49.99,17.25,75,all,-728.74,0.4308176100628930817610062893,reported,75,STOP,"[{'contract': 'NSE_FO|41876|09-12-2025', 'status': 'ORDER_CREATED'}]",PE,LATE_BREAK,MODELED_EXIT,25800.0,LATE_BREAK_TARGET
2025-12-16T15:21:00+05:30,516.78,1670.26,NSE_FO|48219|16-12-2025,2025-12-16,0.25,2025-12-16T15:22:00+05:30,0.05,2025-12-16T15:23:00+05:30,148.48,0.30,75,all,-1153.48,0.2,reported,5025,STOP,"[{'contract': 'NSE_FO|48219|16-12-2025', 'status': 'ORDER_CREATED'}]",PE,LATE_BREAK,MODELED_EXIT,25850.0,LATE_BREAK_TARGET
2025-12-23T14:43:00+05:30,,516.78,NSE_FO|57019|23-12-2025,2025-12-23,,,,,,3.55,75,all,,,reported,75,,"[{'contract': 'NSE_FO|57021|23-12-2025', 'status': 'UNAFFORDABLE_OR_PAST_CAPACITY'}, {'contract': 'NSE_FO|57019|23-12-2025', 'status': 'ORDER_CREATED'}]",PE,LATE_BREAK,MODELED_LIMIT_MISS,26150.0,LATE_BREAK_TARGET
2026-01-06T14:49:00+05:30,,516.78,NSE_FO|40477|06-01-2026,2026-01-06,,,,,,1.60,65,all,,,reported,260,,"[{'contract': 'NSE_FO|40475|06-01-2026', 'status': 'UNAFFORDABLE_OR_PAST_CAPACITY'}, {'contract': 'NSE_FO|40477|06-01-2026', 'status': 'ORDER_CREATED'}]",CE,LATE_BREAK,MODELED_LIMIT_MISS,26200.0,LATE_BREAK_TARGET
2026-01-13T14:38:00+05:30,869.00,516.78,NSE_FO|46163|13-01-2026,2026-01-13,1.55,2026-01-13T14:39:00+05:30,3.10,2026-01-13T14:42:00+05:30,50.78,1.75,65,all,352.22,2,reported,260,TARGET_2X,"[{'contract': 'NSE_FO|46155|13-01-2026', 'status': 'UNAFFORDABLE_OR_PAST_CAPACITY'}, {'contract': 'NSE_FO|46161|13-01-2026', 'status': 'UNAFFORDABLE_OR_PAST_CAPACITY'}, {'contract': 'NSE_FO|46163|13-01-2026', 'status': 'ORDER_CREATED'}]",CE,LATE_BREAK,MODELED_EXIT,25750.0,LATE_BREAK_TARGET
2026-01-20T14:43:00+05:30,390.36,869.00,NSE_FO|47592|20-01-2026,2026-01-20,5.10,2026-01-20T14:44:00+05:30,1.80,2026-01-20T14:48:00+05:30,49.64,5.25,65,all,-478.64,0.3529411764705882352941176471,reported,130,STOP,"[{'contract': 'NSE_FO|47594|20-01-2026', 'status': 'UNAFFORDABLE_OR_PAST_CAPACITY'}, {'contract': 'NSE_FO|47592|20-01-2026', 'status': 'ORDER_CREATED'}]",PE,LATE_BREAK,MODELED_EXIT,25300.0,LATE_BREAK_TARGET
2026-01-27T14:38:00+05:30,,390.36,NSE_FO|58689|27-01-2026,2026-01-27,,,,,,4.80,65,all,,,reported,65,,"[{'contract': 'NSE_FO|58663|27-01-2026', 'status': 'UNAFFORDABLE_OR_PAST_CAPACITY'}, {'contract': 'NSE_FO|58665|27-01-2026', 'status': 'UNAFFORDABLE_OR_PAST_CAPACITY'}, {'contract': 'NSE_FO|58667|27-01-2026', 'status': 'UNAFFORDABLE_OR_PAST_CAPACITY'}, {'contract': 'NSE_FO|58689|27-01-2026', 'status': 'ORDER_CREATED'}]",CE,LATE_BREAK,MODELED_LIMIT_MISS,25200.0,LATE_BREAK_TARGET
2026-02-03T14:34:00+05:30,578.05,390.36,NSE_FO|49821|03-02-2026,2026-02-03,3.65,2026-02-03T14:35:00+05:30,7.30,2026-02-03T14:43:00+05:30,49.56,5.25,65,all,187.69,2,reported,65,TARGET_2X,"[{'contract': 'NSE_FO|49836|03-02-2026', 'status': 'UNAFFORDABLE_OR_PAST_CAPACITY'}, {'contract': 'NSE_FO|49834|03-02-2026', 'status': 'UNAFFORDABLE_OR_PAST_CAPACITY'}, {'contract': 'NSE_FO|49824|03-02-2026', 'status': 'UNAFFORDABLE_OR_PAST_CAPACITY'}, {'contract': 'NSE_FO|49821|03-02-2026', 'status': 'ORDER_CREATED'}]",PE,LATE_BREAK,MODELED_EXIT,25600.0,LATE_BREAK_TARGET
2026-02-10T14:44:00+05:30,314.07,578.05,NSE_FO|42539|10-02-2026,2026-02-10,1.85,2026-02-10T14:45:00+05:30,0.75,2026-02-10T14:46:00+05:30,49.48,2.55,65,all,-263.98,0.4054054054054054054054054054,reported,195,STOP,"[{'contract': 'NSE_FO|42543|10-02-2026', 'status': 'UNAFFORDABLE_OR_PAST_CAPACITY'}, {'contract': 'NSE_FO|42539|10-02-2026', 'status': 'ORDER_CREATED'}]",PE,LATE_BREAK,MODELED_EXIT,25850.0,LATE_BREAK_TARGET
2026-02-17T14:40:00+05:30,121.63,314.07,NSE_FO|48228|17-02-2026,2026-02-17,2.0,2026-02-17T14:41:00+05:30,0.90,2026-02-17T14:46:00+05:30,49.44,2.05,65,all,-192.44,0.45,reported,130,STOP,"[{'contract': 'NSE_FO|48224|17-02-2026', 'status': 'UNAFFORDABLE_OR_PAST_CAPACITY'}, {'contract': 'NSE_FO|48226|17-02-2026', 'status': 'UNAFFORDABLE_OR_PAST_CAPACITY'}, {'contract': 'NSE_FO|48228|17-02-2026', 'status': 'ORDER_CREATED'}]",CE,LATE_BREAK,MODELED_EXIT,25800.0,LATE_BREAK_TARGET
2026-02-24T14:46:00+05:30,49.59,121.63,NSE_FO|64838|24-02-2026,2026-02-24,0.55,2026-02-24T14:47:00+05:30,0.20,2026-02-24T14:56:00+05:30,49.29,0.70,65,all,-72.04,0.3636363636363636363636363636,reported,65,STOP,"[{'contract': 'NSE_FO|64844|24-02-2026', 'status': 'UNAFFORDABLE_OR_PAST_CAPACITY'}, {'contract': 'NSE_FO|64842|24-02-2026', 'status': 'UNAFFORDABLE_OR_PAST_CAPACITY'}, {'contract': 'NSE_FO|64840|24-02-2026', 'status': 'UNAFFORDABLE_OR_PAST_CAPACITY'}, {'contract': 'NSE_FO|64838|24-02-2026', 'status': 'ORDER_CREATED'}]",PE,LATE_BREAK,MODELED_EXIT,25200.0,LATE_BREAK_TARGET
2026-03-02T14:36:00+05:30,,49.59,,2026-03-02,,,,,,,,all,,,reported,,,"[{'contract': 'NSE_FO|54880|02-03-2026', 'status': 'UNAFFORDABLE_OR_PAST_CAPACITY'}, {'contract': 'NSE_FO|54882|02-03-2026', 'status': 'UNAFFORDABLE_OR_PAST_CAPACITY'}, {'contract': 'NSE_FO|54884|02-03-2026', 'status': 'UNAFFORDABLE_OR_PAST_CAPACITY'}, {'contract': 'NSE_FO|54886|02-03-2026', 'status': 'UNAFFORDABLE_OR_PAST_CAPACITY'}]",CE,LATE_BREAK,NO_AFFORDABLE_LIQUID_CONTRACT,,LATE_BREAK_TARGET
2026-03-10T14:35:00+05:30,,49.59,,2026-03-10,,,,,,,,all,,,reported,,,"[{'contract': 'NSE_FO|45483|10-03-2026', 'status': 'UNAFFORDABLE_OR_PAST_CAPACITY'}, {'contract': 'NSE_FO|45481|10-03-2026', 'status': 'UNAFFORDABLE_OR_PAST_CAPACITY'}, {'contract': 'NSE_FO|45478|10-03-2026', 'status': 'UNAFFORDABLE_OR_PAST_CAPACITY'}, {'contract': 'NSE_FO|45476|10-03-2026', 'status': 'UNAFFORDABLE_OR_PAST_CAPACITY'}]",PE,LATE_BREAK,NO_AFFORDABLE_LIQUID_CONTRACT,,LATE_BREAK_TARGET
2026-03-17T14:56:00+05:30,,49.59,,2026-03-17,,,,,,,,all,,,reported,,,"[{'contract': 'NSE_FO|57757|17-03-2026', 'status': 'UNAFFORDABLE_OR_PAST_CAPACITY'}, {'contract': 'NSE_FO|57764|17-03-2026', 'status': 'UNAFFORDABLE_OR_PAST_CAPACITY'}, {'contract': 'NSE_FO|57769|17-03-2026', 'status': 'UNAFFORDABLE_OR_PAST_CAPACITY'}, {'contract': 'NSE_FO|57774|17-03-2026', 'status': 'UNAFFORDABLE_OR_PAST_CAPACITY'}]",CE,LATE_BREAK,NO_AFFORDABLE_LIQUID_CONTRACT,,LATE_BREAK_TARGET
2026-03-24T14:39:00+05:30,,49.59,,2026-03-24,,,,,,,,all,,,reported,,,"[{'contract': 'NSE_FO|62567|24-03-2026', 'status': 'UNAFFORDABLE_OR_PAST_CAPACITY'}, {'contract': 'NSE_FO|62565|24-03-2026', 'status': 'UNAFFORDABLE_OR_PAST_CAPACITY'}, {'contract': 'NSE_FO|62563|24-03-2026', 'status': 'UNAFFORDABLE_OR_PAST_CAPACITY'}, {'contract': 'NSE_FO|62561|24-03-2026', 'status': 'UNAFFORDABLE_OR_PAST_CAPACITY'}]",PE,LATE_BREAK,NO_AFFORDABLE_LIQUID_CONTRACT,,LATE_BREAK_TARGET
2026-03-30T14:36:00+05:30,,49.59,,2026-03-30,,,,,,,,all,,,reported,,,"[{'contract': 'NSE_FO|54473|30-03-2026', 'status': 'UNAFFORDABLE_OR_PAST_CAPACITY'}, {'contract': 'NSE_FO|54471|30-03-2026', 'status': 'UNAFFORDABLE_OR_PAST_CAPACITY'}, {'contract': 'NSE_FO|54469|30-03-2026', 'status': 'UNAFFORDABLE_OR_PAST_CAPACITY'}, {'contract': 'NSE_FO|54467|30-03-2026', 'status': 'UNAFFORDABLE_OR_PAST_CAPACITY'}]",PE,LATE_BREAK,NO_AFFORDABLE_LIQUID_CONTRACT,,LATE_BREAK_TARGET
2026-04-07T14:33:00+05:30,,49.59,,2026-04-07,,,,,,,,all,,,reported,,,"[{'contract': 'NSE_FO|40774|07-04-2026', 'status': 'UNAFFORDABLE_OR_PAST_CAPACITY'}, {'contract': 'NSE_FO|40776|07-04-2026', 'status': 'UNAFFORDABLE_OR_PAST_CAPACITY'}, {'contract': 'NSE_FO|40778|07-04-2026', 'status': 'UNAFFORDABLE_OR_PAST_CAPACITY'}, {'contract': 'NSE_FO|40781|07-04-2026', 'status': 'UNAFFORDABLE_OR_PAST_CAPACITY'}]",CE,LATE_BREAK,NO_AFFORDABLE_LIQUID_CONTRACT,,LATE_BREAK_TARGET
2026-04-13T15:21:00+05:30,-11.65,49.59,NSE_FO|54805|13-04-2026,2026-04-13,0.10,2026-04-13T15:22:00+05:30,0.00,2026-04-13T15:23:00+05:30,48.24,0.15,65,all,-61.24,0,reported,130,STOP,"[{'contract': 'NSE_FO|54807|13-04-2026', 'status': 'UNAFFORDABLE_OR_PAST_CAPACITY'}, {'contract': 'NSE_FO|54805|13-04-2026', 'status': 'ORDER_CREATED'}]",PE,LATE_BREAK,MODELED_EXIT,23800.0,LATE_BREAK_TARGET
2026-04-28T14:32:00+05:30,,-11.65,,2026-04-28,,,,,,,,all,,,reported,,,"[{'contract': 'NSE_FO|72265|28-04-2026', 'status': 'UNAFFORDABLE_OR_PAST_CAPACITY'}, {'contract': 'NSE_FO|72267|28-04-2026', 'status': 'UNAFFORDABLE_OR_PAST_CAPACITY'}, {'contract': 'NSE_FO|72269|28-04-2026', 'status': 'UNAFFORDABLE_OR_PAST_CAPACITY'}, {'contract': 'NSE_FO|72271|28-04-2026', 'status': 'UNAFFORDABLE_OR_PAST_CAPACITY'}]",CE,LATE_BREAK,NO_AFFORDABLE_LIQUID_CONTRACT,,LATE_BREAK_TARGET
2026-05-12T14:54:00+05:30,,-11.65,,2026-05-12,,,,,,,,all,,,reported,,,"[{'contract': 'NSE_FO|41725|12-05-2026', 'status': 'UNAFFORDABLE_OR_PAST_CAPACITY'}, {'contract': 'NSE_FO|41723|12-05-2026', 'status': 'UNAFFORDABLE_OR_PAST_CAPACITY'}, {'contract': 'NSE_FO|41717|12-05-2026', 'status': 'UNAFFORDABLE_OR_PAST_CAPACITY'}, {'contract': 'NSE_FO|41713|12-05-2026', 'status': 'UNAFFORDABLE_OR_PAST_CAPACITY'}]",PE,LATE_BREAK,NO_AFFORDABLE_LIQUID_CONTRACT,,LATE_BREAK_TARGET
2026-05-19T14:37:00+05:30,,-11.65,,2026-05-19,,,,,,,,all,,,reported,,,"[{'contract': 'NSE_FO|51367|19-05-2026', 'status': 'UNAFFORDABLE_OR_PAST_CAPACITY'}, {'contract': 'NSE_FO|51365|19-05-2026', 'status': 'UNAFFORDABLE_OR_PAST_CAPACITY'}, {'contract': 'NSE_FO|51359|19-05-2026', 'status': 'UNAFFORDABLE_OR_PAST_CAPACITY'}, {'contract': 'NSE_FO|51357|19-05-2026', 'status': 'UNAFFORDABLE_OR_PAST_CAPACITY'}]",PE,LATE_BREAK,NO_AFFORDABLE_LIQUID_CONTRACT,,LATE_BREAK_TARGET
2026-05-26T14:42:00+05:30,,-11.65,,2026-05-26,,,,,,,,all,,,reported,,,"[{'contract': 'NSE_FO|72176|26-05-2026', 'status': 'UNAFFORDABLE_OR_PAST_CAPACITY'}, {'contract': 'NSE_FO|72174|26-05-2026', 'status': 'UNAFFORDABLE_OR_PAST_CAPACITY'}, {'contract': 'NSE_FO|72172|26-05-2026', 'status': 'UNAFFORDABLE_OR_PAST_CAPACITY'}, {'contract': 'NSE_FO|72170|26-05-2026', 'status': 'UNAFFORDABLE_OR_PAST_CAPACITY'}]",PE,LATE_BREAK,NO_AFFORDABLE_LIQUID_CONTRACT,,LATE_BREAK_TARGET
2026-06-02T14:39:00+05:30,,-11.65,,2026-06-02,,,,,,,,all,,,reported,,,"[{'contract': 'NSE_FO|57031|02-06-2026', 'status': 'UNAFFORDABLE_OR_PAST_CAPACITY'}, {'contract': 'NSE_FO|57029|02-06-2026', 'status': 'UNAFFORDABLE_OR_PAST_CAPACITY'}, {'contract': 'NSE_FO|57027|02-06-2026', 'status': 'UNAFFORDABLE_OR_PAST_CAPACITY'}, {'contract': 'NSE_FO|57025|02-06-2026', 'status': 'UNAFFORDABLE_OR_PAST_CAPACITY'}]",PE,LATE_BREAK,NO_AFFORDABLE_LIQUID_CONTRACT,,LATE_BREAK_TARGET
2026-06-09T14:40:00+05:30,,-11.65,,2026-06-09,,,,,,,,all,,,reported,,,"[{'contract': 'NSE_FO|42286|09-06-2026', 'status': 'UNAFFORDABLE_OR_PAST_CAPACITY'}, {'contract': 'NSE_FO|42288|09-06-2026', 'status': 'UNAFFORDABLE_OR_PAST_CAPACITY'}, {'contract': 'NSE_FO|42290|09-06-2026', 'status': 'UNAFFORDABLE_OR_PAST_CAPACITY'}, {'contract': 'NSE_FO|42295|09-06-2026', 'status': 'UNAFFORDABLE_OR_PAST_CAPACITY'}]",CE,LATE_BREAK,NO_AFFORDABLE_LIQUID_CONTRACT,,LATE_BREAK_TARGET
2026-06-16T14:46:00+05:30,,-11.65,,2026-06-16,,,,,,,,all,,,reported,,,"[{'contract': 'NSE_FO|50614|16-06-2026', 'status': 'UNAFFORDABLE_OR_PAST_CAPACITY'}, {'contract': 'NSE_FO|50612|16-06-2026', 'status': 'UNAFFORDABLE_OR_PAST_CAPACITY'}, {'contract': 'NSE_FO|50610|16-06-2026', 'status': 'UNAFFORDABLE_OR_PAST_CAPACITY'}, {'contract': 'NSE_FO|50608|16-06-2026', 'status': 'UNAFFORDABLE_OR_PAST_CAPACITY'}]",PE,LATE_BREAK,NO_AFFORDABLE_LIQUID_CONTRACT,,LATE_BREAK_TARGET
2026-06-23T14:44:00+05:30,,-11.65,,2026-06-23,,,,,,,,all,,,reported,,,"[{'contract': 'NSE_FO|56370|23-06-2026', 'status': 'UNAFFORDABLE_OR_PAST_CAPACITY'}, {'contract': 'NSE_FO|56372|23-06-2026', 'status': 'UNAFFORDABLE_OR_PAST_CAPACITY'}, {'contract': 'NSE_FO|56374|23-06-2026', 'status': 'UNAFFORDABLE_OR_PAST_CAPACITY'}, {'contract': 'NSE_FO|56376|23-06-2026', 'status': 'UNAFFORDABLE_OR_PAST_CAPACITY'}]",CE,LATE_BREAK,NO_AFFORDABLE_LIQUID_CONTRACT,,LATE_BREAK_TARGET
2026-06-30T15:02:00+05:30,,-11.65,,2026-06-30,,,,,,,,all,,,reported,,,"[{'contract': 'NSE_FO|79714|30-06-2026', 'status': 'UNAFFORDABLE_OR_PAST_CAPACITY'}, {'contract': 'NSE_FO|79712|30-06-2026', 'status': 'UNAFFORDABLE_OR_PAST_CAPACITY'}, {'contract': 'NSE_FO|79710|30-06-2026', 'status': 'UNAFFORDABLE_OR_PAST_CAPACITY'}, {'contract': 'NSE_FO|79708|30-06-2026', 'status': 'UNAFFORDABLE_OR_PAST_CAPACITY'}]",PE,LATE_BREAK,NO_AFFORDABLE_LIQUID_CONTRACT,,LATE_BREAK_TARGET
2026-07-21T14:58:00+05:30,,-11.65,,2026-07-21,,,,,,,,all,,,reported,,,"[{'contract': 'NSE_FO|57348|21-07-2026', 'status': 'UNAFFORDABLE_OR_PAST_CAPACITY'}, {'contract': 'NSE_FO|57350|21-07-2026', 'status': 'UNAFFORDABLE_OR_PAST_CAPACITY'}, {'contract': 'NSE_FO|57352|21-07-2026', 'status': 'UNAFFORDABLE_OR_PAST_CAPACITY'}, {'contract': 'NSE_FO|57354|21-07-2026', 'status': 'UNAFFORDABLE_OR_PAST_CAPACITY'}]",CE,LATE_BREAK,NO_AFFORDABLE_LIQUID_CONTRACT,,LATE_BREAK_TARGET
2026-07-28T14:33:00+05:30,,-11.65,,2026-07-28,,,,,,,,all,,,reported,,,"[{'contract': 'NSE_FO|63938|28-07-2026', 'status': 'UNAFFORDABLE_OR_PAST_CAPACITY'}, {'contract': 'NSE_FO|63936|28-07-2026', 'status': 'UNAFFORDABLE_OR_PAST_CAPACITY'}, {'contract': 'NSE_FO|63934|28-07-2026', 'status': 'UNAFFORDABLE_OR_PAST_CAPACITY'}, {'contract': 'NSE_FO|63930|28-07-2026', 'status': 'UNAFFORDABLE_OR_PAST_CAPACITY'}]",PE,LATE_BREAK,NO_AFFORDABLE_LIQUID_CONTRACT,,LATE_BREAK_TARGET
2026-08-04T15:03:00+05:30,,-11.65,,2026-08-04,,,,,,,,all,,,reported,,,"[{'contract': 'NSE_FO|65859|04-08-2026', 'status': 'UNAFFORDABLE_OR_PAST_CAPACITY'}, {'contract': 'NSE_FO|65855|04-08-2026', 'status': 'UNAFFORDABLE_OR_PAST_CAPACITY'}, {'contract': 'NSE_FO|65853|04-08-2026', 'status': 'UNAFFORDABLE_OR_PAST_CAPACITY'}, {'contract': 'NSE_FO|65809|04-08-2026', 'status': 'UNAFFORDABLE_OR_PAST_CAPACITY'}]",PE,LATE_BREAK,NO_AFFORDABLE_LIQUID_CONTRACT,,LATE_BREAK_TARGET
2026-08-11T14:41:00+05:30,,-11.65,,2026-08-11,,,,,,,,all,,,reported,,,"[{'contract': 'NSE_FO|41010|11-08-2026', 'status': 'UNAFFORDABLE_OR_PAST_CAPACITY'}, {'contract': 'NSE_FO|41008|11-08-2026', 'status': 'UNAFFORDABLE_OR_PAST_CAPACITY'}, {'contract': 'NSE_FO|41006|11-08-2026', 'status': 'UNAFFORDABLE_OR_PAST_CAPACITY'}, {'contract': 'NSE_FO|41004|11-08-2026', 'status': 'UNAFFORDABLE_OR_PAST_CAPACITY'}]",PE,LATE_BREAK,NO_AFFORDABLE_LIQUID_CONTRACT,,LATE_BREAK_TARGET
2026-08-18T14:52:00+05:30,,-11.65,,2026-08-18,,,,,,,,all,,,reported,,,"[{'contract': 'NSE_FO|45098|18-08-2026', 'status': 'UNAFFORDABLE_OR_PAST_CAPACITY'}, {'contract': 'NSE_FO|45100|18-08-2026', 'status': 'UNAFFORDABLE_OR_PAST_CAPACITY'}, {'contract': 'NSE_FO|45102|18-08-2026', 'status': 'UNAFFORDABLE_OR_PAST_CAPACITY'}, {'contract': 'NSE_FO|45104|18-08-2026', 'status': 'UNAFFORDABLE_OR_PAST_CAPACITY'}]",CE,LATE_BREAK,NO_AFFORDABLE_LIQUID_CONTRACT,,LATE_BREAK_TARGET
2026-08-25T14:33:00+05:30,,-11.65,,2026-08-25,,,,,,,,all,,,reported,,,"[{'contract': 'NSE_FO|61647|25-08-2026', 'status': 'UNAFFORDABLE_OR_PAST_CAPACITY'}, {'contract': 'NSE_FO|61671|25-08-2026', 'status': 'UNAFFORDABLE_OR_PAST_CAPACITY'}, {'contract': 'NSE_FO|61685|25-08-2026', 'status': 'UNAFFORDABLE_OR_PAST_CAPACITY'}, {'contract': 'NSE_FO|61717|25-08-2026', 'status': 'UNAFFORDABLE_OR_PAST_CAPACITY'}]",CE,LATE_BREAK,NO_AFFORDABLE_LIQUID_CONTRACT,,LATE_BREAK_TARGET
2026-09-15T14:49:00+05:30,,-11.65,,2026-09-15,,,,,,,,all,,,reported,,,"[{'contract': 'NSE_FO|47284|15-09-2026', 'status': 'UNAFFORDABLE_OR_PAST_CAPACITY'}, {'contract': 'NSE_FO|47282|15-09-2026', 'status': 'UNAFFORDABLE_OR_PAST_CAPACITY'}, {'contract': 'NSE_FO|47280|15-09-2026', 'status': 'UNAFFORDABLE_OR_PAST_CAPACITY'}, {'contract': 'NSE_FO|47278|15-09-2026', 'status': 'UNAFFORDABLE_OR_PAST_CAPACITY'}]",PE,LATE_BREAK,NO_AFFORDABLE_LIQUID_CONTRACT,,LATE_BREAK_TARGET
2025-10-07T14:45:00+05:30,,9411.18,,2025-10-07,,,,,,,,all,,,reported,,,"[{'contract': 'NSE_FO|38398|07-10-2025', 'status': 'INSUFFICIENT_KNOWN_OI'}, {'contract': 'NSE_FO|38396|07-10-2025', 'status': 'INSUFFICIENT_KNOWN_OI'}, {'contract': 'NSE_FO|38394|07-10-2025', 'status': 'INSUFFICIENT_KNOWN_OI'}, {'contract': 'NSE_FO|38389|07-10-2025', 'status': 'INSUFFICIENT_KNOWN_OI'}]",PE,LATE_BREAK,NO_AFFORDABLE_LIQUID_CONTRACT,,LATE_BREAK_TRAIL
2025-10-14T14:35:00+05:30,,9411.18,NSE_FO|42685|14-10-2025,2025-10-14,,,,,,36.45,75,all,,,reported,225,,"[{'contract': 'NSE_FO|42685|14-10-2025', 'status': 'ORDER_CREATED'}]",CE,LATE_BREAK,MODELED_LIMIT_MISS,25150.0,LATE_BREAK_TRAIL
2025-10-28T15:02:00+05:30,,9411.18,NSE_FO|58974|28-10-2025,2025-10-28,,,,,,25.35,75,all,,,reported,300,,"[{'contract': 'NSE_FO|58974|28-10-2025', 'status': 'ORDER_CREATED'}]",CE,LATE_BREAK,MODELED_LIMIT_MISS,25900.0,LATE_BREAK_TRAIL
2025-11-04T14:37:00+05:30,,9411.18,NSE_FO|47660|04-11-2025,2025-11-04,,,,,,11.15,75,all,,,reported,750,,"[{'contract': 'NSE_FO|47660|04-11-2025', 'status': 'ORDER_CREATED'}]",CE,LATE_BREAK,MODELED_LIMIT_MISS,25650.0,LATE_BREAK_TRAIL
2025-11-11T15:23:00+05:30,2436.93,9411.18,NSE_FO|40123|11-11-2025,2025-11-11,0.10,2025-11-11T15:24:00+05:30,0.00,2025-11-11T15:25:00+05:30,1529.25,0.15,75,all,-6974.25,0,reported,54450,STOP,"[{'contract': 'NSE_FO|40123|11-11-2025', 'status': 'ORDER_CREATED'}]",CE,LATE_BREAK,MODELED_EXIT,25700.0,LATE_BREAK_TRAIL
2025-11-18T14:34:00+05:30,4005.70,2436.93,NSE_FO|44298|18-11-2025,2025-11-18,16.30,2025-11-18T14:35:00+05:30,37.95,2025-11-18T15:25:00+05:30,54.98,16.40,75,all,1568.77,2.328220858895705521472392638,reported,75,TIMED_CLOSE,"[{'contract': 'NSE_FO|44298|18-11-2025', 'status': 'ORDER_CREATED'}]",PE,LATE_BREAK,MODELED_EXIT,25950.0,LATE_BREAK_TRAIL
2025-11-25T14:32:00+05:30,,4005.70,NSE_FO|52910|25-11-2025,2025-11-25,,,,,,16.00,75,all,,,reported,225,,"[{'contract': 'NSE_FO|52910|25-11-2025', 'status': 'ORDER_CREATED'}]",PE,LATE_BREAK,MODELED_LIMIT_MISS,25950.0,LATE_BREAK_TRAIL
2025-12-02T14:38:00+05:30,2219.91,4005.70,NSE_FO|46796|02-12-2025,2025-12-02,14.55,2025-12-02T14:39:00+05:30,6.85,2025-12-02T14:49:00+05:30,53.29,15.75,75,all,-1785.79,0.4707903780068728522336769759,reported,225,STOP,"[{'contract': 'NSE_FO|46796|02-12-2025', 'status': 'ORDER_CREATED'}]",PE,LATE_BREAK,MODELED_EXIT,26000.0,LATE_BREAK_TRAIL
2025-12-09T14:37:00+05:30,1491.17,2219.91,NSE_FO|41876|09-12-2025,2025-12-09,15.90,2025-12-09T14:38:00+05:30,6.85,2025-12-09T14:41:00+05:30,49.99,17.25,75,all,-728.74,0.4308176100628930817610062893,reported,75,STOP,"[{'contract': 'NSE_FO|41876|09-12-2025', 'status': 'ORDER_CREATED'}]",PE,LATE_BREAK,MODELED_EXIT,25800.0,LATE_BREAK_TRAIL
2025-12-16T15:21:00+05:30,457.77,1491.17,NSE_FO|48219|16-12-2025,2025-12-16,0.25,2025-12-16T15:22:00+05:30,0.05,2025-12-16T15:23:00+05:30,148.40,0.30,75,all,-1033.40,0.2,reported,4425,STOP,"[{'contract': 'NSE_FO|48219|16-12-2025', 'status': 'ORDER_CREATED'}]",PE,LATE_BREAK,MODELED_EXIT,25850.0,LATE_BREAK_TRAIL
2025-12-23T14:43:00+05:30,,457.77,NSE_FO|57019|23-12-2025,2025-12-23,,,,,,3.55,75,all,,,reported,75,,"[{'contract': 'NSE_FO|57021|23-12-2025', 'status': 'UNAFFORDABLE_OR_PAST_CAPACITY'}, {'contract': 'NSE_FO|57019|23-12-2025', 'status': 'ORDER_CREATED'}]",PE,LATE_BREAK,MODELED_LIMIT_MISS,26150.0,LATE_BREAK_TRAIL
2026-01-06T14:49:00+05:30,,457.77,NSE_FO|40477|06-01-2026,2026-01-06,,,,,,1.60,65,all,,,reported,195,,"[{'contract': 'NSE_FO|40475|06-01-2026', 'status': 'UNAFFORDABLE_OR_PAST_CAPACITY'}, {'contract': 'NSE_FO|40477|06-01-2026', 'status': 'ORDER_CREATED'}]",CE,LATE_BREAK,MODELED_LIMIT_MISS,26200.0,LATE_BREAK_TRAIL
2026-01-13T14:38:00+05:30,398.50,457.77,NSE_FO|46163|13-01-2026,2026-01-13,1.55,2026-01-13T14:39:00+05:30,1.50,2026-01-13T14:52:00+05:30,49.52,1.75,65,all,-59.27,0.9677419354838709677419354839,reported,195,STOP,"[{'contract': 'NSE_FO|46155|13-01-2026', 'status': 'UNAFFORDABLE_OR_PAST_CAPACITY'}, {'contract': 'NSE_FO|46161|13-01-2026', 'status': 'UNAFFORDABLE_OR_PAST_CAPACITY'}, {'contract': 'NSE_FO|46163|13-01-2026', 'status': 'ORDER_CREATED'}]",CE,LATE_BREAK,MODELED_EXIT,25750.0,LATE_BREAK_TRAIL
2026-01-20T14:43:00+05:30,134.54,398.50,NSE_FO|47592|20-01-2026,2026-01-20,5.10,2026-01-20T14:44:00+05:30,1.80,2026-01-20T14:48:00+05:30,49.46,5.25,65,all,-263.96,0.3529411764705882352941176471,reported,65,STOP,"[{'contract': 'NSE_FO|47594|20-01-2026', 'status': 'UNAFFORDABLE_OR_PAST_CAPACITY'}, {'contract': 'NSE_FO|47592|20-01-2026', 'status': 'ORDER_CREATED'}]",PE,LATE_BREAK,MODELED_EXIT,25300.0,LATE_BREAK_TRAIL
2026-01-27T14:38:00+05:30,,134.54,,2026-01-27,,,,,,,,all,,,reported,,,"[{'contract': 'NSE_FO|58663|27-01-2026', 'status': 'UNAFFORDABLE_OR_PAST_CAPACITY'}, {'contract': 'NSE_FO|58665|27-01-2026', 'status': 'UNAFFORDABLE_OR_PAST_CAPACITY'}, {'contract': 'NSE_FO|58667|27-01-2026', 'status': 'UNAFFORDABLE_OR_PAST_CAPACITY'}, {'contract': 'NSE_FO|58689|27-01-2026', 'status': 'UNAFFORDABLE_OR_PAST_CAPACITY'}]",CE,LATE_BREAK,NO_AFFORDABLE_LIQUID_CONTRACT,,LATE_BREAK_TRAIL
2026-02-03T14:34:00+05:30,,134.54,,2026-02-03,,,,,,,,all,,,reported,,,"[{'contract': 'NSE_FO|49836|03-02-2026', 'status': 'UNAFFORDABLE_OR_PAST_CAPACITY'}, {'contract': 'NSE_FO|49834|03-02-2026', 'status': 'UNAFFORDABLE_OR_PAST_CAPACITY'}, {'contract': 'NSE_FO|49824|03-02-2026', 'status': 'UNAFFORDABLE_OR_PAST_CAPACITY'}, {'contract': 'NSE_FO|49821|03-02-2026', 'status': 'UNAFFORDABLE_OR_PAST_CAPACITY'}]",PE,LATE_BREAK,NO_AFFORDABLE_LIQUID_CONTRACT,,LATE_BREAK_TRAIL
2026-02-10T14:44:00+05:30,49.49,134.54,NSE_FO|42537|10-02-2026,2026-02-10,0.95,2026-02-10T14:45:00+05:30,0.40,2026-02-10T14:50:00+05:30,49.30,1.30,65,all,-85.05,0.4210526315789473684210526316,reported,65,STOP,"[{'contract': 'NSE_FO|42543|10-02-2026', 'status': 'UNAFFORDABLE_OR_PAST_CAPACITY'}, {'contract': 'NSE_FO|42539|10-02-2026', 'status': 'UNAFFORDABLE_OR_PAST_CAPACITY'}, {'contract': 'NSE_FO|42537|10-02-2026', 'status': 'ORDER_CREATED'}]",PE,LATE_BREAK,MODELED_EXIT,25800.0,LATE_BREAK_TRAIL
2026-02-17T14:40:00+05:30,,49.49,,2026-02-17,,,,,,,,all,,,reported,,,"[{'contract': 'NSE_FO|48224|17-02-2026', 'status': 'UNAFFORDABLE_OR_PAST_CAPACITY'}, {'contract': 'NSE_FO|48226|17-02-2026', 'status': 'UNAFFORDABLE_OR_PAST_CAPACITY'}, {'contract': 'NSE_FO|48228|17-02-2026', 'status': 'UNAFFORDABLE_OR_PAST_CAPACITY'}, {'contract': 'NSE_FO|48230|17-02-2026', 'status': 'UNAFFORDABLE_OR_PAST_CAPACITY'}]",CE,LATE_BREAK,NO_AFFORDABLE_LIQUID_CONTRACT,,LATE_BREAK_TRAIL
2026-02-24T14:46:00+05:30,,49.49,,2026-02-24,,,,,,,,all,,,reported,,,"[{'contract': 'NSE_FO|64844|24-02-2026', 'status': 'UNAFFORDABLE_OR_PAST_CAPACITY'}, {'contract': 'NSE_FO|64842|24-02-2026', 'status': 'UNAFFORDABLE_OR_PAST_CAPACITY'}, {'contract': 'NSE_FO|64840|24-02-2026', 'status': 'UNAFFORDABLE_OR_PAST_CAPACITY'}, {'contract': 'NSE_FO|64838|24-02-2026', 'status': 'UNAFFORDABLE_OR_PAST_CAPACITY'}]",PE,LATE_BREAK,NO_AFFORDABLE_LIQUID_CONTRACT,,LATE_BREAK_TRAIL
2026-03-02T14:36:00+05:30,,49.49,,2026-03-02,,,,,,,,all,,,reported,,,"[{'contract': 'NSE_FO|54880|02-03-2026', 'status': 'UNAFFORDABLE_OR_PAST_CAPACITY'}, {'contract': 'NSE_FO|54882|02-03-2026', 'status': 'UNAFFORDABLE_OR_PAST_CAPACITY'}, {'contract': 'NSE_FO|54884|02-03-2026', 'status': 'UNAFFORDABLE_OR_PAST_CAPACITY'}, {'contract': 'NSE_FO|54886|02-03-2026', 'status': 'UNAFFORDABLE_OR_PAST_CAPACITY'}]",CE,LATE_BREAK,NO_AFFORDABLE_LIQUID_CONTRACT,,LATE_BREAK_TRAIL
2026-03-10T14:35:00+05:30,,49.49,,2026-03-10,,,,,,,,all,,,reported,,,"[{'contract': 'NSE_FO|45483|10-03-2026', 'status': 'UNAFFORDABLE_OR_PAST_CAPACITY'}, {'contract': 'NSE_FO|45481|10-03-2026', 'status': 'UNAFFORDABLE_OR_PAST_CAPACITY'}, {'contract': 'NSE_FO|45478|10-03-2026', 'status': 'UNAFFORDABLE_OR_PAST_CAPACITY'}, {'contract': 'NSE_FO|45476|10-03-2026', 'status': 'UNAFFORDABLE_OR_PAST_CAPACITY'}]",PE,LATE_BREAK,NO_AFFORDABLE_LIQUID_CONTRACT,,LATE_BREAK_TRAIL
2026-03-17T14:56:00+05:30,,49.49,,2026-03-17,,,,,,,,all,,,reported,,,"[{'contract': 'NSE_FO|57757|17-03-2026', 'status': 'UNAFFORDABLE_OR_PAST_CAPACITY'}, {'contract': 'NSE_FO|57764|17-03-2026', 'status': 'UNAFFORDABLE_OR_PAST_CAPACITY'}, {'contract': 'NSE_FO|57769|17-03-2026', 'status': 'UNAFFORDABLE_OR_PAST_CAPACITY'}, {'contract': 'NSE_FO|57774|17-03-2026', 'status': 'UNAFFORDABLE_OR_PAST_CAPACITY'}]",CE,LATE_BREAK,NO_AFFORDABLE_LIQUID_CONTRACT,,LATE_BREAK_TRAIL
2026-03-24T14:39:00+05:30,,49.49,,2026-03-24,,,,,,,,all,,,reported,,,"[{'contract': 'NSE_FO|62567|24-03-2026', 'status': 'UNAFFORDABLE_OR_PAST_CAPACITY'}, {'contract': 'NSE_FO|62565|24-03-2026', 'status': 'UNAFFORDABLE_OR_PAST_CAPACITY'}, {'contract': 'NSE_FO|62563|24-03-2026', 'status': 'UNAFFORDABLE_OR_PAST_CAPACITY'}, {'contract': 'NSE_FO|62561|24-03-2026', 'status': 'UNAFFORDABLE_OR_PAST_CAPACITY'}]",PE,LATE_BREAK,NO_AFFORDABLE_LIQUID_CONTRACT,,LATE_BREAK_TRAIL
2026-03-30T14:36:00+05:30,,49.49,,2026-03-30,,,,,,,,all,,,reported,,,"[{'contract': 'NSE_FO|54473|30-03-2026', 'status': 'UNAFFORDABLE_OR_PAST_CAPACITY'}, {'contract': 'NSE_FO|54471|30-03-2026', 'status': 'UNAFFORDABLE_OR_PAST_CAPACITY'}, {'contract': 'NSE_FO|54469|30-03-2026', 'status': 'UNAFFORDABLE_OR_PAST_CAPACITY'}, {'contract': 'NSE_FO|54467|30-03-2026', 'status': 'UNAFFORDABLE_OR_PAST_CAPACITY'}]",PE,LATE_BREAK,NO_AFFORDABLE_LIQUID_CONTRACT,,LATE_BREAK_TRAIL
2026-04-07T14:33:00+05:30,,49.49,,2026-04-07,,,,,,,,all,,,reported,,,"[{'contract': 'NSE_FO|40774|07-04-2026', 'status': 'UNAFFORDABLE_OR_PAST_CAPACITY'}, {'contract': 'NSE_FO|40776|07-04-2026', 'status': 'UNAFFORDABLE_OR_PAST_CAPACITY'}, {'contract': 'NSE_FO|40778|07-04-2026', 'status': 'UNAFFORDABLE_OR_PAST_CAPACITY'}, {'contract': 'NSE_FO|40781|07-04-2026', 'status': 'UNAFFORDABLE_OR_PAST_CAPACITY'}]",CE,LATE_BREAK,NO_AFFORDABLE_LIQUID_CONTRACT,,LATE_BREAK_TRAIL
2026-04-13T15:21:00+05:30,-11.75,49.49,NSE_FO|54805|13-04-2026,2026-04-13,0.10,2026-04-13T15:22:00+05:30,0.00,2026-04-13T15:23:00+05:30,48.24,0.15,65,all,-61.24,0,reported,130,STOP,"[{'contract': 'NSE_FO|54807|13-04-2026', 'status': 'UNAFFORDABLE_OR_PAST_CAPACITY'}, {'contract': 'NSE_FO|54805|13-04-2026', 'status': 'ORDER_CREATED'}]",PE,LATE_BREAK,MODELED_EXIT,23800.0,LATE_BREAK_TRAIL
2026-04-28T14:32:00+05:30,,-11.75,,2026-04-28,,,,,,,,all,,,reported,,,"[{'contract': 'NSE_FO|72265|28-04-2026', 'status': 'UNAFFORDABLE_OR_PAST_CAPACITY'}, {'contract': 'NSE_FO|72267|28-04-2026', 'status': 'UNAFFORDABLE_OR_PAST_CAPACITY'}, {'contract': 'NSE_FO|72269|28-04-2026', 'status': 'UNAFFORDABLE_OR_PAST_CAPACITY'}, {'contract': 'NSE_FO|72271|28-04-2026', 'status': 'UNAFFORDABLE_OR_PAST_CAPACITY'}]",CE,LATE_BREAK,NO_AFFORDABLE_LIQUID_CONTRACT,,LATE_BREAK_TRAIL
2026-05-12T14:54:00+05:30,,-11.75,,2026-05-12,,,,,,,,all,,,reported,,,"[{'contract': 'NSE_FO|41725|12-05-2026', 'status': 'UNAFFORDABLE_OR_PAST_CAPACITY'}, {'contract': 'NSE_FO|41723|12-05-2026', 'status': 'UNAFFORDABLE_OR_PAST_CAPACITY'}, {'contract': 'NSE_FO|41717|12-05-2026', 'status': 'UNAFFORDABLE_OR_PAST_CAPACITY'}, {'contract': 'NSE_FO|41713|12-05-2026', 'status': 'UNAFFORDABLE_OR_PAST_CAPACITY'}]",PE,LATE_BREAK,NO_AFFORDABLE_LIQUID_CONTRACT,,LATE_BREAK_TRAIL
2026-05-19T14:37:00+05:30,,-11.75,,2026-05-19,,,,,,,,all,,,reported,,,"[{'contract': 'NSE_FO|51367|19-05-2026', 'status': 'UNAFFORDABLE_OR_PAST_CAPACITY'}, {'contract': 'NSE_FO|51365|19-05-2026', 'status': 'UNAFFORDABLE_OR_PAST_CAPACITY'}, {'contract': 'NSE_FO|51359|19-05-2026', 'status': 'UNAFFORDABLE_OR_PAST_CAPACITY'}, {'contract': 'NSE_FO|51357|19-05-2026', 'status': 'UNAFFORDABLE_OR_PAST_CAPACITY'}]",PE,LATE_BREAK,NO_AFFORDABLE_LIQUID_CONTRACT,,LATE_BREAK_TRAIL
2026-05-26T14:42:00+05:30,,-11.75,,2026-05-26,,,,,,,,all,,,reported,,,"[{'contract': 'NSE_FO|72176|26-05-2026', 'status': 'UNAFFORDABLE_OR_PAST_CAPACITY'}, {'contract': 'NSE_FO|72174|26-05-2026', 'status': 'UNAFFORDABLE_OR_PAST_CAPACITY'}, {'contract': 'NSE_FO|72172|26-05-2026', 'status': 'UNAFFORDABLE_OR_PAST_CAPACITY'}, {'contract': 'NSE_FO|72170|26-05-2026', 'status': 'UNAFFORDABLE_OR_PAST_CAPACITY'}]",PE,LATE_BREAK,NO_AFFORDABLE_LIQUID_CONTRACT,,LATE_BREAK_TRAIL
2026-06-02T14:39:00+05:30,,-11.75,,2026-06-02,,,,,,,,all,,,reported,,,"[{'contract': 'NSE_FO|57031|02-06-2026', 'status': 'UNAFFORDABLE_OR_PAST_CAPACITY'}, {'contract': 'NSE_FO|57029|02-06-2026', 'status': 'UNAFFORDABLE_OR_PAST_CAPACITY'}, {'contract': 'NSE_FO|57027|02-06-2026', 'status': 'UNAFFORDABLE_OR_PAST_CAPACITY'}, {'contract': 'NSE_FO|57025|02-06-2026', 'status': 'UNAFFORDABLE_OR_PAST_CAPACITY'}]",PE,LATE_BREAK,NO_AFFORDABLE_LIQUID_CONTRACT,,LATE_BREAK_TRAIL
2026-06-09T14:40:00+05:30,,-11.75,,2026-06-09,,,,,,,,all,,,reported,,,"[{'contract': 'NSE_FO|42286|09-06-2026', 'status': 'UNAFFORDABLE_OR_PAST_CAPACITY'}, {'contract': 'NSE_FO|42288|09-06-2026', 'status': 'UNAFFORDABLE_OR_PAST_CAPACITY'}, {'contract': 'NSE_FO|42290|09-06-2026', 'status': 'UNAFFORDABLE_OR_PAST_CAPACITY'}, {'contract': 'NSE_FO|42295|09-06-2026', 'status': 'UNAFFORDABLE_OR_PAST_CAPACITY'}]",CE,LATE_BREAK,NO_AFFORDABLE_LIQUID_CONTRACT,,LATE_BREAK_TRAIL
2026-06-16T14:46:00+05:30,,-11.75,,2026-06-16,,,,,,,,all,,,reported,,,"[{'contract': 'NSE_FO|50614|16-06-2026', 'status': 'UNAFFORDABLE_OR_PAST_CAPACITY'}, {'contract': 'NSE_FO|50612|16-06-2026', 'status': 'UNAFFORDABLE_OR_PAST_CAPACITY'}, {'contract': 'NSE_FO|50610|16-06-2026', 'status': 'UNAFFORDABLE_OR_PAST_CAPACITY'}, {'contract': 'NSE_FO|50608|16-06-2026', 'status': 'UNAFFORDABLE_OR_PAST_CAPACITY'}]",PE,LATE_BREAK,NO_AFFORDABLE_LIQUID_CONTRACT,,LATE_BREAK_TRAIL
2026-06-23T14:44:00+05:30,,-11.75,,2026-06-23,,,,,,,,all,,,reported,,,"[{'contract': 'NSE_FO|56370|23-06-2026', 'status': 'UNAFFORDABLE_OR_PAST_CAPACITY'}, {'contract': 'NSE_FO|56372|23-06-2026', 'status': 'UNAFFORDABLE_OR_PAST_CAPACITY'}, {'contract': 'NSE_FO|56374|23-06-2026', 'status': 'UNAFFORDABLE_OR_PAST_CAPACITY'}, {'contract': 'NSE_FO|56376|23-06-2026', 'status': 'UNAFFORDABLE_OR_PAST_CAPACITY'}]",CE,LATE_BREAK,NO_AFFORDABLE_LIQUID_CONTRACT,,LATE_BREAK_TRAIL
2026-06-30T15:02:00+05:30,,-11.75,,2026-06-30,,,,,,,,all,,,reported,,,"[{'contract': 'NSE_FO|79714|30-06-2026', 'status': 'UNAFFORDABLE_OR_PAST_CAPACITY'}, {'contract': 'NSE_FO|79712|30-06-2026', 'status': 'UNAFFORDABLE_OR_PAST_CAPACITY'}, {'contract': 'NSE_FO|79710|30-06-2026', 'status': 'UNAFFORDABLE_OR_PAST_CAPACITY'}, {'contract': 'NSE_FO|79708|30-06-2026', 'status': 'UNAFFORDABLE_OR_PAST_CAPACITY'}]",PE,LATE_BREAK,NO_AFFORDABLE_LIQUID_CONTRACT,,LATE_BREAK_TRAIL
2026-07-21T14:58:00+05:30,,-11.75,,2026-07-21,,,,,,,,all,,,reported,,,"[{'contract': 'NSE_FO|57348|21-07-2026', 'status': 'UNAFFORDABLE_OR_PAST_CAPACITY'}, {'contract': 'NSE_FO|57350|21-07-2026', 'status': 'UNAFFORDABLE_OR_PAST_CAPACITY'}, {'contract': 'NSE_FO|57352|21-07-2026', 'status': 'UNAFFORDABLE_OR_PAST_CAPACITY'}, {'contract': 'NSE_FO|57354|21-07-2026', 'status': 'UNAFFORDABLE_OR_PAST_CAPACITY'}]",CE,LATE_BREAK,NO_AFFORDABLE_LIQUID_CONTRACT,,LATE_BREAK_TRAIL
2026-07-28T14:33:00+05:30,,-11.75,,2026-07-28,,,,,,,,all,,,reported,,,"[{'contract': 'NSE_FO|63938|28-07-2026', 'status': 'UNAFFORDABLE_OR_PAST_CAPACITY'}, {'contract': 'NSE_FO|63936|28-07-2026', 'status': 'UNAFFORDABLE_OR_PAST_CAPACITY'}, {'contract': 'NSE_FO|63934|28-07-2026', 'status': 'UNAFFORDABLE_OR_PAST_CAPACITY'}, {'contract': 'NSE_FO|63930|28-07-2026', 'status': 'UNAFFORDABLE_OR_PAST_CAPACITY'}]",PE,LATE_BREAK,NO_AFFORDABLE_LIQUID_CONTRACT,,LATE_BREAK_TRAIL
2026-08-04T15:03:00+05:30,,-11.75,,2026-08-04,,,,,,,,all,,,reported,,,"[{'contract': 'NSE_FO|65859|04-08-2026', 'status': 'UNAFFORDABLE_OR_PAST_CAPACITY'}, {'contract': 'NSE_FO|65855|04-08-2026', 'status': 'UNAFFORDABLE_OR_PAST_CAPACITY'}, {'contract': 'NSE_FO|65853|04-08-2026', 'status': 'UNAFFORDABLE_OR_PAST_CAPACITY'}, {'contract': 'NSE_FO|65809|04-08-2026', 'status': 'UNAFFORDABLE_OR_PAST_CAPACITY'}]",PE,LATE_BREAK,NO_AFFORDABLE_LIQUID_CONTRACT,,LATE_BREAK_TRAIL
2026-08-11T14:41:00+05:30,,-11.75,,2026-08-11,,,,,,,,all,,,reported,,,"[{'contract': 'NSE_FO|41010|11-08-2026', 'status': 'UNAFFORDABLE_OR_PAST_CAPACITY'}, {'contract': 'NSE_FO|41008|11-08-2026', 'status': 'UNAFFORDABLE_OR_PAST_CAPACITY'}, {'contract': 'NSE_FO|41006|11-08-2026', 'status': 'UNAFFORDABLE_OR_PAST_CAPACITY'}, {'contract': 'NSE_FO|41004|11-08-2026', 'status': 'UNAFFORDABLE_OR_PAST_CAPACITY'}]",PE,LATE_BREAK,NO_AFFORDABLE_LIQUID_CONTRACT,,LATE_BREAK_TRAIL
2026-08-18T14:52:00+05:30,,-11.75,,2026-08-18,,,,,,,,all,,,reported,,,"[{'contract': 'NSE_FO|45098|18-08-2026', 'status': 'UNAFFORDABLE_OR_PAST_CAPACITY'}, {'contract': 'NSE_FO|45100|18-08-2026', 'status': 'UNAFFORDABLE_OR_PAST_CAPACITY'}, {'contract': 'NSE_FO|45102|18-08-2026', 'status': 'UNAFFORDABLE_OR_PAST_CAPACITY'}, {'contract': 'NSE_FO|45104|18-08-2026', 'status': 'UNAFFORDABLE_OR_PAST_CAPACITY'}]",CE,LATE_BREAK,NO_AFFORDABLE_LIQUID_CONTRACT,,LATE_BREAK_TRAIL
2026-08-25T14:33:00+05:30,,-11.75,,2026-08-25,,,,,,,,all,,,reported,,,"[{'contract': 'NSE_FO|61647|25-08-2026', 'status': 'UNAFFORDABLE_OR_PAST_CAPACITY'}, {'contract': 'NSE_FO|61671|25-08-2026', 'status': 'UNAFFORDABLE_OR_PAST_CAPACITY'}, {'contract': 'NSE_FO|61685|25-08-2026', 'status': 'UNAFFORDABLE_OR_PAST_CAPACITY'}, {'contract': 'NSE_FO|61717|25-08-2026', 'status': 'UNAFFORDABLE_OR_PAST_CAPACITY'}]",CE,LATE_BREAK,NO_AFFORDABLE_LIQUID_CONTRACT,,LATE_BREAK_TRAIL
2026-09-15T14:49:00+05:30,,-11.75,,2026-09-15,,,,,,,,all,,,reported,,,"[{'contract': 'NSE_FO|47284|15-09-2026', 'status': 'UNAFFORDABLE_OR_PAST_CAPACITY'}, {'contract': 'NSE_FO|47282|15-09-2026', 'status': 'UNAFFORDABLE_OR_PAST_CAPACITY'}, {'contract': 'NSE_FO|47280|15-09-2026', 'status': 'UNAFFORDABLE_OR_PAST_CAPACITY'}, {'contract': 'NSE_FO|47278|15-09-2026', 'status': 'UNAFFORDABLE_OR_PAST_CAPACITY'}]",PE,LATE_BREAK,NO_AFFORDABLE_LIQUID_CONTRACT,,LATE_BREAK_TRAIL
2025-10-07T14:50:00+05:30,,9411.18,,2025-10-07,,,,,,,,all,,,reported,,,"[{'contract': 'NSE_FO|38397|07-10-2025', 'status': 'INSUFFICIENT_KNOWN_OI'}, {'contract': 'NSE_FO|38399|07-10-2025', 'status': 'INSUFFICIENT_KNOWN_OI'}, {'contract': 'NSE_FO|38401|07-10-2025', 'status': 'INSUFFICIENT_KNOWN_OI'}, {'contract': 'NSE_FO|38403|07-10-2025', 'status': 'INSUFFICIENT_KNOWN_OI'}]",CE,LATE_FADE,NO_AFFORDABLE_LIQUID_CONTRACT,,LATE_FADE_TARGET
2025-10-14T14:49:00+05:30,4697.50,9411.18,NSE_FO|42686|14-10-2025,2025-10-14,10.35,2025-10-14T14:50:00+05:30,3.45,2025-10-14T14:53:00+05:30,56.18,12.00,75,all,-4713.68,0.3333333333333333333333333333,reported,675,STOP,"[{'contract': 'NSE_FO|42686|14-10-2025', 'status': 'ORDER_CREATED'}]",PE,LATE_FADE,MODELED_EXIT,25150.0,LATE_FADE_TARGET
2025-10-20T14:49:00+05:30,2450.01,4697.50,NSE_FO|45284|20-10-2025,2025-10-20,4.15,2025-10-20T14:50:00+05:30,1.90,2025-10-20T14:51:00+05:30,53.74,4.40,75,all,-2247.49,0.4578313253012048192771084337,reported,975,STOP,"[{'contract': 'NSE_FO|45284|20-10-2025', 'status': 'ORDER_CREATED'}]",CE,LATE_FADE,MODELED_EXIT,25850.0,LATE_FADE_TARGET
2025-11-04T14:42:00+05:30,,2450.01,NSE_FO|47659|04-11-2025,2025-11-04,,,,,,11.00,75,all,,,reported,150,,"[{'contract': 'NSE_FO|47659|04-11-2025', 'status': 'ORDER_CREATED'}]",PE,LATE_FADE,MODELED_LIMIT_MISS,25600.0,LATE_FADE_TARGET
2025-11-11T14:37:00+05:30,,2450.01,NSE_FO|40122|11-11-2025,2025-11-11,,,,,,9.10,75,all,,,reported,225,,"[{'contract': 'NSE_FO|40124|11-11-2025', 'status': 'UNAFFORDABLE_OR_PAST_CAPACITY'}, {'contract': 'NSE_FO|40122|11-11-2025', 'status': 'ORDER_CREATED'}]",PE,LATE_FADE,MODELED_LIMIT_MISS,25650.0,LATE_FADE_TARGET
2025-11-18T14:40:00+05:30,1371.21,2450.01,NSE_FO|44297|18-11-2025,2025-11-18,23.15,2025-11-18T14:41:00+05:30,9.45,2025-11-18T14:50:00+05:30,51.30,24.05,75,all,-1078.80,0.4082073434125269978401727862,reported,75,STOP,"[{'contract': 'NSE_FO|44297|18-11-2025', 'status': 'ORDER_CREATED'}]",CE,LATE_FADE,MODELED_EXIT,25950.0,LATE_FADE_TARGET
2025-12-02T15:13:00+05:30,,1371.21,NSE_FO|46797|02-12-2025,2025-12-02,,,,,,0.35,75,all,,,reported,3525,,"[{'contract': 'NSE_FO|46797|02-12-2025', 'status': 'ORDER_CREATED'}]",CE,LATE_FADE,MODELED_LIMIT_MISS,26050.0,LATE_FADE_TARGET
2025-12-09T14:41:00+05:30,,1371.21,NSE_FO|41877|09-12-2025,2025-12-09,,,,,,11.45,75,all,,,reported,75,,"[{'contract': 'NSE_FO|41877|09-12-2025', 'status': 'ORDER_CREATED'}]",CE,LATE_FADE,MODELED_LIMIT_MISS,25850.0,LATE_FADE_TARGET
2025-12-16T14:59:00+05:30,743.80,1371.21,NSE_FO|48219|16-12-2025,2025-12-16,1.0,2025-12-16T15:00:00+05:30,0.45,2025-12-16T15:01:00+05:30,49.91,1.20,75,all,-627.41,0.45,reported,1050,STOP,"[{'contract': 'NSE_FO|48221|16-12-2025', 'status': 'UNAFFORDABLE_OR_PAST_CAPACITY'}, {'contract': 'NSE_FO|48219|16-12-2025', 'status': 'ORDER_CREATED'}]",PE,LATE_FADE,MODELED_EXIT,25850.0,LATE_FADE_TARGET
2026-01-13T14:34:00+05:30,,743.80,NSE_FO|46154|13-01-2026,2026-01-13,,,,,,4.30,65,all,,,reported,130,,"[{'contract': 'NSE_FO|46160|13-01-2026', 'status': 'UNAFFORDABLE_OR_PAST_CAPACITY'}, {'contract': 'NSE_FO|46154|13-01-2026', 'status': 'ORDER_CREATED'}]",PE,LATE_FADE,MODELED_LIMIT_MISS,25600.0,LATE_FADE_TARGET
2026-02-03T14:37:00+05:30,,743.80,NSE_FO|49841|03-02-2026,2026-02-03,,,,,,9.80,65,all,,,reported,65,,"[{'contract': 'NSE_FO|49835|03-02-2026', 'status': 'UNAFFORDABLE_OR_PAST_CAPACITY'}, {'contract': 'NSE_FO|49838|03-02-2026', 'status': 'UNAFFORDABLE_OR_PAST_CAPACITY'}, {'contract': 'NSE_FO|49841|03-02-2026', 'status': 'ORDER_CREATED'}]",CE,LATE_FADE,MODELED_LIMIT_MISS,25850.0,LATE_FADE_TARGET
2026-02-10T14:47:00+05:30,,743.80,NSE_FO|42544|10-02-2026,2026-02-10,,,,,,5.35,65,all,,,reported,65,,"[{'contract': 'NSE_FO|42544|10-02-2026', 'status': 'ORDER_CREATED'}]",CE,LATE_FADE,MODELED_LIMIT_MISS,25950.0,LATE_FADE_TARGET
2026-02-17T14:58:00+05:30,450.56,743.80,NSE_FO|48223|17-02-2026,2026-02-17,1.20,2026-02-17T14:59:00+05:30,0.45,2026-02-17T15:01:00+05:30,49.49,1.80,65,all,-293.24,0.375,reported,325,STOP,"[{'contract': 'NSE_FO|48225|17-02-2026', 'status': 'UNAFFORDABLE_OR_PAST_CAPACITY'}, {'contract': 'NSE_FO|48223|17-02-2026', 'status': 'ORDER_CREATED'}]",PE,LATE_FADE,MODELED_EXIT,25650.0,LATE_FADE_TARGET
2026-02-24T14:51:00+05:30,,450.56,NSE_FO|64850|24-02-2026,2026-02-24,,,,,,5.55,65,all,,,reported,65,,"[{'contract': 'NSE_FO|64845|24-02-2026', 'status': 'UNAFFORDABLE_OR_PAST_CAPACITY'}, {'contract': 'NSE_FO|64850|24-02-2026', 'status': 'ORDER_CREATED'}]",CE,LATE_FADE,MODELED_LIMIT_MISS,25450.0,LATE_FADE_TARGET
2026-03-10T14:37:00+05:30,,450.56,NSE_FO|45490|10-03-2026,2026-03-10,,,,,,4.75,65,all,,,reported,65,,"[{'contract': 'NSE_FO|45484|10-03-2026', 'status': 'UNAFFORDABLE_OR_PAST_CAPACITY'}, {'contract': 'NSE_FO|45488|10-03-2026', 'status': 'UNAFFORDABLE_OR_PAST_CAPACITY'}, {'contract': 'NSE_FO|45490|10-03-2026', 'status': 'ORDER_CREATED'}]",CE,LATE_FADE,MODELED_LIMIT_MISS,24350.0,LATE_FADE_TARGET
2026-03-17T15:04:00+05:30,196.37,450.56,NSE_FO|57752|17-03-2026,2026-03-17,1.5,2026-03-17T15:05:00+05:30,0.45,2026-03-17T15:06:00+05:30,49.44,1.65,65,all,-254.19,0.3,reported,195,STOP,"[{'contract': 'NSE_FO|57756|17-03-2026', 'status': 'UNAFFORDABLE_OR_PAST_CAPACITY'}, {'contract': 'NSE_FO|57752|17-03-2026', 'status': 'ORDER_CREATED'}]",PE,LATE_FADE,MODELED_EXIT,23550.0,LATE_FADE_TARGET
2026-03-24T15:24:00+05:30,44.09,196.37,NSE_FO|62568|24-03-2026,2026-03-24,0.10,2026-03-24T15:25:00+05:30,0.00,2026-03-24T15:26:00+05:30,48.28,0.15,65,all,-152.28,0,reported,1040,STOP,"[{'contract': 'NSE_FO|62566|24-03-2026', 'status': 'UNAFFORDABLE_OR_PAST_CAPACITY'}, {'contract': 'NSE_FO|62568|24-03-2026', 'status': 'ORDER_CREATED'}]",CE,LATE_FADE,MODELED_EXIT,22950.0,LATE_FADE_TARGET
2026-04-07T14:37:00+05:30,,44.09,,2026-04-07,,,,,,,,all,,,reported,,,"[{'contract': 'NSE_FO|40773|07-04-2026', 'status': 'UNAFFORDABLE_OR_PAST_CAPACITY'}, {'contract': 'NSE_FO|40771|07-04-2026', 'status': 'UNAFFORDABLE_OR_PAST_CAPACITY'}, {'contract': 'NSE_FO|40769|07-04-2026', 'status': 'UNAFFORDABLE_OR_PAST_CAPACITY'}, {'contract': 'NSE_FO|40760|07-04-2026', 'status': 'UNAFFORDABLE_OR_PAST_CAPACITY'}]",PE,LATE_FADE,NO_AFFORDABLE_LIQUID_CONTRACT,,LATE_FADE_TARGET
2026-04-13T14:38:00+05:30,,44.09,,2026-04-13,,,,,,,,all,,,reported,,,"[{'contract': 'NSE_FO|54809|13-04-2026', 'status': 'UNAFFORDABLE_OR_PAST_CAPACITY'}, {'contract': 'NSE_FO|54807|13-04-2026', 'status': 'UNAFFORDABLE_OR_PAST_CAPACITY'}, {'contract': 'NSE_FO|54805|13-04-2026', 'status': 'UNAFFORDABLE_OR_PAST_CAPACITY'}, {'contract': 'NSE_FO|54803|13-04-2026', 'status': 'UNAFFORDABLE_OR_PAST_CAPACITY'}]",PE,LATE_FADE,NO_AFFORDABLE_LIQUID_CONTRACT,,LATE_FADE_TARGET
2026-04-21T15:04:00+05:30,,44.09,NSE_FO|63445|21-04-2026,2026-04-21,,,,,,0.25,65,all,,,reported,65,,"[{'contract': 'NSE_FO|63463|21-04-2026', 'status': 'UNAFFORDABLE_OR_PAST_CAPACITY'}, {'contract': 'NSE_FO|63457|21-04-2026', 'status': 'UNAFFORDABLE_OR_PAST_CAPACITY'}, {'contract': 'NSE_FO|63445|21-04-2026', 'status': 'ORDER_CREATED'}]",PE,LATE_FADE,MODELED_LIMIT_MISS,24450.0,LATE_FADE_TARGET
2026-04-28T15:03:00+05:30,,44.09,,2026-04-28,,,,,,,,all,,,reported,,,"[{'contract': 'NSE_FO|72264|28-04-2026', 'status': 'UNAFFORDABLE_OR_PAST_CAPACITY'}, {'contract': 'NSE_FO|72262|28-04-2026', 'status': 'UNAFFORDABLE_OR_PAST_CAPACITY'}, {'contract': 'NSE_FO|72260|28-04-2026', 'status': 'UNAFFORDABLE_OR_PAST_CAPACITY'}, {'contract': 'NSE_FO|72258|28-04-2026', 'status': 'UNAFFORDABLE_OR_PAST_CAPACITY'}]",PE,LATE_FADE,NO_AFFORDABLE_LIQUID_CONTRACT,,LATE_FADE_TARGET
2026-05-05T15:05:00+05:30,-13.90,44.09,NSE_FO|74157|05-05-2026,2026-05-05,0.15,2026-05-05T15:06:00+05:30,0.00,2026-05-05T15:10:00+05:30,48.24,0.25,65,all,-57.99,0,reported,65,STOP,"[{'contract': 'NSE_FO|74147|05-05-2026', 'status': 'UNAFFORDABLE_OR_PAST_CAPACITY'}, {'contract': 'NSE_FO|74155|05-05-2026', 'status': 'UNAFFORDABLE_OR_PAST_CAPACITY'}, {'contract': 'NSE_FO|74157|05-05-2026', 'status': 'ORDER_CREATED'}]",CE,LATE_FADE,MODELED_EXIT,24100.0,LATE_FADE_TARGET
2026-05-12T14:38:00+05:30,,-13.90,,2026-05-12,,,,,,,,all,,,reported,,,"[{'contract': 'NSE_FO|41724|12-05-2026', 'status': 'UNAFFORDABLE_OR_PAST_CAPACITY'}, {'contract': 'NSE_FO|41726|12-05-2026', 'status': 'UNAFFORDABLE_OR_PAST_CAPACITY'}, {'contract': 'NSE_FO|41730|12-05-2026', 'status': 'UNAFFORDABLE_OR_PAST_CAPACITY'}, {'contract': 'NSE_FO|41734|12-05-2026', 'status': 'UNAFFORDABLE_OR_PAST_CAPACITY'}]",CE,LATE_FADE,NO_AFFORDABLE_LIQUID_CONTRACT,,LATE_FADE_TARGET
2026-05-26T14:59:00+05:30,,-13.90,,2026-05-26,,,,,,,,all,,,reported,,,"[{'contract': 'NSE_FO|72175|26-05-2026', 'status': 'UNAFFORDABLE_OR_PAST_CAPACITY'}, {'contract': 'NSE_FO|72177|26-05-2026', 'status': 'UNAFFORDABLE_OR_PAST_CAPACITY'}, {'contract': 'NSE_FO|72179|26-05-2026', 'status': 'UNAFFORDABLE_OR_PAST_CAPACITY'}, {'contract': 'NSE_FO|72181|26-05-2026', 'status': 'UNAFFORDABLE_OR_PAST_CAPACITY'}]",CE,LATE_FADE,NO_AFFORDABLE_LIQUID_CONTRACT,,LATE_FADE_TARGET
2026-06-02T15:20:00+05:30,,-13.90,,2026-06-02,,,,,,,,all,,,reported,,,"[{'contract': 'NSE_FO|57030|02-06-2026', 'status': 'UNAFFORDABLE_OR_PAST_CAPACITY'}, {'contract': 'NSE_FO|57032|02-06-2026', 'status': 'UNAFFORDABLE_OR_PAST_CAPACITY'}, {'contract': 'NSE_FO|57034|02-06-2026', 'status': 'UNAFFORDABLE_OR_PAST_CAPACITY'}, {'contract': 'NSE_FO|57036|02-06-2026', 'status': 'UNAFFORDABLE_OR_PAST_CAPACITY'}]",CE,LATE_FADE,NO_AFFORDABLE_LIQUID_CONTRACT,,LATE_FADE_TARGET
2026-06-16T14:50:00+05:30,,-13.90,,2026-06-16,,,,,,,,all,,,reported,,,"[{'contract': 'NSE_FO|50615|16-06-2026', 'status': 'UNAFFORDABLE_OR_PAST_CAPACITY'}, {'contract': 'NSE_FO|50617|16-06-2026', 'status': 'UNAFFORDABLE_OR_PAST_CAPACITY'}, {'contract': 'NSE_FO|50619|16-06-2026', 'status': 'UNAFFORDABLE_OR_PAST_CAPACITY'}, {'contract': 'NSE_FO|50621|16-06-2026', 'status': 'UNAFFORDABLE_OR_PAST_CAPACITY'}]",CE,LATE_FADE,NO_AFFORDABLE_LIQUID_CONTRACT,,LATE_FADE_TARGET
2026-06-23T14:48:00+05:30,,-13.90,,2026-06-23,,,,,,,,all,,,reported,,,"[{'contract': 'NSE_FO|56359|23-06-2026', 'status': 'UNAFFORDABLE_OR_PAST_CAPACITY'}, {'contract': 'NSE_FO|56357|23-06-2026', 'status': 'UNAFFORDABLE_OR_PAST_CAPACITY'}, {'contract': 'NSE_FO|56355|23-06-2026', 'status': 'UNAFFORDABLE_OR_PAST_CAPACITY'}, {'contract': 'NSE_FO|56349|23-06-2026', 'status': 'UNAFFORDABLE_OR_PAST_CAPACITY'}]",PE,LATE_FADE,NO_AFFORDABLE_LIQUID_CONTRACT,,LATE_FADE_TARGET
2026-06-30T15:12:00+05:30,,-13.90,,2026-06-30,,,,,,,,all,,,reported,,,"[{'contract': 'NSE_FO|79713|30-06-2026', 'status': 'UNAFFORDABLE_OR_PAST_CAPACITY'}, {'contract': 'NSE_FO|79722|30-06-2026', 'status': 'UNAFFORDABLE_OR_PAST_CAPACITY'}, {'contract': 'NSE_FO|79728|30-06-2026', 'status': 'UNAFFORDABLE_OR_PAST_CAPACITY'}, {'contract': 'NSE_FO|71472|30-06-2026', 'status': 'UNAFFORDABLE_OR_PAST_CAPACITY'}]",CE,LATE_FADE,NO_AFFORDABLE_LIQUID_CONTRACT,,LATE_FADE_TARGET
2026-07-28T14:38:00+05:30,,-13.90,,2026-07-28,,,,,,,,all,,,reported,,,"[{'contract': 'NSE_FO|63939|28-07-2026', 'status': 'UNAFFORDABLE_OR_PAST_CAPACITY'}, {'contract': 'NSE_FO|63941|28-07-2026', 'status': 'UNAFFORDABLE_OR_PAST_CAPACITY'}, {'contract': 'NSE_FO|63943|28-07-2026', 'status': 'UNAFFORDABLE_OR_PAST_CAPACITY'}, {'contract': 'NSE_FO|63945|28-07-2026', 'status': 'UNAFFORDABLE_OR_PAST_CAPACITY'}]",CE,LATE_FADE,NO_AFFORDABLE_LIQUID_CONTRACT,,LATE_FADE_TARGET
2026-08-11T14:45:00+05:30,,-13.90,,2026-08-11,,,,,,,,all,,,reported,,,"[{'contract': 'NSE_FO|41009|11-08-2026', 'status': 'UNAFFORDABLE_OR_PAST_CAPACITY'}, {'contract': 'NSE_FO|41011|11-08-2026', 'status': 'UNAFFORDABLE_OR_PAST_CAPACITY'}, {'contract': 'NSE_FO|41013|11-08-2026', 'status': 'UNAFFORDABLE_OR_PAST_CAPACITY'}, {'contract': 'NSE_FO|41015|11-08-2026', 'status': 'UNAFFORDABLE_OR_PAST_CAPACITY'}]",CE,LATE_FADE,NO_AFFORDABLE_LIQUID_CONTRACT,,LATE_FADE_TARGET
2026-08-18T15:08:00+05:30,,-13.90,,2026-08-18,,,,,,,,all,,,reported,,,"[{'contract': 'NSE_FO|45099|18-08-2026', 'status': 'UNAFFORDABLE_OR_PAST_CAPACITY'}, {'contract': 'NSE_FO|45097|18-08-2026', 'status': 'UNAFFORDABLE_OR_PAST_CAPACITY'}, {'contract': 'NSE_FO|45095|18-08-2026', 'status': 'UNAFFORDABLE_OR_PAST_CAPACITY'}, {'contract': 'NSE_FO|45093|18-08-2026', 'status': 'UNAFFORDABLE_OR_PAST_CAPACITY'}]",PE,LATE_FADE,NO_AFFORDABLE_LIQUID_CONTRACT,,LATE_FADE_TARGET
2025-10-07T14:50:00+05:30,,9411.18,,2025-10-07,,,,,,,,all,,,reported,,,"[{'contract': 'NSE_FO|38397|07-10-2025', 'status': 'INSUFFICIENT_KNOWN_OI'}, {'contract': 'NSE_FO|38399|07-10-2025', 'status': 'INSUFFICIENT_KNOWN_OI'}, {'contract': 'NSE_FO|38401|07-10-2025', 'status': 'INSUFFICIENT_KNOWN_OI'}, {'contract': 'NSE_FO|38403|07-10-2025', 'status': 'INSUFFICIENT_KNOWN_OI'}]",CE,LATE_FADE,NO_AFFORDABLE_LIQUID_CONTRACT,,LATE_FADE_TRAIL
2025-10-14T14:49:00+05:30,4697.50,9411.18,NSE_FO|42686|14-10-2025,2025-10-14,10.35,2025-10-14T14:50:00+05:30,3.45,2025-10-14T14:53:00+05:30,56.18,12.00,75,all,-4713.68,0.3333333333333333333333333333,reported,675,STOP,"[{'contract': 'NSE_FO|42686|14-10-2025', 'status': 'ORDER_CREATED'}]",PE,LATE_FADE,MODELED_EXIT,25150.0,LATE_FADE_TRAIL
2025-10-20T14:49:00+05:30,2450.01,4697.50,NSE_FO|45284|20-10-2025,2025-10-20,4.15,2025-10-20T14:50:00+05:30,1.90,2025-10-20T14:51:00+05:30,53.74,4.40,75,all,-2247.49,0.4578313253012048192771084337,reported,975,STOP,"[{'contract': 'NSE_FO|45284|20-10-2025', 'status': 'ORDER_CREATED'}]",CE,LATE_FADE,MODELED_EXIT,25850.0,LATE_FADE_TRAIL
2025-11-04T14:42:00+05:30,,2450.01,NSE_FO|47659|04-11-2025,2025-11-04,,,,,,11.00,75,all,,,reported,150,,"[{'contract': 'NSE_FO|47659|04-11-2025', 'status': 'ORDER_CREATED'}]",PE,LATE_FADE,MODELED_LIMIT_MISS,25600.0,LATE_FADE_TRAIL
2025-11-11T14:37:00+05:30,,2450.01,NSE_FO|40122|11-11-2025,2025-11-11,,,,,,9.10,75,all,,,reported,225,,"[{'contract': 'NSE_FO|40124|11-11-2025', 'status': 'UNAFFORDABLE_OR_PAST_CAPACITY'}, {'contract': 'NSE_FO|40122|11-11-2025', 'status': 'ORDER_CREATED'}]",PE,LATE_FADE,MODELED_LIMIT_MISS,25650.0,LATE_FADE_TRAIL
2025-11-18T14:40:00+05:30,1371.21,2450.01,NSE_FO|44297|18-11-2025,2025-11-18,23.15,2025-11-18T14:41:00+05:30,9.45,2025-11-18T14:50:00+05:30,51.30,24.05,75,all,-1078.80,0.4082073434125269978401727862,reported,75,STOP,"[{'contract': 'NSE_FO|44297|18-11-2025', 'status': 'ORDER_CREATED'}]",CE,LATE_FADE,MODELED_EXIT,25950.0,LATE_FADE_TRAIL
2025-12-02T15:13:00+05:30,,1371.21,NSE_FO|46797|02-12-2025,2025-12-02,,,,,,0.35,75,all,,,reported,3525,,"[{'contract': 'NSE_FO|46797|02-12-2025', 'status': 'ORDER_CREATED'}]",CE,LATE_FADE,MODELED_LIMIT_MISS,26050.0,LATE_FADE_TRAIL
2025-12-09T14:41:00+05:30,,1371.21,NSE_FO|41877|09-12-2025,2025-12-09,,,,,,11.45,75,all,,,reported,75,,"[{'contract': 'NSE_FO|41877|09-12-2025', 'status': 'ORDER_CREATED'}]",CE,LATE_FADE,MODELED_LIMIT_MISS,25850.0,LATE_FADE_TRAIL
2025-12-16T14:59:00+05:30,743.80,1371.21,NSE_FO|48219|16-12-2025,2025-12-16,1.0,2025-12-16T15:00:00+05:30,0.45,2025-12-16T15:01:00+05:30,49.91,1.20,75,all,-627.41,0.45,reported,1050,STOP,"[{'contract': 'NSE_FO|48221|16-12-2025', 'status': 'UNAFFORDABLE_OR_PAST_CAPACITY'}, {'contract': 'NSE_FO|48219|16-12-2025', 'status': 'ORDER_CREATED'}]",PE,LATE_FADE,MODELED_EXIT,25850.0,LATE_FADE_TRAIL
2026-01-13T14:34:00+05:30,,743.80,NSE_FO|46154|13-01-2026,2026-01-13,,,,,,4.30,65,all,,,reported,130,,"[{'contract': 'NSE_FO|46160|13-01-2026', 'status': 'UNAFFORDABLE_OR_PAST_CAPACITY'}, {'contract': 'NSE_FO|46154|13-01-2026', 'status': 'ORDER_CREATED'}]",PE,LATE_FADE,MODELED_LIMIT_MISS,25600.0,LATE_FADE_TRAIL
2026-02-03T14:37:00+05:30,,743.80,NSE_FO|49841|03-02-2026,2026-02-03,,,,,,9.80,65,all,,,reported,65,,"[{'contract': 'NSE_FO|49835|03-02-2026', 'status': 'UNAFFORDABLE_OR_PAST_CAPACITY'}, {'contract': 'NSE_FO|49838|03-02-2026', 'status': 'UNAFFORDABLE_OR_PAST_CAPACITY'}, {'contract': 'NSE_FO|49841|03-02-2026', 'status': 'ORDER_CREATED'}]",CE,LATE_FADE,MODELED_LIMIT_MISS,25850.0,LATE_FADE_TRAIL
2026-02-10T14:47:00+05:30,,743.80,NSE_FO|42544|10-02-2026,2026-02-10,,,,,,5.35,65,all,,,reported,65,,"[{'contract': 'NSE_FO|42544|10-02-2026', 'status': 'ORDER_CREATED'}]",CE,LATE_FADE,MODELED_LIMIT_MISS,25950.0,LATE_FADE_TRAIL
2026-02-17T14:58:00+05:30,450.56,743.80,NSE_FO|48223|17-02-2026,2026-02-17,1.20,2026-02-17T14:59:00+05:30,0.45,2026-02-17T15:01:00+05:30,49.49,1.80,65,all,-293.24,0.375,reported,325,STOP,"[{'contract': 'NSE_FO|48225|17-02-2026', 'status': 'UNAFFORDABLE_OR_PAST_CAPACITY'}, {'contract': 'NSE_FO|48223|17-02-2026', 'status': 'ORDER_CREATED'}]",PE,LATE_FADE,MODELED_EXIT,25650.0,LATE_FADE_TRAIL
2026-02-24T14:51:00+05:30,,450.56,NSE_FO|64850|24-02-2026,2026-02-24,,,,,,5.55,65,all,,,reported,65,,"[{'contract': 'NSE_FO|64845|24-02-2026', 'status': 'UNAFFORDABLE_OR_PAST_CAPACITY'}, {'contract': 'NSE_FO|64850|24-02-2026', 'status': 'ORDER_CREATED'}]",CE,LATE_FADE,MODELED_LIMIT_MISS,25450.0,LATE_FADE_TRAIL
2026-03-10T14:37:00+05:30,,450.56,NSE_FO|45490|10-03-2026,2026-03-10,,,,,,4.75,65,all,,,reported,65,,"[{'contract': 'NSE_FO|45484|10-03-2026', 'status': 'UNAFFORDABLE_OR_PAST_CAPACITY'}, {'contract': 'NSE_FO|45488|10-03-2026', 'status': 'UNAFFORDABLE_OR_PAST_CAPACITY'}, {'contract': 'NSE_FO|45490|10-03-2026', 'status': 'ORDER_CREATED'}]",CE,LATE_FADE,MODELED_LIMIT_MISS,24350.0,LATE_FADE_TRAIL
2026-03-17T15:04:00+05:30,196.37,450.56,NSE_FO|57752|17-03-2026,2026-03-17,1.5,2026-03-17T15:05:00+05:30,0.45,2026-03-17T15:06:00+05:30,49.44,1.65,65,all,-254.19,0.3,reported,195,STOP,"[{'contract': 'NSE_FO|57756|17-03-2026', 'status': 'UNAFFORDABLE_OR_PAST_CAPACITY'}, {'contract': 'NSE_FO|57752|17-03-2026', 'status': 'ORDER_CREATED'}]",PE,LATE_FADE,MODELED_EXIT,23550.0,LATE_FADE_TRAIL
2026-03-24T15:24:00+05:30,44.09,196.37,NSE_FO|62568|24-03-2026,2026-03-24,0.10,2026-03-24T15:25:00+05:30,0.00,2026-03-24T15:26:00+05:30,48.28,0.15,65,all,-152.28,0,reported,1040,STOP,"[{'contract': 'NSE_FO|62566|24-03-2026', 'status': 'UNAFFORDABLE_OR_PAST_CAPACITY'}, {'contract': 'NSE_FO|62568|24-03-2026', 'status': 'ORDER_CREATED'}]",CE,LATE_FADE,MODELED_EXIT,22950.0,LATE_FADE_TRAIL
2026-04-07T14:37:00+05:30,,44.09,,2026-04-07,,,,,,,,all,,,reported,,,"[{'contract': 'NSE_FO|40773|07-04-2026', 'status': 'UNAFFORDABLE_OR_PAST_CAPACITY'}, {'contract': 'NSE_FO|40771|07-04-2026', 'status': 'UNAFFORDABLE_OR_PAST_CAPACITY'}, {'contract': 'NSE_FO|40769|07-04-2026', 'status': 'UNAFFORDABLE_OR_PAST_CAPACITY'}, {'contract': 'NSE_FO|40760|07-04-2026', 'status': 'UNAFFORDABLE_OR_PAST_CAPACITY'}]",PE,LATE_FADE,NO_AFFORDABLE_LIQUID_CONTRACT,,LATE_FADE_TRAIL
2026-04-13T14:38:00+05:30,,44.09,,2026-04-13,,,,,,,,all,,,reported,,,"[{'contract': 'NSE_FO|54809|13-04-2026', 'status': 'UNAFFORDABLE_OR_PAST_CAPACITY'}, {'contract': 'NSE_FO|54807|13-04-2026', 'status': 'UNAFFORDABLE_OR_PAST_CAPACITY'}, {'contract': 'NSE_FO|54805|13-04-2026', 'status': 'UNAFFORDABLE_OR_PAST_CAPACITY'}, {'contract': 'NSE_FO|54803|13-04-2026', 'status': 'UNAFFORDABLE_OR_PAST_CAPACITY'}]",PE,LATE_FADE,NO_AFFORDABLE_LIQUID_CONTRACT,,LATE_FADE_TRAIL
2026-04-21T15:04:00+05:30,,44.09,NSE_FO|63445|21-04-2026,2026-04-21,,,,,,0.25,65,all,,,reported,65,,"[{'contract': 'NSE_FO|63463|21-04-2026', 'status': 'UNAFFORDABLE_OR_PAST_CAPACITY'}, {'contract': 'NSE_FO|63457|21-04-2026', 'status': 'UNAFFORDABLE_OR_PAST_CAPACITY'}, {'contract': 'NSE_FO|63445|21-04-2026', 'status': 'ORDER_CREATED'}]",PE,LATE_FADE,MODELED_LIMIT_MISS,24450.0,LATE_FADE_TRAIL
2026-04-28T15:03:00+05:30,,44.09,,2026-04-28,,,,,,,,all,,,reported,,,"[{'contract': 'NSE_FO|72264|28-04-2026', 'status': 'UNAFFORDABLE_OR_PAST_CAPACITY'}, {'contract': 'NSE_FO|72262|28-04-2026', 'status': 'UNAFFORDABLE_OR_PAST_CAPACITY'}, {'contract': 'NSE_FO|72260|28-04-2026', 'status': 'UNAFFORDABLE_OR_PAST_CAPACITY'}, {'contract': 'NSE_FO|72258|28-04-2026', 'status': 'UNAFFORDABLE_OR_PAST_CAPACITY'}]",PE,LATE_FADE,NO_AFFORDABLE_LIQUID_CONTRACT,,LATE_FADE_TRAIL
2026-05-05T15:05:00+05:30,-13.90,44.09,NSE_FO|74157|05-05-2026,2026-05-05,0.15,2026-05-05T15:06:00+05:30,0.00,2026-05-05T15:10:00+05:30,48.24,0.25,65,all,-57.99,0,reported,65,STOP,"[{'contract': 'NSE_FO|74147|05-05-2026', 'status': 'UNAFFORDABLE_OR_PAST_CAPACITY'}, {'contract': 'NSE_FO|74155|05-05-2026', 'status': 'UNAFFORDABLE_OR_PAST_CAPACITY'}, {'contract': 'NSE_FO|74157|05-05-2026', 'status': 'ORDER_CREATED'}]",CE,LATE_FADE,MODELED_EXIT,24100.0,LATE_FADE_TRAIL
2026-05-12T14:38:00+05:30,,-13.90,,2026-05-12,,,,,,,,all,,,reported,,,"[{'contract': 'NSE_FO|41724|12-05-2026', 'status': 'UNAFFORDABLE_OR_PAST_CAPACITY'}, {'contract': 'NSE_FO|41726|12-05-2026', 'status': 'UNAFFORDABLE_OR_PAST_CAPACITY'}, {'contract': 'NSE_FO|41730|12-05-2026', 'status': 'UNAFFORDABLE_OR_PAST_CAPACITY'}, {'contract': 'NSE_FO|41734|12-05-2026', 'status': 'UNAFFORDABLE_OR_PAST_CAPACITY'}]",CE,LATE_FADE,NO_AFFORDABLE_LIQUID_CONTRACT,,LATE_FADE_TRAIL
2026-05-26T14:59:00+05:30,,-13.90,,2026-05-26,,,,,,,,all,,,reported,,,"[{'contract': 'NSE_FO|72175|26-05-2026', 'status': 'UNAFFORDABLE_OR_PAST_CAPACITY'}, {'contract': 'NSE_FO|72177|26-05-2026', 'status': 'UNAFFORDABLE_OR_PAST_CAPACITY'}, {'contract': 'NSE_FO|72179|26-05-2026', 'status': 'UNAFFORDABLE_OR_PAST_CAPACITY'}, {'contract': 'NSE_FO|72181|26-05-2026', 'status': 'UNAFFORDABLE_OR_PAST_CAPACITY'}]",CE,LATE_FADE,NO_AFFORDABLE_LIQUID_CONTRACT,,LATE_FADE_TRAIL
2026-06-02T15:20:00+05:30,,-13.90,,2026-06-02,,,,,,,,all,,,reported,,,"[{'contract': 'NSE_FO|57030|02-06-2026', 'status': 'UNAFFORDABLE_OR_PAST_CAPACITY'}, {'contract': 'NSE_FO|57032|02-06-2026', 'status': 'UNAFFORDABLE_OR_PAST_CAPACITY'}, {'contract': 'NSE_FO|57034|02-06-2026', 'status': 'UNAFFORDABLE_OR_PAST_CAPACITY'}, {'contract': 'NSE_FO|57036|02-06-2026', 'status': 'UNAFFORDABLE_OR_PAST_CAPACITY'}]",CE,LATE_FADE,NO_AFFORDABLE_LIQUID_CONTRACT,,LATE_FADE_TRAIL
2026-06-16T14:50:00+05:30,,-13.90,,2026-06-16,,,,,,,,all,,,reported,,,"[{'contract': 'NSE_FO|50615|16-06-2026', 'status': 'UNAFFORDABLE_OR_PAST_CAPACITY'}, {'contract': 'NSE_FO|50617|16-06-2026', 'status': 'UNAFFORDABLE_OR_PAST_CAPACITY'}, {'contract': 'NSE_FO|50619|16-06-2026', 'status': 'UNAFFORDABLE_OR_PAST_CAPACITY'}, {'contract': 'NSE_FO|50621|16-06-2026', 'status': 'UNAFFORDABLE_OR_PAST_CAPACITY'}]",CE,LATE_FADE,NO_AFFORDABLE_LIQUID_CONTRACT,,LATE_FADE_TRAIL
2026-06-23T14:48:00+05:30,,-13.90,,2026-06-23,,,,,,,,all,,,reported,,,"[{'contract': 'NSE_FO|56359|23-06-2026', 'status': 'UNAFFORDABLE_OR_PAST_CAPACITY'}, {'contract': 'NSE_FO|56357|23-06-2026', 'status': 'UNAFFORDABLE_OR_PAST_CAPACITY'}, {'contract': 'NSE_FO|56355|23-06-2026', 'status': 'UNAFFORDABLE_OR_PAST_CAPACITY'}, {'contract': 'NSE_FO|56349|23-06-2026', 'status': 'UNAFFORDABLE_OR_PAST_CAPACITY'}]",PE,LATE_FADE,NO_AFFORDABLE_LIQUID_CONTRACT,,LATE_FADE_TRAIL
2026-06-30T15:12:00+05:30,,-13.90,,2026-06-30,,,,,,,,all,,,reported,,,"[{'contract': 'NSE_FO|79713|30-06-2026', 'status': 'UNAFFORDABLE_OR_PAST_CAPACITY'}, {'contract': 'NSE_FO|79722|30-06-2026', 'status': 'UNAFFORDABLE_OR_PAST_CAPACITY'}, {'contract': 'NSE_FO|79728|30-06-2026', 'status': 'UNAFFORDABLE_OR_PAST_CAPACITY'}, {'contract': 'NSE_FO|71472|30-06-2026', 'status': 'UNAFFORDABLE_OR_PAST_CAPACITY'}]",CE,LATE_FADE,NO_AFFORDABLE_LIQUID_CONTRACT,,LATE_FADE_TRAIL
2026-07-28T14:38:00+05:30,,-13.90,,2026-07-28,,,,,,,,all,,,reported,,,"[{'contract': 'NSE_FO|63939|28-07-2026', 'status': 'UNAFFORDABLE_OR_PAST_CAPACITY'}, {'contract': 'NSE_FO|63941|28-07-2026', 'status': 'UNAFFORDABLE_OR_PAST_CAPACITY'}, {'contract': 'NSE_FO|63943|28-07-2026', 'status': 'UNAFFORDABLE_OR_PAST_CAPACITY'}, {'contract': 'NSE_FO|63945|28-07-2026', 'status': 'UNAFFORDABLE_OR_PAST_CAPACITY'}]",CE,LATE_FADE,NO_AFFORDABLE_LIQUID_CONTRACT,,LATE_FADE_TRAIL
2026-08-11T14:45:00+05:30,,-13.90,,2026-08-11,,,,,,,,all,,,reported,,,"[{'contract': 'NSE_FO|41009|11-08-2026', 'status': 'UNAFFORDABLE_OR_PAST_CAPACITY'}, {'contract': 'NSE_FO|41011|11-08-2026', 'status': 'UNAFFORDABLE_OR_PAST_CAPACITY'}, {'contract': 'NSE_FO|41013|11-08-2026', 'status': 'UNAFFORDABLE_OR_PAST_CAPACITY'}, {'contract': 'NSE_FO|41015|11-08-2026', 'status': 'UNAFFORDABLE_OR_PAST_CAPACITY'}]",CE,LATE_FADE,NO_AFFORDABLE_LIQUID_CONTRACT,,LATE_FADE_TRAIL
2026-08-18T15:08:00+05:30,,-13.90,,2026-08-18,,,,,,,,all,,,reported,,,"[{'contract': 'NSE_FO|45099|18-08-2026', 'status': 'UNAFFORDABLE_OR_PAST_CAPACITY'}, {'contract': 'NSE_FO|45097|18-08-2026', 'status': 'UNAFFORDABLE_OR_PAST_CAPACITY'}, {'contract': 'NSE_FO|45095|18-08-2026', 'status': 'UNAFFORDABLE_OR_PAST_CAPACITY'}, {'contract': 'NSE_FO|45093|18-08-2026', 'status': 'UNAFFORDABLE_OR_PAST_CAPACITY'}]",PE,LATE_FADE,NO_AFFORDABLE_LIQUID_CONTRACT,,LATE_FADE_TRAIL
2025-12-23T14:45:00+05:30,5143.23,9411.18,NSE_FO|57019|23-12-2025,2025-12-23,6.5,2025-12-23T14:46:00+05:30,3.20,2025-12-23T14:47:00+05:30,60.45,6.70,75,all,-4267.95,0.4923076923076923076923076923,reported,1275,STOP,"[{'contract': 'NSE_FO|57019|23-12-2025', 'status': 'ORDER_CREATED'}]",PE,TREND1445,MODELED_EXIT,26150.0,TREND1445_TARGET
2026-01-20T14:45:00+05:30,9521.38,5143.23,NSE_FO|47594|20-01-2026,2026-01-20,17.10,2026-01-20T14:46:00+05:30,34.20,2026-01-20T15:00:00+05:30,67.85,17.35,65,all,4378.15,2,reported,260,TARGET_2X,"[{'contract': 'NSE_FO|47594|20-01-2026', 'status': 'ORDER_CREATED'}]",PE,TREND1445,MODELED_EXIT,25350.0,TREND1445_TARGET
2026-05-19T14:45:00+05:30,,9521.38,NSE_FO|51365|19-05-2026,2026-05-19,,,,,,19.90,65,all,,,reported,390,,"[{'contract': 'NSE_FO|51365|19-05-2026', 'status': 'ORDER_CREATED'}]",PE,TREND1445,MODELED_LIMIT_MISS,23650.0,TREND1445_TARGET
2025-12-23T14:45:00+05:30,5143.23,9411.18,NSE_FO|57019|23-12-2025,2025-12-23,6.5,2025-12-23T14:46:00+05:30,3.20,2025-12-23T14:47:00+05:30,60.45,6.70,75,all,-4267.95,0.4923076923076923076923076923,reported,1275,STOP,"[{'contract': 'NSE_FO|57019|23-12-2025', 'status': 'ORDER_CREATED'}]",PE,TREND1445,MODELED_EXIT,26150.0,TREND1445_TRAIL
2026-01-20T14:45:00+05:30,31436.13,5143.23,NSE_FO|47594|20-01-2026,2026-01-20,17.10,2026-01-20T14:46:00+05:30,118.65,2026-01-20T15:25:00+05:30,110.10,17.35,65,all,26292.90,6.938596491228070175438596491,reported,260,TIMED_CLOSE,"[{'contract': 'NSE_FO|47594|20-01-2026', 'status': 'ORDER_CREATED'}]",PE,TREND1445,MODELED_EXIT,25350.0,TREND1445_TRAIL
2026-05-19T14:45:00+05:30,,31436.13,NSE_FO|51365|19-05-2026,2026-05-19,,,,,,19.90,65,all,,,reported,1495,,"[{'contract': 'NSE_FO|51365|19-05-2026', 'status': 'ORDER_CREATED'}]",PE,TREND1445,MODELED_LIMIT_MISS,23650.0,TREND1445_TRAIL
2025-10-07T14:49:00+05:30,,9411.18,,2025-10-07,,,,,,,,all,,,reported,,,"[{'contract': 'NSE_FO|38397|07-10-2025', 'status': 'INSUFFICIENT_KNOWN_OI'}, {'contract': 'NSE_FO|38399|07-10-2025', 'status': 'INSUFFICIENT_KNOWN_OI'}, {'contract': 'NSE_FO|38401|07-10-2025', 'status': 'INSUFFICIENT_KNOWN_OI'}, {'contract': 'NSE_FO|38403|07-10-2025', 'status': 'INSUFFICIENT_KNOWN_OI'}]",CE,OPTION_ACCEL,NO_AFFORDABLE_LIQUID_CONTRACT,,OPTION_ACCEL_TARGET
2025-10-14T14:48:00+05:30,5138.64,9411.18,NSE_FO|42690|14-10-2025,2025-10-14,48.0,2025-10-14T14:49:00+05:30,19.90,2025-10-14T14:57:00+05:30,57.54,53.25,75,all,-4272.54,0.4145833333333333333333333333,reported,150,STOP,"[{'contract': 'NSE_FO|42690|14-10-2025', 'status': 'ORDER_CREATED'}]",PE,OPTION_ACCEL,MODELED_EXIT,25200.0,OPTION_ACCEL_TARGET
2025-10-20T14:49:00+05:30,2488.46,5138.64,NSE_FO|45282|20-10-2025,2025-10-20,31.80,2025-10-20T14:50:00+05:30,14.50,2025-10-20T15:01:00+05:30,55.18,31.95,75,all,-2650.18,0.4559748427672955974842767296,reported,150,STOP,"[{'contract': 'NSE_FO|45282|20-10-2025', 'status': 'ORDER_CREATED'}]",CE,OPTION_ACCEL,MODELED_EXIT,25800.0,OPTION_ACCEL_TARGET
2025-10-28T14:58:00+05:30,1868.50,2488.46,NSE_FO|58974|28-10-2025,2025-10-28,3.70,2025-10-28T14:59:00+05:30,1.80,2025-10-28T15:00:00+05:30,49.96,6.40,75,all,-619.96,0.4864864864864864864864864865,reported,300,STOP,"[{'contract': 'NSE_FO|58970|28-10-2025', 'status': 'UNAFFORDABLE_OR_PAST_CAPACITY'}, {'contract': 'NSE_FO|58974|28-10-2025', 'status': 'ORDER_CREATED'}]",CE,OPTION_ACCEL,MODELED_EXIT,25900.0,OPTION_ACCEL_TARGET
2025-11-04T15:01:00+05:30,1184.92,1868.50,NSE_FO|47652|04-11-2025,2025-11-04,13.25,2025-11-04T15:02:00+05:30,4.80,2025-11-04T15:04:00+05:30,49.83,19.80,75,all,-683.58,0.3622641509433962264150943396,reported,75,STOP,"[{'contract': 'NSE_FO|47652|04-11-2025', 'status': 'ORDER_CREATED'}]",CE,OPTION_ACCEL,MODELED_EXIT,25600.0,OPTION_ACCEL_TARGET
2025-12-02T15:02:00+05:30,452.60,1184.92,NSE_FO|46797|02-12-2025,2025-12-02,0.95,2025-12-02T15:03:00+05:30,0.30,2025-12-02T15:06:00+05:30,49.82,1.00,75,all,-732.32,0.3157894736842105263157894737,reported,1050,STOP,"[{'contract': 'NSE_FO|46795|02-12-2025', 'status': 'UNAFFORDABLE_OR_PAST_CAPACITY'}, {'contract': 'NSE_FO|46797|02-12-2025', 'status': 'ORDER_CREATED'}]",CE,OPTION_ACCEL,MODELED_EXIT,26050.0,OPTION_ACCEL_TARGET
2025-12-09T15:01:00+05:30,,452.60,NSE_FO|41877|09-12-2025,2025-12-09,,,,,,5.25,75,all,,,reported,75,,"[{'contract': 'NSE_FO|41877|09-12-2025', 'status': 'ORDER_CREATED'}]",CE,OPTION_ACCEL,MODELED_LIMIT_MISS,25850.0,OPTION_ACCEL_TARGET
2025-12-23T14:45:00+05:30,223.14,452.60,NSE_FO|57012|23-12-2025,2025-12-23,1.40,2025-12-23T14:46:00+05:30,0.60,2025-12-23T14:48:00+05:30,49.46,1.55,75,all,-229.46,0.4285714285714285714285714286,reported,225,STOP,"[{'contract': 'NSE_FO|57019|23-12-2025', 'status': 'UNAFFORDABLE_OR_PAST_CAPACITY'}, {'contract': 'NSE_FO|57012|23-12-2025', 'status': 'ORDER_CREATED'}]",PE,OPTION_ACCEL,MODELED_EXIT,26100.0,OPTION_ACCEL_TARGET
2025-12-30T15:01:00+05:30,61.29,223.14,NSE_FO|65599|30-12-2025,2025-12-30,1.05,2025-12-30T15:02:00+05:30,0.30,2025-12-30T15:04:00+05:30,49.35,1.20,75,all,-161.85,0.2857142857142857142857142857,reported,150,STOP,"[{'contract': 'NSE_FO|65620|30-12-2025', 'status': 'UNAFFORDABLE_OR_PAST_CAPACITY'}, {'contract': 'NSE_FO|65599|30-12-2025', 'status': 'ORDER_CREATED'}]",PE,OPTION_ACCEL,MODELED_EXIT,25900.0,OPTION_ACCEL_TARGET
2026-01-06T14:53:00+05:30,-0.99,61.29,NSE_FO|40470|06-01-2026,2026-01-06,0.30,2026-01-06T14:54:00+05:30,0.10,2026-01-06T15:03:00+05:30,49.28,0.30,65,all,-62.28,0.3333333333333333333333333333,reported,65,STOP,"[{'contract': 'NSE_FO|40476|06-01-2026', 'status': 'UNAFFORDABLE_OR_PAST_CAPACITY'}, {'contract': 'NSE_FO|40472|06-01-2026', 'status': 'UNAFFORDABLE_OR_PAST_CAPACITY'}, {'contract': 'NSE_FO|40470|06-01-2026', 'status': 'ORDER_CREATED'}]",PE,OPTION_ACCEL,MODELED_EXIT,26050.0,OPTION_ACCEL_TARGET
2026-01-13T14:59:00+05:30,,-0.99,,2026-01-13,,,,,,,,all,,,reported,,,"[{'contract': 'NSE_FO|46162|13-01-2026', 'status': 'UNAFFORDABLE_OR_PAST_CAPACITY'}, {'contract': 'NSE_FO|46160|13-01-2026', 'status': 'UNAFFORDABLE_OR_PAST_CAPACITY'}, {'contract': 'NSE_FO|46154|13-01-2026', 'status': 'UNAFFORDABLE_OR_PAST_CAPACITY'}, {'contract': 'NSE_FO|46150|13-01-2026', 'status': 'UNAFFORDABLE_OR_PAST_CAPACITY'}]",PE,OPTION_ACCEL,NO_AFFORDABLE_LIQUID_CONTRACT,,OPTION_ACCEL_TARGET
2026-01-20T14:54:00+05:30,,-0.99,,2026-01-20,,,,,,,,all,,,reported,,,"[{'contract': 'NSE_FO|47594|20-01-2026', 'status': 'UNAFFORDABLE_OR_PAST_CAPACITY'}, {'contract': 'NSE_FO|47592|20-01-2026', 'status': 'UNAFFORDABLE_OR_PAST_CAPACITY'}, {'contract': 'NSE_FO|47590|20-01-2026', 'status': 'UNAFFORDABLE_OR_PAST_CAPACITY'}, {'contract': 'NSE_FO|47588|20-01-2026', 'status': 'UNAFFORDABLE_OR_PAST_CAPACITY'}]",PE,OPTION_ACCEL,NO_AFFORDABLE_LIQUID_CONTRACT,,OPTION_ACCEL_TARGET
2026-01-27T14:58:00+05:30,,-0.99,,2026-01-27,,,,,,,,all,,,reported,,,"[{'contract': 'NSE_FO|58666|27-01-2026', 'status': 'UNAFFORDABLE_OR_PAST_CAPACITY'}, {'contract': 'NSE_FO|58664|27-01-2026', 'status': 'UNAFFORDABLE_OR_PAST_CAPACITY'}, {'contract': 'NSE_FO|58662|27-01-2026', 'status': 'UNAFFORDABLE_OR_PAST_CAPACITY'}, {'contract': 'NSE_FO|58652|27-01-2026', 'status': 'UNAFFORDABLE_OR_PAST_CAPACITY'}]",PE,OPTION_ACCEL,NO_AFFORDABLE_LIQUID_CONTRACT,,OPTION_ACCEL_TARGET
2026-02-03T15:01:00+05:30,,-0.99,,2026-02-03,,,,,,,,all,,,reported,,,"[{'contract': 'NSE_FO|49836|03-02-2026', 'status': 'UNAFFORDABLE_OR_PAST_CAPACITY'}, {'contract': 'NSE_FO|49834|03-02-2026', 'status': 'UNAFFORDABLE_OR_PAST_CAPACITY'}, {'contract': 'NSE_FO|49824|03-02-2026', 'status': 'UNAFFORDABLE_OR_PAST_CAPACITY'}, {'contract': 'NSE_FO|49821|03-02-2026', 'status': 'UNAFFORDABLE_OR_PAST_CAPACITY'}]",PE,OPTION_ACCEL,NO_AFFORDABLE_LIQUID_CONTRACT,,OPTION_ACCEL_TARGET
2026-02-10T14:47:00+05:30,,-0.99,,2026-02-10,,,,,,,,all,,,reported,,,"[{'contract': 'NSE_FO|42540|10-02-2026', 'status': 'UNAFFORDABLE_OR_PAST_CAPACITY'}, {'contract': 'NSE_FO|42544|10-02-2026', 'status': 'UNAFFORDABLE_OR_PAST_CAPACITY'}, {'contract': 'NSE_FO|42546|10-02-2026', 'status': 'UNAFFORDABLE_OR_PAST_CAPACITY'}, {'contract': 'NSE_FO|42548|10-02-2026', 'status': 'UNAFFORDABLE_OR_PAST_CAPACITY'}]",CE,OPTION_ACCEL,NO_AFFORDABLE_LIQUID_CONTRACT,,OPTION_ACCEL_TARGET
2026-02-17T15:01:00+05:30,,-0.99,,2026-02-17,,,,,,,,all,,,reported,,,"[{'contract': 'NSE_FO|48224|17-02-2026', 'status': 'UNAFFORDABLE_OR_PAST_CAPACITY'}, {'contract': 'NSE_FO|48226|17-02-2026', 'status': 'UNAFFORDABLE_OR_PAST_CAPACITY'}, {'contract': 'NSE_FO|48228|17-02-2026', 'status': 'UNAFFORDABLE_OR_PAST_CAPACITY'}, {'contract': 'NSE_FO|48230|17-02-2026', 'status': 'UNAFFORDABLE_OR_PAST_CAPACITY'}]",CE,OPTION_ACCEL,NO_AFFORDABLE_LIQUID_CONTRACT,,OPTION_ACCEL_TARGET
2026-02-24T14:46:00+05:30,,-0.99,,2026-02-24,,,,,,,,all,,,reported,,,"[{'contract': 'NSE_FO|64849|24-02-2026', 'status': 'UNAFFORDABLE_OR_PAST_CAPACITY'}, {'contract': 'NSE_FO|64844|24-02-2026', 'status': 'UNAFFORDABLE_OR_PAST_CAPACITY'}, {'contract': 'NSE_FO|64842|24-02-2026', 'status': 'UNAFFORDABLE_OR_PAST_CAPACITY'}, {'contract': 'NSE_FO|64840|24-02-2026', 'status': 'UNAFFORDABLE_OR_PAST_CAPACITY'}]",PE,OPTION_ACCEL,NO_AFFORDABLE_LIQUID_CONTRACT,,OPTION_ACCEL_TARGET
2026-03-02T14:46:00+05:30,,-0.99,,2026-03-02,,,,,,,,all,,,reported,,,"[{'contract': 'NSE_FO|54881|02-03-2026', 'status': 'UNAFFORDABLE_OR_PAST_CAPACITY'}, {'contract': 'NSE_FO|54879|02-03-2026', 'status': 'UNAFFORDABLE_OR_PAST_CAPACITY'}, {'contract': 'NSE_FO|54877|02-03-2026', 'status': 'UNAFFORDABLE_OR_PAST_CAPACITY'}, {'contract': 'NSE_FO|54875|02-03-2026', 'status': 'UNAFFORDABLE_OR_PAST_CAPACITY'}]",PE,OPTION_ACCEL,NO_AFFORDABLE_LIQUID_CONTRACT,,OPTION_ACCEL_TARGET
2026-03-10T14:50:00+05:30,,-0.99,,2026-03-10,,,,,,,,all,,,reported,,,"[{'contract': 'NSE_FO|45482|10-03-2026', 'status': 'UNAFFORDABLE_OR_PAST_CAPACITY'}, {'contract': 'NSE_FO|45484|10-03-2026', 'status': 'UNAFFORDABLE_OR_PAST_CAPACITY'}, {'contract': 'NSE_FO|45488|10-03-2026', 'status': 'UNAFFORDABLE_OR_PAST_CAPACITY'}, {'contract': 'NSE_FO|45490|10-03-2026', 'status': 'UNAFFORDABLE_OR_PAST_CAPACITY'}]",CE,OPTION_ACCEL,NO_AFFORDABLE_LIQUID_CONTRACT,,OPTION_ACCEL_TARGET
2026-03-17T15:03:00+05:30,,-0.99,,2026-03-17,,,,,,,,all,,,reported,,,"[{'contract': 'NSE_FO|57756|17-03-2026', 'status': 'UNAFFORDABLE_OR_PAST_CAPACITY'}, {'contract': 'NSE_FO|57752|17-03-2026', 'status': 'UNAFFORDABLE_OR_PAST_CAPACITY'}, {'contract': 'NSE_FO|57748|17-03-2026', 'status': 'UNAFFORDABLE_OR_PAST_CAPACITY'}, {'contract': 'NSE_FO|57744|17-03-2026', 'status': 'UNAFFORDABLE_OR_PAST_CAPACITY'}]",PE,OPTION_ACCEL,NO_AFFORDABLE_LIQUID_CONTRACT,,OPTION_ACCEL_TARGET
2026-03-24T15:01:00+05:30,,-0.99,,2026-03-24,,,,,,,,all,,,reported,,,"[{'contract': 'NSE_FO|62567|24-03-2026', 'status': 'UNAFFORDABLE_OR_PAST_CAPACITY'}, {'contract': 'NSE_FO|62565|24-03-2026', 'status': 'UNAFFORDABLE_OR_PAST_CAPACITY'}, {'contract': 'NSE_FO|62563|24-03-2026', 'status': 'UNAFFORDABLE_OR_PAST_CAPACITY'}, {'contract': 'NSE_FO|62561|24-03-2026', 'status': 'UNAFFORDABLE_OR_PAST_CAPACITY'}]",PE,OPTION_ACCEL,NO_AFFORDABLE_LIQUID_CONTRACT,,OPTION_ACCEL_TARGET
2026-03-30T15:02:00+05:30,,-0.99,,2026-03-30,,,,,,,,all,,,reported,,,"[{'contract': 'NSE_FO|54473|30-03-2026', 'status': 'UNAFFORDABLE_OR_PAST_CAPACITY'}, {'contract': 'NSE_FO|54471|30-03-2026', 'status': 'UNAFFORDABLE_OR_PAST_CAPACITY'}, {'contract': 'NSE_FO|54469|30-03-2026', 'status': 'UNAFFORDABLE_OR_PAST_CAPACITY'}, {'contract': 'NSE_FO|54467|30-03-2026', 'status': 'UNAFFORDABLE_OR_PAST_CAPACITY'}]",PE,OPTION_ACCEL,NO_AFFORDABLE_LIQUID_CONTRACT,,OPTION_ACCEL_TARGET
2026-04-13T15:01:00+05:30,,-0.99,,2026-04-13,,,,,,,,all,,,reported,,,"[{'contract': 'NSE_FO|54807|13-04-2026', 'status': 'UNAFFORDABLE_OR_PAST_CAPACITY'}, {'contract': 'NSE_FO|54805|13-04-2026', 'status': 'UNAFFORDABLE_OR_PAST_CAPACITY'}, {'contract': 'NSE_FO|54803|13-04-2026', 'status': 'UNAFFORDABLE_OR_PAST_CAPACITY'}, {'contract': 'NSE_FO|54801|13-04-2026', 'status': 'UNAFFORDABLE_OR_PAST_CAPACITY'}]",PE,OPTION_ACCEL,NO_AFFORDABLE_LIQUID_CONTRACT,,OPTION_ACCEL_TARGET
2026-04-21T15:04:00+05:30,,-0.99,,2026-04-21,,,,,,,,all,,,reported,,,"[{'contract': 'NSE_FO|63463|21-04-2026', 'status': 'UNAFFORDABLE_OR_PAST_CAPACITY'}, {'contract': 'NSE_FO|63457|21-04-2026', 'status': 'UNAFFORDABLE_OR_PAST_CAPACITY'}, {'contract': 'NSE_FO|63445|21-04-2026', 'status': 'UNAFFORDABLE_OR_PAST_CAPACITY'}, {'contract': 'NSE_FO|63437|21-04-2026', 'status': 'UNAFFORDABLE_OR_PAST_CAPACITY'}]",PE,OPTION_ACCEL,NO_AFFORDABLE_LIQUID_CONTRACT,,OPTION_ACCEL_TARGET
2026-04-28T15:01:00+05:30,,-0.99,,2026-04-28,,,,,,,,all,,,reported,,,"[{'contract': 'NSE_FO|72266|28-04-2026', 'status': 'UNAFFORDABLE_OR_PAST_CAPACITY'}, {'contract': 'NSE_FO|72264|28-04-2026', 'status': 'UNAFFORDABLE_OR_PAST_CAPACITY'}, {'contract': 'NSE_FO|72262|28-04-2026', 'status': 'UNAFFORDABLE_OR_PAST_CAPACITY'}, {'contract': 'NSE_FO|72260|28-04-2026', 'status': 'UNAFFORDABLE_OR_PAST_CAPACITY'}]",PE,OPTION_ACCEL,NO_AFFORDABLE_LIQUID_CONTRACT,,OPTION_ACCEL_TARGET
2026-05-19T14:45:00+05:30,,-0.99,,2026-05-19,,,,,,,,all,,,reported,,,"[{'contract': 'NSE_FO|51365|19-05-2026', 'status': 'UNAFFORDABLE_OR_PAST_CAPACITY'}, {'contract': 'NSE_FO|51359|19-05-2026', 'status': 'UNAFFORDABLE_OR_PAST_CAPACITY'}, {'contract': 'NSE_FO|51357|19-05-2026', 'status': 'UNAFFORDABLE_OR_PAST_CAPACITY'}, {'contract': 'NSE_FO|51355|19-05-2026', 'status': 'UNAFFORDABLE_OR_PAST_CAPACITY'}]",PE,OPTION_ACCEL,NO_AFFORDABLE_LIQUID_CONTRACT,,OPTION_ACCEL_TARGET
2026-05-26T14:57:00+05:30,,-0.99,,2026-05-26,,,,,,,,all,,,reported,,,"[{'contract': 'NSE_FO|72175|26-05-2026', 'status': 'UNAFFORDABLE_OR_PAST_CAPACITY'}, {'contract': 'NSE_FO|72177|26-05-2026', 'status': 'UNAFFORDABLE_OR_PAST_CAPACITY'}, {'contract': 'NSE_FO|72179|26-05-2026', 'status': 'UNAFFORDABLE_OR_PAST_CAPACITY'}, {'contract': 'NSE_FO|72181|26-05-2026', 'status': 'UNAFFORDABLE_OR_PAST_CAPACITY'}]",CE,OPTION_ACCEL,NO_AFFORDABLE_LIQUID_CONTRACT,,OPTION_ACCEL_TARGET
2026-06-02T14:46:00+05:30,,-0.99,,2026-06-02,,,,,,,,all,,,reported,,,"[{'contract': 'NSE_FO|57029|02-06-2026', 'status': 'UNAFFORDABLE_OR_PAST_CAPACITY'}, {'contract': 'NSE_FO|57027|02-06-2026', 'status': 'UNAFFORDABLE_OR_PAST_CAPACITY'}, {'contract': 'NSE_FO|57025|02-06-2026', 'status': 'UNAFFORDABLE_OR_PAST_CAPACITY'}, {'contract': 'NSE_FO|57023|02-06-2026', 'status': 'UNAFFORDABLE_OR_PAST_CAPACITY'}]",PE,OPTION_ACCEL,NO_AFFORDABLE_LIQUID_CONTRACT,,OPTION_ACCEL_TARGET
2026-06-09T15:01:00+05:30,,-0.99,,2026-06-09,,,,,,,,all,,,reported,,,"[{'contract': 'NSE_FO|42287|09-06-2026', 'status': 'UNAFFORDABLE_OR_PAST_CAPACITY'}, {'contract': 'NSE_FO|42285|09-06-2026', 'status': 'UNAFFORDABLE_OR_PAST_CAPACITY'}, {'contract': 'NSE_FO|42279|09-06-2026', 'status': 'UNAFFORDABLE_OR_PAST_CAPACITY'}, {'contract': 'NSE_FO|42273|09-06-2026', 'status': 'UNAFFORDABLE_OR_PAST_CAPACITY'}]",PE,OPTION_ACCEL,NO_AFFORDABLE_LIQUID_CONTRACT,,OPTION_ACCEL_TARGET
2026-06-16T14:45:00+05:30,,-0.99,,2026-06-16,,,,,,,,all,,,reported,,,"[{'contract': 'NSE_FO|50614|16-06-2026', 'status': 'UNAFFORDABLE_OR_PAST_CAPACITY'}, {'contract': 'NSE_FO|50612|16-06-2026', 'status': 'UNAFFORDABLE_OR_PAST_CAPACITY'}, {'contract': 'NSE_FO|50610|16-06-2026', 'status': 'UNAFFORDABLE_OR_PAST_CAPACITY'}, {'contract': 'NSE_FO|50608|16-06-2026', 'status': 'UNAFFORDABLE_OR_PAST_CAPACITY'}]",PE,OPTION_ACCEL,NO_AFFORDABLE_LIQUID_CONTRACT,,OPTION_ACCEL_TARGET
2026-06-23T14:45:00+05:30,,-0.99,,2026-06-23,,,,,,,,all,,,reported,,,"[{'contract': 'NSE_FO|56370|23-06-2026', 'status': 'UNAFFORDABLE_OR_PAST_CAPACITY'}, {'contract': 'NSE_FO|56372|23-06-2026', 'status': 'UNAFFORDABLE_OR_PAST_CAPACITY'}, {'contract': 'NSE_FO|56374|23-06-2026', 'status': 'UNAFFORDABLE_OR_PAST_CAPACITY'}, {'contract': 'NSE_FO|56376|23-06-2026', 'status': 'UNAFFORDABLE_OR_PAST_CAPACITY'}]",CE,OPTION_ACCEL,NO_AFFORDABLE_LIQUID_CONTRACT,,OPTION_ACCEL_TARGET
2026-06-30T15:01:00+05:30,,-0.99,,2026-06-30,,,,,,,,all,,,reported,,,"[{'contract': 'NSE_FO|79729|30-06-2026', 'status': 'UNAFFORDABLE_OR_PAST_CAPACITY'}, {'contract': 'NSE_FO|79723|30-06-2026', 'status': 'UNAFFORDABLE_OR_PAST_CAPACITY'}, {'contract': 'NSE_FO|79714|30-06-2026', 'status': 'UNAFFORDABLE_OR_PAST_CAPACITY'}, {'contract': 'NSE_FO|79712|30-06-2026', 'status': 'UNAFFORDABLE_OR_PAST_CAPACITY'}]",PE,OPTION_ACCEL,NO_AFFORDABLE_LIQUID_CONTRACT,,OPTION_ACCEL_TARGET
2026-07-28T15:02:00+05:30,,-0.99,,2026-07-28,,,,,,,,all,,,reported,,,"[{'contract': 'NSE_FO|63940|28-07-2026', 'status': 'UNAFFORDABLE_OR_PAST_CAPACITY'}, {'contract': 'NSE_FO|63938|28-07-2026', 'status': 'UNAFFORDABLE_OR_PAST_CAPACITY'}, {'contract': 'NSE_FO|63936|28-07-2026', 'status': 'UNAFFORDABLE_OR_PAST_CAPACITY'}, {'contract': 'NSE_FO|63934|28-07-2026', 'status': 'UNAFFORDABLE_OR_PAST_CAPACITY'}]",PE,OPTION_ACCEL,NO_AFFORDABLE_LIQUID_CONTRACT,,OPTION_ACCEL_TARGET
2026-08-11T15:23:00+05:30,,-0.99,,2026-08-11,,,,,,,,all,,,reported,,,"[{'contract': 'NSE_FO|41009|11-08-2026', 'status': 'UNAFFORDABLE_OR_PAST_CAPACITY'}, {'contract': 'NSE_FO|41011|11-08-2026', 'status': 'UNAFFORDABLE_OR_PAST_CAPACITY'}, {'contract': 'NSE_FO|41013|11-08-2026', 'status': 'UNAFFORDABLE_OR_PAST_CAPACITY'}, {'contract': 'NSE_FO|41015|11-08-2026', 'status': 'UNAFFORDABLE_OR_PAST_CAPACITY'}]",CE,OPTION_ACCEL,NO_AFFORDABLE_LIQUID_CONTRACT,,OPTION_ACCEL_TARGET
2026-08-18T15:05:00+05:30,,-0.99,,2026-08-18,,,,,,,,all,,,reported,,,"[{'contract': 'NSE_FO|45099|18-08-2026', 'status': 'UNAFFORDABLE_OR_PAST_CAPACITY'}, {'contract': 'NSE_FO|45097|18-08-2026', 'status': 'UNAFFORDABLE_OR_PAST_CAPACITY'}, {'contract': 'NSE_FO|45095|18-08-2026', 'status': 'UNAFFORDABLE_OR_PAST_CAPACITY'}, {'contract': 'NSE_FO|45093|18-08-2026', 'status': 'UNAFFORDABLE_OR_PAST_CAPACITY'}]",PE,OPTION_ACCEL,NO_AFFORDABLE_LIQUID_CONTRACT,,OPTION_ACCEL_TARGET
2026-09-08T15:14:00+05:30,,-0.99,,2026-09-08,,,,,,,,all,,,reported,,,"[{'contract': 'NSE_FO|42626|08-09-2026', 'status': 'UNAFFORDABLE_OR_PAST_CAPACITY'}, {'contract': 'NSE_FO|42624|08-09-2026', 'status': 'UNAFFORDABLE_OR_PAST_CAPACITY'}, {'contract': 'NSE_FO|42621|08-09-2026', 'status': 'UNAFFORDABLE_OR_PAST_CAPACITY'}, {'contract': 'NSE_FO|42614|08-09-2026', 'status': 'UNAFFORDABLE_OR_PAST_CAPACITY'}]",PE,OPTION_ACCEL,NO_AFFORDABLE_LIQUID_CONTRACT,,OPTION_ACCEL_TARGET
2026-09-15T14:48:00+05:30,,-0.99,,2026-09-15,,,,,,,,all,,,reported,,,"[{'contract': 'NSE_FO|47286|15-09-2026', 'status': 'UNAFFORDABLE_OR_PAST_CAPACITY'}, {'contract': 'NSE_FO|47284|15-09-2026', 'status': 'UNAFFORDABLE_OR_PAST_CAPACITY'}, {'contract': 'NSE_FO|47282|15-09-2026', 'status': 'UNAFFORDABLE_OR_PAST_CAPACITY'}, {'contract': 'NSE_FO|47280|15-09-2026', 'status': 'UNAFFORDABLE_OR_PAST_CAPACITY'}]",PE,OPTION_ACCEL,NO_AFFORDABLE_LIQUID_CONTRACT,,OPTION_ACCEL_TARGET
2025-10-07T14:49:00+05:30,,9411.18,,2025-10-07,,,,,,,,all,,,reported,,,"[{'contract': 'NSE_FO|38397|07-10-2025', 'status': 'INSUFFICIENT_KNOWN_OI'}, {'contract': 'NSE_FO|38399|07-10-2025', 'status': 'INSUFFICIENT_KNOWN_OI'}, {'contract': 'NSE_FO|38401|07-10-2025', 'status': 'INSUFFICIENT_KNOWN_OI'}, {'contract': 'NSE_FO|38403|07-10-2025', 'status': 'INSUFFICIENT_KNOWN_OI'}]",CE,OPTION_ACCEL,NO_AFFORDABLE_LIQUID_CONTRACT,,OPTION_ACCEL_TRAIL
2025-10-14T14:48:00+05:30,5138.64,9411.18,NSE_FO|42690|14-10-2025,2025-10-14,48.0,2025-10-14T14:49:00+05:30,19.90,2025-10-14T14:57:00+05:30,57.54,53.25,75,all,-4272.54,0.4145833333333333333333333333,reported,150,STOP,"[{'contract': 'NSE_FO|42690|14-10-2025', 'status': 'ORDER_CREATED'}]",PE,OPTION_ACCEL,MODELED_EXIT,25200.0,OPTION_ACCEL_TRAIL
2025-10-20T14:49:00+05:30,2488.46,5138.64,NSE_FO|45282|20-10-2025,2025-10-20,31.80,2025-10-20T14:50:00+05:30,14.50,2025-10-20T15:01:00+05:30,55.18,31.95,75,all,-2650.18,0.4559748427672955974842767296,reported,150,STOP,"[{'contract': 'NSE_FO|45282|20-10-2025', 'status': 'ORDER_CREATED'}]",CE,OPTION_ACCEL,MODELED_EXIT,25800.0,OPTION_ACCEL_TRAIL
2025-10-28T14:58:00+05:30,1868.50,2488.46,NSE_FO|58974|28-10-2025,2025-10-28,3.70,2025-10-28T14:59:00+05:30,1.80,2025-10-28T15:00:00+05:30,49.96,6.40,75,all,-619.96,0.4864864864864864864864864865,reported,300,STOP,"[{'contract': 'NSE_FO|58970|28-10-2025', 'status': 'UNAFFORDABLE_OR_PAST_CAPACITY'}, {'contract': 'NSE_FO|58974|28-10-2025', 'status': 'ORDER_CREATED'}]",CE,OPTION_ACCEL,MODELED_EXIT,25900.0,OPTION_ACCEL_TRAIL
2025-11-04T15:01:00+05:30,1184.92,1868.50,NSE_FO|47652|04-11-2025,2025-11-04,13.25,2025-11-04T15:02:00+05:30,4.80,2025-11-04T15:04:00+05:30,49.83,19.80,75,all,-683.58,0.3622641509433962264150943396,reported,75,STOP,"[{'contract': 'NSE_FO|47652|04-11-2025', 'status': 'ORDER_CREATED'}]",CE,OPTION_ACCEL,MODELED_EXIT,25600.0,OPTION_ACCEL_TRAIL
2025-12-02T15:02:00+05:30,452.60,1184.92,NSE_FO|46797|02-12-2025,2025-12-02,0.95,2025-12-02T15:03:00+05:30,0.30,2025-12-02T15:06:00+05:30,49.82,1.00,75,all,-732.32,0.3157894736842105263157894737,reported,1050,STOP,"[{'contract': 'NSE_FO|46795|02-12-2025', 'status': 'UNAFFORDABLE_OR_PAST_CAPACITY'}, {'contract': 'NSE_FO|46797|02-12-2025', 'status': 'ORDER_CREATED'}]",CE,OPTION_ACCEL,MODELED_EXIT,26050.0,OPTION_ACCEL_TRAIL
2025-12-09T15:01:00+05:30,,452.60,NSE_FO|41877|09-12-2025,2025-12-09,,,,,,5.25,75,all,,,reported,75,,"[{'contract': 'NSE_FO|41877|09-12-2025', 'status': 'ORDER_CREATED'}]",CE,OPTION_ACCEL,MODELED_LIMIT_MISS,25850.0,OPTION_ACCEL_TRAIL
2025-12-23T14:45:00+05:30,223.14,452.60,NSE_FO|57012|23-12-2025,2025-12-23,1.40,2025-12-23T14:46:00+05:30,0.60,2025-12-23T14:48:00+05:30,49.46,1.55,75,all,-229.46,0.4285714285714285714285714286,reported,225,STOP,"[{'contract': 'NSE_FO|57019|23-12-2025', 'status': 'UNAFFORDABLE_OR_PAST_CAPACITY'}, {'contract': 'NSE_FO|57012|23-12-2025', 'status': 'ORDER_CREATED'}]",PE,OPTION_ACCEL,MODELED_EXIT,26100.0,OPTION_ACCEL_TRAIL
2025-12-30T15:01:00+05:30,61.29,223.14,NSE_FO|65599|30-12-2025,2025-12-30,1.05,2025-12-30T15:02:00+05:30,0.30,2025-12-30T15:04:00+05:30,49.35,1.20,75,all,-161.85,0.2857142857142857142857142857,reported,150,STOP,"[{'contract': 'NSE_FO|65620|30-12-2025', 'status': 'UNAFFORDABLE_OR_PAST_CAPACITY'}, {'contract': 'NSE_FO|65599|30-12-2025', 'status': 'ORDER_CREATED'}]",PE,OPTION_ACCEL,MODELED_EXIT,25900.0,OPTION_ACCEL_TRAIL
2026-01-06T14:53:00+05:30,-0.99,61.29,NSE_FO|40470|06-01-2026,2026-01-06,0.30,2026-01-06T14:54:00+05:30,0.10,2026-01-06T15:03:00+05:30,49.28,0.30,65,all,-62.28,0.3333333333333333333333333333,reported,65,STOP,"[{'contract': 'NSE_FO|40476|06-01-2026', 'status': 'UNAFFORDABLE_OR_PAST_CAPACITY'}, {'contract': 'NSE_FO|40472|06-01-2026', 'status': 'UNAFFORDABLE_OR_PAST_CAPACITY'}, {'contract': 'NSE_FO|40470|06-01-2026', 'status': 'ORDER_CREATED'}]",PE,OPTION_ACCEL,MODELED_EXIT,26050.0,OPTION_ACCEL_TRAIL
2026-01-13T14:59:00+05:30,,-0.99,,2026-01-13,,,,,,,,all,,,reported,,,"[{'contract': 'NSE_FO|46162|13-01-2026', 'status': 'UNAFFORDABLE_OR_PAST_CAPACITY'}, {'contract': 'NSE_FO|46160|13-01-2026', 'status': 'UNAFFORDABLE_OR_PAST_CAPACITY'}, {'contract': 'NSE_FO|46154|13-01-2026', 'status': 'UNAFFORDABLE_OR_PAST_CAPACITY'}, {'contract': 'NSE_FO|46150|13-01-2026', 'status': 'UNAFFORDABLE_OR_PAST_CAPACITY'}]",PE,OPTION_ACCEL,NO_AFFORDABLE_LIQUID_CONTRACT,,OPTION_ACCEL_TRAIL
2026-01-20T14:54:00+05:30,,-0.99,,2026-01-20,,,,,,,,all,,,reported,,,"[{'contract': 'NSE_FO|47594|20-01-2026', 'status': 'UNAFFORDABLE_OR_PAST_CAPACITY'}, {'contract': 'NSE_FO|47592|20-01-2026', 'status': 'UNAFFORDABLE_OR_PAST_CAPACITY'}, {'contract': 'NSE_FO|47590|20-01-2026', 'status': 'UNAFFORDABLE_OR_PAST_CAPACITY'}, {'contract': 'NSE_FO|47588|20-01-2026', 'status': 'UNAFFORDABLE_OR_PAST_CAPACITY'}]",PE,OPTION_ACCEL,NO_AFFORDABLE_LIQUID_CONTRACT,,OPTION_ACCEL_TRAIL
2026-01-27T14:58:00+05:30,,-0.99,,2026-01-27,,,,,,,,all,,,reported,,,"[{'contract': 'NSE_FO|58666|27-01-2026', 'status': 'UNAFFORDABLE_OR_PAST_CAPACITY'}, {'contract': 'NSE_FO|58664|27-01-2026', 'status': 'UNAFFORDABLE_OR_PAST_CAPACITY'}, {'contract': 'NSE_FO|58662|27-01-2026', 'status': 'UNAFFORDABLE_OR_PAST_CAPACITY'}, {'contract': 'NSE_FO|58652|27-01-2026', 'status': 'UNAFFORDABLE_OR_PAST_CAPACITY'}]",PE,OPTION_ACCEL,NO_AFFORDABLE_LIQUID_CONTRACT,,OPTION_ACCEL_TRAIL
2026-02-03T15:01:00+05:30,,-0.99,,2026-02-03,,,,,,,,all,,,reported,,,"[{'contract': 'NSE_FO|49836|03-02-2026', 'status': 'UNAFFORDABLE_OR_PAST_CAPACITY'}, {'contract': 'NSE_FO|49834|03-02-2026', 'status': 'UNAFFORDABLE_OR_PAST_CAPACITY'}, {'contract': 'NSE_FO|49824|03-02-2026', 'status': 'UNAFFORDABLE_OR_PAST_CAPACITY'}, {'contract': 'NSE_FO|49821|03-02-2026', 'status': 'UNAFFORDABLE_OR_PAST_CAPACITY'}]",PE,OPTION_ACCEL,NO_AFFORDABLE_LIQUID_CONTRACT,,OPTION_ACCEL_TRAIL
2026-02-10T14:47:00+05:30,,-0.99,,2026-02-10,,,,,,,,all,,,reported,,,"[{'contract': 'NSE_FO|42540|10-02-2026', 'status': 'UNAFFORDABLE_OR_PAST_CAPACITY'}, {'contract': 'NSE_FO|42544|10-02-2026', 'status': 'UNAFFORDABLE_OR_PAST_CAPACITY'}, {'contract': 'NSE_FO|42546|10-02-2026', 'status': 'UNAFFORDABLE_OR_PAST_CAPACITY'}, {'contract': 'NSE_FO|42548|10-02-2026', 'status': 'UNAFFORDABLE_OR_PAST_CAPACITY'}]",CE,OPTION_ACCEL,NO_AFFORDABLE_LIQUID_CONTRACT,,OPTION_ACCEL_TRAIL
2026-02-17T15:01:00+05:30,,-0.99,,2026-02-17,,,,,,,,all,,,reported,,,"[{'contract': 'NSE_FO|48224|17-02-2026', 'status': 'UNAFFORDABLE_OR_PAST_CAPACITY'}, {'contract': 'NSE_FO|48226|17-02-2026', 'status': 'UNAFFORDABLE_OR_PAST_CAPACITY'}, {'contract': 'NSE_FO|48228|17-02-2026', 'status': 'UNAFFORDABLE_OR_PAST_CAPACITY'}, {'contract': 'NSE_FO|48230|17-02-2026', 'status': 'UNAFFORDABLE_OR_PAST_CAPACITY'}]",CE,OPTION_ACCEL,NO_AFFORDABLE_LIQUID_CONTRACT,,OPTION_ACCEL_TRAIL
2026-02-24T14:46:00+05:30,,-0.99,,2026-02-24,,,,,,,,all,,,reported,,,"[{'contract': 'NSE_FO|64849|24-02-2026', 'status': 'UNAFFORDABLE_OR_PAST_CAPACITY'}, {'contract': 'NSE_FO|64844|24-02-2026', 'status': 'UNAFFORDABLE_OR_PAST_CAPACITY'}, {'contract': 'NSE_FO|64842|24-02-2026', 'status': 'UNAFFORDABLE_OR_PAST_CAPACITY'}, {'contract': 'NSE_FO|64840|24-02-2026', 'status': 'UNAFFORDABLE_OR_PAST_CAPACITY'}]",PE,OPTION_ACCEL,NO_AFFORDABLE_LIQUID_CONTRACT,,OPTION_ACCEL_TRAIL
2026-03-02T14:46:00+05:30,,-0.99,,2026-03-02,,,,,,,,all,,,reported,,,"[{'contract': 'NSE_FO|54881|02-03-2026', 'status': 'UNAFFORDABLE_OR_PAST_CAPACITY'}, {'contract': 'NSE_FO|54879|02-03-2026', 'status': 'UNAFFORDABLE_OR_PAST_CAPACITY'}, {'contract': 'NSE_FO|54877|02-03-2026', 'status': 'UNAFFORDABLE_OR_PAST_CAPACITY'}, {'contract': 'NSE_FO|54875|02-03-2026', 'status': 'UNAFFORDABLE_OR_PAST_CAPACITY'}]",PE,OPTION_ACCEL,NO_AFFORDABLE_LIQUID_CONTRACT,,OPTION_ACCEL_TRAIL
2026-03-10T14:50:00+05:30,,-0.99,,2026-03-10,,,,,,,,all,,,reported,,,"[{'contract': 'NSE_FO|45482|10-03-2026', 'status': 'UNAFFORDABLE_OR_PAST_CAPACITY'}, {'contract': 'NSE_FO|45484|10-03-2026', 'status': 'UNAFFORDABLE_OR_PAST_CAPACITY'}, {'contract': 'NSE_FO|45488|10-03-2026', 'status': 'UNAFFORDABLE_OR_PAST_CAPACITY'}, {'contract': 'NSE_FO|45490|10-03-2026', 'status': 'UNAFFORDABLE_OR_PAST_CAPACITY'}]",CE,OPTION_ACCEL,NO_AFFORDABLE_LIQUID_CONTRACT,,OPTION_ACCEL_TRAIL
2026-03-17T15:03:00+05:30,,-0.99,,2026-03-17,,,,,,,,all,,,reported,,,"[{'contract': 'NSE_FO|57756|17-03-2026', 'status': 'UNAFFORDABLE_OR_PAST_CAPACITY'}, {'contract': 'NSE_FO|57752|17-03-2026', 'status': 'UNAFFORDABLE_OR_PAST_CAPACITY'}, {'contract': 'NSE_FO|57748|17-03-2026', 'status': 'UNAFFORDABLE_OR_PAST_CAPACITY'}, {'contract': 'NSE_FO|57744|17-03-2026', 'status': 'UNAFFORDABLE_OR_PAST_CAPACITY'}]",PE,OPTION_ACCEL,NO_AFFORDABLE_LIQUID_CONTRACT,,OPTION_ACCEL_TRAIL
2026-03-24T15:01:00+05:30,,-0.99,,2026-03-24,,,,,,,,all,,,reported,,,"[{'contract': 'NSE_FO|62567|24-03-2026', 'status': 'UNAFFORDABLE_OR_PAST_CAPACITY'}, {'contract': 'NSE_FO|62565|24-03-2026', 'status': 'UNAFFORDABLE_OR_PAST_CAPACITY'}, {'contract': 'NSE_FO|62563|24-03-2026', 'status': 'UNAFFORDABLE_OR_PAST_CAPACITY'}, {'contract': 'NSE_FO|62561|24-03-2026', 'status': 'UNAFFORDABLE_OR_PAST_CAPACITY'}]",PE,OPTION_ACCEL,NO_AFFORDABLE_LIQUID_CONTRACT,,OPTION_ACCEL_TRAIL
2026-03-30T15:02:00+05:30,,-0.99,,2026-03-30,,,,,,,,all,,,reported,,,"[{'contract': 'NSE_FO|54473|30-03-2026', 'status': 'UNAFFORDABLE_OR_PAST_CAPACITY'}, {'contract': 'NSE_FO|54471|30-03-2026', 'status': 'UNAFFORDABLE_OR_PAST_CAPACITY'}, {'contract': 'NSE_FO|54469|30-03-2026', 'status': 'UNAFFORDABLE_OR_PAST_CAPACITY'}, {'contract': 'NSE_FO|54467|30-03-2026', 'status': 'UNAFFORDABLE_OR_PAST_CAPACITY'}]",PE,OPTION_ACCEL,NO_AFFORDABLE_LIQUID_CONTRACT,,OPTION_ACCEL_TRAIL
2026-04-13T15:01:00+05:30,,-0.99,,2026-04-13,,,,,,,,all,,,reported,,,"[{'contract': 'NSE_FO|54807|13-04-2026', 'status': 'UNAFFORDABLE_OR_PAST_CAPACITY'}, {'contract': 'NSE_FO|54805|13-04-2026', 'status': 'UNAFFORDABLE_OR_PAST_CAPACITY'}, {'contract': 'NSE_FO|54803|13-04-2026', 'status': 'UNAFFORDABLE_OR_PAST_CAPACITY'}, {'contract': 'NSE_FO|54801|13-04-2026', 'status': 'UNAFFORDABLE_OR_PAST_CAPACITY'}]",PE,OPTION_ACCEL,NO_AFFORDABLE_LIQUID_CONTRACT,,OPTION_ACCEL_TRAIL
2026-04-21T15:04:00+05:30,,-0.99,,2026-04-21,,,,,,,,all,,,reported,,,"[{'contract': 'NSE_FO|63463|21-04-2026', 'status': 'UNAFFORDABLE_OR_PAST_CAPACITY'}, {'contract': 'NSE_FO|63457|21-04-2026', 'status': 'UNAFFORDABLE_OR_PAST_CAPACITY'}, {'contract': 'NSE_FO|63445|21-04-2026', 'status': 'UNAFFORDABLE_OR_PAST_CAPACITY'}, {'contract': 'NSE_FO|63437|21-04-2026', 'status': 'UNAFFORDABLE_OR_PAST_CAPACITY'}]",PE,OPTION_ACCEL,NO_AFFORDABLE_LIQUID_CONTRACT,,OPTION_ACCEL_TRAIL
2026-04-28T15:01:00+05:30,,-0.99,,2026-04-28,,,,,,,,all,,,reported,,,"[{'contract': 'NSE_FO|72266|28-04-2026', 'status': 'UNAFFORDABLE_OR_PAST_CAPACITY'}, {'contract': 'NSE_FO|72264|28-04-2026', 'status': 'UNAFFORDABLE_OR_PAST_CAPACITY'}, {'contract': 'NSE_FO|72262|28-04-2026', 'status': 'UNAFFORDABLE_OR_PAST_CAPACITY'}, {'contract': 'NSE_FO|72260|28-04-2026', 'status': 'UNAFFORDABLE_OR_PAST_CAPACITY'}]",PE,OPTION_ACCEL,NO_AFFORDABLE_LIQUID_CONTRACT,,OPTION_ACCEL_TRAIL
2026-05-19T14:45:00+05:30,,-0.99,,2026-05-19,,,,,,,,all,,,reported,,,"[{'contract': 'NSE_FO|51365|19-05-2026', 'status': 'UNAFFORDABLE_OR_PAST_CAPACITY'}, {'contract': 'NSE_FO|51359|19-05-2026', 'status': 'UNAFFORDABLE_OR_PAST_CAPACITY'}, {'contract': 'NSE_FO|51357|19-05-2026', 'status': 'UNAFFORDABLE_OR_PAST_CAPACITY'}, {'contract': 'NSE_FO|51355|19-05-2026', 'status': 'UNAFFORDABLE_OR_PAST_CAPACITY'}]",PE,OPTION_ACCEL,NO_AFFORDABLE_LIQUID_CONTRACT,,OPTION_ACCEL_TRAIL
2026-05-26T14:57:00+05:30,,-0.99,,2026-05-26,,,,,,,,all,,,reported,,,"[{'contract': 'NSE_FO|72175|26-05-2026', 'status': 'UNAFFORDABLE_OR_PAST_CAPACITY'}, {'contract': 'NSE_FO|72177|26-05-2026', 'status': 'UNAFFORDABLE_OR_PAST_CAPACITY'}, {'contract': 'NSE_FO|72179|26-05-2026', 'status': 'UNAFFORDABLE_OR_PAST_CAPACITY'}, {'contract': 'NSE_FO|72181|26-05-2026', 'status': 'UNAFFORDABLE_OR_PAST_CAPACITY'}]",CE,OPTION_ACCEL,NO_AFFORDABLE_LIQUID_CONTRACT,,OPTION_ACCEL_TRAIL
2026-06-02T14:46:00+05:30,,-0.99,,2026-06-02,,,,,,,,all,,,reported,,,"[{'contract': 'NSE_FO|57029|02-06-2026', 'status': 'UNAFFORDABLE_OR_PAST_CAPACITY'}, {'contract': 'NSE_FO|57027|02-06-2026', 'status': 'UNAFFORDABLE_OR_PAST_CAPACITY'}, {'contract': 'NSE_FO|57025|02-06-2026', 'status': 'UNAFFORDABLE_OR_PAST_CAPACITY'}, {'contract': 'NSE_FO|57023|02-06-2026', 'status': 'UNAFFORDABLE_OR_PAST_CAPACITY'}]",PE,OPTION_ACCEL,NO_AFFORDABLE_LIQUID_CONTRACT,,OPTION_ACCEL_TRAIL
2026-06-09T15:01:00+05:30,,-0.99,,2026-06-09,,,,,,,,all,,,reported,,,"[{'contract': 'NSE_FO|42287|09-06-2026', 'status': 'UNAFFORDABLE_OR_PAST_CAPACITY'}, {'contract': 'NSE_FO|42285|09-06-2026', 'status': 'UNAFFORDABLE_OR_PAST_CAPACITY'}, {'contract': 'NSE_FO|42279|09-06-2026', 'status': 'UNAFFORDABLE_OR_PAST_CAPACITY'}, {'contract': 'NSE_FO|42273|09-06-2026', 'status': 'UNAFFORDABLE_OR_PAST_CAPACITY'}]",PE,OPTION_ACCEL,NO_AFFORDABLE_LIQUID_CONTRACT,,OPTION_ACCEL_TRAIL
2026-06-16T14:45:00+05:30,,-0.99,,2026-06-16,,,,,,,,all,,,reported,,,"[{'contract': 'NSE_FO|50614|16-06-2026', 'status': 'UNAFFORDABLE_OR_PAST_CAPACITY'}, {'contract': 'NSE_FO|50612|16-06-2026', 'status': 'UNAFFORDABLE_OR_PAST_CAPACITY'}, {'contract': 'NSE_FO|50610|16-06-2026', 'status': 'UNAFFORDABLE_OR_PAST_CAPACITY'}, {'contract': 'NSE_FO|50608|16-06-2026', 'status': 'UNAFFORDABLE_OR_PAST_CAPACITY'}]",PE,OPTION_ACCEL,NO_AFFORDABLE_LIQUID_CONTRACT,,OPTION_ACCEL_TRAIL
2026-06-23T14:45:00+05:30,,-0.99,,2026-06-23,,,,,,,,all,,,reported,,,"[{'contract': 'NSE_FO|56370|23-06-2026', 'status': 'UNAFFORDABLE_OR_PAST_CAPACITY'}, {'contract': 'NSE_FO|56372|23-06-2026', 'status': 'UNAFFORDABLE_OR_PAST_CAPACITY'}, {'contract': 'NSE_FO|56374|23-06-2026', 'status': 'UNAFFORDABLE_OR_PAST_CAPACITY'}, {'contract': 'NSE_FO|56376|23-06-2026', 'status': 'UNAFFORDABLE_OR_PAST_CAPACITY'}]",CE,OPTION_ACCEL,NO_AFFORDABLE_LIQUID_CONTRACT,,OPTION_ACCEL_TRAIL
2026-06-30T15:01:00+05:30,,-0.99,,2026-06-30,,,,,,,,all,,,reported,,,"[{'contract': 'NSE_FO|79729|30-06-2026', 'status': 'UNAFFORDABLE_OR_PAST_CAPACITY'}, {'contract': 'NSE_FO|79723|30-06-2026', 'status': 'UNAFFORDABLE_OR_PAST_CAPACITY'}, {'contract': 'NSE_FO|79714|30-06-2026', 'status': 'UNAFFORDABLE_OR_PAST_CAPACITY'}, {'contract': 'NSE_FO|79712|30-06-2026', 'status': 'UNAFFORDABLE_OR_PAST_CAPACITY'}]",PE,OPTION_ACCEL,NO_AFFORDABLE_LIQUID_CONTRACT,,OPTION_ACCEL_TRAIL
2026-07-28T15:02:00+05:30,,-0.99,,2026-07-28,,,,,,,,all,,,reported,,,"[{'contract': 'NSE_FO|63940|28-07-2026', 'status': 'UNAFFORDABLE_OR_PAST_CAPACITY'}, {'contract': 'NSE_FO|63938|28-07-2026', 'status': 'UNAFFORDABLE_OR_PAST_CAPACITY'}, {'contract': 'NSE_FO|63936|28-07-2026', 'status': 'UNAFFORDABLE_OR_PAST_CAPACITY'}, {'contract': 'NSE_FO|63934|28-07-2026', 'status': 'UNAFFORDABLE_OR_PAST_CAPACITY'}]",PE,OPTION_ACCEL,NO_AFFORDABLE_LIQUID_CONTRACT,,OPTION_ACCEL_TRAIL
2026-08-11T15:23:00+05:30,,-0.99,,2026-08-11,,,,,,,,all,,,reported,,,"[{'contract': 'NSE_FO|41009|11-08-2026', 'status': 'UNAFFORDABLE_OR_PAST_CAPACITY'}, {'contract': 'NSE_FO|41011|11-08-2026', 'status': 'UNAFFORDABLE_OR_PAST_CAPACITY'}, {'contract': 'NSE_FO|41013|11-08-2026', 'status': 'UNAFFORDABLE_OR_PAST_CAPACITY'}, {'contract': 'NSE_FO|41015|11-08-2026', 'status': 'UNAFFORDABLE_OR_PAST_CAPACITY'}]",CE,OPTION_ACCEL,NO_AFFORDABLE_LIQUID_CONTRACT,,OPTION_ACCEL_TRAIL
2026-08-18T15:05:00+05:30,,-0.99,,2026-08-18,,,,,,,,all,,,reported,,,"[{'contract': 'NSE_FO|45099|18-08-2026', 'status': 'UNAFFORDABLE_OR_PAST_CAPACITY'}, {'contract': 'NSE_FO|45097|18-08-2026', 'status': 'UNAFFORDABLE_OR_PAST_CAPACITY'}, {'contract': 'NSE_FO|45095|18-08-2026', 'status': 'UNAFFORDABLE_OR_PAST_CAPACITY'}, {'contract': 'NSE_FO|45093|18-08-2026', 'status': 'UNAFFORDABLE_OR_PAST_CAPACITY'}]",PE,OPTION_ACCEL,NO_AFFORDABLE_LIQUID_CONTRACT,,OPTION_ACCEL_TRAIL
2026-09-08T15:14:00+05:30,,-0.99,,2026-09-08,,,,,,,,all,,,reported,,,"[{'contract': 'NSE_FO|42626|08-09-2026', 'status': 'UNAFFORDABLE_OR_PAST_CAPACITY'}, {'contract': 'NSE_FO|42624|08-09-2026', 'status': 'UNAFFORDABLE_OR_PAST_CAPACITY'}, {'contract': 'NSE_FO|42621|08-09-2026', 'status': 'UNAFFORDABLE_OR_PAST_CAPACITY'}, {'contract': 'NSE_FO|42614|08-09-2026', 'status': 'UNAFFORDABLE_OR_PAST_CAPACITY'}]",PE,OPTION_ACCEL,NO_AFFORDABLE_LIQUID_CONTRACT,,OPTION_ACCEL_TRAIL
2026-09-15T14:48:00+05:30,,-0.99,,2026-09-15,,,,,,,,all,,,reported,,,"[{'contract': 'NSE_FO|47286|15-09-2026', 'status': 'UNAFFORDABLE_OR_PAST_CAPACITY'}, {'contract': 'NSE_FO|47284|15-09-2026', 'status': 'UNAFFORDABLE_OR_PAST_CAPACITY'}, {'contract': 'NSE_FO|47282|15-09-2026', 'status': 'UNAFFORDABLE_OR_PAST_CAPACITY'}, {'contract': 'NSE_FO|47280|15-09-2026', 'status': 'UNAFFORDABLE_OR_PAST_CAPACITY'}]",PE,OPTION_ACCEL,NO_AFFORDABLE_LIQUID_CONTRACT,,OPTION_ACCEL_TRAIL
2025-10-14T14:49:00+05:30,5288.70,9411.18,NSE_FO|42690|14-10-2025,2025-10-14,47.0,2025-10-14T14:50:00+05:30,19.90,2025-10-14T14:57:00+05:30,57.48,49.15,75,all,-4122.48,0.4234042553191489361702127660,reported,150,STOP,"[{'contract': 'NSE_FO|42690|14-10-2025', 'status': 'ORDER_CREATED'}]",PE,OPTION_ACCEL_OI,MODELED_EXIT,25200.0,OPTION_ACCEL_OI_TARGET
2025-10-28T15:01:00+05:30,,5288.70,NSE_FO|58970|28-10-2025,2025-10-28,,,,,,51.15,75,all,,,reported,75,,"[{'contract': 'NSE_FO|58970|28-10-2025', 'status': 'ORDER_CREATED'}]",CE,OPTION_ACCEL_OI,MODELED_LIMIT_MISS,25850.0,OPTION_ACCEL_OI_TARGET
2025-12-09T15:11:00+05:30,3577.89,5288.70,NSE_FO|41878|09-12-2025,2025-12-09,21.75,2025-12-09T15:12:00+05:30,10.70,2025-12-09T15:14:00+05:30,53.31,23.10,75,all,-1710.81,0.4919540229885057471264367816,reported,150,STOP,"[{'contract': 'NSE_FO|41878|09-12-2025', 'status': 'ORDER_CREATED'}]",PE,OPTION_ACCEL_OI,MODELED_EXIT,25850.0,OPTION_ACCEL_OI_TARGET
2025-12-23T15:01:00+05:30,2766.60,3577.89,NSE_FO|57020|23-12-2025,2025-12-23,2.5,2025-12-23T15:02:00+05:30,1.05,2025-12-23T15:03:00+05:30,50.04,5.75,75,all,-811.29,0.42,reported,525,STOP,"[{'contract': 'NSE_FO|57013|23-12-2025', 'status': 'UNAFFORDABLE_OR_PAST_CAPACITY'}, {'contract': 'NSE_FO|57020|23-12-2025', 'status': 'ORDER_CREATED'}]",CE,OPTION_ACCEL_OI,MODELED_EXIT,26200.0,OPTION_ACCEL_OI_TARGET
2025-12-30T15:01:00+05:30,1947.71,2766.60,NSE_FO|65620|30-12-2025,2025-12-30,19.0,2025-12-30T15:02:00+05:30,8.75,2025-12-30T15:07:00+05:30,50.14,19.85,75,all,-818.89,0.4605263157894736842105263158,reported,75,STOP,"[{'contract': 'NSE_FO|65620|30-12-2025', 'status': 'ORDER_CREATED'}]",PE,OPTION_ACCEL_OI,MODELED_EXIT,25950.0,OPTION_ACCEL_OI_TARGET
2026-01-13T15:05:00+05:30,922.80,1947.71,NSE_FO|46162|13-01-2026,2026-01-13,1.60,2026-01-13T15:06:00+05:30,0.35,2026-01-13T15:07:00+05:30,49.91,2.25,65,all,-1024.91,0.21875,reported,780,STOP,"[{'contract': 'NSE_FO|46162|13-01-2026', 'status': 'ORDER_CREATED'}]",PE,OPTION_ACCEL_OI,MODELED_EXIT,25700.0,OPTION_ACCEL_OI_TARGET
2026-01-20T14:54:00+05:30,1466.52,922.80,NSE_FO|47592|20-01-2026,2026-01-20,3.05,2026-01-20T14:55:00+05:30,6.10,2026-01-20T15:01:00+05:30,51.03,3.60,65,all,543.72,2,reported,195,TARGET_2X,"[{'contract': 'NSE_FO|47594|20-01-2026', 'status': 'UNAFFORDABLE_OR_PAST_CAPACITY'}, {'contract': 'NSE_FO|47592|20-01-2026', 'status': 'ORDER_CREATED'}]",PE,OPTION_ACCEL_OI,MODELED_EXIT,25300.0,OPTION_ACCEL_OI_TARGET
2026-02-03T15:03:00+05:30,,1466.52,NSE_FO|49834|03-02-2026,2026-02-03,,,,,,6.30,65,all,,,reported,195,,"[{'contract': 'NSE_FO|49836|03-02-2026', 'status': 'UNAFFORDABLE_OR_PAST_CAPACITY'}, {'contract': 'NSE_FO|49834|03-02-2026', 'status': 'ORDER_CREATED'}]",PE,OPTION_ACCEL_OI,MODELED_LIMIT_MISS,25700.0,OPTION_ACCEL_OI_TARGET
2026-02-10T14:47:00+05:30,,1466.52,NSE_FO|42544|10-02-2026,2026-02-10,,,,,,5.35,65,all,,,reported,195,,"[{'contract': 'NSE_FO|42540|10-02-2026', 'status': 'UNAFFORDABLE_OR_PAST_CAPACITY'}, {'contract': 'NSE_FO|42544|10-02-2026', 'status': 'ORDER_CREATED'}]",CE,OPTION_ACCEL_OI,MODELED_LIMIT_MISS,25950.0,OPTION_ACCEL_OI_TARGET
2026-02-17T15:02:00+05:30,1091.97,1466.52,NSE_FO|48226|17-02-2026,2026-02-17,1.55,2026-02-17T15:03:00+05:30,0.55,2026-02-17T15:04:00+05:30,49.55,3.55,65,all,-374.55,0.3548387096774193548387096774,reported,325,STOP,"[{'contract': 'NSE_FO|48224|17-02-2026', 'status': 'UNAFFORDABLE_OR_PAST_CAPACITY'}, {'contract': 'NSE_FO|48226|17-02-2026', 'status': 'ORDER_CREATED'}]",CE,OPTION_ACCEL_OI,MODELED_EXIT,25750.0,OPTION_ACCEL_OI_TARGET
2026-03-02T15:00:00+05:30,863.74,1091.97,NSE_FO|54877|02-03-2026,2026-03-02,5.20,2026-03-02T15:01:00+05:30,2.45,2026-03-02T15:03:00+05:30,49.48,7.85,65,all,-228.23,0.4711538461538461538461538462,reported,65,STOP,"[{'contract': 'NSE_FO|54881|02-03-2026', 'status': 'UNAFFORDABLE_OR_PAST_CAPACITY'}, {'contract': 'NSE_FO|54879|02-03-2026', 'status': 'UNAFFORDABLE_OR_PAST_CAPACITY'}, {'contract': 'NSE_FO|54877|02-03-2026', 'status': 'ORDER_CREATED'}]",PE,OPTION_ACCEL_OI,MODELED_EXIT,24750.0,OPTION_ACCEL_OI_TARGET
2026-03-10T14:50:00+05:30,596.52,863.74,NSE_FO|45490|10-03-2026,2026-03-10,5.5,2026-03-10T14:51:00+05:30,2.15,2026-03-10T14:52:00+05:30,49.47,7.15,65,all,-267.22,0.3909090909090909090909090909,reported,65,STOP,"[{'contract': 'NSE_FO|45482|10-03-2026', 'status': 'UNAFFORDABLE_OR_PAST_CAPACITY'}, {'contract': 'NSE_FO|45484|10-03-2026', 'status': 'UNAFFORDABLE_OR_PAST_CAPACITY'}, {'contract': 'NSE_FO|45488|10-03-2026', 'status': 'UNAFFORDABLE_OR_PAST_CAPACITY'}, {'contract': 'NSE_FO|45490|10-03-2026', 'status': 'ORDER_CREATED'}]",CE,OPTION_ACCEL_OI,MODELED_EXIT,24350.0,OPTION_ACCEL_OI_TARGET
2026-03-17T15:06:00+05:30,313.03,596.52,NSE_FO|57752|17-03-2026,2026-03-17,1.0,2026-03-17T15:07:00+05:30,0.40,2026-03-17T15:08:00+05:30,49.49,1.30,65,all,-283.49,0.4,reported,390,STOP,"[{'contract': 'NSE_FO|57756|17-03-2026', 'status': 'UNAFFORDABLE_OR_PAST_CAPACITY'}, {'contract': 'NSE_FO|57752|17-03-2026', 'status': 'ORDER_CREATED'}]",PE,OPTION_ACCEL_OI,MODELED_EXIT,23550.0,OPTION_ACCEL_OI_TARGET
2026-03-24T15:08:00+05:30,192.18,313.03,NSE_FO|62568|24-03-2026,2026-03-24,1.0,2026-03-24T15:09:00+05:30,0.45,2026-03-24T15:11:00+05:30,49.35,1.45,65,all,-120.85,0.45,reported,130,STOP,"[{'contract': 'NSE_FO|62566|24-03-2026', 'status': 'UNAFFORDABLE_OR_PAST_CAPACITY'}, {'contract': 'NSE_FO|62568|24-03-2026', 'status': 'ORDER_CREATED'}]",CE,OPTION_ACCEL_OI,MODELED_EXIT,22950.0,OPTION_ACCEL_OI_TARGET
2026-03-30T15:03:00+05:30,,192.18,NSE_FO|54469|30-03-2026,2026-03-30,,,,,,1.05,65,all,,,reported,130,,"[{'contract': 'NSE_FO|54473|30-03-2026', 'status': 'UNAFFORDABLE_OR_PAST_CAPACITY'}, {'contract': 'NSE_FO|54471|30-03-2026', 'status': 'UNAFFORDABLE_OR_PAST_CAPACITY'}, {'contract': 'NSE_FO|54469|30-03-2026', 'status': 'ORDER_CREATED'}]",PE,OPTION_ACCEL_OI,MODELED_LIMIT_MISS,22250.0,OPTION_ACCEL_OI_TARGET
2026-04-13T15:02:00+05:30,103.88,192.18,NSE_FO|54803|13-04-2026,2026-04-13,0.30,2026-04-13T15:03:00+05:30,0.10,2026-04-13T15:09:00+05:30,49.30,0.65,65,all,-88.30,0.3333333333333333333333333333,reported,195,STOP,"[{'contract': 'NSE_FO|54807|13-04-2026', 'status': 'UNAFFORDABLE_OR_PAST_CAPACITY'}, {'contract': 'NSE_FO|54805|13-04-2026', 'status': 'UNAFFORDABLE_OR_PAST_CAPACITY'}, {'contract': 'NSE_FO|54803|13-04-2026', 'status': 'ORDER_CREATED'}]",PE,OPTION_ACCEL_OI,MODELED_EXIT,23750.0,OPTION_ACCEL_OI_TARGET
2026-04-28T15:03:00+05:30,28.59,103.88,NSE_FO|72262|28-04-2026,2026-04-28,0.60,2026-04-28T15:04:00+05:30,0.20,2026-04-28T15:05:00+05:30,49.29,1.05,65,all,-75.29,0.3333333333333333333333333333,reported,65,STOP,"[{'contract': 'NSE_FO|72266|28-04-2026', 'status': 'UNAFFORDABLE_OR_PAST_CAPACITY'}, {'contract': 'NSE_FO|72264|28-04-2026', 'status': 'UNAFFORDABLE_OR_PAST_CAPACITY'}, {'contract': 'NSE_FO|72262|28-04-2026', 'status': 'ORDER_CREATED'}]",PE,OPTION_ACCEL_OI,MODELED_EXIT,23950.0,OPTION_ACCEL_OI_TARGET
2026-05-19T14:45:00+05:30,,28.59,,2026-05-19,,,,,,,,all,,,reported,,,"[{'contract': 'NSE_FO|51365|19-05-2026', 'status': 'UNAFFORDABLE_OR_PAST_CAPACITY'}, {'contract': 'NSE_FO|51359|19-05-2026', 'status': 'UNAFFORDABLE_OR_PAST_CAPACITY'}, {'contract': 'NSE_FO|51357|19-05-2026', 'status': 'UNAFFORDABLE_OR_PAST_CAPACITY'}, {'contract': 'NSE_FO|51355|19-05-2026', 'status': 'UNAFFORDABLE_OR_PAST_CAPACITY'}]",PE,OPTION_ACCEL_OI,NO_AFFORDABLE_LIQUID_CONTRACT,,OPTION_ACCEL_OI_TARGET
2026-05-26T14:57:00+05:30,,28.59,,2026-05-26,,,,,,,,all,,,reported,,,"[{'contract': 'NSE_FO|72175|26-05-2026', 'status': 'UNAFFORDABLE_OR_PAST_CAPACITY'}, {'contract': 'NSE_FO|72177|26-05-2026', 'status': 'UNAFFORDABLE_OR_PAST_CAPACITY'}, {'contract': 'NSE_FO|72179|26-05-2026', 'status': 'UNAFFORDABLE_OR_PAST_CAPACITY'}, {'contract': 'NSE_FO|72181|26-05-2026', 'status': 'UNAFFORDABLE_OR_PAST_CAPACITY'}]",CE,OPTION_ACCEL_OI,NO_AFFORDABLE_LIQUID_CONTRACT,,OPTION_ACCEL_OI_TARGET
2026-06-02T14:46:00+05:30,,28.59,,2026-06-02,,,,,,,,all,,,reported,,,"[{'contract': 'NSE_FO|57029|02-06-2026', 'status': 'UNAFFORDABLE_OR_PAST_CAPACITY'}, {'contract': 'NSE_FO|57027|02-06-2026', 'status': 'UNAFFORDABLE_OR_PAST_CAPACITY'}, {'contract': 'NSE_FO|57025|02-06-2026', 'status': 'UNAFFORDABLE_OR_PAST_CAPACITY'}, {'contract': 'NSE_FO|57023|02-06-2026', 'status': 'UNAFFORDABLE_OR_PAST_CAPACITY'}]",PE,OPTION_ACCEL_OI,NO_AFFORDABLE_LIQUID_CONTRACT,,OPTION_ACCEL_OI_TARGET
2026-06-09T15:01:00+05:30,,28.59,,2026-06-09,,,,,,,,all,,,reported,,,"[{'contract': 'NSE_FO|42287|09-06-2026', 'status': 'UNAFFORDABLE_OR_PAST_CAPACITY'}, {'contract': 'NSE_FO|42285|09-06-2026', 'status': 'UNAFFORDABLE_OR_PAST_CAPACITY'}, {'contract': 'NSE_FO|42279|09-06-2026', 'status': 'UNAFFORDABLE_OR_PAST_CAPACITY'}, {'contract': 'NSE_FO|42273|09-06-2026', 'status': 'UNAFFORDABLE_OR_PAST_CAPACITY'}]",PE,OPTION_ACCEL_OI,NO_AFFORDABLE_LIQUID_CONTRACT,,OPTION_ACCEL_OI_TARGET
2026-06-16T14:45:00+05:30,,28.59,,2026-06-16,,,,,,,,all,,,reported,,,"[{'contract': 'NSE_FO|50614|16-06-2026', 'status': 'UNAFFORDABLE_OR_PAST_CAPACITY'}, {'contract': 'NSE_FO|50612|16-06-2026', 'status': 'UNAFFORDABLE_OR_PAST_CAPACITY'}, {'contract': 'NSE_FO|50610|16-06-2026', 'status': 'UNAFFORDABLE_OR_PAST_CAPACITY'}, {'contract': 'NSE_FO|50608|16-06-2026', 'status': 'UNAFFORDABLE_OR_PAST_CAPACITY'}]",PE,OPTION_ACCEL_OI,NO_AFFORDABLE_LIQUID_CONTRACT,,OPTION_ACCEL_OI_TARGET
2026-06-23T14:45:00+05:30,,28.59,,2026-06-23,,,,,,,,all,,,reported,,,"[{'contract': 'NSE_FO|56370|23-06-2026', 'status': 'UNAFFORDABLE_OR_PAST_CAPACITY'}, {'contract': 'NSE_FO|56372|23-06-2026', 'status': 'UNAFFORDABLE_OR_PAST_CAPACITY'}, {'contract': 'NSE_FO|56374|23-06-2026', 'status': 'UNAFFORDABLE_OR_PAST_CAPACITY'}, {'contract': 'NSE_FO|56376|23-06-2026', 'status': 'UNAFFORDABLE_OR_PAST_CAPACITY'}]",CE,OPTION_ACCEL_OI,NO_AFFORDABLE_LIQUID_CONTRACT,,OPTION_ACCEL_OI_TARGET
2026-06-30T15:01:00+05:30,,28.59,,2026-06-30,,,,,,,,all,,,reported,,,"[{'contract': 'NSE_FO|79729|30-06-2026', 'status': 'UNAFFORDABLE_OR_PAST_CAPACITY'}, {'contract': 'NSE_FO|79723|30-06-2026', 'status': 'UNAFFORDABLE_OR_PAST_CAPACITY'}, {'contract': 'NSE_FO|79714|30-06-2026', 'status': 'UNAFFORDABLE_OR_PAST_CAPACITY'}, {'contract': 'NSE_FO|79712|30-06-2026', 'status': 'UNAFFORDABLE_OR_PAST_CAPACITY'}]",PE,OPTION_ACCEL_OI,NO_AFFORDABLE_LIQUID_CONTRACT,,OPTION_ACCEL_OI_TARGET
2026-07-28T15:02:00+05:30,,28.59,,2026-07-28,,,,,,,,all,,,reported,,,"[{'contract': 'NSE_FO|63940|28-07-2026', 'status': 'UNAFFORDABLE_OR_PAST_CAPACITY'}, {'contract': 'NSE_FO|63938|28-07-2026', 'status': 'UNAFFORDABLE_OR_PAST_CAPACITY'}, {'contract': 'NSE_FO|63936|28-07-2026', 'status': 'UNAFFORDABLE_OR_PAST_CAPACITY'}, {'contract': 'NSE_FO|63934|28-07-2026', 'status': 'UNAFFORDABLE_OR_PAST_CAPACITY'}]",PE,OPTION_ACCEL_OI,NO_AFFORDABLE_LIQUID_CONTRACT,,OPTION_ACCEL_OI_TARGET
2026-08-11T15:23:00+05:30,,28.59,,2026-08-11,,,,,,,,all,,,reported,,,"[{'contract': 'NSE_FO|41009|11-08-2026', 'status': 'UNAFFORDABLE_OR_PAST_CAPACITY'}, {'contract': 'NSE_FO|41011|11-08-2026', 'status': 'UNAFFORDABLE_OR_PAST_CAPACITY'}, {'contract': 'NSE_FO|41013|11-08-2026', 'status': 'UNAFFORDABLE_OR_PAST_CAPACITY'}, {'contract': 'NSE_FO|41015|11-08-2026', 'status': 'UNAFFORDABLE_OR_PAST_CAPACITY'}]",CE,OPTION_ACCEL_OI,NO_AFFORDABLE_LIQUID_CONTRACT,,OPTION_ACCEL_OI_TARGET
2026-08-18T15:16:00+05:30,,28.59,,2026-08-18,,,,,,,,all,,,reported,,,"[{'contract': 'NSE_FO|45099|18-08-2026', 'status': 'UNAFFORDABLE_OR_PAST_CAPACITY'}, {'contract': 'NSE_FO|45097|18-08-2026', 'status': 'UNAFFORDABLE_OR_PAST_CAPACITY'}, {'contract': 'NSE_FO|45095|18-08-2026', 'status': 'UNAFFORDABLE_OR_PAST_CAPACITY'}, {'contract': 'NSE_FO|45093|18-08-2026', 'status': 'UNAFFORDABLE_OR_PAST_CAPACITY'}]",PE,OPTION_ACCEL_OI,NO_AFFORDABLE_LIQUID_CONTRACT,,OPTION_ACCEL_OI_TARGET
2026-09-08T15:14:00+05:30,,28.59,,2026-09-08,,,,,,,,all,,,reported,,,"[{'contract': 'NSE_FO|42626|08-09-2026', 'status': 'UNAFFORDABLE_OR_PAST_CAPACITY'}, {'contract': 'NSE_FO|42624|08-09-2026', 'status': 'UNAFFORDABLE_OR_PAST_CAPACITY'}, {'contract': 'NSE_FO|42621|08-09-2026', 'status': 'UNAFFORDABLE_OR_PAST_CAPACITY'}, {'contract': 'NSE_FO|42614|08-09-2026', 'status': 'UNAFFORDABLE_OR_PAST_CAPACITY'}]",PE,OPTION_ACCEL_OI,NO_AFFORDABLE_LIQUID_CONTRACT,,OPTION_ACCEL_OI_TARGET
2026-09-15T14:48:00+05:30,,28.59,,2026-09-15,,,,,,,,all,,,reported,,,"[{'contract': 'NSE_FO|47286|15-09-2026', 'status': 'UNAFFORDABLE_OR_PAST_CAPACITY'}, {'contract': 'NSE_FO|47284|15-09-2026', 'status': 'UNAFFORDABLE_OR_PAST_CAPACITY'}, {'contract': 'NSE_FO|47282|15-09-2026', 'status': 'UNAFFORDABLE_OR_PAST_CAPACITY'}, {'contract': 'NSE_FO|47280|15-09-2026', 'status': 'UNAFFORDABLE_OR_PAST_CAPACITY'}]",PE,OPTION_ACCEL_OI,NO_AFFORDABLE_LIQUID_CONTRACT,,OPTION_ACCEL_OI_TARGET
2025-10-14T14:49:00+05:30,5288.70,9411.18,NSE_FO|42690|14-10-2025,2025-10-14,47.0,2025-10-14T14:50:00+05:30,19.90,2025-10-14T14:57:00+05:30,57.48,49.15,75,all,-4122.48,0.4234042553191489361702127660,reported,150,STOP,"[{'contract': 'NSE_FO|42690|14-10-2025', 'status': 'ORDER_CREATED'}]",PE,OPTION_ACCEL_OI,MODELED_EXIT,25200.0,OPTION_ACCEL_OI_TRAIL
2025-10-28T15:01:00+05:30,,5288.70,NSE_FO|58970|28-10-2025,2025-10-28,,,,,,51.15,75,all,,,reported,75,,"[{'contract': 'NSE_FO|58970|28-10-2025', 'status': 'ORDER_CREATED'}]",CE,OPTION_ACCEL_OI,MODELED_LIMIT_MISS,25850.0,OPTION_ACCEL_OI_TRAIL
2025-12-09T15:11:00+05:30,3577.89,5288.70,NSE_FO|41878|09-12-2025,2025-12-09,21.75,2025-12-09T15:12:00+05:30,10.70,2025-12-09T15:14:00+05:30,53.31,23.10,75,all,-1710.81,0.4919540229885057471264367816,reported,150,STOP,"[{'contract': 'NSE_FO|41878|09-12-2025', 'status': 'ORDER_CREATED'}]",PE,OPTION_ACCEL_OI,MODELED_EXIT,25850.0,OPTION_ACCEL_OI_TRAIL
2025-12-23T15:01:00+05:30,2766.60,3577.89,NSE_FO|57020|23-12-2025,2025-12-23,2.5,2025-12-23T15:02:00+05:30,1.05,2025-12-23T15:03:00+05:30,50.04,5.75,75,all,-811.29,0.42,reported,525,STOP,"[{'contract': 'NSE_FO|57013|23-12-2025', 'status': 'UNAFFORDABLE_OR_PAST_CAPACITY'}, {'contract': 'NSE_FO|57020|23-12-2025', 'status': 'ORDER_CREATED'}]",CE,OPTION_ACCEL_OI,MODELED_EXIT,26200.0,OPTION_ACCEL_OI_TRAIL
2025-12-30T15:01:00+05:30,1947.71,2766.60,NSE_FO|65620|30-12-2025,2025-12-30,19.0,2025-12-30T15:02:00+05:30,8.75,2025-12-30T15:07:00+05:30,50.14,19.85,75,all,-818.89,0.4605263157894736842105263158,reported,75,STOP,"[{'contract': 'NSE_FO|65620|30-12-2025', 'status': 'ORDER_CREATED'}]",PE,OPTION_ACCEL_OI,MODELED_EXIT,25950.0,OPTION_ACCEL_OI_TRAIL
2026-01-13T15:05:00+05:30,922.80,1947.71,NSE_FO|46162|13-01-2026,2026-01-13,1.60,2026-01-13T15:06:00+05:30,0.35,2026-01-13T15:07:00+05:30,49.91,2.25,65,all,-1024.91,0.21875,reported,780,STOP,"[{'contract': 'NSE_FO|46162|13-01-2026', 'status': 'ORDER_CREATED'}]",PE,OPTION_ACCEL_OI,MODELED_EXIT,25700.0,OPTION_ACCEL_OI_TRAIL
2026-01-20T14:54:00+05:30,13668.89,922.80,NSE_FO|47592|20-01-2026,2026-01-20,3.05,2026-01-20T14:55:00+05:30,68.80,2026-01-20T15:25:00+05:30,75.16,3.60,65,all,12746.09,22.55737704918032786885245902,reported,195,TIMED_CLOSE,"[{'contract': 'NSE_FO|47594|20-01-2026', 'status': 'UNAFFORDABLE_OR_PAST_CAPACITY'}, {'contract': 'NSE_FO|47592|20-01-2026', 'status': 'ORDER_CREATED'}]",PE,OPTION_ACCEL_OI,MODELED_EXIT,25300.0,OPTION_ACCEL_OI_TRAIL
2026-02-03T15:03:00+05:30,,13668.89,NSE_FO|49836|03-02-2026,2026-02-03,,,,,,25.50,65,all,,,reported,455,,"[{'contract': 'NSE_FO|49836|03-02-2026', 'status': 'ORDER_CREATED'}]",PE,OPTION_ACCEL_OI,MODELED_LIMIT_MISS,25750.0,OPTION_ACCEL_OI_TRAIL
2026-02-10T14:47:00+05:30,,13668.89,NSE_FO|42540|10-02-2026,2026-02-10,,,,,,33.25,65,all,,,reported,325,,"[{'contract': 'NSE_FO|42540|10-02-2026', 'status': 'ORDER_CREATED'}]",CE,OPTION_ACCEL_OI,MODELED_LIMIT_MISS,25900.0,OPTION_ACCEL_OI_TRAIL
2026-02-17T15:02:00+05:30,11498.23,13668.89,NSE_FO|48224|17-02-2026,2026-02-17,33.35,2026-02-17T15:03:00+05:30,25.25,2026-02-17T15:25:00+05:30,64.66,40.00,65,all,-2170.66,0.7571214392803598200899550225,reported,260,TIMED_CLOSE,"[{'contract': 'NSE_FO|48224|17-02-2026', 'status': 'ORDER_CREATED'}]",CE,OPTION_ACCEL_OI,MODELED_EXIT,25700.0,OPTION_ACCEL_OI_TRAIL
2026-03-02T15:00:00+05:30,,11498.23,NSE_FO|54881|02-03-2026,2026-03-02,,,,,,53.55,65,all,,,reported,195,,"[{'contract': 'NSE_FO|54881|02-03-2026', 'status': 'ORDER_CREATED'}]",PE,OPTION_ACCEL_OI,MODELED_LIMIT_MISS,24850.0,OPTION_ACCEL_OI_TRAIL
2026-03-10T14:50:00+05:30,8326.15,11498.23,NSE_FO|45482|10-03-2026,2026-03-10,80.20,2026-03-10T14:51:00+05:30,32.25,2026-03-10T15:01:00+05:30,55.33,86.90,65,all,-3172.08,0.4021197007481296758104738155,reported,65,STOP,"[{'contract': 'NSE_FO|45482|10-03-2026', 'status': 'ORDER_CREATED'}]",CE,OPTION_ACCEL_OI,MODELED_EXIT,24200.0,OPTION_ACCEL_OI_TRAIL
2026-03-17T15:06:00+05:30,4044.88,8326.15,NSE_FO|57756|17-03-2026,2026-03-17,21.20,2026-03-17T15:07:00+05:30,8.20,2026-03-17T15:10:00+05:30,56.27,21.55,65,all,-4281.27,0.3867924528301886792452830189,reported,325,STOP,"[{'contract': 'NSE_FO|57756|17-03-2026', 'status': 'ORDER_CREATED'}]",PE,OPTION_ACCEL_OI,MODELED_EXIT,23600.0,OPTION_ACCEL_OI_TRAIL
2026-03-24T15:08:00+05:30,2406.90,4044.88,NSE_FO|62566|24-03-2026,2026-03-24,21.80,2026-03-24T15:09:00+05:30,9.60,2026-03-24T15:13:00+05:30,51.98,24.45,65,all,-1637.98,0.4403669724770642201834862385,reported,130,STOP,"[{'contract': 'NSE_FO|62566|24-03-2026', 'status': 'ORDER_CREATED'}]",CE,OPTION_ACCEL_OI,MODELED_EXIT,22900.0,OPTION_ACCEL_OI_TRAIL
2026-03-30T15:03:00+05:30,,2406.90,NSE_FO|54471|30-03-2026,2026-03-30,,,,,,11.10,65,all,,,reported,195,,"[{'contract': 'NSE_FO|54473|30-03-2026', 'status': 'UNAFFORDABLE_OR_PAST_CAPACITY'}, {'contract': 'NSE_FO|54471|30-03-2026', 'status': 'ORDER_CREATED'}]",PE,OPTION_ACCEL_OI,MODELED_LIMIT_MISS,22300.0,OPTION_ACCEL_OI_TRAIL
2026-04-13T15:02:00+05:30,2016.13,2406.90,NSE_FO|54807|13-04-2026,2026-04-13,7.30,2026-04-13T15:03:00+05:30,2.05,2026-04-13T15:04:00+05:30,49.52,18.10,65,all,-390.77,0.2808219178082191780821917808,reported,65,STOP,"[{'contract': 'NSE_FO|54807|13-04-2026', 'status': 'ORDER_CREATED'}]",PE,OPTION_ACCEL_OI,MODELED_EXIT,23850.0,OPTION_ACCEL_OI_TRAIL
2026-04-28T15:03:00+05:30,,2016.13,NSE_FO|72264|28-04-2026,2026-04-28,,,,,,10.70,65,all,,,reported,130,,"[{'contract': 'NSE_FO|72266|28-04-2026', 'status': 'UNAFFORDABLE_OR_PAST_CAPACITY'}, {'contract': 'NSE_FO|72264|28-04-2026', 'status': 'ORDER_CREATED'}]",PE,OPTION_ACCEL_OI,MODELED_LIMIT_MISS,24000.0,OPTION_ACCEL_OI_TRAIL
2026-05-19T14:45:00+05:30,,2016.13,NSE_FO|51365|19-05-2026,2026-05-19,,,,,,19.90,65,all,,,reported,65,,"[{'contract': 'NSE_FO|51365|19-05-2026', 'status': 'ORDER_CREATED'}]",PE,OPTION_ACCEL_OI,MODELED_LIMIT_MISS,23650.0,OPTION_ACCEL_OI_TRAIL
2026-05-26T14:57:00+05:30,,2016.13,NSE_FO|72175|26-05-2026,2026-05-26,,,,,,12.25,65,all,,,reported,130,,"[{'contract': 'NSE_FO|72175|26-05-2026', 'status': 'ORDER_CREATED'}]",CE,OPTION_ACCEL_OI,MODELED_LIMIT_MISS,23900.0,OPTION_ACCEL_OI_TRAIL
2026-06-02T14:46:00+05:30,1195.86,2016.13,NSE_FO|57029|02-06-2026,2026-06-02,19.75,2026-06-02T14:47:00+05:30,7.90,2026-06-02T14:49:00+05:30,50.02,25.20,65,all,-820.27,0.4,reported,65,STOP,"[{'contract': 'NSE_FO|57029|02-06-2026', 'status': 'ORDER_CREATED'}]",PE,OPTION_ACCEL_OI,MODELED_EXIT,23450.0,OPTION_ACCEL_OI_TRAIL
2026-06-09T15:01:00+05:30,,1195.86,NSE_FO|42287|09-06-2026,2026-06-09,,,,,,12.30,65,all,,,reported,65,,"[{'contract': 'NSE_FO|42287|09-06-2026', 'status': 'ORDER_CREATED'}]",PE,OPTION_ACCEL_OI,MODELED_LIMIT_MISS,23250.0,OPTION_ACCEL_OI_TRAIL
2026-06-16T14:45:00+05:30,694.42,1195.86,NSE_FO|50614|16-06-2026,2026-06-16,11.20,2026-06-16T14:46:00+05:30,4.25,2026-06-16T14:49:00+05:30,49.69,13.35,65,all,-501.44,0.3794642857142857142857142857,reported,65,STOP,"[{'contract': 'NSE_FO|50614|16-06-2026', 'status': 'ORDER_CREATED'}]",PE,OPTION_ACCEL_OI,MODELED_EXIT,23950.0,OPTION_ACCEL_OI_TRAIL
2026-06-23T14:45:00+05:30,,694.42,NSE_FO|56372|23-06-2026,2026-06-23,,,,,,2.95,65,all,,,reported,195,,"[{'contract': 'NSE_FO|56370|23-06-2026', 'status': 'UNAFFORDABLE_OR_PAST_CAPACITY'}, {'contract': 'NSE_FO|56372|23-06-2026', 'status': 'ORDER_CREATED'}]",CE,OPTION_ACCEL_OI,MODELED_LIMIT_MISS,24000.0,OPTION_ACCEL_OI_TRAIL
2026-06-30T15:01:00+05:30,,694.42,NSE_FO|79712|30-06-2026,2026-06-30,,,,,,2.50,65,all,,,reported,195,,"[{'contract': 'NSE_FO|79729|30-06-2026', 'status': 'UNAFFORDABLE_OR_PAST_CAPACITY'}, {'contract': 'NSE_FO|79723|30-06-2026', 'status': 'UNAFFORDABLE_OR_PAST_CAPACITY'}, {'contract': 'NSE_FO|79714|30-06-2026', 'status': 'UNAFFORDABLE_OR_PAST_CAPACITY'}, {'contract': 'NSE_FO|79712|30-06-2026', 'status': 'ORDER_CREATED'}]",PE,OPTION_ACCEL_OI,MODELED_LIMIT_MISS,23800.0,OPTION_ACCEL_OI_TRAIL
2026-07-28T15:02:00+05:30,446.71,694.42,NSE_FO|63938|28-07-2026,2026-07-28,5.05,2026-07-28T15:03:00+05:30,2.00,2026-07-28T15:04:00+05:30,49.46,6.75,65,all,-247.71,0.3960396039603960396039603960,reported,65,STOP,"[{'contract': 'NSE_FO|63940|28-07-2026', 'status': 'UNAFFORDABLE_OR_PAST_CAPACITY'}, {'contract': 'NSE_FO|63938|28-07-2026', 'status': 'ORDER_CREATED'}]",PE,OPTION_ACCEL_OI,MODELED_EXIT,23950.0,OPTION_ACCEL_OI_TRAIL
2026-08-11T15:23:00+05:30,192.48,446.71,NSE_FO|41013|11-08-2026,2026-08-11,0.60,2026-08-11T15:24:00+05:30,0.25,2026-08-11T15:25:00+05:30,49.48,0.65,65,all,-254.23,0.4166666666666666666666666667,reported,585,STOP,"[{'contract': 'NSE_FO|41009|11-08-2026', 'status': 'UNAFFORDABLE_OR_PAST_CAPACITY'}, {'contract': 'NSE_FO|41011|11-08-2026', 'status': 'UNAFFORDABLE_OR_PAST_CAPACITY'}, {'contract': 'NSE_FO|41013|11-08-2026', 'status': 'ORDER_CREATED'}]",CE,OPTION_ACCEL_OI,MODELED_EXIT,24550.0,OPTION_ACCEL_OI_TRAIL
2026-08-18T15:16:00+05:30,,192.48,NSE_FO|45095|18-08-2026,2026-08-18,,,,,,1.40,65,all,,,reported,65,,"[{'contract': 'NSE_FO|45099|18-08-2026', 'status': 'UNAFFORDABLE_OR_PAST_CAPACITY'}, {'contract': 'NSE_FO|45097|18-08-2026', 'status': 'UNAFFORDABLE_OR_PAST_CAPACITY'}, {'contract': 'NSE_FO|45095|18-08-2026', 'status': 'ORDER_CREATED'}]",PE,OPTION_ACCEL_OI,MODELED_LIMIT_MISS,24100.0,OPTION_ACCEL_OI_TRAIL
2026-09-08T15:14:00+05:30,,192.48,,2026-09-08,,,,,,,,all,,,reported,,,"[{'contract': 'NSE_FO|42626|08-09-2026', 'status': 'UNAFFORDABLE_OR_PAST_CAPACITY'}, {'contract': 'NSE_FO|42624|08-09-2026', 'status': 'UNAFFORDABLE_OR_PAST_CAPACITY'}, {'contract': 'NSE_FO|42621|08-09-2026', 'status': 'UNAFFORDABLE_OR_PAST_CAPACITY'}, {'contract': 'NSE_FO|42614|08-09-2026', 'status': 'UNAFFORDABLE_OR_PAST_CAPACITY'}]",PE,OPTION_ACCEL_OI,NO_AFFORDABLE_LIQUID_CONTRACT,,OPTION_ACCEL_OI_TRAIL
2026-09-15T14:48:00+05:30,,192.48,,2026-09-15,,,,,,,,all,,,reported,,,"[{'contract': 'NSE_FO|47286|15-09-2026', 'status': 'UNAFFORDABLE_OR_PAST_CAPACITY'}, {'contract': 'NSE_FO|47284|15-09-2026', 'status': 'UNAFFORDABLE_OR_PAST_CAPACITY'}, {'contract': 'NSE_FO|47282|15-09-2026', 'status': 'UNAFFORDABLE_OR_PAST_CAPACITY'}, {'contract': 'NSE_FO|47280|15-09-2026', 'status': 'UNAFFORDABLE_OR_PAST_CAPACITY'}]",PE,OPTION_ACCEL_OI,NO_AFFORDABLE_LIQUID_CONTRACT,,OPTION_ACCEL_OI_TRAIL
2025-10-07T14:45:00+05:30,,9411.18,,2025-10-07,,,,,,,,all,,,reported,,,"[{'contract': 'NSE_FO|38397|07-10-2025', 'status': 'INSUFFICIENT_KNOWN_OI'}, {'contract': 'NSE_FO|38399|07-10-2025', 'status': 'INSUFFICIENT_KNOWN_OI'}, {'contract': 'NSE_FO|38401|07-10-2025', 'status': 'INSUFFICIENT_KNOWN_OI'}, {'contract': 'NSE_FO|38403|07-10-2025', 'status': 'INSUFFICIENT_KNOWN_OI'}]",CE,BLIND_CE,NO_AFFORDABLE_LIQUID_CONTRACT,,BLIND_CE_TARGET
2025-10-14T14:45:00+05:30,,9411.18,NSE_FO|42687|14-10-2025,2025-10-14,,,,,,7.45,75,all,,,reported,1125,,"[{'contract': 'NSE_FO|42687|14-10-2025', 'status': 'ORDER_CREATED'}]",CE,BLIND_CE,MODELED_LIMIT_MISS,25200.0,BLIND_CE_TARGET
2025-10-20T14:45:00+05:30,15112.63,9411.18,NSE_FO|45282|20-10-2025,2025-10-20,19.25,2025-10-20T14:46:00+05:30,38.50,2025-10-20T15:10:00+05:30,73.55,26.05,75,all,5701.45,2,reported,300,TARGET_2X,"[{'contract': 'NSE_FO|45282|20-10-2025', 'status': 'ORDER_CREATED'}]",CE,BLIND_CE,MODELED_EXIT,25800.0,BLIND_CE_TARGET
2025-10-28T14:45:00+05:30,,15112.63,NSE_FO|58970|28-10-2025,2025-10-28,,,,,,15.05,75,all,,,reported,900,,"[{'contract': 'NSE_FO|58970|28-10-2025', 'status': 'ORDER_CREATED'}]",CE,BLIND_CE,MODELED_LIMIT_MISS,25850.0,BLIND_CE_TARGET
2025-11-04T14:45:00+05:30,7751.44,15112.63,NSE_FO|47652|04-11-2025,2025-11-04,23.80,2025-11-04T14:46:00+05:30,9.90,2025-11-04T14:55:00+05:30,63.69,26.35,75,all,-7361.19,0.4159663865546218487394957983,reported,525,STOP,"[{'contract': 'NSE_FO|47652|04-11-2025', 'status': 'ORDER_CREATED'}]",CE,BLIND_CE,MODELED_EXIT,25600.0,BLIND_CE_TARGET
2025-11-11T14:45:00+05:30,,7751.44,NSE_FO|40121|11-11-2025,2025-11-11,,,,,,23.55,75,all,,,reported,300,,"[{'contract': 'NSE_FO|40121|11-11-2025', 'status': 'ORDER_CREATED'}]",CE,BLIND_CE,MODELED_LIMIT_MISS,25650.0,BLIND_CE_TARGET
2025-11-18T14:45:00+05:30,,7751.44,NSE_FO|44297|18-11-2025,2025-11-18,,,,,,15.75,75,all,,,reported,450,,"[{'contract': 'NSE_FO|44297|18-11-2025', 'status': 'ORDER_CREATED'}]",CE,BLIND_CE,MODELED_LIMIT_MISS,25950.0,BLIND_CE_TARGET
2025-11-25T14:45:00+05:30,3983.22,7751.44,NSE_FO|52899|25-11-2025,2025-11-25,15.95,2025-11-25T14:46:00+05:30,6.05,2025-11-25T14:53:00+05:30,55.72,18.05,75,all,-3768.22,0.3793103448275862068965517241,reported,375,STOP,"[{'contract': 'NSE_FO|52899|25-11-2025', 'status': 'ORDER_CREATED'}]",CE,BLIND_CE,MODELED_EXIT,25950.0,BLIND_CE_TARGET
2025-12-02T14:45:00+05:30,,3983.22,NSE_FO|46795|02-12-2025,2025-12-02,,,,,,22.45,75,all,,,reported,150,,"[{'contract': 'NSE_FO|46795|02-12-2025', 'status': 'ORDER_CREATED'}]",CE,BLIND_CE,MODELED_LIMIT_MISS,26000.0,BLIND_CE_TARGET
2025-12-09T14:45:00+05:30,1906.01,3983.22,NSE_FO|41877|09-12-2025,2025-12-09,4.95,2025-12-09T14:46:00+05:30,1.95,2025-12-09T14:53:00+05:30,52.21,5.15,75,all,-2077.21,0.3939393939393939393939393939,reported,675,STOP,"[{'contract': 'NSE_FO|41877|09-12-2025', 'status': 'ORDER_CREATED'}]",CE,BLIND_CE,MODELED_EXIT,25850.0,BLIND_CE_TARGET
2025-12-16T14:45:00+05:30,,1906.01,NSE_FO|48220|16-12-2025,2025-12-16,,,,,,3.35,75,all,,,reported,525,,"[{'contract': 'NSE_FO|48218|16-12-2025', 'status': 'UNAFFORDABLE_OR_PAST_CAPACITY'}, {'contract': 'NSE_FO|48220|16-12-2025', 'status': 'ORDER_CREATED'}]",CE,BLIND_CE,MODELED_LIMIT_MISS,25900.0,BLIND_CE_TARGET
2025-12-23T14:45:00+05:30,,1906.01,NSE_FO|57020|23-12-2025,2025-12-23,,,,,,2.75,75,all,,,reported,600,,"[{'contract': 'NSE_FO|57013|23-12-2025', 'status': 'UNAFFORDABLE_OR_PAST_CAPACITY'}, {'contract': 'NSE_FO|57020|23-12-2025', 'status': 'ORDER_CREATED'}]",CE,BLIND_CE,MODELED_LIMIT_MISS,26200.0,BLIND_CE_TARGET
2025-12-30T14:45:00+05:30,1147.57,1906.01,NSE_FO|65600|30-12-2025,2025-12-30,11.40,2025-12-30T14:46:00+05:30,1.95,2025-12-30T15:01:00+05:30,49.69,12.35,75,all,-758.44,0.1710526315789473684210526316,reported,75,STOP,"[{'contract': 'NSE_FO|65600|30-12-2025', 'status': 'ORDER_CREATED'}]",CE,BLIND_CE,MODELED_EXIT,25950.0,BLIND_CE_TARGET
2026-01-06T14:45:00+05:30,,1147.57,NSE_FO|40475|06-01-2026,2026-01-06,,,,,,10.70,65,all,,,reported,65,,"[{'contract': 'NSE_FO|40475|06-01-2026', 'status': 'ORDER_CREATED'}]",CE,BLIND_CE,MODELED_LIMIT_MISS,26150.0,BLIND_CE_TARGET
2026-01-13T14:45:00+05:30,,1147.57,NSE_FO|46161|13-01-2026,2026-01-13,,,,,,15.85,65,all,,,reported,65,,"[{'contract': 'NSE_FO|46161|13-01-2026', 'status': 'ORDER_CREATED'}]",CE,BLIND_CE,MODELED_LIMIT_MISS,25700.0,BLIND_CE_TARGET
2026-01-20T14:45:00+05:30,,1147.57,NSE_FO|47595|20-01-2026,2026-01-20,,,,,,3.60,65,all,,,reported,260,,"[{'contract': 'NSE_FO|47593|20-01-2026', 'status': 'UNAFFORDABLE_OR_PAST_CAPACITY'}, {'contract': 'NSE_FO|47595|20-01-2026', 'status': 'ORDER_CREATED'}]",CE,BLIND_CE,MODELED_LIMIT_MISS,25400.0,BLIND_CE_TARGET
2026-01-27T14:45:00+05:30,,1147.57,NSE_FO|58667|27-01-2026,2026-01-27,,,,,,12.00,65,all,,,reported,65,,"[{'contract': 'NSE_FO|58665|27-01-2026', 'status': 'UNAFFORDABLE_OR_PAST_CAPACITY'}, {'contract': 'NSE_FO|58667|27-01-2026', 'status': 'ORDER_CREATED'}]",CE,BLIND_CE,MODELED_LIMIT_MISS,25150.0,BLIND_CE_TARGET
2026-02-03T14:45:00+05:30,,1147.57,NSE_FO|49838|03-02-2026,2026-02-03,,,,,,14.70,65,all,,,reported,65,,"[{'contract': 'NSE_FO|49835|03-02-2026', 'status': 'UNAFFORDABLE_OR_PAST_CAPACITY'}, {'contract': 'NSE_FO|49838|03-02-2026', 'status': 'ORDER_CREATED'}]",CE,BLIND_CE,MODELED_LIMIT_MISS,25800.0,BLIND_CE_TARGET
2026-02-10T14:45:00+05:30,,1147.57,NSE_FO|42544|10-02-2026,2026-02-10,,,,,,3.75,65,all,,,reported,260,,"[{'contract': 'NSE_FO|42540|10-02-2026', 'status': 'UNAFFORDABLE_OR_PAST_CAPACITY'}, {'contract': 'NSE_FO|42544|10-02-2026', 'status': 'ORDER_CREATED'}]",CE,BLIND_CE,MODELED_LIMIT_MISS,25950.0,BLIND_CE_TARGET
2026-02-17T14:45:00+05:30,681.83,1147.57,NSE_FO|48226|17-02-2026,2026-02-17,5.90,2026-02-17T14:46:00+05:30,2.70,2026-02-17T14:49:00+05:30,49.74,6.25,65,all,-465.74,0.4576271186440677966101694915,reported,130,STOP,"[{'contract': 'NSE_FO|48224|17-02-2026', 'status': 'UNAFFORDABLE_OR_PAST_CAPACITY'}, {'contract': 'NSE_FO|48226|17-02-2026', 'status': 'ORDER_CREATED'}]",CE,BLIND_CE,MODELED_EXIT,25750.0,BLIND_CE_TARGET
2026-02-24T14:45:00+05:30,,681.83,NSE_FO|64850|24-02-2026,2026-02-24,,,,,,3.30,65,all,,,reported,130,,"[{'contract': 'NSE_FO|64845|24-02-2026', 'status': 'UNAFFORDABLE_OR_PAST_CAPACITY'}, {'contract': 'NSE_FO|64850|24-02-2026', 'status': 'ORDER_CREATED'}]",CE,BLIND_CE,MODELED_LIMIT_MISS,25450.0,BLIND_CE_TARGET
2026-03-02T14:45:00+05:30,898.73,681.83,NSE_FO|54886|02-03-2026,2026-03-02,4.10,2026-03-02T14:46:00+05:30,8.20,2026-03-02T14:48:00+05:30,49.60,6.95,65,all,216.90,2,reported,65,TARGET_2X,"[{'contract': 'NSE_FO|54880|02-03-2026', 'status': 'UNAFFORDABLE_OR_PAST_CAPACITY'}, {'contract': 'NSE_FO|54882|02-03-2026', 'status': 'UNAFFORDABLE_OR_PAST_CAPACITY'}, {'contract': 'NSE_FO|54884|02-03-2026', 'status': 'UNAFFORDABLE_OR_PAST_CAPACITY'}, {'contract': 'NSE_FO|54886|02-03-2026', 'status': 'ORDER_CREATED'}]",CE,BLIND_CE,MODELED_EXIT,25000.0,BLIND_CE_TARGET
2026-03-10T14:45:00+05:30,1205.51,898.73,NSE_FO|45488|10-03-2026,2026-03-10,5.5,2026-03-10T14:46:00+05:30,11.0,2026-03-10T14:49:00+05:30,50.72,8.10,65,all,306.78,2,reported,65,TARGET_2X,"[{'contract': 'NSE_FO|45482|10-03-2026', 'status': 'UNAFFORDABLE_OR_PAST_CAPACITY'}, {'contract': 'NSE_FO|45484|10-03-2026', 'status': 'UNAFFORDABLE_OR_PAST_CAPACITY'}, {'contract': 'NSE_FO|45488|10-03-2026', 'status': 'ORDER_CREATED'}]",CE,BLIND_CE,MODELED_EXIT,24300.0,BLIND_CE_TARGET
2026-03-17T14:45:00+05:30,525.25,1205.51,NSE_FO|57757|17-03-2026,2026-03-17,6.85,2026-03-17T14:46:00+05:30,2.00,2026-03-17T14:49:00+05:30,49.76,7.35,65,all,-680.26,0.2919708029197080291970802920,reported,130,STOP,"[{'contract': 'NSE_FO|57753|17-03-2026', 'status': 'UNAFFORDABLE_OR_PAST_CAPACITY'}, {'contract': 'NSE_FO|57757|17-03-2026', 'status': 'ORDER_CREATED'}]",CE,BLIND_CE,MODELED_EXIT,23650.0,BLIND_CE_TARGET
2026-03-24T14:45:00+05:30,,525.25,NSE_FO|62572|24-03-2026,2026-03-24,,,,,,3.95,65,all,,,reported,65,,"[{'contract': 'NSE_FO|62566|24-03-2026', 'status': 'UNAFFORDABLE_OR_PAST_CAPACITY'}, {'contract': 'NSE_FO|62568|24-03-2026', 'status': 'UNAFFORDABLE_OR_PAST_CAPACITY'}, {'contract': 'NSE_FO|62570|24-03-2026', 'status': 'UNAFFORDABLE_OR_PAST_CAPACITY'}, {'contract': 'NSE_FO|62572|24-03-2026', 'status': 'ORDER_CREATED'}]",CE,BLIND_CE,MODELED_LIMIT_MISS,23050.0,BLIND_CE_TARGET
2026-03-30T14:45:00+05:30,,525.25,NSE_FO|54478|30-03-2026,2026-03-30,,,,,,4.40,65,all,,,reported,65,,"[{'contract': 'NSE_FO|54472|30-03-2026', 'status': 'UNAFFORDABLE_OR_PAST_CAPACITY'}, {'contract': 'NSE_FO|54474|30-03-2026', 'status': 'UNAFFORDABLE_OR_PAST_CAPACITY'}, {'contract': 'NSE_FO|54476|30-03-2026', 'status': 'UNAFFORDABLE_OR_PAST_CAPACITY'}, {'contract': 'NSE_FO|54478|30-03-2026', 'status': 'ORDER_CREATED'}]",CE,BLIND_CE,MODELED_LIMIT_MISS,22500.0,BLIND_CE_TARGET
2026-04-07T14:45:00+05:30,,525.25,NSE_FO|40778|07-04-2026,2026-04-07,,,,,,2.05,65,all,,,reported,195,,"[{'contract': 'NSE_FO|40774|07-04-2026', 'status': 'UNAFFORDABLE_OR_PAST_CAPACITY'}, {'contract': 'NSE_FO|40776|07-04-2026', 'status': 'UNAFFORDABLE_OR_PAST_CAPACITY'}, {'contract': 'NSE_FO|40778|07-04-2026', 'status': 'ORDER_CREATED'}]",CE,BLIND_CE,MODELED_LIMIT_MISS,23150.0,BLIND_CE_TARGET
2026-04-13T14:45:00+05:30,,525.25,NSE_FO|54810|13-04-2026,2026-04-13,,,,,,2.40,65,all,,,reported,195,,"[{'contract': 'NSE_FO|54806|13-04-2026', 'status': 'UNAFFORDABLE_OR_PAST_CAPACITY'}, {'contract': 'NSE_FO|54808|13-04-2026', 'status': 'UNAFFORDABLE_OR_PAST_CAPACITY'}, {'contract': 'NSE_FO|54810|13-04-2026', 'status': 'ORDER_CREATED'}]",CE,BLIND_CE,MODELED_LIMIT_MISS,23950.0,BLIND_CE_TARGET
2026-04-21T14:45:00+05:30,,525.25,NSE_FO|63464|21-04-2026,2026-04-21,,,,,,1.65,65,all,,,reported,260,,"[{'contract': 'NSE_FO|63458|21-04-2026', 'status': 'UNAFFORDABLE_OR_PAST_CAPACITY'}, {'contract': 'NSE_FO|63464|21-04-2026', 'status': 'ORDER_CREATED'}]",CE,BLIND_CE,MODELED_LIMIT_MISS,24600.0,BLIND_CE_TARGET
2026-04-28T14:45:00+05:30,254.76,525.25,NSE_FO|72267|28-04-2026,2026-04-28,1.45,2026-04-28T14:46:00+05:30,0.60,2026-04-28T14:53:00+05:30,49.49,1.70,65,all,-270.49,0.4137931034482758620689655172,reported,260,STOP,"[{'contract': 'NSE_FO|72265|28-04-2026', 'status': 'UNAFFORDABLE_OR_PAST_CAPACITY'}, {'contract': 'NSE_FO|72267|28-04-2026', 'status': 'ORDER_CREATED'}]",CE,BLIND_CE,MODELED_EXIT,24100.0,BLIND_CE_TARGET
2026-05-05T14:45:00+05:30,120.90,254.76,NSE_FO|74157|05-05-2026,2026-05-05,2.20,2026-05-05T14:46:00+05:30,0.90,2026-05-05T14:48:00+05:30,49.36,2.85,65,all,-133.86,0.4090909090909090909090909091,reported,65,STOP,"[{'contract': 'NSE_FO|74155|05-05-2026', 'status': 'UNAFFORDABLE_OR_PAST_CAPACITY'}, {'contract': 'NSE_FO|74157|05-05-2026', 'status': 'ORDER_CREATED'}]",CE,BLIND_CE,MODELED_EXIT,24100.0,BLIND_CE_TARGET
2026-05-12T14:45:00+05:30,,120.90,NSE_FO|41734|12-05-2026,2026-05-12,,,,,,1.05,65,all,,,reported,65,,"[{'contract': 'NSE_FO|41724|12-05-2026', 'status': 'UNAFFORDABLE_OR_PAST_CAPACITY'}, {'contract': 'NSE_FO|41726|12-05-2026', 'status': 'UNAFFORDABLE_OR_PAST_CAPACITY'}, {'contract': 'NSE_FO|41730|12-05-2026', 'status': 'UNAFFORDABLE_OR_PAST_CAPACITY'}, {'contract': 'NSE_FO|41734|12-05-2026', 'status': 'ORDER_CREATED'}]",CE,BLIND_CE,MODELED_LIMIT_MISS,23600.0,BLIND_CE_TARGET
2026-05-19T14:45:00+05:30,48.86,120.90,NSE_FO|51370|19-05-2026,2026-05-19,0.60,2026-05-19T14:46:00+05:30,0.25,2026-05-19T14:55:00+05:30,49.29,0.75,65,all,-72.04,0.4166666666666666666666666667,reported,65,STOP,"[{'contract': 'NSE_FO|51364|19-05-2026', 'status': 'UNAFFORDABLE_OR_PAST_CAPACITY'}, {'contract': 'NSE_FO|51366|19-05-2026', 'status': 'UNAFFORDABLE_OR_PAST_CAPACITY'}, {'contract': 'NSE_FO|51370|19-05-2026', 'status': 'ORDER_CREATED'}]",CE,BLIND_CE,MODELED_EXIT,23750.0,BLIND_CE_TARGET
2026-05-26T14:45:00+05:30,,48.86,,2026-05-26,,,,,,,,all,,,reported,,,"[{'contract': 'NSE_FO|72175|26-05-2026', 'status': 'UNAFFORDABLE_OR_PAST_CAPACITY'}, {'contract': 'NSE_FO|72177|26-05-2026', 'status': 'UNAFFORDABLE_OR_PAST_CAPACITY'}, {'contract': 'NSE_FO|72179|26-05-2026', 'status': 'UNAFFORDABLE_OR_PAST_CAPACITY'}, {'contract': 'NSE_FO|72181|26-05-2026', 'status': 'UNAFFORDABLE_OR_PAST_CAPACITY'}]",CE,BLIND_CE,NO_AFFORDABLE_LIQUID_CONTRACT,,BLIND_CE_TARGET
2026-06-02T14:45:00+05:30,,48.86,,2026-06-02,,,,,,,,all,,,reported,,,"[{'contract': 'NSE_FO|57028|02-06-2026', 'status': 'UNAFFORDABLE_OR_PAST_CAPACITY'}, {'contract': 'NSE_FO|57030|02-06-2026', 'status': 'UNAFFORDABLE_OR_PAST_CAPACITY'}, {'contract': 'NSE_FO|57032|02-06-2026', 'status': 'UNAFFORDABLE_OR_PAST_CAPACITY'}, {'contract': 'NSE_FO|57034|02-06-2026', 'status': 'UNAFFORDABLE_OR_PAST_CAPACITY'}]",CE,BLIND_CE,NO_AFFORDABLE_LIQUID_CONTRACT,,BLIND_CE_TARGET
2026-06-09T14:45:00+05:30,,48.86,,2026-06-09,,,,,,,,all,,,reported,,,"[{'contract': 'NSE_FO|42286|09-06-2026', 'status': 'UNAFFORDABLE_OR_PAST_CAPACITY'}, {'contract': 'NSE_FO|42288|09-06-2026', 'status': 'UNAFFORDABLE_OR_PAST_CAPACITY'}, {'contract': 'NSE_FO|42290|09-06-2026', 'status': 'UNAFFORDABLE_OR_PAST_CAPACITY'}, {'contract': 'NSE_FO|42295|09-06-2026', 'status': 'UNAFFORDABLE_OR_PAST_CAPACITY'}]",CE,BLIND_CE,NO_AFFORDABLE_LIQUID_CONTRACT,,BLIND_CE_TARGET
2026-06-16T14:45:00+05:30,,48.86,,2026-06-16,,,,,,,,all,,,reported,,,"[{'contract': 'NSE_FO|50613|16-06-2026', 'status': 'UNAFFORDABLE_OR_PAST_CAPACITY'}, {'contract': 'NSE_FO|50615|16-06-2026', 'status': 'UNAFFORDABLE_OR_PAST_CAPACITY'}, {'contract': 'NSE_FO|50617|16-06-2026', 'status': 'UNAFFORDABLE_OR_PAST_CAPACITY'}, {'contract': 'NSE_FO|50619|16-06-2026', 'status': 'UNAFFORDABLE_OR_PAST_CAPACITY'}]",CE,BLIND_CE,NO_AFFORDABLE_LIQUID_CONTRACT,,BLIND_CE_TARGET
2026-06-23T14:45:00+05:30,,48.86,,2026-06-23,,,,,,,,all,,,reported,,,"[{'contract': 'NSE_FO|56370|23-06-2026', 'status': 'UNAFFORDABLE_OR_PAST_CAPACITY'}, {'contract': 'NSE_FO|56372|23-06-2026', 'status': 'UNAFFORDABLE_OR_PAST_CAPACITY'}, {'contract': 'NSE_FO|56374|23-06-2026', 'status': 'UNAFFORDABLE_OR_PAST_CAPACITY'}, {'contract': 'NSE_FO|56376|23-06-2026', 'status': 'UNAFFORDABLE_OR_PAST_CAPACITY'}]",CE,BLIND_CE,NO_AFFORDABLE_LIQUID_CONTRACT,,BLIND_CE_TARGET
2026-06-30T14:45:00+05:30,,48.86,,2026-06-30,,,,,,,,all,,,reported,,,"[{'contract': 'NSE_FO|79728|30-06-2026', 'status': 'UNAFFORDABLE_OR_PAST_CAPACITY'}, {'contract': 'NSE_FO|71472|30-06-2026', 'status': 'UNAFFORDABLE_OR_PAST_CAPACITY'}, {'contract': 'NSE_FO|79730|30-06-2026', 'status': 'UNAFFORDABLE_OR_PAST_CAPACITY'}, {'contract': 'NSE_FO|79732|30-06-2026', 'status': 'UNAFFORDABLE_OR_PAST_CAPACITY'}]",CE,BLIND_CE,NO_AFFORDABLE_LIQUID_CONTRACT,,BLIND_CE_TARGET
2026-07-21T14:45:00+05:30,,48.86,,2026-07-21,,,,,,,,all,,,reported,,,"[{'contract': 'NSE_FO|57346|21-07-2026', 'status': 'UNAFFORDABLE_OR_PAST_CAPACITY'}, {'contract': 'NSE_FO|57348|21-07-2026', 'status': 'UNAFFORDABLE_OR_PAST_CAPACITY'}, {'contract': 'NSE_FO|57350|21-07-2026', 'status': 'UNAFFORDABLE_OR_PAST_CAPACITY'}, {'contract': 'NSE_FO|57352|21-07-2026', 'status': 'UNAFFORDABLE_OR_PAST_CAPACITY'}]",CE,BLIND_CE,NO_AFFORDABLE_LIQUID_CONTRACT,,BLIND_CE_TARGET
2026-07-28T14:45:00+05:30,,48.86,,2026-07-28,,,,,,,,all,,,reported,,,"[{'contract': 'NSE_FO|63939|28-07-2026', 'status': 'UNAFFORDABLE_OR_PAST_CAPACITY'}, {'contract': 'NSE_FO|63941|28-07-2026', 'status': 'UNAFFORDABLE_OR_PAST_CAPACITY'}, {'contract': 'NSE_FO|63943|28-07-2026', 'status': 'UNAFFORDABLE_OR_PAST_CAPACITY'}, {'contract': 'NSE_FO|63945|28-07-2026', 'status': 'UNAFFORDABLE_OR_PAST_CAPACITY'}]",CE,BLIND_CE,NO_AFFORDABLE_LIQUID_CONTRACT,,BLIND_CE_TARGET
2026-08-04T14:45:00+05:30,,48.86,,2026-08-04,,,,,,,,all,,,reported,,,"[{'contract': 'NSE_FO|65858|04-08-2026', 'status': 'UNAFFORDABLE_OR_PAST_CAPACITY'}, {'contract': 'NSE_FO|65860|04-08-2026', 'status': 'UNAFFORDABLE_OR_PAST_CAPACITY'}, {'contract': 'NSE_FO|65867|04-08-2026', 'status': 'UNAFFORDABLE_OR_PAST_CAPACITY'}, {'contract': 'NSE_FO|65871|04-08-2026', 'status': 'UNAFFORDABLE_OR_PAST_CAPACITY'}]",CE,BLIND_CE,NO_AFFORDABLE_LIQUID_CONTRACT,,BLIND_CE_TARGET
2026-08-11T14:45:00+05:30,,48.86,,2026-08-11,,,,,,,,all,,,reported,,,"[{'contract': 'NSE_FO|41009|11-08-2026', 'status': 'UNAFFORDABLE_OR_PAST_CAPACITY'}, {'contract': 'NSE_FO|41011|11-08-2026', 'status': 'UNAFFORDABLE_OR_PAST_CAPACITY'}, {'contract': 'NSE_FO|41013|11-08-2026', 'status': 'UNAFFORDABLE_OR_PAST_CAPACITY'}, {'contract': 'NSE_FO|41015|11-08-2026', 'status': 'UNAFFORDABLE_OR_PAST_CAPACITY'}]",CE,BLIND_CE,NO_AFFORDABLE_LIQUID_CONTRACT,,BLIND_CE_TARGET
2026-08-18T14:45:00+05:30,,48.86,,2026-08-18,,,,,,,,all,,,reported,,,"[{'contract': 'NSE_FO|45098|18-08-2026', 'status': 'UNAFFORDABLE_OR_PAST_CAPACITY'}, {'contract': 'NSE_FO|45100|18-08-2026', 'status': 'UNAFFORDABLE_OR_PAST_CAPACITY'}, {'contract': 'NSE_FO|45102|18-08-2026', 'status': 'UNAFFORDABLE_OR_PAST_CAPACITY'}, {'contract': 'NSE_FO|45104|18-08-2026', 'status': 'UNAFFORDABLE_OR_PAST_CAPACITY'}]",CE,BLIND_CE,NO_AFFORDABLE_LIQUID_CONTRACT,,BLIND_CE_TARGET
2026-08-25T14:45:00+05:30,,48.86,,2026-08-25,,,,,,,,all,,,reported,,,"[{'contract': 'NSE_FO|61647|25-08-2026', 'status': 'UNAFFORDABLE_OR_PAST_CAPACITY'}, {'contract': 'NSE_FO|61671|25-08-2026', 'status': 'UNAFFORDABLE_OR_PAST_CAPACITY'}, {'contract': 'NSE_FO|61685|25-08-2026', 'status': 'UNAFFORDABLE_OR_PAST_CAPACITY'}, {'contract': 'NSE_FO|61717|25-08-2026', 'status': 'UNAFFORDABLE_OR_PAST_CAPACITY'}]",CE,BLIND_CE,NO_AFFORDABLE_LIQUID_CONTRACT,,BLIND_CE_TARGET
2026-09-01T14:45:00+05:30,,48.86,,2026-09-01,,,,,,,,all,,,reported,,,"[{'contract': 'NSE_FO|46983|01-09-2026', 'status': 'UNAFFORDABLE_OR_PAST_CAPACITY'}, {'contract': 'NSE_FO|46985|01-09-2026', 'status': 'UNAFFORDABLE_OR_PAST_CAPACITY'}, {'contract': 'NSE_FO|46987|01-09-2026', 'status': 'UNAFFORDABLE_OR_PAST_CAPACITY'}, {'contract': 'NSE_FO|46989|01-09-2026', 'status': 'UNAFFORDABLE_OR_PAST_CAPACITY'}]",CE,BLIND_CE,NO_AFFORDABLE_LIQUID_CONTRACT,,BLIND_CE_TARGET
2026-09-08T14:45:00+05:30,,48.86,,2026-09-08,,,,,,,,all,,,reported,,,"[{'contract': 'NSE_FO|42625|08-09-2026', 'status': 'UNAFFORDABLE_OR_PAST_CAPACITY'}, {'contract': 'NSE_FO|42627|08-09-2026', 'status': 'UNAFFORDABLE_OR_PAST_CAPACITY'}, {'contract': 'NSE_FO|42629|08-09-2026', 'status': 'UNAFFORDABLE_OR_PAST_CAPACITY'}, {'contract': 'NSE_FO|42631|08-09-2026', 'status': 'UNAFFORDABLE_OR_PAST_CAPACITY'}]",CE,BLIND_CE,NO_AFFORDABLE_LIQUID_CONTRACT,,BLIND_CE_TARGET
2026-09-15T14:45:00+05:30,,48.86,,2026-09-15,,,,,,,,all,,,reported,,,"[{'contract': 'NSE_FO|47285|15-09-2026', 'status': 'UNAFFORDABLE_OR_PAST_CAPACITY'}, {'contract': 'NSE_FO|47287|15-09-2026', 'status': 'UNAFFORDABLE_OR_PAST_CAPACITY'}, {'contract': 'NSE_FO|47289|15-09-2026', 'status': 'UNAFFORDABLE_OR_PAST_CAPACITY'}, {'contract': 'NSE_FO|47291|15-09-2026', 'status': 'UNAFFORDABLE_OR_PAST_CAPACITY'}]",CE,BLIND_CE,NO_AFFORDABLE_LIQUID_CONTRACT,,BLIND_CE_TARGET
2025-10-07T14:45:00+05:30,,9411.18,,2025-10-07,,,,,,,,all,,,reported,,,"[{'contract': 'NSE_FO|38397|07-10-2025', 'status': 'INSUFFICIENT_KNOWN_OI'}, {'contract': 'NSE_FO|38399|07-10-2025', 'status': 'INSUFFICIENT_KNOWN_OI'}, {'contract': 'NSE_FO|38401|07-10-2025', 'status': 'INSUFFICIENT_KNOWN_OI'}, {'contract': 'NSE_FO|38403|07-10-2025', 'status': 'INSUFFICIENT_KNOWN_OI'}]",CE,BLIND_CE,NO_AFFORDABLE_LIQUID_CONTRACT,,BLIND_CE_TRAIL
2025-10-14T14:45:00+05:30,,9411.18,NSE_FO|42687|14-10-2025,2025-10-14,,,,,,7.45,75,all,,,reported,1125,,"[{'contract': 'NSE_FO|42687|14-10-2025', 'status': 'ORDER_CREATED'}]",CE,BLIND_CE,MODELED_LIMIT_MISS,25200.0,BLIND_CE_TRAIL
2025-10-20T14:45:00+05:30,7926.66,9411.18,NSE_FO|45282|20-10-2025,2025-10-20,19.25,2025-10-20T14:46:00+05:30,14.50,2025-10-20T15:01:00+05:30,59.52,26.05,75,all,-1484.52,0.7532467532467532467532467532,reported,300,STOP,"[{'contract': 'NSE_FO|45282|20-10-2025', 'status': 'ORDER_CREATED'}]",CE,BLIND_CE,MODELED_EXIT,25800.0,BLIND_CE_TRAIL
2025-10-28T14:45:00+05:30,,7926.66,NSE_FO|58970|28-10-2025,2025-10-28,,,,,,15.05,75,all,,,reported,450,,"[{'contract': 'NSE_FO|58970|28-10-2025', 'status': 'ORDER_CREATED'}]",CE,BLIND_CE,MODELED_LIMIT_MISS,25850.0,BLIND_CE_TRAIL
2025-11-04T14:45:00+05:30,4743.71,7926.66,NSE_FO|47652|04-11-2025,2025-11-04,23.80,2025-11-04T14:46:00+05:30,9.90,2025-11-04T14:55:00+05:30,55.45,26.35,75,all,-3182.95,0.4159663865546218487394957983,reported,225,STOP,"[{'contract': 'NSE_FO|47652|04-11-2025', 'status': 'ORDER_CREATED'}]",CE,BLIND_CE,MODELED_EXIT,25600.0,BLIND_CE_TRAIL
2025-11-11T14:45:00+05:30,,4743.71,NSE_FO|40121|11-11-2025,2025-11-11,,,,,,23.55,75,all,,,reported,150,,"[{'contract': 'NSE_FO|40121|11-11-2025', 'status': 'ORDER_CREATED'}]",CE,BLIND_CE,MODELED_LIMIT_MISS,25650.0,BLIND_CE_TRAIL
2025-11-18T14:45:00+05:30,,4743.71,NSE_FO|44297|18-11-2025,2025-11-18,,,,,,15.75,75,all,,,reported,225,,"[{'contract': 'NSE_FO|44297|18-11-2025', 'status': 'ORDER_CREATED'}]",CE,BLIND_CE,MODELED_LIMIT_MISS,25950.0,BLIND_CE_TRAIL
2025-11-25T14:45:00+05:30,2890.19,4743.71,NSE_FO|52899|25-11-2025,2025-11-25,15.95,2025-11-25T14:46:00+05:30,7.95,2025-11-25T14:52:00+05:30,53.52,18.05,75,all,-1853.52,0.4984326018808777429467084639,reported,225,STOP,"[{'contract': 'NSE_FO|52899|25-11-2025', 'status': 'ORDER_CREATED'}]",CE,BLIND_CE,MODELED_EXIT,25950.0,BLIND_CE_TRAIL
2025-12-02T14:45:00+05:30,,2890.19,NSE_FO|46795|02-12-2025,2025-12-02,,,,,,22.45,75,all,,,reported,75,,"[{'contract': 'NSE_FO|46795|02-12-2025', 'status': 'ORDER_CREATED'}]",CE,BLIND_CE,MODELED_LIMIT_MISS,26000.0,BLIND_CE_TRAIL
2025-12-09T14:45:00+05:30,1263.39,2890.19,NSE_FO|41877|09-12-2025,2025-12-09,4.95,2025-12-09T14:46:00+05:30,1.95,2025-12-09T14:53:00+05:30,51.80,5.15,75,all,-1626.80,0.3939393939393939393939393939,reported,525,STOP,"[{'contract': 'NSE_FO|41877|09-12-2025', 'status': 'ORDER_CREATED'}]",CE,BLIND_CE,MODELED_EXIT,25850.0,BLIND_CE_TRAIL
2025-12-16T14:45:00+05:30,,1263.39,NSE_FO|48220|16-12-2025,2025-12-16,,,,,,3.35,75,all,,,reported,300,,"[{'contract': 'NSE_FO|48218|16-12-2025', 'status': 'UNAFFORDABLE_OR_PAST_CAPACITY'}, {'contract': 'NSE_FO|48220|16-12-2025', 'status': 'ORDER_CREATED'}]",CE,BLIND_CE,MODELED_LIMIT_MISS,25900.0,BLIND_CE_TRAIL
2025-12-23T14:45:00+05:30,,1263.39,NSE_FO|57020|23-12-2025,2025-12-23,,,,,,2.75,75,all,,,reported,375,,"[{'contract': 'NSE_FO|57013|23-12-2025', 'status': 'UNAFFORDABLE_OR_PAST_CAPACITY'}, {'contract': 'NSE_FO|57020|23-12-2025', 'status': 'ORDER_CREATED'}]",CE,BLIND_CE,MODELED_LIMIT_MISS,26200.0,BLIND_CE_TRAIL
2025-12-30T14:45:00+05:30,861.06,1263.39,NSE_FO|65600|30-12-2025,2025-12-30,11.40,2025-12-30T14:46:00+05:30,6.70,2025-12-30T14:59:00+05:30,49.83,12.35,75,all,-402.33,0.5877192982456140350877192982,reported,75,STOP,"[{'contract': 'NSE_FO|65600|30-12-2025', 'status': 'ORDER_CREATED'}]",CE,BLIND_CE,MODELED_EXIT,25950.0,BLIND_CE_TRAIL
2026-01-06T14:45:00+05:30,,861.06,NSE_FO|40475|06-01-2026,2026-01-06,,,,,,10.70,65,all,,,reported,65,,"[{'contract': 'NSE_FO|40475|06-01-2026', 'status': 'ORDER_CREATED'}]",CE,BLIND_CE,MODELED_LIMIT_MISS,26150.0,BLIND_CE_TRAIL
2026-01-13T14:45:00+05:30,,861.06,NSE_FO|46163|13-01-2026,2026-01-13,,,,,,2.75,65,all,,,reported,260,,"[{'contract': 'NSE_FO|46161|13-01-2026', 'status': 'UNAFFORDABLE_OR_PAST_CAPACITY'}, {'contract': 'NSE_FO|46163|13-01-2026', 'status': 'ORDER_CREATED'}]",CE,BLIND_CE,MODELED_LIMIT_MISS,25750.0,BLIND_CE_TRAIL
2026-01-20T14:45:00+05:30,,861.06,NSE_FO|47595|20-01-2026,2026-01-20,,,,,,3.60,65,all,,,reported,195,,"[{'contract': 'NSE_FO|47593|20-01-2026', 'status': 'UNAFFORDABLE_OR_PAST_CAPACITY'}, {'contract': 'NSE_FO|47595|20-01-2026', 'status': 'ORDER_CREATED'}]",CE,BLIND_CE,MODELED_LIMIT_MISS,25400.0,BLIND_CE_TRAIL
2026-01-27T14:45:00+05:30,,861.06,NSE_FO|58667|27-01-2026,2026-01-27,,,,,,12.00,65,all,,,reported,65,,"[{'contract': 'NSE_FO|58665|27-01-2026', 'status': 'UNAFFORDABLE_OR_PAST_CAPACITY'}, {'contract': 'NSE_FO|58667|27-01-2026', 'status': 'ORDER_CREATED'}]",CE,BLIND_CE,MODELED_LIMIT_MISS,25150.0,BLIND_CE_TRAIL
2026-02-03T14:45:00+05:30,,861.06,NSE_FO|49841|03-02-2026,2026-02-03,,,,,,5.25,65,all,,,reported,130,,"[{'contract': 'NSE_FO|49835|03-02-2026', 'status': 'UNAFFORDABLE_OR_PAST_CAPACITY'}, {'contract': 'NSE_FO|49838|03-02-2026', 'status': 'UNAFFORDABLE_OR_PAST_CAPACITY'}, {'contract': 'NSE_FO|49841|03-02-2026', 'status': 'ORDER_CREATED'}]",CE,BLIND_CE,MODELED_LIMIT_MISS,25850.0,BLIND_CE_TRAIL
2026-02-10T14:45:00+05:30,,861.06,NSE_FO|42544|10-02-2026,2026-02-10,,,,,,3.75,65,all,,,reported,195,,"[{'contract': 'NSE_FO|42540|10-02-2026', 'status': 'UNAFFORDABLE_OR_PAST_CAPACITY'}, {'contract': 'NSE_FO|42544|10-02-2026', 'status': 'ORDER_CREATED'}]",CE,BLIND_CE,MODELED_LIMIT_MISS,25950.0,BLIND_CE_TRAIL
2026-02-17T14:45:00+05:30,603.56,861.06,NSE_FO|48226|17-02-2026,2026-02-17,5.90,2026-02-17T14:46:00+05:30,2.70,2026-02-17T14:49:00+05:30,49.50,6.25,65,all,-257.50,0.4576271186440677966101694915,reported,65,STOP,"[{'contract': 'NSE_FO|48224|17-02-2026', 'status': 'UNAFFORDABLE_OR_PAST_CAPACITY'}, {'contract': 'NSE_FO|48226|17-02-2026', 'status': 'ORDER_CREATED'}]",CE,BLIND_CE,MODELED_EXIT,25750.0,BLIND_CE_TRAIL
2026-02-24T14:45:00+05:30,,603.56,NSE_FO|64850|24-02-2026,2026-02-24,,,,,,3.30,65,all,,,reported,130,,"[{'contract': 'NSE_FO|64845|24-02-2026', 'status': 'UNAFFORDABLE_OR_PAST_CAPACITY'}, {'contract': 'NSE_FO|64850|24-02-2026', 'status': 'ORDER_CREATED'}]",CE,BLIND_CE,MODELED_LIMIT_MISS,25450.0,BLIND_CE_TRAIL
2026-03-02T14:45:00+05:30,466.35,603.56,NSE_FO|54886|02-03-2026,2026-03-02,4.10,2026-03-02T14:46:00+05:30,2.75,2026-03-02T14:49:00+05:30,49.46,6.95,65,all,-137.21,0.6707317073170731707317073171,reported,65,STOP,"[{'contract': 'NSE_FO|54880|02-03-2026', 'status': 'UNAFFORDABLE_OR_PAST_CAPACITY'}, {'contract': 'NSE_FO|54882|02-03-2026', 'status': 'UNAFFORDABLE_OR_PAST_CAPACITY'}, {'contract': 'NSE_FO|54884|02-03-2026', 'status': 'UNAFFORDABLE_OR_PAST_CAPACITY'}, {'contract': 'NSE_FO|54886|02-03-2026', 'status': 'ORDER_CREATED'}]",CE,BLIND_CE,MODELED_EXIT,25000.0,BLIND_CE_TRAIL
2026-03-10T14:45:00+05:30,410.40,466.35,NSE_FO|45490|10-03-2026,2026-03-10,1.75,2026-03-10T14:46:00+05:30,1.70,2026-03-10T14:50:00+05:30,49.45,2.75,65,all,-55.95,0.9714285714285714285714285714,reported,130,STOP,"[{'contract': 'NSE_FO|45482|10-03-2026', 'status': 'UNAFFORDABLE_OR_PAST_CAPACITY'}, {'contract': 'NSE_FO|45484|10-03-2026', 'status': 'UNAFFORDABLE_OR_PAST_CAPACITY'}, {'contract': 'NSE_FO|45488|10-03-2026', 'status': 'UNAFFORDABLE_OR_PAST_CAPACITY'}, {'contract': 'NSE_FO|45490|10-03-2026', 'status': 'ORDER_CREATED'}]",CE,BLIND_CE,MODELED_EXIT,24350.0,BLIND_CE_TRAIL
2026-03-17T14:45:00+05:30,198.47,410.40,NSE_FO|57764|17-03-2026,2026-03-17,2.0,2026-03-17T14:46:00+05:30,0.75,2026-03-17T14:49:00+05:30,49.43,2.35,65,all,-211.93,0.375,reported,130,STOP,"[{'contract': 'NSE_FO|57753|17-03-2026', 'status': 'UNAFFORDABLE_OR_PAST_CAPACITY'}, {'contract': 'NSE_FO|57757|17-03-2026', 'status': 'UNAFFORDABLE_OR_PAST_CAPACITY'}, {'contract': 'NSE_FO|57764|17-03-2026', 'status': 'ORDER_CREATED'}]",CE,BLIND_CE,MODELED_EXIT,23700.0,BLIND_CE_TRAIL
2026-03-24T14:45:00+05:30,,198.47,,2026-03-24,,,,,,,,all,,,reported,,,"[{'contract': 'NSE_FO|62566|24-03-2026', 'status': 'UNAFFORDABLE_OR_PAST_CAPACITY'}, {'contract': 'NSE_FO|62568|24-03-2026', 'status': 'UNAFFORDABLE_OR_PAST_CAPACITY'}, {'contract': 'NSE_FO|62570|24-03-2026', 'status': 'UNAFFORDABLE_OR_PAST_CAPACITY'}, {'contract': 'NSE_FO|62572|24-03-2026', 'status': 'UNAFFORDABLE_OR_PAST_CAPACITY'}]",CE,BLIND_CE,NO_AFFORDABLE_LIQUID_CONTRACT,,BLIND_CE_TRAIL
2026-03-30T14:45:00+05:30,,198.47,,2026-03-30,,,,,,,,all,,,reported,,,"[{'contract': 'NSE_FO|54472|30-03-2026', 'status': 'UNAFFORDABLE_OR_PAST_CAPACITY'}, {'contract': 'NSE_FO|54474|30-03-2026', 'status': 'UNAFFORDABLE_OR_PAST_CAPACITY'}, {'contract': 'NSE_FO|54476|30-03-2026', 'status': 'UNAFFORDABLE_OR_PAST_CAPACITY'}, {'contract': 'NSE_FO|54478|30-03-2026', 'status': 'UNAFFORDABLE_OR_PAST_CAPACITY'}]",CE,BLIND_CE,NO_AFFORDABLE_LIQUID_CONTRACT,,BLIND_CE_TRAIL
2026-04-07T14:45:00+05:30,,198.47,NSE_FO|40778|07-04-2026,2026-04-07,,,,,,2.05,65,all,,,reported,65,,"[{'contract': 'NSE_FO|40774|07-04-2026', 'status': 'UNAFFORDABLE_OR_PAST_CAPACITY'}, {'contract': 'NSE_FO|40776|07-04-2026', 'status': 'UNAFFORDABLE_OR_PAST_CAPACITY'}, {'contract': 'NSE_FO|40778|07-04-2026', 'status': 'ORDER_CREATED'}]",CE,BLIND_CE,MODELED_LIMIT_MISS,23150.0,BLIND_CE_TRAIL
2026-04-13T14:45:00+05:30,,198.47,NSE_FO|54810|13-04-2026,2026-04-13,,,,,,2.40,65,all,,,reported,65,,"[{'contract': 'NSE_FO|54806|13-04-2026', 'status': 'UNAFFORDABLE_OR_PAST_CAPACITY'}, {'contract': 'NSE_FO|54808|13-04-2026', 'status': 'UNAFFORDABLE_OR_PAST_CAPACITY'}, {'contract': 'NSE_FO|54810|13-04-2026', 'status': 'ORDER_CREATED'}]",CE,BLIND_CE,MODELED_LIMIT_MISS,23950.0,BLIND_CE_TRAIL
2026-04-21T14:45:00+05:30,,198.47,NSE_FO|63464|21-04-2026,2026-04-21,,,,,,1.65,65,all,,,reported,65,,"[{'contract': 'NSE_FO|63458|21-04-2026', 'status': 'UNAFFORDABLE_OR_PAST_CAPACITY'}, {'contract': 'NSE_FO|63464|21-04-2026', 'status': 'ORDER_CREATED'}]",CE,BLIND_CE,MODELED_LIMIT_MISS,24600.0,BLIND_CE_TRAIL
2026-04-28T14:45:00+05:30,93.89,198.47,NSE_FO|72267|28-04-2026,2026-04-28,1.45,2026-04-28T14:46:00+05:30,0.60,2026-04-28T14:53:00+05:30,49.33,1.70,65,all,-104.58,0.4137931034482758620689655172,reported,65,STOP,"[{'contract': 'NSE_FO|72265|28-04-2026', 'status': 'UNAFFORDABLE_OR_PAST_CAPACITY'}, {'contract': 'NSE_FO|72267|28-04-2026', 'status': 'ORDER_CREATED'}]",CE,BLIND_CE,MODELED_EXIT,24100.0,BLIND_CE_TRAIL
2026-05-05T14:45:00+05:30,25.10,93.89,NSE_FO|74165|05-05-2026,2026-05-05,0.5,2026-05-05T14:46:00+05:30,0.20,2026-05-05T14:53:00+05:30,49.29,0.55,65,all,-68.79,0.4,reported,65,STOP,"[{'contract': 'NSE_FO|74155|05-05-2026', 'status': 'UNAFFORDABLE_OR_PAST_CAPACITY'}, {'contract': 'NSE_FO|74157|05-05-2026', 'status': 'UNAFFORDABLE_OR_PAST_CAPACITY'}, {'contract': 'NSE_FO|74165|05-05-2026', 'status': 'ORDER_CREATED'}]",CE,BLIND_CE,MODELED_EXIT,24150.0,BLIND_CE_TRAIL
2026-05-12T14:45:00+05:30,,25.10,,2026-05-12,,,,,,,,all,,,reported,,,"[{'contract': 'NSE_FO|41724|12-05-2026', 'status': 'UNAFFORDABLE_OR_PAST_CAPACITY'}, {'contract': 'NSE_FO|41726|12-05-2026', 'status': 'UNAFFORDABLE_OR_PAST_CAPACITY'}, {'contract': 'NSE_FO|41730|12-05-2026', 'status': 'UNAFFORDABLE_OR_PAST_CAPACITY'}, {'contract': 'NSE_FO|41734|12-05-2026', 'status': 'UNAFFORDABLE_OR_PAST_CAPACITY'}]",CE,BLIND_CE,NO_AFFORDABLE_LIQUID_CONTRACT,,BLIND_CE_TRAIL
2026-05-19T14:45:00+05:30,,25.10,,2026-05-19,,,,,,,,all,,,reported,,,"[{'contract': 'NSE_FO|51364|19-05-2026', 'status': 'UNAFFORDABLE_OR_PAST_CAPACITY'}, {'contract': 'NSE_FO|51366|19-05-2026', 'status': 'UNAFFORDABLE_OR_PAST_CAPACITY'}, {'contract': 'NSE_FO|51370|19-05-2026', 'status': 'UNAFFORDABLE_OR_PAST_CAPACITY'}, {'contract': 'NSE_FO|51374|19-05-2026', 'status': 'UNAFFORDABLE_OR_PAST_CAPACITY'}]",CE,BLIND_CE,NO_AFFORDABLE_LIQUID_CONTRACT,,BLIND_CE_TRAIL
2026-05-26T14:45:00+05:30,,25.10,,2026-05-26,,,,,,,,all,,,reported,,,"[{'contract': 'NSE_FO|72175|26-05-2026', 'status': 'UNAFFORDABLE_OR_PAST_CAPACITY'}, {'contract': 'NSE_FO|72177|26-05-2026', 'status': 'UNAFFORDABLE_OR_PAST_CAPACITY'}, {'contract': 'NSE_FO|72179|26-05-2026', 'status': 'UNAFFORDABLE_OR_PAST_CAPACITY'}, {'contract': 'NSE_FO|72181|26-05-2026', 'status': 'UNAFFORDABLE_OR_PAST_CAPACITY'}]",CE,BLIND_CE,NO_AFFORDABLE_LIQUID_CONTRACT,,BLIND_CE_TRAIL
2026-06-02T14:45:00+05:30,,25.10,,2026-06-02,,,,,,,,all,,,reported,,,"[{'contract': 'NSE_FO|57028|02-06-2026', 'status': 'UNAFFORDABLE_OR_PAST_CAPACITY'}, {'contract': 'NSE_FO|57030|02-06-2026', 'status': 'UNAFFORDABLE_OR_PAST_CAPACITY'}, {'contract': 'NSE_FO|57032|02-06-2026', 'status': 'UNAFFORDABLE_OR_PAST_CAPACITY'}, {'contract': 'NSE_FO|57034|02-06-2026', 'status': 'UNAFFORDABLE_OR_PAST_CAPACITY'}]",CE,BLIND_CE,NO_AFFORDABLE_LIQUID_CONTRACT,,BLIND_CE_TRAIL
2026-06-09T14:45:00+05:30,,25.10,,2026-06-09,,,,,,,,all,,,reported,,,"[{'contract': 'NSE_FO|42286|09-06-2026', 'status': 'UNAFFORDABLE_OR_PAST_CAPACITY'}, {'contract': 'NSE_FO|42288|09-06-2026', 'status': 'UNAFFORDABLE_OR_PAST_CAPACITY'}, {'contract': 'NSE_FO|42290|09-06-2026', 'status': 'UNAFFORDABLE_OR_PAST_CAPACITY'}, {'contract': 'NSE_FO|42295|09-06-2026', 'status': 'UNAFFORDABLE_OR_PAST_CAPACITY'}]",CE,BLIND_CE,NO_AFFORDABLE_LIQUID_CONTRACT,,BLIND_CE_TRAIL
2026-06-16T14:45:00+05:30,,25.10,,2026-06-16,,,,,,,,all,,,reported,,,"[{'contract': 'NSE_FO|50613|16-06-2026', 'status': 'UNAFFORDABLE_OR_PAST_CAPACITY'}, {'contract': 'NSE_FO|50615|16-06-2026', 'status': 'UNAFFORDABLE_OR_PAST_CAPACITY'}, {'contract': 'NSE_FO|50617|16-06-2026', 'status': 'UNAFFORDABLE_OR_PAST_CAPACITY'}, {'contract': 'NSE_FO|50619|16-06-2026', 'status': 'UNAFFORDABLE_OR_PAST_CAPACITY'}]",CE,BLIND_CE,NO_AFFORDABLE_LIQUID_CONTRACT,,BLIND_CE_TRAIL
2026-06-23T14:45:00+05:30,,25.10,,2026-06-23,,,,,,,,all,,,reported,,,"[{'contract': 'NSE_FO|56370|23-06-2026', 'status': 'UNAFFORDABLE_OR_PAST_CAPACITY'}, {'contract': 'NSE_FO|56372|23-06-2026', 'status': 'UNAFFORDABLE_OR_PAST_CAPACITY'}, {'contract': 'NSE_FO|56374|23-06-2026', 'status': 'UNAFFORDABLE_OR_PAST_CAPACITY'}, {'contract': 'NSE_FO|56376|23-06-2026', 'status': 'UNAFFORDABLE_OR_PAST_CAPACITY'}]",CE,BLIND_CE,NO_AFFORDABLE_LIQUID_CONTRACT,,BLIND_CE_TRAIL
2026-06-30T14:45:00+05:30,,25.10,,2026-06-30,,,,,,,,all,,,reported,,,"[{'contract': 'NSE_FO|79728|30-06-2026', 'status': 'UNAFFORDABLE_OR_PAST_CAPACITY'}, {'contract': 'NSE_FO|71472|30-06-2026', 'status': 'UNAFFORDABLE_OR_PAST_CAPACITY'}, {'contract': 'NSE_FO|79730|30-06-2026', 'status': 'UNAFFORDABLE_OR_PAST_CAPACITY'}, {'contract': 'NSE_FO|79732|30-06-2026', 'status': 'UNAFFORDABLE_OR_PAST_CAPACITY'}]",CE,BLIND_CE,NO_AFFORDABLE_LIQUID_CONTRACT,,BLIND_CE_TRAIL
2026-07-21T14:45:00+05:30,,25.10,,2026-07-21,,,,,,,,all,,,reported,,,"[{'contract': 'NSE_FO|57346|21-07-2026', 'status': 'UNAFFORDABLE_OR_PAST_CAPACITY'}, {'contract': 'NSE_FO|57348|21-07-2026', 'status': 'UNAFFORDABLE_OR_PAST_CAPACITY'}, {'contract': 'NSE_FO|57350|21-07-2026', 'status': 'UNAFFORDABLE_OR_PAST_CAPACITY'}, {'contract': 'NSE_FO|57352|21-07-2026', 'status': 'UNAFFORDABLE_OR_PAST_CAPACITY'}]",CE,BLIND_CE,NO_AFFORDABLE_LIQUID_CONTRACT,,BLIND_CE_TRAIL
2026-07-28T14:45:00+05:30,,25.10,,2026-07-28,,,,,,,,all,,,reported,,,"[{'contract': 'NSE_FO|63939|28-07-2026', 'status': 'UNAFFORDABLE_OR_PAST_CAPACITY'}, {'contract': 'NSE_FO|63941|28-07-2026', 'status': 'UNAFFORDABLE_OR_PAST_CAPACITY'}, {'contract': 'NSE_FO|63943|28-07-2026', 'status': 'UNAFFORDABLE_OR_PAST_CAPACITY'}, {'contract': 'NSE_FO|63945|28-07-2026', 'status': 'UNAFFORDABLE_OR_PAST_CAPACITY'}]",CE,BLIND_CE,NO_AFFORDABLE_LIQUID_CONTRACT,,BLIND_CE_TRAIL
2026-08-04T14:45:00+05:30,,25.10,,2026-08-04,,,,,,,,all,,,reported,,,"[{'contract': 'NSE_FO|65858|04-08-2026', 'status': 'UNAFFORDABLE_OR_PAST_CAPACITY'}, {'contract': 'NSE_FO|65860|04-08-2026', 'status': 'UNAFFORDABLE_OR_PAST_CAPACITY'}, {'contract': 'NSE_FO|65867|04-08-2026', 'status': 'UNAFFORDABLE_OR_PAST_CAPACITY'}, {'contract': 'NSE_FO|65871|04-08-2026', 'status': 'UNAFFORDABLE_OR_PAST_CAPACITY'}]",CE,BLIND_CE,NO_AFFORDABLE_LIQUID_CONTRACT,,BLIND_CE_TRAIL
2026-08-11T14:45:00+05:30,,25.10,,2026-08-11,,,,,,,,all,,,reported,,,"[{'contract': 'NSE_FO|41009|11-08-2026', 'status': 'UNAFFORDABLE_OR_PAST_CAPACITY'}, {'contract': 'NSE_FO|41011|11-08-2026', 'status': 'UNAFFORDABLE_OR_PAST_CAPACITY'}, {'contract': 'NSE_FO|41013|11-08-2026', 'status': 'UNAFFORDABLE_OR_PAST_CAPACITY'}, {'contract': 'NSE_FO|41015|11-08-2026', 'status': 'UNAFFORDABLE_OR_PAST_CAPACITY'}]",CE,BLIND_CE,NO_AFFORDABLE_LIQUID_CONTRACT,,BLIND_CE_TRAIL
2026-08-18T14:45:00+05:30,,25.10,,2026-08-18,,,,,,,,all,,,reported,,,"[{'contract': 'NSE_FO|45098|18-08-2026', 'status': 'UNAFFORDABLE_OR_PAST_CAPACITY'}, {'contract': 'NSE_FO|45100|18-08-2026', 'status': 'UNAFFORDABLE_OR_PAST_CAPACITY'}, {'contract': 'NSE_FO|45102|18-08-2026', 'status': 'UNAFFORDABLE_OR_PAST_CAPACITY'}, {'contract': 'NSE_FO|45104|18-08-2026', 'status': 'UNAFFORDABLE_OR_PAST_CAPACITY'}]",CE,BLIND_CE,NO_AFFORDABLE_LIQUID_CONTRACT,,BLIND_CE_TRAIL
2026-08-25T14:45:00+05:30,,25.10,,2026-08-25,,,,,,,,all,,,reported,,,"[{'contract': 'NSE_FO|61647|25-08-2026', 'status': 'UNAFFORDABLE_OR_PAST_CAPACITY'}, {'contract': 'NSE_FO|61671|25-08-2026', 'status': 'UNAFFORDABLE_OR_PAST_CAPACITY'}, {'contract': 'NSE_FO|61685|25-08-2026', 'status': 'UNAFFORDABLE_OR_PAST_CAPACITY'}, {'contract': 'NSE_FO|61717|25-08-2026', 'status': 'UNAFFORDABLE_OR_PAST_CAPACITY'}]",CE,BLIND_CE,NO_AFFORDABLE_LIQUID_CONTRACT,,BLIND_CE_TRAIL
2026-09-01T14:45:00+05:30,,25.10,,2026-09-01,,,,,,,,all,,,reported,,,"[{'contract': 'NSE_FO|46983|01-09-2026', 'status': 'UNAFFORDABLE_OR_PAST_CAPACITY'}, {'contract': 'NSE_FO|46985|01-09-2026', 'status': 'UNAFFORDABLE_OR_PAST_CAPACITY'}, {'contract': 'NSE_FO|46987|01-09-2026', 'status': 'UNAFFORDABLE_OR_PAST_CAPACITY'}, {'contract': 'NSE_FO|46989|01-09-2026', 'status': 'UNAFFORDABLE_OR_PAST_CAPACITY'}]",CE,BLIND_CE,NO_AFFORDABLE_LIQUID_CONTRACT,,BLIND_CE_TRAIL
2026-09-08T14:45:00+05:30,,25.10,,2026-09-08,,,,,,,,all,,,reported,,,"[{'contract': 'NSE_FO|42625|08-09-2026', 'status': 'UNAFFORDABLE_OR_PAST_CAPACITY'}, {'contract': 'NSE_FO|42627|08-09-2026', 'status': 'UNAFFORDABLE_OR_PAST_CAPACITY'}, {'contract': 'NSE_FO|42629|08-09-2026', 'status': 'UNAFFORDABLE_OR_PAST_CAPACITY'}, {'contract': 'NSE_FO|42631|08-09-2026', 'status': 'UNAFFORDABLE_OR_PAST_CAPACITY'}]",CE,BLIND_CE,NO_AFFORDABLE_LIQUID_CONTRACT,,BLIND_CE_TRAIL
2026-09-15T14:45:00+05:30,,25.10,,2026-09-15,,,,,,,,all,,,reported,,,"[{'contract': 'NSE_FO|47285|15-09-2026', 'status': 'UNAFFORDABLE_OR_PAST_CAPACITY'}, {'contract': 'NSE_FO|47287|15-09-2026', 'status': 'UNAFFORDABLE_OR_PAST_CAPACITY'}, {'contract': 'NSE_FO|47289|15-09-2026', 'status': 'UNAFFORDABLE_OR_PAST_CAPACITY'}, {'contract': 'NSE_FO|47291|15-09-2026', 'status': 'UNAFFORDABLE_OR_PAST_CAPACITY'}]",CE,BLIND_CE,NO_AFFORDABLE_LIQUID_CONTRACT,,BLIND_CE_TRAIL
2025-10-07T14:45:00+05:30,,9411.18,,2025-10-07,,,,,,,,all,,,reported,,,"[{'contract': 'NSE_FO|38398|07-10-2025', 'status': 'INSUFFICIENT_KNOWN_OI'}, {'contract': 'NSE_FO|38396|07-10-2025', 'status': 'INSUFFICIENT_KNOWN_OI'}, {'contract': 'NSE_FO|38394|07-10-2025', 'status': 'INSUFFICIENT_KNOWN_OI'}, {'contract': 'NSE_FO|38389|07-10-2025', 'status': 'INSUFFICIENT_KNOWN_OI'}]",PE,BLIND_PE,NO_AFFORDABLE_LIQUID_CONTRACT,,BLIND_PE_TARGET
2025-10-14T14:45:00+05:30,,9411.18,NSE_FO|42690|14-10-2025,2025-10-14,,,,,,32.95,75,all,,,reported,225,,"[{'contract': 'NSE_FO|42690|14-10-2025', 'status': 'ORDER_CREATED'}]",PE,BLIND_PE,MODELED_LIMIT_MISS,25200.0,BLIND_PE_TARGET
2025-10-20T14:45:00+05:30,,9411.18,NSE_FO|45283|20-10-2025,2025-10-20,,,,,,11.55,75,all,,,reported,750,,"[{'contract': 'NSE_FO|45283|20-10-2025', 'status': 'ORDER_CREATED'}]",PE,BLIND_PE,MODELED_LIMIT_MISS,25800.0,BLIND_PE_TARGET
2025-10-28T14:45:00+05:30,4870.04,9411.18,NSE_FO|58973|28-10-2025,2025-10-28,22.85,2025-10-28T14:46:00+05:30,7.90,2025-10-28T14:57:00+05:30,56.14,28.35,75,all,-4541.14,0.3457330415754923413566739606,reported,300,STOP,"[{'contract': 'NSE_FO|58973|28-10-2025', 'status': 'ORDER_CREATED'}]",PE,BLIND_PE,MODELED_EXIT,25850.0,BLIND_PE_TARGET
2025-11-04T14:45:00+05:30,,4870.04,NSE_FO|47659|04-11-2025,2025-11-04,,,,,,12.55,75,all,,,reported,300,,"[{'contract': 'NSE_FO|47659|04-11-2025', 'status': 'ORDER_CREATED'}]",PE,BLIND_PE,MODELED_LIMIT_MISS,25600.0,BLIND_PE_TARGET
2025-11-11T14:45:00+05:30,,4870.04,NSE_FO|40122|11-11-2025,2025-11-11,,,,,,10.35,75,all,,,reported,375,,"[{'contract': 'NSE_FO|40122|11-11-2025', 'status': 'ORDER_CREATED'}]",PE,BLIND_PE,MODELED_LIMIT_MISS,25650.0,BLIND_PE_TARGET
2025-11-18T14:45:00+05:30,,4870.04,NSE_FO|44298|18-11-2025,2025-11-18,,,,,,12.55,75,all,,,reported,300,,"[{'contract': 'NSE_FO|44298|18-11-2025', 'status': 'ORDER_CREATED'}]",PE,BLIND_PE,MODELED_LIMIT_MISS,25950.0,BLIND_PE_TARGET
2025-11-25T14:45:00+05:30,,4870.04,NSE_FO|52910|25-11-2025,2025-11-25,,,,,,19.15,75,all,,,reported,225,,"[{'contract': 'NSE_FO|52910|25-11-2025', 'status': 'ORDER_CREATED'}]",PE,BLIND_PE,MODELED_LIMIT_MISS,25950.0,BLIND_PE_TARGET
2025-12-02T14:45:00+05:30,,4870.04,NSE_FO|46796|02-12-2025,2025-12-02,,,,,,12.45,75,all,,,reported,300,,"[{'contract': 'NSE_FO|46796|02-12-2025', 'status': 'ORDER_CREATED'}]",PE,BLIND_PE,MODELED_LIMIT_MISS,26000.0,BLIND_PE_TARGET
2025-12-09T14:45:00+05:30,,4870.04,NSE_FO|41878|09-12-2025,2025-12-09,,,,,,39.25,75,all,,,reported,75,,"[{'contract': 'NSE_FO|41878|09-12-2025', 'status': 'ORDER_CREATED'}]",PE,BLIND_PE,MODELED_LIMIT_MISS,25850.0,BLIND_PE_TARGET
2025-12-16T14:45:00+05:30,,4870.04,NSE_FO|48219|16-12-2025,2025-12-16,,,,,,6.05,75,all,,,reported,750,,"[{'contract': 'NSE_FO|48219|16-12-2025', 'status': 'ORDER_CREATED'}]",PE,BLIND_PE,MODELED_LIMIT_MISS,25850.0,BLIND_PE_TARGET
2025-12-23T14:45:00+05:30,2587.53,4870.04,NSE_FO|57019|23-12-2025,2025-12-23,6.5,2025-12-23T14:46:00+05:30,3.20,2025-12-23T14:47:00+05:30,55.01,6.70,75,all,-2282.51,0.4923076923076923076923076923,reported,675,STOP,"[{'contract': 'NSE_FO|57019|23-12-2025', 'status': 'ORDER_CREATED'}]",PE,BLIND_PE,MODELED_EXIT,26150.0,BLIND_PE_TARGET
2025-12-30T14:45:00+05:30,,2587.53,NSE_FO|65620|30-12-2025,2025-12-30,,,,,,16.30,75,all,,,reported,75,,"[{'contract': 'NSE_FO|65620|30-12-2025', 'status': 'ORDER_CREATED'}]",PE,BLIND_PE,MODELED_LIMIT_MISS,25950.0,BLIND_PE_TARGET
2026-01-06T14:45:00+05:30,1378.85,2587.53,NSE_FO|40476|06-01-2026,2026-01-06,8.70,2026-01-06T14:46:00+05:30,4.25,2026-01-06T14:48:00+05:30,51.68,9.30,65,all,-1208.68,0.4885057471264367816091954023,reported,260,STOP,"[{'contract': 'NSE_FO|40476|06-01-2026', 'status': 'ORDER_CREATED'}]",PE,BLIND_PE,MODELED_EXIT,26150.0,BLIND_PE_TARGET
2026-01-13T14:45:00+05:30,662.69,1378.85,NSE_FO|46160|13-01-2026,2026-01-13,3.35,2026-01-13T14:46:00+05:30,1.30,2026-01-13T14:48:00+05:30,49.91,3.70,65,all,-716.16,0.3880597014925373134328358209,reported,325,STOP,"[{'contract': 'NSE_FO|46162|13-01-2026', 'status': 'UNAFFORDABLE_OR_PAST_CAPACITY'}, {'contract': 'NSE_FO|46160|13-01-2026', 'status': 'ORDER_CREATED'}]",PE,BLIND_PE,MODELED_EXIT,25650.0,BLIND_PE_TARGET
2026-01-20T14:45:00+05:30,1053.86,662.69,NSE_FO|47592|20-01-2026,2026-01-20,3.40,2026-01-20T14:46:00+05:30,6.80,2026-01-20T15:01:00+05:30,50.83,3.60,65,all,391.17,2,reported,130,TARGET_2X,"[{'contract': 'NSE_FO|47594|20-01-2026', 'status': 'UNAFFORDABLE_OR_PAST_CAPACITY'}, {'contract': 'NSE_FO|47592|20-01-2026', 'status': 'ORDER_CREATED'}]",PE,BLIND_PE,MODELED_EXIT,25300.0,BLIND_PE_TARGET
2026-01-27T14:45:00+05:30,757.34,1053.86,NSE_FO|58664|27-01-2026,2026-01-27,6.45,2026-01-27T14:46:00+05:30,2.65,2026-01-27T14:51:00+05:30,49.52,10.65,65,all,-296.52,0.4108527131782945736434108527,reported,65,STOP,"[{'contract': 'NSE_FO|58666|27-01-2026', 'status': 'UNAFFORDABLE_OR_PAST_CAPACITY'}, {'contract': 'NSE_FO|58664|27-01-2026', 'status': 'ORDER_CREATED'}]",PE,BLIND_PE,MODELED_EXIT,25050.0,BLIND_PE_TARGET
2026-02-03T14:45:00+05:30,421.81,757.34,NSE_FO|49824|03-02-2026,2026-02-03,6.95,2026-02-03T14:46:00+05:30,2.55,2026-02-03T14:50:00+05:30,49.53,9.80,65,all,-335.53,0.3669064748201438848920863309,reported,65,STOP,"[{'contract': 'NSE_FO|49836|03-02-2026', 'status': 'UNAFFORDABLE_OR_PAST_CAPACITY'}, {'contract': 'NSE_FO|49834|03-02-2026', 'status': 'UNAFFORDABLE_OR_PAST_CAPACITY'}, {'contract': 'NSE_FO|49824|03-02-2026', 'status': 'ORDER_CREATED'}]",PE,BLIND_PE,MODELED_EXIT,25650.0,BLIND_PE_TARGET
2026-02-10T14:45:00+05:30,235.90,421.81,NSE_FO|42539|10-02-2026,2026-02-10,1.20,2026-02-10T14:46:00+05:30,0.50,2026-02-10T14:50:00+05:30,49.41,1.85,65,all,-185.91,0.4166666666666666666666666667,reported,195,STOP,"[{'contract': 'NSE_FO|42543|10-02-2026', 'status': 'UNAFFORDABLE_OR_PAST_CAPACITY'}, {'contract': 'NSE_FO|42539|10-02-2026', 'status': 'ORDER_CREATED'}]",PE,BLIND_PE,MODELED_EXIT,25850.0,BLIND_PE_TARGET
2026-02-17T14:45:00+05:30,,235.90,NSE_FO|48223|17-02-2026,2026-02-17,,,,,,1.80,65,all,,,reported,65,,"[{'contract': 'NSE_FO|48225|17-02-2026', 'status': 'UNAFFORDABLE_OR_PAST_CAPACITY'}, {'contract': 'NSE_FO|48223|17-02-2026', 'status': 'ORDER_CREATED'}]",PE,BLIND_PE,MODELED_LIMIT_MISS,25650.0,BLIND_PE_TARGET
2026-02-24T14:45:00+05:30,,235.90,NSE_FO|64842|24-02-2026,2026-02-24,,,,,,2.55,65,all,,,reported,65,,"[{'contract': 'NSE_FO|64849|24-02-2026', 'status': 'UNAFFORDABLE_OR_PAST_CAPACITY'}, {'contract': 'NSE_FO|64844|24-02-2026', 'status': 'UNAFFORDABLE_OR_PAST_CAPACITY'}, {'contract': 'NSE_FO|64842|24-02-2026', 'status': 'ORDER_CREATED'}]",PE,BLIND_PE,MODELED_LIMIT_MISS,25300.0,BLIND_PE_TARGET
2026-03-02T14:45:00+05:30,,235.90,,2026-03-02,,,,,,,,all,,,reported,,,"[{'contract': 'NSE_FO|54881|02-03-2026', 'status': 'UNAFFORDABLE_OR_PAST_CAPACITY'}, {'contract': 'NSE_FO|54879|02-03-2026', 'status': 'UNAFFORDABLE_OR_PAST_CAPACITY'}, {'contract': 'NSE_FO|54877|02-03-2026', 'status': 'UNAFFORDABLE_OR_PAST_CAPACITY'}, {'contract': 'NSE_FO|54875|02-03-2026', 'status': 'UNAFFORDABLE_OR_PAST_CAPACITY'}]",PE,BLIND_PE,NO_AFFORDABLE_LIQUID_CONTRACT,,BLIND_PE_TARGET
2026-03-10T14:45:00+05:30,,235.90,NSE_FO|45478|10-03-2026,2026-03-10,,,,,,2.00,65,all,,,reported,65,,"[{'contract': 'NSE_FO|45483|10-03-2026', 'status': 'UNAFFORDABLE_OR_PAST_CAPACITY'}, {'contract': 'NSE_FO|45481|10-03-2026', 'status': 'UNAFFORDABLE_OR_PAST_CAPACITY'}, {'contract': 'NSE_FO|45478|10-03-2026', 'status': 'ORDER_CREATED'}]",PE,BLIND_PE,MODELED_LIMIT_MISS,24100.0,BLIND_PE_TARGET
2026-03-17T14:45:00+05:30,,235.90,NSE_FO|57744|17-03-2026,2026-03-17,,,,,,1.85,65,all,,,reported,65,,"[{'contract': 'NSE_FO|57756|17-03-2026', 'status': 'UNAFFORDABLE_OR_PAST_CAPACITY'}, {'contract': 'NSE_FO|57752|17-03-2026', 'status': 'UNAFFORDABLE_OR_PAST_CAPACITY'}, {'contract': 'NSE_FO|57748|17-03-2026', 'status': 'UNAFFORDABLE_OR_PAST_CAPACITY'}, {'contract': 'NSE_FO|57744|17-03-2026', 'status': 'ORDER_CREATED'}]",PE,BLIND_PE,MODELED_LIMIT_MISS,23450.0,BLIND_PE_TARGET
2026-03-24T14:45:00+05:30,,235.90,NSE_FO|62561|24-03-2026,2026-03-24,,,,,,2.70,65,all,,,reported,65,,"[{'contract': 'NSE_FO|62567|24-03-2026', 'status': 'UNAFFORDABLE_OR_PAST_CAPACITY'}, {'contract': 'NSE_FO|62565|24-03-2026', 'status': 'UNAFFORDABLE_OR_PAST_CAPACITY'}, {'contract': 'NSE_FO|62563|24-03-2026', 'status': 'UNAFFORDABLE_OR_PAST_CAPACITY'}, {'contract': 'NSE_FO|62561|24-03-2026', 'status': 'ORDER_CREATED'}]",PE,BLIND_PE,MODELED_LIMIT_MISS,22750.0,BLIND_PE_TARGET
2026-03-30T14:45:00+05:30,,235.90,NSE_FO|54467|30-03-2026,2026-03-30,,,,,,1.75,65,all,,,reported,65,,"[{'contract': 'NSE_FO|54473|30-03-2026', 'status': 'UNAFFORDABLE_OR_PAST_CAPACITY'}, {'contract': 'NSE_FO|54471|30-03-2026', 'status': 'UNAFFORDABLE_OR_PAST_CAPACITY'}, {'contract': 'NSE_FO|54469|30-03-2026', 'status': 'UNAFFORDABLE_OR_PAST_CAPACITY'}, {'contract': 'NSE_FO|54467|30-03-2026', 'status': 'ORDER_CREATED'}]",PE,BLIND_PE,MODELED_LIMIT_MISS,22200.0,BLIND_PE_TARGET
2026-04-07T14:45:00+05:30,137.82,235.90,NSE_FO|40769|07-04-2026,2026-04-07,1.35,2026-04-07T14:46:00+05:30,0.60,2026-04-07T14:50:00+05:30,49.33,1.75,65,all,-98.08,0.4444444444444444444444444444,reported,65,STOP,"[{'contract': 'NSE_FO|40775|07-04-2026', 'status': 'UNAFFORDABLE_OR_PAST_CAPACITY'}, {'contract': 'NSE_FO|40773|07-04-2026', 'status': 'UNAFFORDABLE_OR_PAST_CAPACITY'}, {'contract': 'NSE_FO|40771|07-04-2026', 'status': 'UNAFFORDABLE_OR_PAST_CAPACITY'}, {'contract': 'NSE_FO|40769|07-04-2026', 'status': 'ORDER_CREATED'}]",PE,BLIND_PE,MODELED_EXIT,22900.0,BLIND_PE_TARGET
2026-04-13T14:45:00+05:30,62.53,137.82,NSE_FO|54801|13-04-2026,2026-04-13,0.70,2026-04-13T14:46:00+05:30,0.30,2026-04-13T14:51:00+05:30,49.29,0.90,65,all,-75.29,0.4285714285714285714285714286,reported,65,STOP,"[{'contract': 'NSE_FO|54807|13-04-2026', 'status': 'UNAFFORDABLE_OR_PAST_CAPACITY'}, {'contract': 'NSE_FO|54805|13-04-2026', 'status': 'UNAFFORDABLE_OR_PAST_CAPACITY'}, {'contract': 'NSE_FO|54803|13-04-2026', 'status': 'UNAFFORDABLE_OR_PAST_CAPACITY'}, {'contract': 'NSE_FO|54801|13-04-2026', 'status': 'ORDER_CREATED'}]",PE,BLIND_PE,MODELED_EXIT,23700.0,BLIND_PE_TARGET
2026-04-21T14:45:00+05:30,,62.53,,2026-04-21,,,,,,,,all,,,reported,,,"[{'contract': 'NSE_FO|63463|21-04-2026', 'status': 'UNAFFORDABLE_OR_PAST_CAPACITY'}, {'contract': 'NSE_FO|63457|21-04-2026', 'status': 'UNAFFORDABLE_OR_PAST_CAPACITY'}, {'contract': 'NSE_FO|63445|21-04-2026', 'status': 'UNAFFORDABLE_OR_PAST_CAPACITY'}, {'contract': 'NSE_FO|63437|21-04-2026', 'status': 'UNAFFORDABLE_OR_PAST_CAPACITY'}]",PE,BLIND_PE,NO_AFFORDABLE_LIQUID_CONTRACT,,BLIND_PE_TARGET
2026-04-28T14:45:00+05:30,-6.26,62.53,NSE_FO|72260|28-04-2026,2026-04-28,0.45,2026-04-28T14:46:00+05:30,0.15,2026-04-28T15:05:00+05:30,49.29,0.50,65,all,-68.79,0.3333333333333333333333333333,reported,65,STOP,"[{'contract': 'NSE_FO|72266|28-04-2026', 'status': 'UNAFFORDABLE_OR_PAST_CAPACITY'}, {'contract': 'NSE_FO|72264|28-04-2026', 'status': 'UNAFFORDABLE_OR_PAST_CAPACITY'}, {'contract': 'NSE_FO|72262|28-04-2026', 'status': 'UNAFFORDABLE_OR_PAST_CAPACITY'}, {'contract': 'NSE_FO|72260|28-04-2026', 'status': 'ORDER_CREATED'}]",PE,BLIND_PE,MODELED_EXIT,23900.0,BLIND_PE_TARGET
2026-05-05T14:45:00+05:30,,-6.26,,2026-05-05,,,,,,,,all,,,reported,,,"[{'contract': 'NSE_FO|74156|05-05-2026', 'status': 'UNAFFORDABLE_OR_PAST_CAPACITY'}, {'contract': 'NSE_FO|74154|05-05-2026', 'status': 'UNAFFORDABLE_OR_PAST_CAPACITY'}, {'contract': 'NSE_FO|74146|05-05-2026', 'status': 'UNAFFORDABLE_OR_PAST_CAPACITY'}, {'contract': 'NSE_FO|74134|05-05-2026', 'status': 'UNAFFORDABLE_OR_PAST_CAPACITY'}]",PE,BLIND_PE,NO_AFFORDABLE_LIQUID_CONTRACT,,BLIND_PE_TARGET
2026-05-12T14:45:00+05:30,,-6.26,,2026-05-12,,,,,,,,all,,,reported,,,"[{'contract': 'NSE_FO|41725|12-05-2026', 'status': 'UNAFFORDABLE_OR_PAST_CAPACITY'}, {'contract': 'NSE_FO|41723|12-05-2026', 'status': 'UNAFFORDABLE_OR_PAST_CAPACITY'}, {'contract': 'NSE_FO|41717|12-05-2026', 'status': 'UNAFFORDABLE_OR_PAST_CAPACITY'}, {'contract': 'NSE_FO|41713|12-05-2026', 'status': 'UNAFFORDABLE_OR_PAST_CAPACITY'}]",PE,BLIND_PE,NO_AFFORDABLE_LIQUID_CONTRACT,,BLIND_PE_TARGET
2026-05-19T14:45:00+05:30,,-6.26,,2026-05-19,,,,,,,,all,,,reported,,,"[{'contract': 'NSE_FO|51365|19-05-2026', 'status': 'UNAFFORDABLE_OR_PAST_CAPACITY'}, {'contract': 'NSE_FO|51359|19-05-2026', 'status': 'UNAFFORDABLE_OR_PAST_CAPACITY'}, {'contract': 'NSE_FO|51357|19-05-2026', 'status': 'UNAFFORDABLE_OR_PAST_CAPACITY'}, {'contract': 'NSE_FO|51355|19-05-2026', 'status': 'UNAFFORDABLE_OR_PAST_CAPACITY'}]",PE,BLIND_PE,NO_AFFORDABLE_LIQUID_CONTRACT,,BLIND_PE_TARGET
2026-05-26T14:45:00+05:30,,-6.26,,2026-05-26,,,,,,,,all,,,reported,,,"[{'contract': 'NSE_FO|72176|26-05-2026', 'status': 'UNAFFORDABLE_OR_PAST_CAPACITY'}, {'contract': 'NSE_FO|72174|26-05-2026', 'status': 'UNAFFORDABLE_OR_PAST_CAPACITY'}, {'contract': 'NSE_FO|72172|26-05-2026', 'status': 'UNAFFORDABLE_OR_PAST_CAPACITY'}, {'contract': 'NSE_FO|72170|26-05-2026', 'status': 'UNAFFORDABLE_OR_PAST_CAPACITY'}]",PE,BLIND_PE,NO_AFFORDABLE_LIQUID_CONTRACT,,BLIND_PE_TARGET
2026-06-02T14:45:00+05:30,,-6.26,,2026-06-02,,,,,,,,all,,,reported,,,"[{'contract': 'NSE_FO|57029|02-06-2026', 'status': 'UNAFFORDABLE_OR_PAST_CAPACITY'}, {'contract': 'NSE_FO|57027|02-06-2026', 'status': 'UNAFFORDABLE_OR_PAST_CAPACITY'}, {'contract': 'NSE_FO|57025|02-06-2026', 'status': 'UNAFFORDABLE_OR_PAST_CAPACITY'}, {'contract': 'NSE_FO|57023|02-06-2026', 'status': 'UNAFFORDABLE_OR_PAST_CAPACITY'}]",PE,BLIND_PE,NO_AFFORDABLE_LIQUID_CONTRACT,,BLIND_PE_TARGET
2026-06-09T14:45:00+05:30,,-6.26,,2026-06-09,,,,,,,,all,,,reported,,,"[{'contract': 'NSE_FO|42287|09-06-2026', 'status': 'UNAFFORDABLE_OR_PAST_CAPACITY'}, {'contract': 'NSE_FO|42285|09-06-2026', 'status': 'UNAFFORDABLE_OR_PAST_CAPACITY'}, {'contract': 'NSE_FO|42279|09-06-2026', 'status': 'UNAFFORDABLE_OR_PAST_CAPACITY'}, {'contract': 'NSE_FO|42273|09-06-2026', 'status': 'UNAFFORDABLE_OR_PAST_CAPACITY'}]",PE,BLIND_PE,NO_AFFORDABLE_LIQUID_CONTRACT,,BLIND_PE_TARGET
2026-06-16T14:45:00+05:30,,-6.26,,2026-06-16,,,,,,,,all,,,reported,,,"[{'contract': 'NSE_FO|50614|16-06-2026', 'status': 'UNAFFORDABLE_OR_PAST_CAPACITY'}, {'contract': 'NSE_FO|50612|16-06-2026', 'status': 'UNAFFORDABLE_OR_PAST_CAPACITY'}, {'contract': 'NSE_FO|50610|16-06-2026', 'status': 'UNAFFORDABLE_OR_PAST_CAPACITY'}, {'contract': 'NSE_FO|50608|16-06-2026', 'status': 'UNAFFORDABLE_OR_PAST_CAPACITY'}]",PE,BLIND_PE,NO_AFFORDABLE_LIQUID_CONTRACT,,BLIND_PE_TARGET
2026-06-23T14:45:00+05:30,,-6.26,,2026-06-23,,,,,,,,all,,,reported,,,"[{'contract': 'NSE_FO|56371|23-06-2026', 'status': 'UNAFFORDABLE_OR_PAST_CAPACITY'}, {'contract': 'NSE_FO|56359|23-06-2026', 'status': 'UNAFFORDABLE_OR_PAST_CAPACITY'}, {'contract': 'NSE_FO|56357|23-06-2026', 'status': 'UNAFFORDABLE_OR_PAST_CAPACITY'}, {'contract': 'NSE_FO|56355|23-06-2026', 'status': 'UNAFFORDABLE_OR_PAST_CAPACITY'}]",PE,BLIND_PE,NO_AFFORDABLE_LIQUID_CONTRACT,,BLIND_PE_TARGET
2026-06-30T14:45:00+05:30,,-6.26,,2026-06-30,,,,,,,,all,,,reported,,,"[{'contract': 'NSE_FO|79729|30-06-2026', 'status': 'UNAFFORDABLE_OR_PAST_CAPACITY'}, {'contract': 'NSE_FO|79723|30-06-2026', 'status': 'UNAFFORDABLE_OR_PAST_CAPACITY'}, {'contract': 'NSE_FO|79714|30-06-2026', 'status': 'UNAFFORDABLE_OR_PAST_CAPACITY'}, {'contract': 'NSE_FO|79712|30-06-2026', 'status': 'UNAFFORDABLE_OR_PAST_CAPACITY'}]",PE,BLIND_PE,NO_AFFORDABLE_LIQUID_CONTRACT,,BLIND_PE_TARGET
2026-07-21T14:45:00+05:30,,-6.26,,2026-07-21,,,,,,,,all,,,reported,,,"[{'contract': 'NSE_FO|57347|21-07-2026', 'status': 'UNAFFORDABLE_OR_PAST_CAPACITY'}, {'contract': 'NSE_FO|57345|21-07-2026', 'status': 'UNAFFORDABLE_OR_PAST_CAPACITY'}, {'contract': 'NSE_FO|57343|21-07-2026', 'status': 'UNAFFORDABLE_OR_PAST_CAPACITY'}, {'contract': 'NSE_FO|57341|21-07-2026', 'status': 'UNAFFORDABLE_OR_PAST_CAPACITY'}]",PE,BLIND_PE,NO_AFFORDABLE_LIQUID_CONTRACT,,BLIND_PE_TARGET
2026-07-28T14:45:00+05:30,,-6.26,,2026-07-28,,,,,,,,all,,,reported,,,"[{'contract': 'NSE_FO|63940|28-07-2026', 'status': 'UNAFFORDABLE_OR_PAST_CAPACITY'}, {'contract': 'NSE_FO|63938|28-07-2026', 'status': 'UNAFFORDABLE_OR_PAST_CAPACITY'}, {'contract': 'NSE_FO|63936|28-07-2026', 'status': 'UNAFFORDABLE_OR_PAST_CAPACITY'}, {'contract': 'NSE_FO|63934|28-07-2026', 'status': 'UNAFFORDABLE_OR_PAST_CAPACITY'}]",PE,BLIND_PE,NO_AFFORDABLE_LIQUID_CONTRACT,,BLIND_PE_TARGET
2026-08-04T14:45:00+05:30,,-6.26,,2026-08-04,,,,,,,,all,,,reported,,,"[{'contract': 'NSE_FO|65859|04-08-2026', 'status': 'UNAFFORDABLE_OR_PAST_CAPACITY'}, {'contract': 'NSE_FO|65855|04-08-2026', 'status': 'UNAFFORDABLE_OR_PAST_CAPACITY'}, {'contract': 'NSE_FO|65853|04-08-2026', 'status': 'UNAFFORDABLE_OR_PAST_CAPACITY'}, {'contract': 'NSE_FO|65809|04-08-2026', 'status': 'UNAFFORDABLE_OR_PAST_CAPACITY'}]",PE,BLIND_PE,NO_AFFORDABLE_LIQUID_CONTRACT,,BLIND_PE_TARGET
2026-08-11T14:45:00+05:30,,-6.26,,2026-08-11,,,,,,,,all,,,reported,,,"[{'contract': 'NSE_FO|41010|11-08-2026', 'status': 'UNAFFORDABLE_OR_PAST_CAPACITY'}, {'contract': 'NSE_FO|41008|11-08-2026', 'status': 'UNAFFORDABLE_OR_PAST_CAPACITY'}, {'contract': 'NSE_FO|41006|11-08-2026', 'status': 'UNAFFORDABLE_OR_PAST_CAPACITY'}, {'contract': 'NSE_FO|41004|11-08-2026', 'status': 'UNAFFORDABLE_OR_PAST_CAPACITY'}]",PE,BLIND_PE,NO_AFFORDABLE_LIQUID_CONTRACT,,BLIND_PE_TARGET
2026-08-18T14:45:00+05:30,,-6.26,,2026-08-18,,,,,,,,all,,,reported,,,"[{'contract': 'NSE_FO|45099|18-08-2026', 'status': 'UNAFFORDABLE_OR_PAST_CAPACITY'}, {'contract': 'NSE_FO|45097|18-08-2026', 'status': 'UNAFFORDABLE_OR_PAST_CAPACITY'}, {'contract': 'NSE_FO|45095|18-08-2026', 'status': 'UNAFFORDABLE_OR_PAST_CAPACITY'}, {'contract': 'NSE_FO|45093|18-08-2026', 'status': 'UNAFFORDABLE_OR_PAST_CAPACITY'}]",PE,BLIND_PE,NO_AFFORDABLE_LIQUID_CONTRACT,,BLIND_PE_TARGET
2026-08-25T14:45:00+05:30,,-6.26,,2026-08-25,,,,,,,,all,,,reported,,,"[{'contract': 'NSE_FO|61670|25-08-2026', 'status': 'UNAFFORDABLE_OR_PAST_CAPACITY'}, {'contract': 'NSE_FO|61646|25-08-2026', 'status': 'UNAFFORDABLE_OR_PAST_CAPACITY'}, {'contract': 'NSE_FO|61622|25-08-2026', 'status': 'UNAFFORDABLE_OR_PAST_CAPACITY'}, {'contract': 'NSE_FO|61609|25-08-2026', 'status': 'UNAFFORDABLE_OR_PAST_CAPACITY'}]",PE,BLIND_PE,NO_AFFORDABLE_LIQUID_CONTRACT,,BLIND_PE_TARGET
2026-09-01T14:45:00+05:30,,-6.26,,2026-09-01,,,,,,,,all,,,reported,,,"[{'contract': 'NSE_FO|46984|01-09-2026', 'status': 'UNAFFORDABLE_OR_PAST_CAPACITY'}, {'contract': 'NSE_FO|46982|01-09-2026', 'status': 'UNAFFORDABLE_OR_PAST_CAPACITY'}, {'contract': 'NSE_FO|46980|01-09-2026', 'status': 'UNAFFORDABLE_OR_PAST_CAPACITY'}, {'contract': 'NSE_FO|46978|01-09-2026', 'status': 'UNAFFORDABLE_OR_PAST_CAPACITY'}]",PE,BLIND_PE,NO_AFFORDABLE_LIQUID_CONTRACT,,BLIND_PE_TARGET
2026-09-08T14:45:00+05:30,,-6.26,,2026-09-08,,,,,,,,all,,,reported,,,"[{'contract': 'NSE_FO|42626|08-09-2026', 'status': 'UNAFFORDABLE_OR_PAST_CAPACITY'}, {'contract': 'NSE_FO|42624|08-09-2026', 'status': 'UNAFFORDABLE_OR_PAST_CAPACITY'}, {'contract': 'NSE_FO|42621|08-09-2026', 'status': 'UNAFFORDABLE_OR_PAST_CAPACITY'}, {'contract': 'NSE_FO|42614|08-09-2026', 'status': 'UNAFFORDABLE_OR_PAST_CAPACITY'}]",PE,BLIND_PE,NO_AFFORDABLE_LIQUID_CONTRACT,,BLIND_PE_TARGET
2026-09-15T14:45:00+05:30,,-6.26,,2026-09-15,,,,,,,,all,,,reported,,,"[{'contract': 'NSE_FO|47286|15-09-2026', 'status': 'UNAFFORDABLE_OR_PAST_CAPACITY'}, {'contract': 'NSE_FO|47284|15-09-2026', 'status': 'UNAFFORDABLE_OR_PAST_CAPACITY'}, {'contract': 'NSE_FO|47282|15-09-2026', 'status': 'UNAFFORDABLE_OR_PAST_CAPACITY'}, {'contract': 'NSE_FO|47280|15-09-2026', 'status': 'UNAFFORDABLE_OR_PAST_CAPACITY'}]",PE,BLIND_PE,NO_AFFORDABLE_LIQUID_CONTRACT,,BLIND_PE_TARGET
2025-10-07T14:45:00+05:30,,9411.18,,2025-10-07,,,,,,,,all,,,reported,,,"[{'contract': 'NSE_FO|38398|07-10-2025', 'status': 'INSUFFICIENT_KNOWN_OI'}, {'contract': 'NSE_FO|38396|07-10-2025', 'status': 'INSUFFICIENT_KNOWN_OI'}, {'contract': 'NSE_FO|38394|07-10-2025', 'status': 'INSUFFICIENT_KNOWN_OI'}, {'contract': 'NSE_FO|38389|07-10-2025', 'status': 'INSUFFICIENT_KNOWN_OI'}]",PE,BLIND_PE,NO_AFFORDABLE_LIQUID_CONTRACT,,BLIND_PE_TRAIL
2025-10-14T14:45:00+05:30,,9411.18,NSE_FO|42690|14-10-2025,2025-10-14,,,,,,32.95,75,all,,,reported,225,,"[{'contract': 'NSE_FO|42690|14-10-2025', 'status': 'ORDER_CREATED'}]",PE,BLIND_PE,MODELED_LIMIT_MISS,25200.0,BLIND_PE_TRAIL
2025-10-20T14:45:00+05:30,,9411.18,NSE_FO|45283|20-10-2025,2025-10-20,,,,,,11.55,75,all,,,reported,750,,"[{'contract': 'NSE_FO|45283|20-10-2025', 'status': 'ORDER_CREATED'}]",PE,BLIND_PE,MODELED_LIMIT_MISS,25800.0,BLIND_PE_TRAIL
2025-10-28T14:45:00+05:30,7131.09,9411.18,NSE_FO|58973|28-10-2025,2025-10-28,22.85,2025-10-28T14:46:00+05:30,15.45,2025-10-28T14:55:00+05:30,60.09,28.35,75,all,-2280.09,0.6761487964989059080962800875,reported,300,STOP,"[{'contract': 'NSE_FO|58973|28-10-2025', 'status': 'ORDER_CREATED'}]",PE,BLIND_PE,MODELED_EXIT,25850.0,BLIND_PE_TRAIL
2025-11-04T14:45:00+05:30,,7131.09,NSE_FO|47659|04-11-2025,2025-11-04,,,,,,12.55,75,all,,,reported,525,,"[{'contract': 'NSE_FO|47659|04-11-2025', 'status': 'ORDER_CREATED'}]",PE,BLIND_PE,MODELED_LIMIT_MISS,25600.0,BLIND_PE_TRAIL
2025-11-11T14:45:00+05:30,,7131.09,NSE_FO|40122|11-11-2025,2025-11-11,,,,,,10.35,75,all,,,reported,600,,"[{'contract': 'NSE_FO|40122|11-11-2025', 'status': 'ORDER_CREATED'}]",PE,BLIND_PE,MODELED_LIMIT_MISS,25650.0,BLIND_PE_TRAIL
2025-11-18T14:45:00+05:30,,7131.09,NSE_FO|44298|18-11-2025,2025-11-18,,,,,,12.55,75,all,,,reported,525,,"[{'contract': 'NSE_FO|44298|18-11-2025', 'status': 'ORDER_CREATED'}]",PE,BLIND_PE,MODELED_LIMIT_MISS,25950.0,BLIND_PE_TRAIL
2025-11-25T14:45:00+05:30,,7131.09,NSE_FO|52910|25-11-2025,2025-11-25,,,,,,19.15,75,all,,,reported,300,,"[{'contract': 'NSE_FO|52910|25-11-2025', 'status': 'ORDER_CREATED'}]",PE,BLIND_PE,MODELED_LIMIT_MISS,25950.0,BLIND_PE_TRAIL
2025-12-02T14:45:00+05:30,,7131.09,NSE_FO|46796|02-12-2025,2025-12-02,,,,,,12.45,75,all,,,reported,525,,"[{'contract': 'NSE_FO|46796|02-12-2025', 'status': 'ORDER_CREATED'}]",PE,BLIND_PE,MODELED_LIMIT_MISS,26000.0,BLIND_PE_TRAIL
2025-12-09T14:45:00+05:30,,7131.09,NSE_FO|41878|09-12-2025,2025-12-09,,,,,,39.25,75,all,,,reported,150,,"[{'contract': 'NSE_FO|41878|09-12-2025', 'status': 'ORDER_CREATED'}]",PE,BLIND_PE,MODELED_LIMIT_MISS,25850.0,BLIND_PE_TRAIL
2025-12-16T14:45:00+05:30,,7131.09,NSE_FO|48219|16-12-2025,2025-12-16,,,,,,6.05,75,all,,,reported,1050,,"[{'contract': 'NSE_FO|48219|16-12-2025', 'status': 'ORDER_CREATED'}]",PE,BLIND_PE,MODELED_LIMIT_MISS,25850.0,BLIND_PE_TRAIL
2025-12-23T14:45:00+05:30,3856.35,7131.09,NSE_FO|57019|23-12-2025,2025-12-23,6.5,2025-12-23T14:46:00+05:30,3.20,2025-12-23T14:47:00+05:30,57.24,6.70,75,all,-3274.74,0.4923076923076923076923076923,reported,975,STOP,"[{'contract': 'NSE_FO|57019|23-12-2025', 'status': 'ORDER_CREATED'}]",PE,BLIND_PE,MODELED_EXIT,26150.0,BLIND_PE_TRAIL
2025-12-30T14:45:00+05:30,,3856.35,NSE_FO|65620|30-12-2025,2025-12-30,,,,,,16.30,75,all,,,reported,150,,"[{'contract': 'NSE_FO|65620|30-12-2025', 'status': 'ORDER_CREATED'}]",PE,BLIND_PE,MODELED_LIMIT_MISS,25950.0,BLIND_PE_TRAIL
2026-01-06T14:45:00+05:30,2067.47,3856.35,NSE_FO|40476|06-01-2026,2026-01-06,8.70,2026-01-06T14:46:00+05:30,4.25,2026-01-06T14:48:00+05:30,53.38,9.30,65,all,-1788.88,0.4885057471264367816091954023,reported,390,STOP,"[{'contract': 'NSE_FO|40476|06-01-2026', 'status': 'ORDER_CREATED'}]",PE,BLIND_PE,MODELED_EXIT,26150.0,BLIND_PE_TRAIL
2026-01-13T14:45:00+05:30,1354.42,2067.47,NSE_FO|46162|13-01-2026,2026-01-13,19.45,2026-01-13T14:46:00+05:30,9.25,2026-01-13T14:48:00+05:30,50.05,20.65,65,all,-713.05,0.4755784061696658097686375321,reported,65,STOP,"[{'contract': 'NSE_FO|46162|13-01-2026', 'status': 'ORDER_CREATED'}]",PE,BLIND_PE,MODELED_EXIT,25700.0,BLIND_PE_TRAIL
2026-01-20T14:45:00+05:30,7891.20,1354.42,NSE_FO|47594|20-01-2026,2026-01-20,17.10,2026-01-20T14:46:00+05:30,118.65,2026-01-20T15:25:00+05:30,63.97,17.35,65,all,6536.78,6.938596491228070175438596491,reported,65,TIMED_CLOSE,"[{'contract': 'NSE_FO|47594|20-01-2026', 'status': 'ORDER_CREATED'}]",PE,BLIND_PE,MODELED_EXIT,25350.0,BLIND_PE_TRAIL
2026-01-27T14:45:00+05:30,5535.11,7891.20,NSE_FO|58666|27-01-2026,2026-01-27,17.35,2026-01-27T14:46:00+05:30,8.50,2026-01-27T14:52:00+05:30,55.09,28.00,65,all,-2356.09,0.4899135446685878962536023055,reported,260,STOP,"[{'contract': 'NSE_FO|58666|27-01-2026', 'status': 'ORDER_CREATED'}]",PE,BLIND_PE,MODELED_EXIT,25100.0,BLIND_PE_TRAIL
2026-02-03T14:45:00+05:30,3271.39,5535.11,NSE_FO|49836|03-02-2026,2026-02-03,30.95,2026-02-03T14:46:00+05:30,13.95,2026-02-03T14:53:00+05:30,53.72,38.55,65,all,-2263.72,0.4507269789983844911147011309,reported,130,STOP,"[{'contract': 'NSE_FO|49836|03-02-2026', 'status': 'ORDER_CREATED'}]",PE,BLIND_PE,MODELED_EXIT,25750.0,BLIND_PE_TRAIL
2026-02-10T14:45:00+05:30,2293.81,3271.39,NSE_FO|42543|10-02-2026,2026-02-10,5.35,2026-02-10T14:46:00+05:30,2.50,2026-02-10T14:52:00+05:30,51.33,8.85,65,all,-977.58,0.4672897196261682242990654206,reported,325,STOP,"[{'contract': 'NSE_FO|42543|10-02-2026', 'status': 'ORDER_CREATED'}]",PE,BLIND_PE,MODELED_EXIT,25900.0,BLIND_PE_TRAIL
2026-02-17T14:45:00+05:30,,2293.81,NSE_FO|48225|17-02-2026,2026-02-17,,,,,,9.20,65,all,,,reported,195,,"[{'contract': 'NSE_FO|48225|17-02-2026', 'status': 'ORDER_CREATED'}]",PE,BLIND_PE,MODELED_LIMIT_MISS,25700.0,BLIND_PE_TRAIL
2026-02-24T14:45:00+05:30,,2293.81,NSE_FO|64849|24-02-2026,2026-02-24,,,,,,29.75,65,all,,,reported,65,,"[{'contract': 'NSE_FO|64849|24-02-2026', 'status': 'ORDER_CREATED'}]",PE,BLIND_PE,MODELED_LIMIT_MISS,25400.0,BLIND_PE_TRAIL
2026-03-02T14:45:00+05:30,,2293.81,NSE_FO|54879|02-03-2026,2026-03-02,,,,,,22.30,65,all,,,reported,65,,"[{'contract': 'NSE_FO|54881|02-03-2026', 'status': 'UNAFFORDABLE_OR_PAST_CAPACITY'}, {'contract': 'NSE_FO|54879|02-03-2026', 'status': 'ORDER_CREATED'}]",PE,BLIND_PE,MODELED_LIMIT_MISS,24800.0,BLIND_PE_TRAIL
2026-03-10T14:45:00+05:30,,2293.81,NSE_FO|45483|10-03-2026,2026-03-10,,,,,,15.40,65,all,,,reported,130,,"[{'contract': 'NSE_FO|45483|10-03-2026', 'status': 'ORDER_CREATED'}]",PE,BLIND_PE,MODELED_LIMIT_MISS,24200.0,BLIND_PE_TRAIL
2026-03-17T14:45:00+05:30,,2293.81,NSE_FO|57752|17-03-2026,2026-03-17,,,,,,16.40,65,all,,,reported,130,,"[{'contract': 'NSE_FO|57756|17-03-2026', 'status': 'UNAFFORDABLE_OR_PAST_CAPACITY'}, {'contract': 'NSE_FO|57752|17-03-2026', 'status': 'ORDER_CREATED'}]",PE,BLIND_PE,MODELED_LIMIT_MISS,23550.0,BLIND_PE_TRAIL
2026-03-24T14:45:00+05:30,,2293.81,NSE_FO|62565|24-03-2026,2026-03-24,,,,,,18.10,65,all,,,reported,65,,"[{'contract': 'NSE_FO|62567|24-03-2026', 'status': 'UNAFFORDABLE_OR_PAST_CAPACITY'}, {'contract': 'NSE_FO|62565|24-03-2026', 'status': 'ORDER_CREATED'}]",PE,BLIND_PE,MODELED_LIMIT_MISS,22850.0,BLIND_PE_TRAIL
2026-03-30T14:45:00+05:30,,2293.81,NSE_FO|54473|30-03-2026,2026-03-30,,,,,,25.05,65,all,,,reported,65,,"[{'contract': 'NSE_FO|54473|30-03-2026', 'status': 'ORDER_CREATED'}]",PE,BLIND_PE,MODELED_LIMIT_MISS,22350.0,BLIND_PE_TRAIL
2026-04-07T14:45:00+05:30,916.31,2293.81,NSE_FO|40773|07-04-2026,2026-04-07,16.35,2026-04-07T14:46:00+05:30,6.15,2026-04-07T14:49:00+05:30,51.50,16.55,65,all,-1377.50,0.3761467889908256880733944954,reported,130,STOP,"[{'contract': 'NSE_FO|40775|07-04-2026', 'status': 'UNAFFORDABLE_OR_PAST_CAPACITY'}, {'contract': 'NSE_FO|40773|07-04-2026', 'status': 'ORDER_CREATED'}]",PE,BLIND_PE,MODELED_EXIT,23000.0,BLIND_PE_TRAIL
2026-04-13T14:45:00+05:30,587.25,916.31,NSE_FO|54805|13-04-2026,2026-04-13,3.75,2026-04-13T14:46:00+05:30,1.60,2026-04-13T14:49:00+05:30,49.56,5.65,65,all,-329.06,0.4266666666666666666666666667,reported,130,STOP,"[{'contract': 'NSE_FO|54807|13-04-2026', 'status': 'UNAFFORDABLE_OR_PAST_CAPACITY'}, {'contract': 'NSE_FO|54805|13-04-2026', 'status': 'ORDER_CREATED'}]",PE,BLIND_PE,MODELED_EXIT,23800.0,BLIND_PE_TRAIL
2026-04-21T14:45:00+05:30,264.73,587.25,NSE_FO|63457|21-04-2026,2026-04-21,6.5,2026-04-21T14:46:00+05:30,2.30,2026-04-21T14:48:00+05:30,49.52,6.55,65,all,-322.52,0.3538461538461538461538461538,reported,65,STOP,"[{'contract': 'NSE_FO|63463|21-04-2026', 'status': 'UNAFFORDABLE_OR_PAST_CAPACITY'}, {'contract': 'NSE_FO|63457|21-04-2026', 'status': 'ORDER_CREATED'}]",PE,BLIND_PE,MODELED_EXIT,24500.0,BLIND_PE_TRAIL
2026-04-28T14:45:00+05:30,,264.73,NSE_FO|72262|28-04-2026,2026-04-28,,,,,,1.05,65,all,,,reported,195,,"[{'contract': 'NSE_FO|72266|28-04-2026', 'status': 'UNAFFORDABLE_OR_PAST_CAPACITY'}, {'contract': 'NSE_FO|72264|28-04-2026', 'status': 'UNAFFORDABLE_OR_PAST_CAPACITY'}, {'contract': 'NSE_FO|72262|28-04-2026', 'status': 'ORDER_CREATED'}]",PE,BLIND_PE,MODELED_LIMIT_MISS,23950.0,BLIND_PE_TRAIL
2026-05-05T14:45:00+05:30,,264.73,NSE_FO|74146|05-05-2026,2026-05-05,,,,,,0.50,65,all,,,reported,390,,"[{'contract': 'NSE_FO|74156|05-05-2026', 'status': 'UNAFFORDABLE_OR_PAST_CAPACITY'}, {'contract': 'NSE_FO|74154|05-05-2026', 'status': 'UNAFFORDABLE_OR_PAST_CAPACITY'}, {'contract': 'NSE_FO|74146|05-05-2026', 'status': 'ORDER_CREATED'}]",PE,BLIND_PE,MODELED_LIMIT_MISS,23950.0,BLIND_PE_TRAIL
2026-05-12T14:45:00+05:30,1395.81,264.73,NSE_FO|41723|12-05-2026,2026-05-12,2.70,2026-05-12T14:46:00+05:30,20.90,2026-05-12T15:25:00+05:30,51.92,2.75,65,all,1131.08,7.740740740740740740740740741,reported,65,TIMED_CLOSE,"[{'contract': 'NSE_FO|41725|12-05-2026', 'status': 'UNAFFORDABLE_OR_PAST_CAPACITY'}, {'contract': 'NSE_FO|41723|12-05-2026', 'status': 'ORDER_CREATED'}]",PE,BLIND_PE,MODELED_EXIT,23400.0,BLIND_PE_TRAIL
2026-05-19T14:45:00+05:30,,1395.81,NSE_FO|51365|19-05-2026,2026-05-19,,,,,,19.90,65,all,,,reported,65,,"[{'contract': 'NSE_FO|51365|19-05-2026', 'status': 'ORDER_CREATED'}]",PE,BLIND_PE,MODELED_LIMIT_MISS,23650.0,BLIND_PE_TRAIL
2026-05-26T14:45:00+05:30,598.35,1395.81,NSE_FO|72174|26-05-2026,2026-05-26,3.65,2026-05-26T14:46:00+05:30,1.35,2026-05-26T14:56:00+05:30,49.96,3.85,65,all,-797.46,0.3698630136986301369863013699,reported,325,STOP,"[{'contract': 'NSE_FO|72176|26-05-2026', 'status': 'UNAFFORDABLE_OR_PAST_CAPACITY'}, {'contract': 'NSE_FO|72174|26-05-2026', 'status': 'ORDER_CREATED'}]",PE,BLIND_PE,MODELED_EXIT,23850.0,BLIND_PE_TRAIL
2026-06-02T14:45:00+05:30,,598.35,NSE_FO|57027|02-06-2026,2026-06-02,,,,,,4.40,65,all,,,reported,65,,"[{'contract': 'NSE_FO|57029|02-06-2026', 'status': 'UNAFFORDABLE_OR_PAST_CAPACITY'}, {'contract': 'NSE_FO|57027|02-06-2026', 'status': 'ORDER_CREATED'}]",PE,BLIND_PE,MODELED_LIMIT_MISS,23400.0,BLIND_PE_TRAIL
2026-06-09T14:45:00+05:30,,598.35,NSE_FO|42285|09-06-2026,2026-06-09,,,,,,1.95,65,all,,,reported,260,,"[{'contract': 'NSE_FO|42287|09-06-2026', 'status': 'UNAFFORDABLE_OR_PAST_CAPACITY'}, {'contract': 'NSE_FO|42285|09-06-2026', 'status': 'ORDER_CREATED'}]",PE,BLIND_PE,MODELED_LIMIT_MISS,23200.0,BLIND_PE_TRAIL
2026-06-16T14:45:00+05:30,305.11,598.35,NSE_FO|50612|16-06-2026,2026-06-16,2.0,2026-06-16T14:46:00+05:30,0.75,2026-06-16T14:48:00+05:30,49.49,2.55,65,all,-293.24,0.375,reported,195,STOP,"[{'contract': 'NSE_FO|50614|16-06-2026', 'status': 'UNAFFORDABLE_OR_PAST_CAPACITY'}, {'contract': 'NSE_FO|50612|16-06-2026', 'status': 'ORDER_CREATED'}]",PE,BLIND_PE,MODELED_EXIT,23900.0,BLIND_PE_TRAIL
2026-06-23T14:45:00+05:30,,305.11,NSE_FO|56357|23-06-2026,2026-06-23,,,,,,1.25,65,all,,,reported,195,,"[{'contract': 'NSE_FO|56371|23-06-2026', 'status': 'UNAFFORDABLE_OR_PAST_CAPACITY'}, {'contract': 'NSE_FO|56359|23-06-2026', 'status': 'UNAFFORDABLE_OR_PAST_CAPACITY'}, {'contract': 'NSE_FO|56357|23-06-2026', 'status': 'ORDER_CREATED'}]",PE,BLIND_PE,MODELED_LIMIT_MISS,23850.0,BLIND_PE_TRAIL
2026-06-30T14:45:00+05:30,,305.11,NSE_FO|79714|30-06-2026,2026-06-30,,,,,,1.90,65,all,,,reported,130,,"[{'contract': 'NSE_FO|79729|30-06-2026', 'status': 'UNAFFORDABLE_OR_PAST_CAPACITY'}, {'contract': 'NSE_FO|79723|30-06-2026', 'status': 'UNAFFORDABLE_OR_PAST_CAPACITY'}, {'contract': 'NSE_FO|79714|30-06-2026', 'status': 'ORDER_CREATED'}]",PE,BLIND_PE,MODELED_LIMIT_MISS,23850.0,BLIND_PE_TRAIL
2026-07-21T14:45:00+05:30,,305.11,NSE_FO|57345|21-07-2026,2026-07-21,,,,,,1.80,65,all,,,reported,130,,"[{'contract': 'NSE_FO|57347|21-07-2026', 'status': 'UNAFFORDABLE_OR_PAST_CAPACITY'}, {'contract': 'NSE_FO|57345|21-07-2026', 'status': 'ORDER_CREATED'}]",PE,BLIND_PE,MODELED_LIMIT_MISS,24100.0,BLIND_PE_TRAIL
2026-07-28T14:45:00+05:30,,305.11,NSE_FO|63938|28-07-2026,2026-07-28,,,,,,3.15,65,all,,,reported,65,,"[{'contract': 'NSE_FO|63940|28-07-2026', 'status': 'UNAFFORDABLE_OR_PAST_CAPACITY'}, {'contract': 'NSE_FO|63938|28-07-2026', 'status': 'ORDER_CREATED'}]",PE,BLIND_PE,MODELED_LIMIT_MISS,23950.0,BLIND_PE_TRAIL
2026-08-04T14:45:00+05:30,,305.11,,2026-08-04,,,,,,,,all,,,reported,,,"[{'contract': 'NSE_FO|65859|04-08-2026', 'status': 'UNAFFORDABLE_OR_PAST_CAPACITY'}, {'contract': 'NSE_FO|65855|04-08-2026', 'status': 'UNAFFORDABLE_OR_PAST_CAPACITY'}, {'contract': 'NSE_FO|65853|04-08-2026', 'status': 'UNAFFORDABLE_OR_PAST_CAPACITY'}, {'contract': 'NSE_FO|65809|04-08-2026', 'status': 'UNAFFORDABLE_OR_PAST_CAPACITY'}]",PE,BLIND_PE,NO_AFFORDABLE_LIQUID_CONTRACT,,BLIND_PE_TRAIL
2026-08-11T14:45:00+05:30,158.24,305.11,NSE_FO|41004|11-08-2026,2026-08-11,1.35,2026-08-11T14:46:00+05:30,0.60,2026-08-11T15:02:00+05:30,49.37,1.60,65,all,-146.87,0.4444444444444444444444444444,reported,130,STOP,"[{'contract': 'NSE_FO|41010|11-08-2026', 'status': 'UNAFFORDABLE_OR_PAST_CAPACITY'}, {'contract': 'NSE_FO|41008|11-08-2026', 'status': 'UNAFFORDABLE_OR_PAST_CAPACITY'}, {'contract': 'NSE_FO|41006|11-08-2026', 'status': 'UNAFFORDABLE_OR_PAST_CAPACITY'}, {'contract': 'NSE_FO|41004|11-08-2026', 'status': 'ORDER_CREATED'}]",PE,BLIND_PE,MODELED_EXIT,24300.0,BLIND_PE_TRAIL
2026-08-18T14:45:00+05:30,,158.24,NSE_FO|45095|18-08-2026,2026-08-18,,,,,,1.20,65,all,,,reported,65,,"[{'contract': 'NSE_FO|45099|18-08-2026', 'status': 'UNAFFORDABLE_OR_PAST_CAPACITY'}, {'contract': 'NSE_FO|45097|18-08-2026', 'status': 'UNAFFORDABLE_OR_PAST_CAPACITY'}, {'contract': 'NSE_FO|45095|18-08-2026', 'status': 'ORDER_CREATED'}]",PE,BLIND_PE,MODELED_LIMIT_MISS,24100.0,BLIND_PE_TRAIL
2026-08-25T14:45:00+05:30,,158.24,NSE_FO|61609|25-08-2026,2026-08-25,,,,,,1.20,65,all,,,reported,65,,"[{'contract': 'NSE_FO|61670|25-08-2026', 'status': 'UNAFFORDABLE_OR_PAST_CAPACITY'}, {'contract': 'NSE_FO|61646|25-08-2026', 'status': 'UNAFFORDABLE_OR_PAST_CAPACITY'}, {'contract': 'NSE_FO|61622|25-08-2026', 'status': 'UNAFFORDABLE_OR_PAST_CAPACITY'}, {'contract': 'NSE_FO|61609|25-08-2026', 'status': 'ORDER_CREATED'}]",PE,BLIND_PE,MODELED_LIMIT_MISS,24050.0,BLIND_PE_TRAIL
2026-09-01T14:45:00+05:30,,158.24,,2026-09-01,,,,,,,,all,,,reported,,,"[{'contract': 'NSE_FO|46984|01-09-2026', 'status': 'UNAFFORDABLE_OR_PAST_CAPACITY'}, {'contract': 'NSE_FO|46982|01-09-2026', 'status': 'UNAFFORDABLE_OR_PAST_CAPACITY'}, {'contract': 'NSE_FO|46980|01-09-2026', 'status': 'UNAFFORDABLE_OR_PAST_CAPACITY'}, {'contract': 'NSE_FO|46978|01-09-2026', 'status': 'UNAFFORDABLE_OR_PAST_CAPACITY'}]",PE,BLIND_PE,NO_AFFORDABLE_LIQUID_CONTRACT,,BLIND_PE_TRAIL
2026-09-08T14:45:00+05:30,,158.24,,2026-09-08,,,,,,,,all,,,reported,,,"[{'contract': 'NSE_FO|42626|08-09-2026', 'status': 'UNAFFORDABLE_OR_PAST_CAPACITY'}, {'contract': 'NSE_FO|42624|08-09-2026', 'status': 'UNAFFORDABLE_OR_PAST_CAPACITY'}, {'contract': 'NSE_FO|42621|08-09-2026', 'status': 'UNAFFORDABLE_OR_PAST_CAPACITY'}, {'contract': 'NSE_FO|42614|08-09-2026', 'status': 'UNAFFORDABLE_OR_PAST_CAPACITY'}]",PE,BLIND_PE,NO_AFFORDABLE_LIQUID_CONTRACT,,BLIND_PE_TRAIL
2026-09-15T14:45:00+05:30,,158.24,,2026-09-15,,,,,,,,all,,,reported,,,"[{'contract': 'NSE_FO|47286|15-09-2026', 'status': 'UNAFFORDABLE_OR_PAST_CAPACITY'}, {'contract': 'NSE_FO|47284|15-09-2026', 'status': 'UNAFFORDABLE_OR_PAST_CAPACITY'}, {'contract': 'NSE_FO|47282|15-09-2026', 'status': 'UNAFFORDABLE_OR_PAST_CAPACITY'}, {'contract': 'NSE_FO|47280|15-09-2026', 'status': 'UNAFFORDABLE_OR_PAST_CAPACITY'}]",PE,BLIND_PE,NO_AFFORDABLE_LIQUID_CONTRACT,,BLIND_PE_TRAIL
