period,strategy,day,at,side,cash_before,signal,status,selection,contract,strike,lot,quantity,limit,entry,entry_at,exit,exit_at,reason,pnl,fees,cash_after,premium_multiple
earlier,EXPIRY_FAILED_ORB_TARGET,2026-03-24,2026-03-24T11:35:00+05:30,CE,9411.18,EXPIRY_FAILED_ORB,MODELED_LIMIT_MISS,"[{""contract"": ""NSE_FO|62557|24-03-2026"", ""status"": ""ORDER_CREATED""}]",NSE_FO|62557|24-03-2026,22750.0,65,65,83.35,,,,,,,,,
earlier,EXPIRY_FAILED_ORB_TARGET,2026-04-07,2026-04-07T11:00:00+05:30,PE,9411.18,EXPIRY_FAILED_ORB,MODELED_EXIT,"[{""contract"": ""NSE_FO|40760|07-04-2026"", ""status"": ""ORDER_CREATED""}]",NSE_FO|40760|07-04-2026,22850.0,65,65,96.50,95.65,2026-04-07T11:01:00+05:30,45.75,2026-04-07T11:23:00+05:30,STOP,-3300.62,57.12,6110.56,0.4783063251437532671197072661
earlier,EXPIRY_FAILED_ORB_TARGET,2026-04-28,2026-04-28T11:19:00+05:30,PE,6110.56,EXPIRY_FAILED_ORB,MODELED_EXIT,"[{""contract"": ""NSE_FO|72270|28-04-2026"", ""status"": ""ORDER_CREATED""}]",NSE_FO|72270|28-04-2026,24150.0,65,65,54.95,53.90,2026-04-28T11:20:00+05:30,107.80,2026-04-28T11:29:00+05:30,TARGET_2X,3439.83,63.67,9550.39,2
earlier,EXPIRY_FAILED_ORB_TARGET,2026-05-05,2026-05-05T11:17:00+05:30,CE,9550.39,EXPIRY_FAILED_ORB,MODELED_EXIT,"[{""contract"": ""NSE_FO|74135|05-05-2026"", ""status"": ""ORDER_CREATED""}]",NSE_FO|74135|05-05-2026,23950.0,65,130,56.80,51.60,2026-05-05T11:18:00+05:30,23.50,2026-05-05T11:48:00+05:30,STOP,-3710.36,57.36,5840.03,0.4554263565891472868217054264
earlier,EXPIRY_FAILED_ORB_TARGET,2026-06-02,2026-06-02T10:57:00+05:30,PE,5840.03,EXPIRY_FAILED_ORB,MODELED_EXIT,"[{""contract"": ""NSE_FO|57023|02-06-2026"", ""status"": ""ORDER_CREATED""}]",NSE_FO|57023|02-06-2026,23300.0,65,65,53.40,51.60,2026-06-02T10:58:00+05:30,25.05,2026-06-02T11:21:00+05:30,STOP,-1779.10,53.35,4060.93,0.4854651162790697674418604651
earlier,EXPIRY_FAILED_ORB_TARGET,2026-06-09,2026-06-09T12:24:00+05:30,CE,4060.93,EXPIRY_FAILED_ORB,MODELED_EXIT,"[{""contract"": ""NSE_FO|42284|09-06-2026"", ""status"": ""ORDER_CREATED""}]",NSE_FO|42284|09-06-2026,23200.0,65,65,44.20,42.75,2026-06-09T12:25:00+05:30,17.00,2026-06-09T13:57:00+05:30,STOP,-1725.65,51.90,2335.28,0.3976608187134502923976608187
earlier,EXPIRY_FAILED_ORB_TARGET,2026-06-16,2026-06-16T11:21:00+05:30,PE,2335.28,EXPIRY_FAILED_ORB,MODELED_EXIT,"[{""contract"": ""NSE_FO|50614|16-06-2026"", ""status"": ""UNAFFORDABLE_OR_PAST_CAPACITY""}, {""contract"": ""NSE_FO|50612|16-06-2026"", ""status"": ""ORDER_CREATED""}]",NSE_FO|50612|16-06-2026,23900.0,65,65,30.15,28.90,2026-06-16T11:22:00+05:30,13.00,2026-06-16T13:10:00+05:30,STOP,-1084.91,51.41,1250.37,0.4498269896193771626297577855
earlier,EXPIRY_FAILED_ORB_TRAIL,2026-03-24,2026-03-24T11:35:00+05:30,CE,9411.18,EXPIRY_FAILED_ORB,MODELED_LIMIT_MISS,"[{""contract"": ""NSE_FO|62557|24-03-2026"", ""status"": ""ORDER_CREATED""}]",NSE_FO|62557|24-03-2026,22750.0,65,65,83.35,,,,,,,,,
earlier,EXPIRY_FAILED_ORB_TRAIL,2026-04-07,2026-04-07T11:00:00+05:30,PE,9411.18,EXPIRY_FAILED_ORB,MODELED_EXIT,"[{""contract"": ""NSE_FO|40760|07-04-2026"", ""status"": ""ORDER_CREATED""}]",NSE_FO|40760|07-04-2026,22850.0,65,65,96.50,95.65,2026-04-07T11:01:00+05:30,45.75,2026-04-07T11:23:00+05:30,STOP,-3300.62,57.12,6110.56,0.4783063251437532671197072661
earlier,EXPIRY_FAILED_ORB_TRAIL,2026-04-28,2026-04-28T11:19:00+05:30,PE,6110.56,EXPIRY_FAILED_ORB,MODELED_EXIT,"[{""contract"": ""NSE_FO|72270|28-04-2026"", ""status"": ""ORDER_CREATED""}]",NSE_FO|72270|28-04-2026,24150.0,65,65,54.95,53.90,2026-04-28T11:20:00+05:30,157.00,2026-04-28T15:25:00+05:30,TIMED_CLOSE,6631.48,70.02,12742.04,2.912801484230055658627087199
earlier,EXPIRY_FAILED_ORB_TRAIL,2026-05-05,2026-05-05T11:17:00+05:30,CE,12742.04,EXPIRY_FAILED_ORB,MODELED_EXIT,"[{""contract"": ""NSE_FO|74135|05-05-2026"", ""status"": ""ORDER_CREATED""}]",NSE_FO|74135|05-05-2026,23950.0,65,195,56.80,51.60,2026-05-05T11:18:00+05:30,25.95,2026-05-05T11:47:00+05:30,STOP,-5064.36,62.61,7677.68,0.5029069767441860465116279070
earlier,EXPIRY_FAILED_ORB_TRAIL,2026-06-02,2026-06-02T10:57:00+05:30,PE,7677.68,EXPIRY_FAILED_ORB,MODELED_EXIT,"[{""contract"": ""NSE_FO|57023|02-06-2026"", ""status"": ""ORDER_CREATED""}]",NSE_FO|57023|02-06-2026,23300.0,65,130,53.40,51.60,2026-06-02T10:58:00+05:30,25.05,2026-06-02T11:21:00+05:30,STOP,-3508.95,57.45,4168.73,0.4854651162790697674418604651
earlier,EXPIRY_FAILED_ORB_TRAIL,2026-06-09,2026-06-09T12:24:00+05:30,CE,4168.73,EXPIRY_FAILED_ORB,MODELED_EXIT,"[{""contract"": ""NSE_FO|42284|09-06-2026"", ""status"": ""ORDER_CREATED""}]",NSE_FO|42284|09-06-2026,23200.0,65,65,44.20,42.75,2026-06-09T12:25:00+05:30,26.75,2026-06-09T12:57:00+05:30,STOP,-1093.16,53.16,3075.57,0.6257309941520467836257309942
earlier,EXPIRY_FAILED_ORB_TRAIL,2026-06-16,2026-06-16T11:21:00+05:30,PE,3075.57,EXPIRY_FAILED_ORB,MODELED_EXIT,"[{""contract"": ""NSE_FO|50614|16-06-2026"", ""status"": ""UNAFFORDABLE_OR_PAST_CAPACITY""}, {""contract"": ""NSE_FO|50612|16-06-2026"", ""status"": ""ORDER_CREATED""}]",NSE_FO|50612|16-06-2026,23900.0,65,65,30.15,28.90,2026-06-16T11:22:00+05:30,13.00,2026-06-16T13:10:00+05:30,STOP,-1084.91,51.41,1990.66,0.4498269896193771626297577855
earlier,EXPIRY_VWAP_RECLAIM_TARGET,2026-03-30,2026-03-30T12:06:00+05:30,CE,9411.18,EXPIRY_VWAP_RECLAIM,MODELED_EXIT,"[{""contract"": ""NSE_FO|54480|30-03-2026"", ""status"": ""ORDER_CREATED""}]",NSE_FO|54480|30-03-2026,22550.0,65,65,97.45,95.85,2026-03-30T12:07:00+05:30,46.70,2026-03-30T12:30:00+05:30,STOP,-3251.90,57.15,6159.28,0.4872196139801773604590505999
earlier,EXPIRY_VWAP_RECLAIM_TARGET,2026-05-19,2026-05-19T13:37:00+05:30,PE,6159.28,EXPIRY_VWAP_RECLAIM,MODELED_LIMIT_MISS,"[{""contract"": ""NSE_FO|51367|19-05-2026"", ""status"": ""ORDER_CREATED""}]",NSE_FO|51367|19-05-2026,23700.0,65,195,27.75,,,,,,,,,
earlier,EXPIRY_VWAP_RECLAIM_TRAIL,2026-03-30,2026-03-30T12:06:00+05:30,CE,9411.18,EXPIRY_VWAP_RECLAIM,MODELED_EXIT,"[{""contract"": ""NSE_FO|54480|30-03-2026"", ""status"": ""ORDER_CREATED""}]",NSE_FO|54480|30-03-2026,22550.0,65,65,97.45,95.85,2026-03-30T12:07:00+05:30,50.00,2026-03-30T12:29:00+05:30,STOP,-3037.50,57.25,6373.68,0.5216484089723526343244653104
earlier,EXPIRY_VWAP_RECLAIM_TRAIL,2026-05-19,2026-05-19T13:37:00+05:30,PE,6373.68,EXPIRY_VWAP_RECLAIM,MODELED_LIMIT_MISS,"[{""contract"": ""NSE_FO|51367|19-05-2026"", ""status"": ""ORDER_CREATED""}]",NSE_FO|51367|19-05-2026,23700.0,65,195,27.75,,,,,,,,,
earlier,EXPIRY_PRIOR_OI_WALL_TARGET,2026-03-24,2026-03-24T12:54:00+05:30,CE,9411.18,EXPIRY_PRIOR_OI_WALL,MODELED_EXIT,"[{""contract"": ""NSE_FO|62570|24-03-2026"", ""status"": ""ORDER_CREATED""}]",NSE_FO|62570|24-03-2026,23000.0,65,65,102.00,96.30,2026-03-24T12:55:00+05:30,47.50,2026-03-24T13:05:00+05:30,STOP,-3229.19,57.19,6181.99,0.4932502596053997923156801661
earlier,EXPIRY_PRIOR_OI_WALL_TARGET,2026-04-07,2026-04-07T13:34:00+05:30,CE,6181.99,EXPIRY_PRIOR_OI_WALL,MODELED_EXIT,"[{""contract"": ""NSE_FO|40774|07-04-2026"", ""status"": ""ORDER_CREATED""}]",NSE_FO|40774|07-04-2026,23050.0,65,65,55.10,50.0,2026-04-07T13:35:00+05:30,23.10,2026-04-07T13:58:00+05:30,STOP,-1801.77,53.27,4380.22,0.462
earlier,EXPIRY_PRIOR_OI_WALL_TARGET,2026-04-28,2026-04-28T14:12:00+05:30,PE,4380.22,EXPIRY_PRIOR_OI_WALL,MODELED_EXIT,"[{""contract"": ""NSE_FO|72264|28-04-2026"", ""status"": ""ORDER_CREATED""}]",NSE_FO|72264|28-04-2026,24000.0,65,65,38.75,31.55,2026-04-28T14:13:00+05:30,11.40,2026-04-28T14:31:00+05:30,STOP,-1361.19,51.44,3019.03,0.3613312202852614896988906498
earlier,EXPIRY_PRIOR_OI_WALL_TARGET,2026-05-26,2026-05-26T12:47:00+05:30,PE,3019.03,EXPIRY_PRIOR_OI_WALL,MODELED_LIMIT_MISS,"[{""contract"": ""NSE_FO|72180|26-05-2026"", ""status"": ""ORDER_CREATED""}]",NSE_FO|72180|26-05-2026,24000.0,65,65,40.30,,,,,,,,,
earlier,EXPIRY_PRIOR_OI_WALL_TARGET,2026-06-02,2026-06-02T12:48:00+05:30,CE,3019.03,EXPIRY_PRIOR_OI_WALL,MODELED_LIMIT_MISS,"[{""contract"": ""NSE_FO|57028|02-06-2026"", ""status"": ""UNAFFORDABLE_OR_PAST_CAPACITY""}, {""contract"": ""NSE_FO|57030|02-06-2026"", ""status"": ""ORDER_CREATED""}]",NSE_FO|57030|02-06-2026,23500.0,65,65,24.75,,,,,,,,,
earlier,EXPIRY_PRIOR_OI_WALL_TRAIL,2026-03-24,2026-03-24T12:54:00+05:30,CE,9411.18,EXPIRY_PRIOR_OI_WALL,MODELED_EXIT,"[{""contract"": ""NSE_FO|62570|24-03-2026"", ""status"": ""ORDER_CREATED""}]",NSE_FO|62570|24-03-2026,23000.0,65,65,102.00,96.30,2026-03-24T12:55:00+05:30,47.50,2026-03-24T13:05:00+05:30,STOP,-3229.19,57.19,6181.99,0.4932502596053997923156801661
earlier,EXPIRY_PRIOR_OI_WALL_TRAIL,2026-04-07,2026-04-07T13:34:00+05:30,CE,6181.99,EXPIRY_PRIOR_OI_WALL,MODELED_EXIT,"[{""contract"": ""NSE_FO|40774|07-04-2026"", ""status"": ""ORDER_CREATED""}]",NSE_FO|40774|07-04-2026,23050.0,65,65,55.10,50.0,2026-04-07T13:35:00+05:30,30.70,2026-04-07T13:51:00+05:30,STOP,-1307.97,53.47,4874.02,0.614
earlier,EXPIRY_PRIOR_OI_WALL_TRAIL,2026-04-28,2026-04-28T14:12:00+05:30,PE,4874.02,EXPIRY_PRIOR_OI_WALL,MODELED_EXIT,"[{""contract"": ""NSE_FO|72264|28-04-2026"", ""status"": ""ORDER_CREATED""}]",NSE_FO|72264|28-04-2026,24000.0,65,65,38.75,31.55,2026-04-28T14:13:00+05:30,19.60,2026-04-28T14:23:00+05:30,STOP,-828.41,51.66,4045.61,0.6212361331220285261489698891
earlier,EXPIRY_PRIOR_OI_WALL_TRAIL,2026-05-26,2026-05-26T12:47:00+05:30,PE,4045.61,EXPIRY_PRIOR_OI_WALL,MODELED_LIMIT_MISS,"[{""contract"": ""NSE_FO|72180|26-05-2026"", ""status"": ""ORDER_CREATED""}]",NSE_FO|72180|26-05-2026,24000.0,65,65,40.30,,,,,,,,,
earlier,EXPIRY_PRIOR_OI_WALL_TRAIL,2026-06-02,2026-06-02T12:48:00+05:30,CE,4045.61,EXPIRY_PRIOR_OI_WALL,MODELED_LIMIT_MISS,"[{""contract"": ""NSE_FO|57028|02-06-2026"", ""status"": ""ORDER_CREATED""}]",NSE_FO|57028|02-06-2026,23450.0,65,65,44.10,,,,,,,,,
earlier,ORDINARY_FAILED_ORB_TARGET,2026-04-01,2026-04-01T12:04:00+05:30,CE,9411.18,ORDINARY_FAILED_ORB,NO_AFFORDABLE_LIQUID_CONTRACT,"[{""contract"": ""NSE_FO|40754|07-04-2026"", ""status"": ""UNAFFORDABLE_OR_PAST_CAPACITY""}, {""contract"": ""NSE_FO|40761|07-04-2026"", ""status"": ""UNAFFORDABLE_OR_PAST_CAPACITY""}, {""contract"": ""NSE_FO|40770|07-04-2026"", ""status"": ""UNAFFORDABLE_OR_PAST_CAPACITY""}, {""contract"": ""NSE_FO|40772|07-04-2026"", ""status"": ""UNAFFORDABLE_OR_PAST_CAPACITY""}]",,,,,,,,,,,,,,
earlier,ORDINARY_FAILED_ORB_TARGET,2026-04-02,2026-04-02T11:33:00+05:30,CE,9411.18,ORDINARY_FAILED_ORB,NO_AFFORDABLE_LIQUID_CONTRACT,"[{""contract"": ""NSE_FO|40714|07-04-2026"", ""status"": ""UNAFFORDABLE_OR_PAST_CAPACITY""}, {""contract"": ""NSE_FO|40718|07-04-2026"", ""status"": ""UNAFFORDABLE_OR_PAST_CAPACITY""}, {""contract"": ""NSE_FO|40724|07-04-2026"", ""status"": ""UNAFFORDABLE_OR_PAST_CAPACITY""}, {""contract"": ""NSE_FO|40726|07-04-2026"", ""status"": ""UNAFFORDABLE_OR_PAST_CAPACITY""}]",,,,,,,,,,,,,,
earlier,ORDINARY_FAILED_ORB_TARGET,2026-04-06,2026-04-06T10:16:00+05:30,CE,9411.18,ORDINARY_FAILED_ORB,NO_AFFORDABLE_LIQUID_CONTRACT,"[{""contract"": ""NSE_FO|40740|07-04-2026"", ""status"": ""UNAFFORDABLE_OR_PAST_CAPACITY""}, {""contract"": ""NSE_FO|40742|07-04-2026"", ""status"": ""UNAFFORDABLE_OR_PAST_CAPACITY""}, {""contract"": ""NSE_FO|40747|07-04-2026"", ""status"": ""UNAFFORDABLE_OR_PAST_CAPACITY""}, {""contract"": ""NSE_FO|40752|07-04-2026"", ""status"": ""UNAFFORDABLE_OR_PAST_CAPACITY""}]",,,,,,,,,,,,,,
earlier,ORDINARY_FAILED_ORB_TARGET,2026-04-08,2026-04-08T12:33:00+05:30,PE,9411.18,ORDINARY_FAILED_ORB,NO_AFFORDABLE_LIQUID_CONTRACT,"[{""contract"": ""NSE_FO|54809|13-04-2026"", ""status"": ""UNAFFORDABLE_OR_PAST_CAPACITY""}, {""contract"": ""NSE_FO|54807|13-04-2026"", ""status"": ""UNAFFORDABLE_OR_PAST_CAPACITY""}, {""contract"": ""NSE_FO|54805|13-04-2026"", ""status"": ""UNAFFORDABLE_OR_PAST_CAPACITY""}, {""contract"": ""NSE_FO|54803|13-04-2026"", ""status"": ""UNAFFORDABLE_OR_PAST_CAPACITY""}]",,,,,,,,,,,,,,
earlier,ORDINARY_FAILED_ORB_TARGET,2026-04-09,2026-04-09T11:50:00+05:30,CE,9411.18,ORDINARY_FAILED_ORB,MODELED_EXIT,"[{""contract"": ""NSE_FO|54808|13-04-2026"", ""status"": ""UNAFFORDABLE_OR_PAST_CAPACITY""}, {""contract"": ""NSE_FO|54810|13-04-2026"", ""status"": ""UNAFFORDABLE_OR_PAST_CAPACITY""}, {""contract"": ""NSE_FO|54812|13-04-2026"", ""status"": ""UNAFFORDABLE_OR_PAST_CAPACITY""}, {""contract"": ""NSE_FO|54816|13-04-2026"", ""status"": ""ORDER_CREATED""}]",NSE_FO|54816|13-04-2026,24050.0,65,65,135.60,131.40,2026-04-09T11:51:00+05:30,91.60,2026-04-09T15:25:00+05:30,TIMED_CLOSE,-2650.35,63.35,6760.83,0.6971080669710806697108066971
earlier,ORDINARY_FAILED_ORB_TARGET,2026-04-10,2026-04-10T11:49:00+05:30,PE,6760.83,ORDINARY_FAILED_ORB,MODELED_EXIT,"[{""contract"": ""NSE_FO|54811|13-04-2026"", ""status"": ""UNAFFORDABLE_OR_PAST_CAPACITY""}, {""contract"": ""NSE_FO|54809|13-04-2026"", ""status"": ""UNAFFORDABLE_OR_PAST_CAPACITY""}, {""contract"": ""NSE_FO|54807|13-04-2026"", ""status"": ""UNAFFORDABLE_OR_PAST_CAPACITY""}, {""contract"": ""NSE_FO|54805|13-04-2026"", ""status"": ""ORDER_CREATED""}]",NSE_FO|54805|13-04-2026,23800.0,65,65,89.70,86.10,2026-04-10T11:50:00+05:30,58.90,2026-04-10T15:25:00+05:30,TIMED_CLOSE,-1826.23,58.23,4934.60,0.6840882694541231126596980256
earlier,ORDINARY_FAILED_ORB_TARGET,2026-04-20,2026-04-20T13:12:00+05:30,PE,4934.60,ORDINARY_FAILED_ORB,NO_AFFORDABLE_LIQUID_CONTRACT,"[{""contract"": ""NSE_FO|63437|21-04-2026"", ""status"": ""UNAFFORDABLE_OR_PAST_CAPACITY""}, {""contract"": ""NSE_FO|63435|21-04-2026"", ""status"": ""UNAFFORDABLE_OR_PAST_CAPACITY""}, {""contract"": ""NSE_FO|63431|21-04-2026"", ""status"": ""UNAFFORDABLE_OR_PAST_CAPACITY""}, {""contract"": ""NSE_FO|63429|21-04-2026"", ""status"": ""UNAFFORDABLE_OR_PAST_CAPACITY""}]",,,,,,,,,,,,,,
earlier,ORDINARY_FAILED_ORB_TARGET,2026-04-22,2026-04-22T10:48:00+05:30,CE,4934.60,ORDINARY_FAILED_ORB,NO_AFFORDABLE_LIQUID_CONTRACT,"[{""contract"": ""NSE_FO|72323|28-04-2026"", ""status"": ""UNAFFORDABLE_OR_PAST_CAPACITY""}, {""contract"": ""NSE_FO|72325|28-04-2026"", ""status"": ""UNAFFORDABLE_OR_PAST_CAPACITY""}, {""contract"": ""NSE_FO|72327|28-04-2026"", ""status"": ""UNAFFORDABLE_OR_PAST_CAPACITY""}, {""contract"": ""NSE_FO|72329|28-04-2026"", ""status"": ""UNAFFORDABLE_OR_PAST_CAPACITY""}]",,,,,,,,,,,,,,
earlier,ORDINARY_FAILED_ORB_TARGET,2026-04-23,2026-04-23T10:32:00+05:30,PE,4934.60,ORDINARY_FAILED_ORB,NO_AFFORDABLE_LIQUID_CONTRACT,"[{""contract"": ""NSE_FO|72278|28-04-2026"", ""status"": ""UNAFFORDABLE_OR_PAST_CAPACITY""}, {""contract"": ""NSE_FO|72272|28-04-2026"", ""status"": ""UNAFFORDABLE_OR_PAST_CAPACITY""}, {""contract"": ""NSE_FO|72270|28-04-2026"", ""status"": ""UNAFFORDABLE_OR_PAST_CAPACITY""}, {""contract"": ""NSE_FO|72268|28-04-2026"", ""status"": ""UNAFFORDABLE_OR_PAST_CAPACITY""}]",,,,,,,,,,,,,,
earlier,ORDINARY_FAILED_ORB_TARGET,2026-04-27,2026-04-27T11:35:00+05:30,PE,4934.60,ORDINARY_FAILED_ORB,MODELED_LIMIT_MISS,"[{""contract"": ""NSE_FO|72264|28-04-2026"", ""status"": ""UNAFFORDABLE_OR_PAST_CAPACITY""}, {""contract"": ""NSE_FO|72262|28-04-2026"", ""status"": ""UNAFFORDABLE_OR_PAST_CAPACITY""}, {""contract"": ""NSE_FO|72260|28-04-2026"", ""status"": ""ORDER_CREATED""}]",NSE_FO|72260|28-04-2026,23900.0,65,65,59.80,,,,,,,,,
earlier,ORDINARY_FAILED_ORB_TARGET,2026-04-30,2026-04-30T12:11:00+05:30,CE,4934.60,ORDINARY_FAILED_ORB,NO_AFFORDABLE_LIQUID_CONTRACT,"[{""contract"": ""NSE_FO|74131|05-05-2026"", ""status"": ""UNAFFORDABLE_OR_PAST_CAPACITY""}, {""contract"": ""NSE_FO|74133|05-05-2026"", ""status"": ""UNAFFORDABLE_OR_PAST_CAPACITY""}, {""contract"": ""NSE_FO|74135|05-05-2026"", ""status"": ""UNAFFORDABLE_OR_PAST_CAPACITY""}, {""contract"": ""NSE_FO|74147|05-05-2026"", ""status"": ""UNAFFORDABLE_OR_PAST_CAPACITY""}]",,,,,,,,,,,,,,
earlier,ORDINARY_FAILED_ORB_TARGET,2026-05-04,2026-05-04T14:13:00+05:30,CE,4934.60,ORDINARY_FAILED_ORB,NO_AFFORDABLE_LIQUID_CONTRACT,"[{""contract"": ""NSE_FO|74157|05-05-2026"", ""status"": ""UNAFFORDABLE_OR_PAST_CAPACITY""}, {""contract"": ""NSE_FO|74165|05-05-2026"", ""status"": ""UNAFFORDABLE_OR_PAST_CAPACITY""}, {""contract"": ""NSE_FO|74167|05-05-2026"", ""status"": ""UNAFFORDABLE_OR_PAST_CAPACITY""}, {""contract"": ""NSE_FO|74169|05-05-2026"", ""status"": ""UNAFFORDABLE_OR_PAST_CAPACITY""}]",,,,,,,,,,,,,,
earlier,ORDINARY_FAILED_ORB_TARGET,2026-05-06,2026-05-06T14:22:00+05:30,CE,4934.60,ORDINARY_FAILED_ORB,NO_AFFORDABLE_LIQUID_CONTRACT,"[{""contract"": ""NSE_FO|41762|12-05-2026"", ""status"": ""UNAFFORDABLE_OR_PAST_CAPACITY""}, {""contract"": ""NSE_FO|41774|12-05-2026"", ""status"": ""UNAFFORDABLE_OR_PAST_CAPACITY""}, {""contract"": ""NSE_FO|41778|12-05-2026"", ""status"": ""UNAFFORDABLE_OR_PAST_CAPACITY""}, {""contract"": ""NSE_FO|41784|12-05-2026"", ""status"": ""UNAFFORDABLE_OR_PAST_CAPACITY""}]",,,,,,,,,,,,,,
earlier,ORDINARY_FAILED_ORB_TARGET,2026-05-07,2026-05-07T13:19:00+05:30,PE,4934.60,ORDINARY_FAILED_ORB,NO_AFFORDABLE_LIQUID_CONTRACT,"[{""contract"": ""NSE_FO|41785|12-05-2026"", ""status"": ""UNAFFORDABLE_OR_PAST_CAPACITY""}, {""contract"": ""NSE_FO|41779|12-05-2026"", ""status"": ""UNAFFORDABLE_OR_PAST_CAPACITY""}, {""contract"": ""NSE_FO|41777|12-05-2026"", ""status"": ""UNAFFORDABLE_OR_PAST_CAPACITY""}, {""contract"": ""NSE_FO|41763|12-05-2026"", ""status"": ""UNAFFORDABLE_OR_PAST_CAPACITY""}]",,,,,,,,,,,,,,
earlier,ORDINARY_FAILED_ORB_TARGET,2026-05-08,2026-05-08T14:33:00+05:30,CE,4934.60,ORDINARY_FAILED_ORB,NO_AFFORDABLE_LIQUID_CONTRACT,"[{""contract"": ""NSE_FO|41762|12-05-2026"", ""status"": ""UNAFFORDABLE_OR_PAST_CAPACITY""}, {""contract"": ""NSE_FO|41774|12-05-2026"", ""status"": ""UNAFFORDABLE_OR_PAST_CAPACITY""}, {""contract"": ""NSE_FO|41778|12-05-2026"", ""status"": ""UNAFFORDABLE_OR_PAST_CAPACITY""}, {""contract"": ""NSE_FO|41784|12-05-2026"", ""status"": ""UNAFFORDABLE_OR_PAST_CAPACITY""}]",,,,,,,,,,,,,,
earlier,ORDINARY_FAILED_ORB_TARGET,2026-05-13,2026-05-13T14:21:00+05:30,PE,4934.60,ORDINARY_FAILED_ORB,NO_AFFORDABLE_LIQUID_CONTRACT,"[{""contract"": ""NSE_FO|51353|19-05-2026"", ""status"": ""UNAFFORDABLE_OR_PAST_CAPACITY""}, {""contract"": ""NSE_FO|51349|19-05-2026"", ""status"": ""UNAFFORDABLE_OR_PAST_CAPACITY""}, {""contract"": ""NSE_FO|51347|19-05-2026"", ""status"": ""UNAFFORDABLE_OR_PAST_CAPACITY""}, {""contract"": ""NSE_FO|51325|19-05-2026"", ""status"": ""UNAFFORDABLE_OR_PAST_CAPACITY""}]",,,,,,,,,,,,,,
earlier,ORDINARY_FAILED_ORB_TARGET,2026-05-14,2026-05-14T10:36:00+05:30,CE,4934.60,ORDINARY_FAILED_ORB,NO_AFFORDABLE_LIQUID_CONTRACT,"[{""contract"": ""NSE_FO|51356|19-05-2026"", ""status"": ""UNAFFORDABLE_OR_PAST_CAPACITY""}, {""contract"": ""NSE_FO|51358|19-05-2026"", ""status"": ""UNAFFORDABLE_OR_PAST_CAPACITY""}, {""contract"": ""NSE_FO|51364|19-05-2026"", ""status"": ""UNAFFORDABLE_OR_PAST_CAPACITY""}, {""contract"": ""NSE_FO|51366|19-05-2026"", ""status"": ""UNAFFORDABLE_OR_PAST_CAPACITY""}]",,,,,,,,,,,,,,
earlier,ORDINARY_FAILED_ORB_TARGET,2026-05-15,2026-05-15T11:05:00+05:30,PE,4934.60,ORDINARY_FAILED_ORB,NO_AFFORDABLE_LIQUID_CONTRACT,"[{""contract"": ""NSE_FO|51375|19-05-2026"", ""status"": ""UNAFFORDABLE_OR_PAST_CAPACITY""}, {""contract"": ""NSE_FO|51371|19-05-2026"", ""status"": ""UNAFFORDABLE_OR_PAST_CAPACITY""}, {""contract"": ""NSE_FO|51367|19-05-2026"", ""status"": ""UNAFFORDABLE_OR_PAST_CAPACITY""}, {""contract"": ""NSE_FO|51365|19-05-2026"", ""status"": ""UNAFFORDABLE_OR_PAST_CAPACITY""}]",,,,,,,,,,,,,,
earlier,ORDINARY_FAILED_ORB_TARGET,2026-05-18,2026-05-18T10:35:00+05:30,CE,4934.60,ORDINARY_FAILED_ORB,MODELED_LIMIT_MISS,"[{""contract"": ""NSE_FO|51348|19-05-2026"", ""status"": ""UNAFFORDABLE_OR_PAST_CAPACITY""}, {""contract"": ""NSE_FO|51352|19-05-2026"", ""status"": ""UNAFFORDABLE_OR_PAST_CAPACITY""}, {""contract"": ""NSE_FO|51354|19-05-2026"", ""status"": ""UNAFFORDABLE_OR_PAST_CAPACITY""}, {""contract"": ""NSE_FO|51356|19-05-2026"", ""status"": ""ORDER_CREATED""}]",NSE_FO|51356|19-05-2026,23550.0,65,65,70.75,,,,,,,,,
earlier,ORDINARY_FAILED_ORB_TARGET,2026-05-21,2026-05-21T11:29:00+05:30,CE,4934.60,ORDINARY_FAILED_ORB,NO_AFFORDABLE_LIQUID_CONTRACT,"[{""contract"": ""NSE_FO|72169|26-05-2026"", ""status"": ""UNAFFORDABLE_OR_PAST_CAPACITY""}, {""contract"": ""NSE_FO|72171|26-05-2026"", ""status"": ""UNAFFORDABLE_OR_PAST_CAPACITY""}, {""contract"": ""NSE_FO|72173|26-05-2026"", ""status"": ""UNAFFORDABLE_OR_PAST_CAPACITY""}, {""contract"": ""NSE_FO|72175|26-05-2026"", ""status"": ""UNAFFORDABLE_OR_PAST_CAPACITY""}]",,,,,,,,,,,,,,
earlier,ORDINARY_FAILED_ORB_TARGET,2026-05-22,2026-05-22T11:27:00+05:30,PE,4934.60,ORDINARY_FAILED_ORB,NO_AFFORDABLE_LIQUID_CONTRACT,"[{""contract"": ""NSE_FO|72170|26-05-2026"", ""status"": ""UNAFFORDABLE_OR_PAST_CAPACITY""}, {""contract"": ""NSE_FO|72168|26-05-2026"", ""status"": ""UNAFFORDABLE_OR_PAST_CAPACITY""}, {""contract"": ""NSE_FO|72166|26-05-2026"", ""status"": ""UNAFFORDABLE_OR_PAST_CAPACITY""}, {""contract"": ""NSE_FO|72147|26-05-2026"", ""status"": ""UNAFFORDABLE_OR_PAST_CAPACITY""}]",,,,,,,,,,,,,,
earlier,ORDINARY_FAILED_ORB_TARGET,2026-05-27,2026-05-27T11:53:00+05:30,PE,4934.60,ORDINARY_FAILED_ORB,NO_AFFORDABLE_LIQUID_CONTRACT,"[{""contract"": ""NSE_FO|57049|02-06-2026"", ""status"": ""UNAFFORDABLE_OR_PAST_CAPACITY""}, {""contract"": ""NSE_FO|57047|02-06-2026"", ""status"": ""UNAFFORDABLE_OR_PAST_CAPACITY""}, {""contract"": ""NSE_FO|57045|02-06-2026"", ""status"": ""UNAFFORDABLE_OR_PAST_CAPACITY""}, {""contract"": ""NSE_FO|57043|02-06-2026"", ""status"": ""UNAFFORDABLE_OR_PAST_CAPACITY""}]",,,,,,,,,,,,,,
earlier,ORDINARY_FAILED_ORB_TARGET,2026-06-03,2026-06-03T12:32:00+05:30,CE,4934.60,ORDINARY_FAILED_ORB,NO_AFFORDABLE_LIQUID_CONTRACT,"[{""contract"": ""NSE_FO|42288|09-06-2026"", ""status"": ""UNAFFORDABLE_OR_PAST_CAPACITY""}, {""contract"": ""NSE_FO|42290|09-06-2026"", ""status"": ""UNAFFORDABLE_OR_PAST_CAPACITY""}, {""contract"": ""NSE_FO|42295|09-06-2026"", ""status"": ""UNAFFORDABLE_OR_PAST_CAPACITY""}, {""contract"": ""NSE_FO|42297|09-06-2026"", ""status"": ""UNAFFORDABLE_OR_PAST_CAPACITY""}]",,,,,,,,,,,,,,
earlier,ORDINARY_FAILED_ORB_TARGET,2026-06-04,2026-06-04T13:16:00+05:30,PE,4934.60,ORDINARY_FAILED_ORB,NO_AFFORDABLE_LIQUID_CONTRACT,"[{""contract"": ""NSE_FO|42293|09-06-2026"", ""status"": ""UNAFFORDABLE_OR_PAST_CAPACITY""}, {""contract"": ""NSE_FO|42289|09-06-2026"", ""status"": ""UNAFFORDABLE_OR_PAST_CAPACITY""}, {""contract"": ""NSE_FO|42287|09-06-2026"", ""status"": ""UNAFFORDABLE_OR_PAST_CAPACITY""}, {""contract"": ""NSE_FO|42285|09-06-2026"", ""status"": ""UNAFFORDABLE_OR_PAST_CAPACITY""}]",,,,,,,,,,,,,,
earlier,ORDINARY_FAILED_ORB_TARGET,2026-06-05,2026-06-05T11:05:00+05:30,CE,4934.60,ORDINARY_FAILED_ORB,NO_AFFORDABLE_LIQUID_CONTRACT,"[{""contract"": ""NSE_FO|42297|09-06-2026"", ""status"": ""UNAFFORDABLE_OR_PAST_CAPACITY""}, {""contract"": ""NSE_FO|42300|09-06-2026"", ""status"": ""UNAFFORDABLE_OR_PAST_CAPACITY""}, {""contract"": ""NSE_FO|42302|09-06-2026"", ""status"": ""UNAFFORDABLE_OR_PAST_CAPACITY""}, {""contract"": ""NSE_FO|42304|09-06-2026"", ""status"": ""UNAFFORDABLE_OR_PAST_CAPACITY""}]",,,,,,,,,,,,,,
earlier,ORDINARY_FAILED_ORB_TARGET,2026-06-08,2026-06-08T13:42:00+05:30,PE,4934.60,ORDINARY_FAILED_ORB,MODELED_EXIT,"[{""contract"": ""NSE_FO|42285|09-06-2026"", ""status"": ""UNAFFORDABLE_OR_PAST_CAPACITY""}, {""contract"": ""NSE_FO|42279|09-06-2026"", ""status"": ""UNAFFORDABLE_OR_PAST_CAPACITY""}, {""contract"": ""NSE_FO|42273|09-06-2026"", ""status"": ""ORDER_CREATED""}]",NSE_FO|42273|09-06-2026,23100.0,65,65,71.40,69.40,2026-06-08T13:43:00+05:30,83.65,2026-06-08T15:25:00+05:30,TIMED_CLOSE,864.80,61.45,5799.40,1.205331412103746397694524496
earlier,ORDINARY_FAILED_ORB_TARGET,2026-06-10,2026-06-10T12:44:00+05:30,PE,5799.40,ORDINARY_FAILED_ORB,NO_AFFORDABLE_LIQUID_CONTRACT,"[{""contract"": ""NSE_FO|50573|16-06-2026"", ""status"": ""UNAFFORDABLE_OR_PAST_CAPACITY""}, {""contract"": ""NSE_FO|50571|16-06-2026"", ""status"": ""UNAFFORDABLE_OR_PAST_CAPACITY""}, {""contract"": ""NSE_FO|50569|16-06-2026"", ""status"": ""UNAFFORDABLE_OR_PAST_CAPACITY""}, {""contract"": ""NSE_FO|50566|16-06-2026"", ""status"": ""UNAFFORDABLE_OR_PAST_CAPACITY""}]",,,,,,,,,,,,,,
earlier,ORDINARY_FAILED_ORB_TARGET,2026-06-12,2026-06-12T11:15:00+05:30,CE,5799.40,ORDINARY_FAILED_ORB,MODELED_EXIT,"[{""contract"": ""NSE_FO|50574|16-06-2026"", ""status"": ""UNAFFORDABLE_OR_PAST_CAPACITY""}, {""contract"": ""NSE_FO|50576|16-06-2026"", ""status"": ""UNAFFORDABLE_OR_PAST_CAPACITY""}, {""contract"": ""NSE_FO|50585|16-06-2026"", ""status"": ""UNAFFORDABLE_OR_PAST_CAPACITY""}, {""contract"": ""NSE_FO|50591|16-06-2026"", ""status"": ""ORDER_CREATED""}]",NSE_FO|50591|16-06-2026,23550.0,65,65,66.80,63.55,2026-06-12T11:16:00+05:30,127.10,2026-06-12T13:58:00+05:30,TARGET_2X,4064.29,66.46,9863.69,2
earlier,ORDINARY_FAILED_ORB_TARGET,2026-06-17,2026-06-17T12:26:00+05:30,PE,9863.69,ORDINARY_FAILED_ORB,MODELED_EXIT,"[{""contract"": ""NSE_FO|56375|23-06-2026"", ""status"": ""UNAFFORDABLE_OR_PAST_CAPACITY""}, {""contract"": ""NSE_FO|56373|23-06-2026"", ""status"": ""UNAFFORDABLE_OR_PAST_CAPACITY""}, {""contract"": ""NSE_FO|56371|23-06-2026"", ""status"": ""ORDER_CREATED""}]",NSE_FO|56371|23-06-2026,23950.0,65,65,131.85,126.5,2026-06-17T12:27:00+05:30,92.75,2026-06-17T15:25:00+05:30,TIMED_CLOSE,-2258.01,64.26,7605.68,0.7332015810276679841897233202
earlier,ORDINARY_FAILED_ORB_TARGET,2026-06-18,2026-06-18T12:28:00+05:30,CE,7605.68,ORDINARY_FAILED_ORB,MODELED_LIMIT_MISS,"[{""contract"": ""NSE_FO|56376|23-06-2026"", ""status"": ""UNAFFORDABLE_OR_PAST_CAPACITY""}, {""contract"": ""NSE_FO|56380|23-06-2026"", ""status"": ""ORDER_CREATED""}]",NSE_FO|56380|23-06-2026,24150.0,65,65,104.70,,,,,,,,,
earlier,ORDINARY_FAILED_ORB_TARGET,2026-06-19,2026-06-19T14:06:00+05:30,CE,7605.68,ORDINARY_FAILED_ORB,MODELED_EXIT,"[{""contract"": ""NSE_FO|56372|23-06-2026"", ""status"": ""UNAFFORDABLE_OR_PAST_CAPACITY""}, {""contract"": ""NSE_FO|56374|23-06-2026"", ""status"": ""ORDER_CREATED""}]",NSE_FO|56374|23-06-2026,24050.0,65,65,100.45,93.55,2026-06-19T14:07:00+05:30,94.45,2026-06-19T15:25:00+05:30,TIMED_CLOSE,-4.90,63.40,7600.78,1.009620523784072688401924105
earlier,ORDINARY_FAILED_ORB_TRAIL,2026-04-01,2026-04-01T12:04:00+05:30,CE,9411.18,ORDINARY_FAILED_ORB,NO_AFFORDABLE_LIQUID_CONTRACT,"[{""contract"": ""NSE_FO|40754|07-04-2026"", ""status"": ""UNAFFORDABLE_OR_PAST_CAPACITY""}, {""contract"": ""NSE_FO|40761|07-04-2026"", ""status"": ""UNAFFORDABLE_OR_PAST_CAPACITY""}, {""contract"": ""NSE_FO|40770|07-04-2026"", ""status"": ""UNAFFORDABLE_OR_PAST_CAPACITY""}, {""contract"": ""NSE_FO|40772|07-04-2026"", ""status"": ""UNAFFORDABLE_OR_PAST_CAPACITY""}]",,,,,,,,,,,,,,
earlier,ORDINARY_FAILED_ORB_TRAIL,2026-04-02,2026-04-02T11:33:00+05:30,CE,9411.18,ORDINARY_FAILED_ORB,NO_AFFORDABLE_LIQUID_CONTRACT,"[{""contract"": ""NSE_FO|40714|07-04-2026"", ""status"": ""UNAFFORDABLE_OR_PAST_CAPACITY""}, {""contract"": ""NSE_FO|40718|07-04-2026"", ""status"": ""UNAFFORDABLE_OR_PAST_CAPACITY""}, {""contract"": ""NSE_FO|40724|07-04-2026"", ""status"": ""UNAFFORDABLE_OR_PAST_CAPACITY""}, {""contract"": ""NSE_FO|40726|07-04-2026"", ""status"": ""UNAFFORDABLE_OR_PAST_CAPACITY""}]",,,,,,,,,,,,,,
earlier,ORDINARY_FAILED_ORB_TRAIL,2026-04-06,2026-04-06T10:16:00+05:30,CE,9411.18,ORDINARY_FAILED_ORB,NO_AFFORDABLE_LIQUID_CONTRACT,"[{""contract"": ""NSE_FO|40740|07-04-2026"", ""status"": ""UNAFFORDABLE_OR_PAST_CAPACITY""}, {""contract"": ""NSE_FO|40742|07-04-2026"", ""status"": ""UNAFFORDABLE_OR_PAST_CAPACITY""}, {""contract"": ""NSE_FO|40747|07-04-2026"", ""status"": ""UNAFFORDABLE_OR_PAST_CAPACITY""}, {""contract"": ""NSE_FO|40752|07-04-2026"", ""status"": ""UNAFFORDABLE_OR_PAST_CAPACITY""}]",,,,,,,,,,,,,,
earlier,ORDINARY_FAILED_ORB_TRAIL,2026-04-08,2026-04-08T12:33:00+05:30,PE,9411.18,ORDINARY_FAILED_ORB,NO_AFFORDABLE_LIQUID_CONTRACT,"[{""contract"": ""NSE_FO|54809|13-04-2026"", ""status"": ""UNAFFORDABLE_OR_PAST_CAPACITY""}, {""contract"": ""NSE_FO|54807|13-04-2026"", ""status"": ""UNAFFORDABLE_OR_PAST_CAPACITY""}, {""contract"": ""NSE_FO|54805|13-04-2026"", ""status"": ""UNAFFORDABLE_OR_PAST_CAPACITY""}, {""contract"": ""NSE_FO|54803|13-04-2026"", ""status"": ""UNAFFORDABLE_OR_PAST_CAPACITY""}]",,,,,,,,,,,,,,
earlier,ORDINARY_FAILED_ORB_TRAIL,2026-04-09,2026-04-09T11:50:00+05:30,CE,9411.18,ORDINARY_FAILED_ORB,MODELED_EXIT,"[{""contract"": ""NSE_FO|54808|13-04-2026"", ""status"": ""UNAFFORDABLE_OR_PAST_CAPACITY""}, {""contract"": ""NSE_FO|54810|13-04-2026"", ""status"": ""UNAFFORDABLE_OR_PAST_CAPACITY""}, {""contract"": ""NSE_FO|54812|13-04-2026"", ""status"": ""UNAFFORDABLE_OR_PAST_CAPACITY""}, {""contract"": ""NSE_FO|54816|13-04-2026"", ""status"": ""ORDER_CREATED""}]",NSE_FO|54816|13-04-2026,24050.0,65,65,135.60,131.40,2026-04-09T11:51:00+05:30,66.05,2026-04-09T14:32:00+05:30,STOP,-4308.40,60.65,5102.78,0.5026636225266362252663622527
earlier,ORDINARY_FAILED_ORB_TRAIL,2026-04-10,2026-04-10T11:49:00+05:30,PE,5102.78,ORDINARY_FAILED_ORB,NO_AFFORDABLE_LIQUID_CONTRACT,"[{""contract"": ""NSE_FO|54811|13-04-2026"", ""status"": ""UNAFFORDABLE_OR_PAST_CAPACITY""}, {""contract"": ""NSE_FO|54809|13-04-2026"", ""status"": ""UNAFFORDABLE_OR_PAST_CAPACITY""}, {""contract"": ""NSE_FO|54807|13-04-2026"", ""status"": ""UNAFFORDABLE_OR_PAST_CAPACITY""}, {""contract"": ""NSE_FO|54805|13-04-2026"", ""status"": ""UNAFFORDABLE_OR_PAST_CAPACITY""}]",,,,,,,,,,,,,,
earlier,ORDINARY_FAILED_ORB_TRAIL,2026-04-20,2026-04-20T13:12:00+05:30,PE,5102.78,ORDINARY_FAILED_ORB,NO_AFFORDABLE_LIQUID_CONTRACT,"[{""contract"": ""NSE_FO|63437|21-04-2026"", ""status"": ""UNAFFORDABLE_OR_PAST_CAPACITY""}, {""contract"": ""NSE_FO|63435|21-04-2026"", ""status"": ""UNAFFORDABLE_OR_PAST_CAPACITY""}, {""contract"": ""NSE_FO|63431|21-04-2026"", ""status"": ""UNAFFORDABLE_OR_PAST_CAPACITY""}, {""contract"": ""NSE_FO|63429|21-04-2026"", ""status"": ""UNAFFORDABLE_OR_PAST_CAPACITY""}]",,,,,,,,,,,,,,
earlier,ORDINARY_FAILED_ORB_TRAIL,2026-04-22,2026-04-22T10:48:00+05:30,CE,5102.78,ORDINARY_FAILED_ORB,NO_AFFORDABLE_LIQUID_CONTRACT,"[{""contract"": ""NSE_FO|72323|28-04-2026"", ""status"": ""UNAFFORDABLE_OR_PAST_CAPACITY""}, {""contract"": ""NSE_FO|72325|28-04-2026"", ""status"": ""UNAFFORDABLE_OR_PAST_CAPACITY""}, {""contract"": ""NSE_FO|72327|28-04-2026"", ""status"": ""UNAFFORDABLE_OR_PAST_CAPACITY""}, {""contract"": ""NSE_FO|72329|28-04-2026"", ""status"": ""UNAFFORDABLE_OR_PAST_CAPACITY""}]",,,,,,,,,,,,,,
earlier,ORDINARY_FAILED_ORB_TRAIL,2026-04-23,2026-04-23T10:32:00+05:30,PE,5102.78,ORDINARY_FAILED_ORB,NO_AFFORDABLE_LIQUID_CONTRACT,"[{""contract"": ""NSE_FO|72278|28-04-2026"", ""status"": ""UNAFFORDABLE_OR_PAST_CAPACITY""}, {""contract"": ""NSE_FO|72272|28-04-2026"", ""status"": ""UNAFFORDABLE_OR_PAST_CAPACITY""}, {""contract"": ""NSE_FO|72270|28-04-2026"", ""status"": ""UNAFFORDABLE_OR_PAST_CAPACITY""}, {""contract"": ""NSE_FO|72268|28-04-2026"", ""status"": ""UNAFFORDABLE_OR_PAST_CAPACITY""}]",,,,,,,,,,,,,,
earlier,ORDINARY_FAILED_ORB_TRAIL,2026-04-27,2026-04-27T11:35:00+05:30,PE,5102.78,ORDINARY_FAILED_ORB,MODELED_LIMIT_MISS,"[{""contract"": ""NSE_FO|72264|28-04-2026"", ""status"": ""UNAFFORDABLE_OR_PAST_CAPACITY""}, {""contract"": ""NSE_FO|72262|28-04-2026"", ""status"": ""UNAFFORDABLE_OR_PAST_CAPACITY""}, {""contract"": ""NSE_FO|72260|28-04-2026"", ""status"": ""ORDER_CREATED""}]",NSE_FO|72260|28-04-2026,23900.0,65,65,59.80,,,,,,,,,
earlier,ORDINARY_FAILED_ORB_TRAIL,2026-04-30,2026-04-30T12:11:00+05:30,CE,5102.78,ORDINARY_FAILED_ORB,NO_AFFORDABLE_LIQUID_CONTRACT,"[{""contract"": ""NSE_FO|74131|05-05-2026"", ""status"": ""UNAFFORDABLE_OR_PAST_CAPACITY""}, {""contract"": ""NSE_FO|74133|05-05-2026"", ""status"": ""UNAFFORDABLE_OR_PAST_CAPACITY""}, {""contract"": ""NSE_FO|74135|05-05-2026"", ""status"": ""UNAFFORDABLE_OR_PAST_CAPACITY""}, {""contract"": ""NSE_FO|74147|05-05-2026"", ""status"": ""UNAFFORDABLE_OR_PAST_CAPACITY""}]",,,,,,,,,,,,,,
earlier,ORDINARY_FAILED_ORB_TRAIL,2026-05-04,2026-05-04T14:13:00+05:30,CE,5102.78,ORDINARY_FAILED_ORB,NO_AFFORDABLE_LIQUID_CONTRACT,"[{""contract"": ""NSE_FO|74157|05-05-2026"", ""status"": ""UNAFFORDABLE_OR_PAST_CAPACITY""}, {""contract"": ""NSE_FO|74165|05-05-2026"", ""status"": ""UNAFFORDABLE_OR_PAST_CAPACITY""}, {""contract"": ""NSE_FO|74167|05-05-2026"", ""status"": ""UNAFFORDABLE_OR_PAST_CAPACITY""}, {""contract"": ""NSE_FO|74169|05-05-2026"", ""status"": ""UNAFFORDABLE_OR_PAST_CAPACITY""}]",,,,,,,,,,,,,,
earlier,ORDINARY_FAILED_ORB_TRAIL,2026-05-06,2026-05-06T14:22:00+05:30,CE,5102.78,ORDINARY_FAILED_ORB,NO_AFFORDABLE_LIQUID_CONTRACT,"[{""contract"": ""NSE_FO|41762|12-05-2026"", ""status"": ""UNAFFORDABLE_OR_PAST_CAPACITY""}, {""contract"": ""NSE_FO|41774|12-05-2026"", ""status"": ""UNAFFORDABLE_OR_PAST_CAPACITY""}, {""contract"": ""NSE_FO|41778|12-05-2026"", ""status"": ""UNAFFORDABLE_OR_PAST_CAPACITY""}, {""contract"": ""NSE_FO|41784|12-05-2026"", ""status"": ""UNAFFORDABLE_OR_PAST_CAPACITY""}]",,,,,,,,,,,,,,
earlier,ORDINARY_FAILED_ORB_TRAIL,2026-05-07,2026-05-07T13:19:00+05:30,PE,5102.78,ORDINARY_FAILED_ORB,NO_AFFORDABLE_LIQUID_CONTRACT,"[{""contract"": ""NSE_FO|41785|12-05-2026"", ""status"": ""UNAFFORDABLE_OR_PAST_CAPACITY""}, {""contract"": ""NSE_FO|41779|12-05-2026"", ""status"": ""UNAFFORDABLE_OR_PAST_CAPACITY""}, {""contract"": ""NSE_FO|41777|12-05-2026"", ""status"": ""UNAFFORDABLE_OR_PAST_CAPACITY""}, {""contract"": ""NSE_FO|41763|12-05-2026"", ""status"": ""UNAFFORDABLE_OR_PAST_CAPACITY""}]",,,,,,,,,,,,,,
earlier,ORDINARY_FAILED_ORB_TRAIL,2026-05-08,2026-05-08T14:33:00+05:30,CE,5102.78,ORDINARY_FAILED_ORB,NO_AFFORDABLE_LIQUID_CONTRACT,"[{""contract"": ""NSE_FO|41762|12-05-2026"", ""status"": ""UNAFFORDABLE_OR_PAST_CAPACITY""}, {""contract"": ""NSE_FO|41774|12-05-2026"", ""status"": ""UNAFFORDABLE_OR_PAST_CAPACITY""}, {""contract"": ""NSE_FO|41778|12-05-2026"", ""status"": ""UNAFFORDABLE_OR_PAST_CAPACITY""}, {""contract"": ""NSE_FO|41784|12-05-2026"", ""status"": ""UNAFFORDABLE_OR_PAST_CAPACITY""}]",,,,,,,,,,,,,,
earlier,ORDINARY_FAILED_ORB_TRAIL,2026-05-13,2026-05-13T14:21:00+05:30,PE,5102.78,ORDINARY_FAILED_ORB,NO_AFFORDABLE_LIQUID_CONTRACT,"[{""contract"": ""NSE_FO|51353|19-05-2026"", ""status"": ""UNAFFORDABLE_OR_PAST_CAPACITY""}, {""contract"": ""NSE_FO|51349|19-05-2026"", ""status"": ""UNAFFORDABLE_OR_PAST_CAPACITY""}, {""contract"": ""NSE_FO|51347|19-05-2026"", ""status"": ""UNAFFORDABLE_OR_PAST_CAPACITY""}, {""contract"": ""NSE_FO|51325|19-05-2026"", ""status"": ""UNAFFORDABLE_OR_PAST_CAPACITY""}]",,,,,,,,,,,,,,
earlier,ORDINARY_FAILED_ORB_TRAIL,2026-05-14,2026-05-14T10:36:00+05:30,CE,5102.78,ORDINARY_FAILED_ORB,NO_AFFORDABLE_LIQUID_CONTRACT,"[{""contract"": ""NSE_FO|51356|19-05-2026"", ""status"": ""UNAFFORDABLE_OR_PAST_CAPACITY""}, {""contract"": ""NSE_FO|51358|19-05-2026"", ""status"": ""UNAFFORDABLE_OR_PAST_CAPACITY""}, {""contract"": ""NSE_FO|51364|19-05-2026"", ""status"": ""UNAFFORDABLE_OR_PAST_CAPACITY""}, {""contract"": ""NSE_FO|51366|19-05-2026"", ""status"": ""UNAFFORDABLE_OR_PAST_CAPACITY""}]",,,,,,,,,,,,,,
earlier,ORDINARY_FAILED_ORB_TRAIL,2026-05-15,2026-05-15T11:05:00+05:30,PE,5102.78,ORDINARY_FAILED_ORB,NO_AFFORDABLE_LIQUID_CONTRACT,"[{""contract"": ""NSE_FO|51375|19-05-2026"", ""status"": ""UNAFFORDABLE_OR_PAST_CAPACITY""}, {""contract"": ""NSE_FO|51371|19-05-2026"", ""status"": ""UNAFFORDABLE_OR_PAST_CAPACITY""}, {""contract"": ""NSE_FO|51367|19-05-2026"", ""status"": ""UNAFFORDABLE_OR_PAST_CAPACITY""}, {""contract"": ""NSE_FO|51365|19-05-2026"", ""status"": ""UNAFFORDABLE_OR_PAST_CAPACITY""}]",,,,,,,,,,,,,,
earlier,ORDINARY_FAILED_ORB_TRAIL,2026-05-18,2026-05-18T10:35:00+05:30,CE,5102.78,ORDINARY_FAILED_ORB,MODELED_LIMIT_MISS,"[{""contract"": ""NSE_FO|51348|19-05-2026"", ""status"": ""UNAFFORDABLE_OR_PAST_CAPACITY""}, {""contract"": ""NSE_FO|51352|19-05-2026"", ""status"": ""UNAFFORDABLE_OR_PAST_CAPACITY""}, {""contract"": ""NSE_FO|51354|19-05-2026"", ""status"": ""UNAFFORDABLE_OR_PAST_CAPACITY""}, {""contract"": ""NSE_FO|51356|19-05-2026"", ""status"": ""ORDER_CREATED""}]",NSE_FO|51356|19-05-2026,23550.0,65,65,70.75,,,,,,,,,
earlier,ORDINARY_FAILED_ORB_TRAIL,2026-05-21,2026-05-21T11:29:00+05:30,CE,5102.78,ORDINARY_FAILED_ORB,NO_AFFORDABLE_LIQUID_CONTRACT,"[{""contract"": ""NSE_FO|72169|26-05-2026"", ""status"": ""UNAFFORDABLE_OR_PAST_CAPACITY""}, {""contract"": ""NSE_FO|72171|26-05-2026"", ""status"": ""UNAFFORDABLE_OR_PAST_CAPACITY""}, {""contract"": ""NSE_FO|72173|26-05-2026"", ""status"": ""UNAFFORDABLE_OR_PAST_CAPACITY""}, {""contract"": ""NSE_FO|72175|26-05-2026"", ""status"": ""UNAFFORDABLE_OR_PAST_CAPACITY""}]",,,,,,,,,,,,,,
earlier,ORDINARY_FAILED_ORB_TRAIL,2026-05-22,2026-05-22T11:27:00+05:30,PE,5102.78,ORDINARY_FAILED_ORB,NO_AFFORDABLE_LIQUID_CONTRACT,"[{""contract"": ""NSE_FO|72170|26-05-2026"", ""status"": ""UNAFFORDABLE_OR_PAST_CAPACITY""}, {""contract"": ""NSE_FO|72168|26-05-2026"", ""status"": ""UNAFFORDABLE_OR_PAST_CAPACITY""}, {""contract"": ""NSE_FO|72166|26-05-2026"", ""status"": ""UNAFFORDABLE_OR_PAST_CAPACITY""}, {""contract"": ""NSE_FO|72147|26-05-2026"", ""status"": ""UNAFFORDABLE_OR_PAST_CAPACITY""}]",,,,,,,,,,,,,,
earlier,ORDINARY_FAILED_ORB_TRAIL,2026-05-27,2026-05-27T11:53:00+05:30,PE,5102.78,ORDINARY_FAILED_ORB,NO_AFFORDABLE_LIQUID_CONTRACT,"[{""contract"": ""NSE_FO|57049|02-06-2026"", ""status"": ""UNAFFORDABLE_OR_PAST_CAPACITY""}, {""contract"": ""NSE_FO|57047|02-06-2026"", ""status"": ""UNAFFORDABLE_OR_PAST_CAPACITY""}, {""contract"": ""NSE_FO|57045|02-06-2026"", ""status"": ""UNAFFORDABLE_OR_PAST_CAPACITY""}, {""contract"": ""NSE_FO|57043|02-06-2026"", ""status"": ""UNAFFORDABLE_OR_PAST_CAPACITY""}]",,,,,,,,,,,,,,
earlier,ORDINARY_FAILED_ORB_TRAIL,2026-06-03,2026-06-03T12:32:00+05:30,CE,5102.78,ORDINARY_FAILED_ORB,NO_AFFORDABLE_LIQUID_CONTRACT,"[{""contract"": ""NSE_FO|42288|09-06-2026"", ""status"": ""UNAFFORDABLE_OR_PAST_CAPACITY""}, {""contract"": ""NSE_FO|42290|09-06-2026"", ""status"": ""UNAFFORDABLE_OR_PAST_CAPACITY""}, {""contract"": ""NSE_FO|42295|09-06-2026"", ""status"": ""UNAFFORDABLE_OR_PAST_CAPACITY""}, {""contract"": ""NSE_FO|42297|09-06-2026"", ""status"": ""UNAFFORDABLE_OR_PAST_CAPACITY""}]",,,,,,,,,,,,,,
earlier,ORDINARY_FAILED_ORB_TRAIL,2026-06-04,2026-06-04T13:16:00+05:30,PE,5102.78,ORDINARY_FAILED_ORB,NO_AFFORDABLE_LIQUID_CONTRACT,"[{""contract"": ""NSE_FO|42293|09-06-2026"", ""status"": ""UNAFFORDABLE_OR_PAST_CAPACITY""}, {""contract"": ""NSE_FO|42289|09-06-2026"", ""status"": ""UNAFFORDABLE_OR_PAST_CAPACITY""}, {""contract"": ""NSE_FO|42287|09-06-2026"", ""status"": ""UNAFFORDABLE_OR_PAST_CAPACITY""}, {""contract"": ""NSE_FO|42285|09-06-2026"", ""status"": ""UNAFFORDABLE_OR_PAST_CAPACITY""}]",,,,,,,,,,,,,,
earlier,ORDINARY_FAILED_ORB_TRAIL,2026-06-05,2026-06-05T11:05:00+05:30,CE,5102.78,ORDINARY_FAILED_ORB,NO_AFFORDABLE_LIQUID_CONTRACT,"[{""contract"": ""NSE_FO|42297|09-06-2026"", ""status"": ""UNAFFORDABLE_OR_PAST_CAPACITY""}, {""contract"": ""NSE_FO|42300|09-06-2026"", ""status"": ""UNAFFORDABLE_OR_PAST_CAPACITY""}, {""contract"": ""NSE_FO|42302|09-06-2026"", ""status"": ""UNAFFORDABLE_OR_PAST_CAPACITY""}, {""contract"": ""NSE_FO|42304|09-06-2026"", ""status"": ""UNAFFORDABLE_OR_PAST_CAPACITY""}]",,,,,,,,,,,,,,
earlier,ORDINARY_FAILED_ORB_TRAIL,2026-06-08,2026-06-08T13:42:00+05:30,PE,5102.78,ORDINARY_FAILED_ORB,MODELED_EXIT,"[{""contract"": ""NSE_FO|42285|09-06-2026"", ""status"": ""UNAFFORDABLE_OR_PAST_CAPACITY""}, {""contract"": ""NSE_FO|42279|09-06-2026"", ""status"": ""UNAFFORDABLE_OR_PAST_CAPACITY""}, {""contract"": ""NSE_FO|42273|09-06-2026"", ""status"": ""ORDER_CREATED""}]",NSE_FO|42273|09-06-2026,23100.0,65,65,71.40,69.40,2026-06-08T13:43:00+05:30,83.65,2026-06-08T15:25:00+05:30,TIMED_CLOSE,864.80,61.45,5967.58,1.205331412103746397694524496
earlier,ORDINARY_FAILED_ORB_TRAIL,2026-06-10,2026-06-10T12:44:00+05:30,PE,5967.58,ORDINARY_FAILED_ORB,NO_AFFORDABLE_LIQUID_CONTRACT,"[{""contract"": ""NSE_FO|50573|16-06-2026"", ""status"": ""UNAFFORDABLE_OR_PAST_CAPACITY""}, {""contract"": ""NSE_FO|50571|16-06-2026"", ""status"": ""UNAFFORDABLE_OR_PAST_CAPACITY""}, {""contract"": ""NSE_FO|50569|16-06-2026"", ""status"": ""UNAFFORDABLE_OR_PAST_CAPACITY""}, {""contract"": ""NSE_FO|50566|16-06-2026"", ""status"": ""UNAFFORDABLE_OR_PAST_CAPACITY""}]",,,,,,,,,,,,,,
earlier,ORDINARY_FAILED_ORB_TRAIL,2026-06-12,2026-06-12T11:15:00+05:30,CE,5967.58,ORDINARY_FAILED_ORB,MODELED_EXIT,"[{""contract"": ""NSE_FO|50574|16-06-2026"", ""status"": ""UNAFFORDABLE_OR_PAST_CAPACITY""}, {""contract"": ""NSE_FO|50576|16-06-2026"", ""status"": ""UNAFFORDABLE_OR_PAST_CAPACITY""}, {""contract"": ""NSE_FO|50585|16-06-2026"", ""status"": ""ORDER_CREATED""}]",NSE_FO|50585|16-06-2026,23500.0,65,65,85.75,81.60,2026-06-12T11:16:00+05:30,211.85,2026-06-12T15:25:00+05:30,TIMED_CLOSE,8388.97,77.28,14356.55,2.596200980392156862745098039
earlier,ORDINARY_FAILED_ORB_TRAIL,2026-06-17,2026-06-17T12:26:00+05:30,PE,14356.55,ORDINARY_FAILED_ORB,MODELED_EXIT,"[{""contract"": ""NSE_FO|56375|23-06-2026"", ""status"": ""ORDER_CREATED""}]",NSE_FO|56375|23-06-2026,24050.0,65,65,181.90,174.10,2026-06-17T12:27:00+05:30,132.85,2026-06-17T15:25:00+05:30,TIMED_CLOSE,-2750.90,69.65,11605.65,0.7630672027570361860999425617
earlier,ORDINARY_FAILED_ORB_TRAIL,2026-06-18,2026-06-18T12:28:00+05:30,CE,11605.65,ORDINARY_FAILED_ORB,MODELED_LIMIT_MISS,"[{""contract"": ""NSE_FO|56376|23-06-2026"", ""status"": ""ORDER_CREATED""}]",NSE_FO|56376|23-06-2026,24100.0,65,65,129.15,,,,,,,,,
earlier,ORDINARY_FAILED_ORB_TRAIL,2026-06-19,2026-06-19T14:06:00+05:30,CE,11605.65,ORDINARY_FAILED_ORB,MODELED_EXIT,"[{""contract"": ""NSE_FO|56372|23-06-2026"", ""status"": ""ORDER_CREATED""}]",NSE_FO|56372|23-06-2026,24000.0,65,65,125.30,117.10,2026-06-19T14:07:00+05:30,120.55,2026-06-19T15:25:00+05:30,TIMED_CLOSE,157.50,66.75,11763.15,1.029461998292058070025619129
earlier,ORDINARY_VWAP_RECLAIM_TARGET,2026-03-23,2026-03-23T14:53:00+05:30,CE,9411.18,ORDINARY_VWAP_RECLAIM,MODELED_EXIT,"[{""contract"": ""NSE_FO|62508|24-03-2026"", ""status"": ""UNAFFORDABLE_OR_PAST_CAPACITY""}, {""contract"": ""NSE_FO|62555|24-03-2026"", ""status"": ""UNAFFORDABLE_OR_PAST_CAPACITY""}, {""contract"": ""NSE_FO|62557|24-03-2026"", ""status"": ""UNAFFORDABLE_OR_PAST_CAPACITY""}, {""contract"": ""NSE_FO|62562|24-03-2026"", ""status"": ""ORDER_CREATED""}]",NSE_FO|62562|24-03-2026,22800.0,65,65,130.85,122.90,2026-03-23T14:54:00+05:30,73.10,2026-03-23T15:25:00+05:30,TIMED_CLOSE,-3298.60,61.60,6112.58,0.5947925142392188771358828316
earlier,ORDINARY_VWAP_RECLAIM_TARGET,2026-03-25,2026-03-25T14:55:00+05:30,PE,6112.58,ORDINARY_VWAP_RECLAIM,NO_AFFORDABLE_LIQUID_CONTRACT,"[{""contract"": ""NSE_FO|54513|30-03-2026"", ""status"": ""UNAFFORDABLE_OR_PAST_CAPACITY""}, {""contract"": ""NSE_FO|54511|30-03-2026"", ""status"": ""UNAFFORDABLE_OR_PAST_CAPACITY""}, {""contract"": ""NSE_FO|54509|30-03-2026"", ""status"": ""UNAFFORDABLE_OR_PAST_CAPACITY""}, {""contract"": ""NSE_FO|54507|30-03-2026"", ""status"": ""UNAFFORDABLE_OR_PAST_CAPACITY""}]",,,,,,,,,,,,,,
earlier,ORDINARY_VWAP_RECLAIM_TARGET,2026-04-10,2026-04-10T14:17:00+05:30,PE,6112.58,ORDINARY_VWAP_RECLAIM,MODELED_EXIT,"[{""contract"": ""NSE_FO|54811|13-04-2026"", ""status"": ""UNAFFORDABLE_OR_PAST_CAPACITY""}, {""contract"": ""NSE_FO|54809|13-04-2026"", ""status"": ""UNAFFORDABLE_OR_PAST_CAPACITY""}, {""contract"": ""NSE_FO|54807|13-04-2026"", ""status"": ""UNAFFORDABLE_OR_PAST_CAPACITY""}, {""contract"": ""NSE_FO|54805|13-04-2026"", ""status"": ""ORDER_CREATED""}]",NSE_FO|54805|13-04-2026,23800.0,65,65,85.15,75.90,2026-04-10T14:18:00+05:30,58.90,2026-04-10T15:25:00+05:30,TIMED_CLOSE,-1162.96,57.96,4949.62,0.7760210803689064558629776021
earlier,ORDINARY_VWAP_RECLAIM_TARGET,2026-04-15,2026-04-15T10:54:00+05:30,PE,4949.62,ORDINARY_VWAP_RECLAIM,NO_AFFORDABLE_LIQUID_CONTRACT,"[{""contract"": ""NSE_FO|63427|21-04-2026"", ""status"": ""UNAFFORDABLE_OR_PAST_CAPACITY""}, {""contract"": ""NSE_FO|63425|21-04-2026"", ""status"": ""UNAFFORDABLE_OR_PAST_CAPACITY""}, {""contract"": ""NSE_FO|63423|21-04-2026"", ""status"": ""UNAFFORDABLE_OR_PAST_CAPACITY""}, {""contract"": ""NSE_FO|63421|21-04-2026"", ""status"": ""UNAFFORDABLE_OR_PAST_CAPACITY""}]",,,,,,,,,,,,,,
earlier,ORDINARY_VWAP_RECLAIM_TARGET,2026-04-20,2026-04-20T13:24:00+05:30,PE,4949.62,ORDINARY_VWAP_RECLAIM,NO_AFFORDABLE_LIQUID_CONTRACT,"[{""contract"": ""NSE_FO|63437|21-04-2026"", ""status"": ""UNAFFORDABLE_OR_PAST_CAPACITY""}, {""contract"": ""NSE_FO|63435|21-04-2026"", ""status"": ""UNAFFORDABLE_OR_PAST_CAPACITY""}, {""contract"": ""NSE_FO|63431|21-04-2026"", ""status"": ""UNAFFORDABLE_OR_PAST_CAPACITY""}, {""contract"": ""NSE_FO|63429|21-04-2026"", ""status"": ""UNAFFORDABLE_OR_PAST_CAPACITY""}]",,,,,,,,,,,,,,
earlier,ORDINARY_VWAP_RECLAIM_TARGET,2026-04-22,2026-04-22T10:48:00+05:30,CE,4949.62,ORDINARY_VWAP_RECLAIM,NO_AFFORDABLE_LIQUID_CONTRACT,"[{""contract"": ""NSE_FO|72323|28-04-2026"", ""status"": ""UNAFFORDABLE_OR_PAST_CAPACITY""}, {""contract"": ""NSE_FO|72325|28-04-2026"", ""status"": ""UNAFFORDABLE_OR_PAST_CAPACITY""}, {""contract"": ""NSE_FO|72327|28-04-2026"", ""status"": ""UNAFFORDABLE_OR_PAST_CAPACITY""}, {""contract"": ""NSE_FO|72329|28-04-2026"", ""status"": ""UNAFFORDABLE_OR_PAST_CAPACITY""}]",,,,,,,,,,,,,,
earlier,ORDINARY_VWAP_RECLAIM_TARGET,2026-04-29,2026-04-29T14:04:00+05:30,PE,4949.62,ORDINARY_VWAP_RECLAIM,NO_AFFORDABLE_LIQUID_CONTRACT,"[{""contract"": ""NSE_FO|74168|05-05-2026"", ""status"": ""UNAFFORDABLE_OR_PAST_CAPACITY""}, {""contract"": ""NSE_FO|74166|05-05-2026"", ""status"": ""UNAFFORDABLE_OR_PAST_CAPACITY""}, {""contract"": ""NSE_FO|74164|05-05-2026"", ""status"": ""UNAFFORDABLE_OR_PAST_CAPACITY""}, {""contract"": ""NSE_FO|74156|05-05-2026"", ""status"": ""UNAFFORDABLE_OR_PAST_CAPACITY""}]",,,,,,,,,,,,,,
earlier,ORDINARY_VWAP_RECLAIM_TARGET,2026-05-07,2026-05-07T12:34:00+05:30,PE,4949.62,ORDINARY_VWAP_RECLAIM,NO_AFFORDABLE_LIQUID_CONTRACT,"[{""contract"": ""NSE_FO|41785|12-05-2026"", ""status"": ""UNAFFORDABLE_OR_PAST_CAPACITY""}, {""contract"": ""NSE_FO|41779|12-05-2026"", ""status"": ""UNAFFORDABLE_OR_PAST_CAPACITY""}, {""contract"": ""NSE_FO|41777|12-05-2026"", ""status"": ""UNAFFORDABLE_OR_PAST_CAPACITY""}, {""contract"": ""NSE_FO|41763|12-05-2026"", ""status"": ""UNAFFORDABLE_OR_PAST_CAPACITY""}]",,,,,,,,,,,,,,
earlier,ORDINARY_VWAP_RECLAIM_TARGET,2026-05-08,2026-05-08T12:29:00+05:30,CE,4949.62,ORDINARY_VWAP_RECLAIM,NO_AFFORDABLE_LIQUID_CONTRACT,"[{""contract"": ""NSE_FO|41762|12-05-2026"", ""status"": ""UNAFFORDABLE_OR_PAST_CAPACITY""}, {""contract"": ""NSE_FO|41774|12-05-2026"", ""status"": ""UNAFFORDABLE_OR_PAST_CAPACITY""}, {""contract"": ""NSE_FO|41778|12-05-2026"", ""status"": ""UNAFFORDABLE_OR_PAST_CAPACITY""}, {""contract"": ""NSE_FO|41784|12-05-2026"", ""status"": ""UNAFFORDABLE_OR_PAST_CAPACITY""}]",,,,,,,,,,,,,,
earlier,ORDINARY_VWAP_RECLAIM_TARGET,2026-05-11,2026-05-11T13:07:00+05:30,PE,4949.62,ORDINARY_VWAP_RECLAIM,MODELED_EXIT,"[{""contract"": ""NSE_FO|41747|12-05-2026"", ""status"": ""UNAFFORDABLE_OR_PAST_CAPACITY""}, {""contract"": ""NSE_FO|41745|12-05-2026"", ""status"": ""UNAFFORDABLE_OR_PAST_CAPACITY""}, {""contract"": ""NSE_FO|41743|12-05-2026"", ""status"": ""ORDER_CREATED""}]",NSE_FO|41743|12-05-2026,23800.0,65,65,60.45,54.15,2026-05-11T13:08:00+05:30,71.45,2026-05-11T15:25:00+05:30,TIMED_CLOSE,1065.79,58.71,6015.41,1.319482917820867959372114497
earlier,ORDINARY_VWAP_RECLAIM_TARGET,2026-05-13,2026-05-13T11:00:00+05:30,PE,6015.41,ORDINARY_VWAP_RECLAIM,NO_AFFORDABLE_LIQUID_CONTRACT,"[{""contract"": ""NSE_FO|51347|19-05-2026"", ""status"": ""UNAFFORDABLE_OR_PAST_CAPACITY""}, {""contract"": ""NSE_FO|51325|19-05-2026"", ""status"": ""UNAFFORDABLE_OR_PAST_CAPACITY""}, {""contract"": ""NSE_FO|51323|19-05-2026"", ""status"": ""UNAFFORDABLE_OR_PAST_CAPACITY""}, {""contract"": ""NSE_FO|51321|19-05-2026"", ""status"": ""UNAFFORDABLE_OR_PAST_CAPACITY""}]",,,,,,,,,,,,,,
earlier,ORDINARY_VWAP_RECLAIM_TARGET,2026-05-14,2026-05-14T10:36:00+05:30,CE,6015.41,ORDINARY_VWAP_RECLAIM,NO_AFFORDABLE_LIQUID_CONTRACT,"[{""contract"": ""NSE_FO|51356|19-05-2026"", ""status"": ""UNAFFORDABLE_OR_PAST_CAPACITY""}, {""contract"": ""NSE_FO|51358|19-05-2026"", ""status"": ""UNAFFORDABLE_OR_PAST_CAPACITY""}, {""contract"": ""NSE_FO|51364|19-05-2026"", ""status"": ""UNAFFORDABLE_OR_PAST_CAPACITY""}, {""contract"": ""NSE_FO|51366|19-05-2026"", ""status"": ""UNAFFORDABLE_OR_PAST_CAPACITY""}]",,,,,,,,,,,,,,
earlier,ORDINARY_VWAP_RECLAIM_TARGET,2026-05-15,2026-05-15T11:06:00+05:30,PE,6015.41,ORDINARY_VWAP_RECLAIM,NO_AFFORDABLE_LIQUID_CONTRACT,"[{""contract"": ""NSE_FO|51371|19-05-2026"", ""status"": ""UNAFFORDABLE_OR_PAST_CAPACITY""}, {""contract"": ""NSE_FO|51367|19-05-2026"", ""status"": ""UNAFFORDABLE_OR_PAST_CAPACITY""}, {""contract"": ""NSE_FO|51365|19-05-2026"", ""status"": ""UNAFFORDABLE_OR_PAST_CAPACITY""}, {""contract"": ""NSE_FO|51359|19-05-2026"", ""status"": ""UNAFFORDABLE_OR_PAST_CAPACITY""}]",,,,,,,,,,,,,,
earlier,ORDINARY_VWAP_RECLAIM_TARGET,2026-05-18,2026-05-18T10:36:00+05:30,CE,6015.41,ORDINARY_VWAP_RECLAIM,MODELED_LIMIT_MISS,"[{""contract"": ""NSE_FO|51348|19-05-2026"", ""status"": ""UNAFFORDABLE_OR_PAST_CAPACITY""}, {""contract"": ""NSE_FO|51352|19-05-2026"", ""status"": ""UNAFFORDABLE_OR_PAST_CAPACITY""}, {""contract"": ""NSE_FO|51354|19-05-2026"", ""status"": ""UNAFFORDABLE_OR_PAST_CAPACITY""}, {""contract"": ""NSE_FO|51356|19-05-2026"", ""status"": ""ORDER_CREATED""}]",NSE_FO|51356|19-05-2026,23550.0,65,65,72.60,,,,,,,,,
earlier,ORDINARY_VWAP_RECLAIM_TARGET,2026-05-22,2026-05-22T11:28:00+05:30,PE,6015.41,ORDINARY_VWAP_RECLAIM,NO_AFFORDABLE_LIQUID_CONTRACT,"[{""contract"": ""NSE_FO|72170|26-05-2026"", ""status"": ""UNAFFORDABLE_OR_PAST_CAPACITY""}, {""contract"": ""NSE_FO|72168|26-05-2026"", ""status"": ""UNAFFORDABLE_OR_PAST_CAPACITY""}, {""contract"": ""NSE_FO|72166|26-05-2026"", ""status"": ""UNAFFORDABLE_OR_PAST_CAPACITY""}, {""contract"": ""NSE_FO|72147|26-05-2026"", ""status"": ""UNAFFORDABLE_OR_PAST_CAPACITY""}]",,,,,,,,,,,,,,
earlier,ORDINARY_VWAP_RECLAIM_TARGET,2026-05-29,2026-05-29T11:54:00+05:30,CE,6015.41,ORDINARY_VWAP_RECLAIM,NO_AFFORDABLE_LIQUID_CONTRACT,"[{""contract"": ""NSE_FO|57046|02-06-2026"", ""status"": ""UNAFFORDABLE_OR_PAST_CAPACITY""}, {""contract"": ""NSE_FO|57048|02-06-2026"", ""status"": ""UNAFFORDABLE_OR_PAST_CAPACITY""}, {""contract"": ""NSE_FO|57050|02-06-2026"", ""status"": ""UNAFFORDABLE_OR_PAST_CAPACITY""}, {""contract"": ""NSE_FO|57052|02-06-2026"", ""status"": ""UNAFFORDABLE_OR_PAST_CAPACITY""}]",,,,,,,,,,,,,,
earlier,ORDINARY_VWAP_RECLAIM_TARGET,2026-06-03,2026-06-03T12:32:00+05:30,CE,6015.41,ORDINARY_VWAP_RECLAIM,NO_AFFORDABLE_LIQUID_CONTRACT,"[{""contract"": ""NSE_FO|42288|09-06-2026"", ""status"": ""UNAFFORDABLE_OR_PAST_CAPACITY""}, {""contract"": ""NSE_FO|42290|09-06-2026"", ""status"": ""UNAFFORDABLE_OR_PAST_CAPACITY""}, {""contract"": ""NSE_FO|42295|09-06-2026"", ""status"": ""UNAFFORDABLE_OR_PAST_CAPACITY""}, {""contract"": ""NSE_FO|42297|09-06-2026"", ""status"": ""UNAFFORDABLE_OR_PAST_CAPACITY""}]",,,,,,,,,,,,,,
earlier,ORDINARY_VWAP_RECLAIM_TARGET,2026-06-04,2026-06-04T12:38:00+05:30,PE,6015.41,ORDINARY_VWAP_RECLAIM,NO_AFFORDABLE_LIQUID_CONTRACT,"[{""contract"": ""NSE_FO|42296|09-06-2026"", ""status"": ""UNAFFORDABLE_OR_PAST_CAPACITY""}, {""contract"": ""NSE_FO|42293|09-06-2026"", ""status"": ""UNAFFORDABLE_OR_PAST_CAPACITY""}, {""contract"": ""NSE_FO|42289|09-06-2026"", ""status"": ""UNAFFORDABLE_OR_PAST_CAPACITY""}, {""contract"": ""NSE_FO|42287|09-06-2026"", ""status"": ""UNAFFORDABLE_OR_PAST_CAPACITY""}]",,,,,,,,,,,,,,
earlier,ORDINARY_VWAP_RECLAIM_TARGET,2026-06-05,2026-06-05T11:05:00+05:30,CE,6015.41,ORDINARY_VWAP_RECLAIM,NO_AFFORDABLE_LIQUID_CONTRACT,"[{""contract"": ""NSE_FO|42297|09-06-2026"", ""status"": ""UNAFFORDABLE_OR_PAST_CAPACITY""}, {""contract"": ""NSE_FO|42300|09-06-2026"", ""status"": ""UNAFFORDABLE_OR_PAST_CAPACITY""}, {""contract"": ""NSE_FO|42302|09-06-2026"", ""status"": ""UNAFFORDABLE_OR_PAST_CAPACITY""}, {""contract"": ""NSE_FO|42304|09-06-2026"", ""status"": ""UNAFFORDABLE_OR_PAST_CAPACITY""}]",,,,,,,,,,,,,,
earlier,ORDINARY_VWAP_RECLAIM_TARGET,2026-06-10,2026-06-10T12:44:00+05:30,PE,6015.41,ORDINARY_VWAP_RECLAIM,NO_AFFORDABLE_LIQUID_CONTRACT,"[{""contract"": ""NSE_FO|50573|16-06-2026"", ""status"": ""UNAFFORDABLE_OR_PAST_CAPACITY""}, {""contract"": ""NSE_FO|50571|16-06-2026"", ""status"": ""UNAFFORDABLE_OR_PAST_CAPACITY""}, {""contract"": ""NSE_FO|50569|16-06-2026"", ""status"": ""UNAFFORDABLE_OR_PAST_CAPACITY""}, {""contract"": ""NSE_FO|50566|16-06-2026"", ""status"": ""UNAFFORDABLE_OR_PAST_CAPACITY""}]",,,,,,,,,,,,,,
earlier,ORDINARY_VWAP_RECLAIM_TARGET,2026-06-12,2026-06-12T13:30:00+05:30,CE,6015.41,ORDINARY_VWAP_RECLAIM,MODELED_LIMIT_MISS,"[{""contract"": ""NSE_FO|50574|16-06-2026"", ""status"": ""UNAFFORDABLE_OR_PAST_CAPACITY""}, {""contract"": ""NSE_FO|50576|16-06-2026"", ""status"": ""UNAFFORDABLE_OR_PAST_CAPACITY""}, {""contract"": ""NSE_FO|50585|16-06-2026"", ""status"": ""ORDER_CREATED""}]",NSE_FO|50585|16-06-2026,23500.0,65,65,85.70,,,,,,,,,
earlier,ORDINARY_VWAP_RECLAIM_TARGET,2026-06-15,2026-06-15T13:12:00+05:30,CE,6015.41,ORDINARY_VWAP_RECLAIM,MODELED_EXIT,"[{""contract"": ""NSE_FO|50613|16-06-2026"", ""status"": ""UNAFFORDABLE_OR_PAST_CAPACITY""}, {""contract"": ""NSE_FO|50615|16-06-2026"", ""status"": ""ORDER_CREATED""}]",NSE_FO|50615|16-06-2026,24000.0,65,65,79.80,75.80,2026-06-15T13:13:00+05:30,37.10,2026-06-15T15:01:00+05:30,STOP,-2570.85,55.35,3444.56,0.4894459102902374670184696570
earlier,ORDINARY_VWAP_RECLAIM_TARGET,2026-06-17,2026-06-17T11:59:00+05:30,PE,3444.56,ORDINARY_VWAP_RECLAIM,NO_AFFORDABLE_LIQUID_CONTRACT,"[{""contract"": ""NSE_FO|56375|23-06-2026"", ""status"": ""UNAFFORDABLE_OR_PAST_CAPACITY""}, {""contract"": ""NSE_FO|56373|23-06-2026"", ""status"": ""UNAFFORDABLE_OR_PAST_CAPACITY""}, {""contract"": ""NSE_FO|56371|23-06-2026"", ""status"": ""UNAFFORDABLE_OR_PAST_CAPACITY""}, {""contract"": ""NSE_FO|56359|23-06-2026"", ""status"": ""UNAFFORDABLE_OR_PAST_CAPACITY""}]",,,,,,,,,,,,,,
earlier,ORDINARY_VWAP_RECLAIM_TARGET,2026-06-19,2026-06-19T14:53:00+05:30,PE,3444.56,ORDINARY_VWAP_RECLAIM,MODELED_LIMIT_MISS,"[{""contract"": ""NSE_FO|56371|23-06-2026"", ""status"": ""UNAFFORDABLE_OR_PAST_CAPACITY""}, {""contract"": ""NSE_FO|56359|23-06-2026"", ""status"": ""UNAFFORDABLE_OR_PAST_CAPACITY""}, {""contract"": ""NSE_FO|56357|23-06-2026"", ""status"": ""UNAFFORDABLE_OR_PAST_CAPACITY""}, {""contract"": ""NSE_FO|56355|23-06-2026"", ""status"": ""ORDER_CREATED""}]",NSE_FO|56355|23-06-2026,23800.0,65,65,46.70,,,,,,,,,
earlier,ORDINARY_VWAP_RECLAIM_TRAIL,2026-03-23,2026-03-23T14:53:00+05:30,CE,9411.18,ORDINARY_VWAP_RECLAIM,MODELED_EXIT,"[{""contract"": ""NSE_FO|62508|24-03-2026"", ""status"": ""UNAFFORDABLE_OR_PAST_CAPACITY""}, {""contract"": ""NSE_FO|62555|24-03-2026"", ""status"": ""UNAFFORDABLE_OR_PAST_CAPACITY""}, {""contract"": ""NSE_FO|62557|24-03-2026"", ""status"": ""UNAFFORDABLE_OR_PAST_CAPACITY""}, {""contract"": ""NSE_FO|62562|24-03-2026"", ""status"": ""ORDER_CREATED""}]",NSE_FO|62562|24-03-2026,22800.0,65,65,130.85,122.90,2026-03-23T14:54:00+05:30,73.10,2026-03-23T15:25:00+05:30,TIMED_CLOSE,-3298.60,61.60,6112.58,0.5947925142392188771358828316
earlier,ORDINARY_VWAP_RECLAIM_TRAIL,2026-03-25,2026-03-25T14:55:00+05:30,PE,6112.58,ORDINARY_VWAP_RECLAIM,NO_AFFORDABLE_LIQUID_CONTRACT,"[{""contract"": ""NSE_FO|54513|30-03-2026"", ""status"": ""UNAFFORDABLE_OR_PAST_CAPACITY""}, {""contract"": ""NSE_FO|54511|30-03-2026"", ""status"": ""UNAFFORDABLE_OR_PAST_CAPACITY""}, {""contract"": ""NSE_FO|54509|30-03-2026"", ""status"": ""UNAFFORDABLE_OR_PAST_CAPACITY""}, {""contract"": ""NSE_FO|54507|30-03-2026"", ""status"": ""UNAFFORDABLE_OR_PAST_CAPACITY""}]",,,,,,,,,,,,,,
earlier,ORDINARY_VWAP_RECLAIM_TRAIL,2026-04-10,2026-04-10T14:17:00+05:30,PE,6112.58,ORDINARY_VWAP_RECLAIM,MODELED_EXIT,"[{""contract"": ""NSE_FO|54811|13-04-2026"", ""status"": ""UNAFFORDABLE_OR_PAST_CAPACITY""}, {""contract"": ""NSE_FO|54809|13-04-2026"", ""status"": ""UNAFFORDABLE_OR_PAST_CAPACITY""}, {""contract"": ""NSE_FO|54807|13-04-2026"", ""status"": ""UNAFFORDABLE_OR_PAST_CAPACITY""}, {""contract"": ""NSE_FO|54805|13-04-2026"", ""status"": ""ORDER_CREATED""}]",NSE_FO|54805|13-04-2026,23800.0,65,65,85.15,75.90,2026-04-10T14:18:00+05:30,58.90,2026-04-10T15:25:00+05:30,TIMED_CLOSE,-1162.96,57.96,4949.62,0.7760210803689064558629776021
earlier,ORDINARY_VWAP_RECLAIM_TRAIL,2026-04-15,2026-04-15T10:54:00+05:30,PE,4949.62,ORDINARY_VWAP_RECLAIM,NO_AFFORDABLE_LIQUID_CONTRACT,"[{""contract"": ""NSE_FO|63427|21-04-2026"", ""status"": ""UNAFFORDABLE_OR_PAST_CAPACITY""}, {""contract"": ""NSE_FO|63425|21-04-2026"", ""status"": ""UNAFFORDABLE_OR_PAST_CAPACITY""}, {""contract"": ""NSE_FO|63423|21-04-2026"", ""status"": ""UNAFFORDABLE_OR_PAST_CAPACITY""}, {""contract"": ""NSE_FO|63421|21-04-2026"", ""status"": ""UNAFFORDABLE_OR_PAST_CAPACITY""}]",,,,,,,,,,,,,,
earlier,ORDINARY_VWAP_RECLAIM_TRAIL,2026-04-20,2026-04-20T13:24:00+05:30,PE,4949.62,ORDINARY_VWAP_RECLAIM,NO_AFFORDABLE_LIQUID_CONTRACT,"[{""contract"": ""NSE_FO|63437|21-04-2026"", ""status"": ""UNAFFORDABLE_OR_PAST_CAPACITY""}, {""contract"": ""NSE_FO|63435|21-04-2026"", ""status"": ""UNAFFORDABLE_OR_PAST_CAPACITY""}, {""contract"": ""NSE_FO|63431|21-04-2026"", ""status"": ""UNAFFORDABLE_OR_PAST_CAPACITY""}, {""contract"": ""NSE_FO|63429|21-04-2026"", ""status"": ""UNAFFORDABLE_OR_PAST_CAPACITY""}]",,,,,,,,,,,,,,
earlier,ORDINARY_VWAP_RECLAIM_TRAIL,2026-04-22,2026-04-22T10:48:00+05:30,CE,4949.62,ORDINARY_VWAP_RECLAIM,NO_AFFORDABLE_LIQUID_CONTRACT,"[{""contract"": ""NSE_FO|72323|28-04-2026"", ""status"": ""UNAFFORDABLE_OR_PAST_CAPACITY""}, {""contract"": ""NSE_FO|72325|28-04-2026"", ""status"": ""UNAFFORDABLE_OR_PAST_CAPACITY""}, {""contract"": ""NSE_FO|72327|28-04-2026"", ""status"": ""UNAFFORDABLE_OR_PAST_CAPACITY""}, {""contract"": ""NSE_FO|72329|28-04-2026"", ""status"": ""UNAFFORDABLE_OR_PAST_CAPACITY""}]",,,,,,,,,,,,,,
earlier,ORDINARY_VWAP_RECLAIM_TRAIL,2026-04-29,2026-04-29T14:04:00+05:30,PE,4949.62,ORDINARY_VWAP_RECLAIM,NO_AFFORDABLE_LIQUID_CONTRACT,"[{""contract"": ""NSE_FO|74168|05-05-2026"", ""status"": ""UNAFFORDABLE_OR_PAST_CAPACITY""}, {""contract"": ""NSE_FO|74166|05-05-2026"", ""status"": ""UNAFFORDABLE_OR_PAST_CAPACITY""}, {""contract"": ""NSE_FO|74164|05-05-2026"", ""status"": ""UNAFFORDABLE_OR_PAST_CAPACITY""}, {""contract"": ""NSE_FO|74156|05-05-2026"", ""status"": ""UNAFFORDABLE_OR_PAST_CAPACITY""}]",,,,,,,,,,,,,,
earlier,ORDINARY_VWAP_RECLAIM_TRAIL,2026-05-07,2026-05-07T12:34:00+05:30,PE,4949.62,ORDINARY_VWAP_RECLAIM,NO_AFFORDABLE_LIQUID_CONTRACT,"[{""contract"": ""NSE_FO|41785|12-05-2026"", ""status"": ""UNAFFORDABLE_OR_PAST_CAPACITY""}, {""contract"": ""NSE_FO|41779|12-05-2026"", ""status"": ""UNAFFORDABLE_OR_PAST_CAPACITY""}, {""contract"": ""NSE_FO|41777|12-05-2026"", ""status"": ""UNAFFORDABLE_OR_PAST_CAPACITY""}, {""contract"": ""NSE_FO|41763|12-05-2026"", ""status"": ""UNAFFORDABLE_OR_PAST_CAPACITY""}]",,,,,,,,,,,,,,
earlier,ORDINARY_VWAP_RECLAIM_TRAIL,2026-05-08,2026-05-08T12:29:00+05:30,CE,4949.62,ORDINARY_VWAP_RECLAIM,NO_AFFORDABLE_LIQUID_CONTRACT,"[{""contract"": ""NSE_FO|41762|12-05-2026"", ""status"": ""UNAFFORDABLE_OR_PAST_CAPACITY""}, {""contract"": ""NSE_FO|41774|12-05-2026"", ""status"": ""UNAFFORDABLE_OR_PAST_CAPACITY""}, {""contract"": ""NSE_FO|41778|12-05-2026"", ""status"": ""UNAFFORDABLE_OR_PAST_CAPACITY""}, {""contract"": ""NSE_FO|41784|12-05-2026"", ""status"": ""UNAFFORDABLE_OR_PAST_CAPACITY""}]",,,,,,,,,,,,,,
earlier,ORDINARY_VWAP_RECLAIM_TRAIL,2026-05-11,2026-05-11T13:07:00+05:30,PE,4949.62,ORDINARY_VWAP_RECLAIM,MODELED_EXIT,"[{""contract"": ""NSE_FO|41747|12-05-2026"", ""status"": ""UNAFFORDABLE_OR_PAST_CAPACITY""}, {""contract"": ""NSE_FO|41745|12-05-2026"", ""status"": ""UNAFFORDABLE_OR_PAST_CAPACITY""}, {""contract"": ""NSE_FO|41743|12-05-2026"", ""status"": ""ORDER_CREATED""}]",NSE_FO|41743|12-05-2026,23800.0,65,65,60.45,54.15,2026-05-11T13:08:00+05:30,71.45,2026-05-11T15:25:00+05:30,TIMED_CLOSE,1065.79,58.71,6015.41,1.319482917820867959372114497
earlier,ORDINARY_VWAP_RECLAIM_TRAIL,2026-05-13,2026-05-13T11:00:00+05:30,PE,6015.41,ORDINARY_VWAP_RECLAIM,NO_AFFORDABLE_LIQUID_CONTRACT,"[{""contract"": ""NSE_FO|51347|19-05-2026"", ""status"": ""UNAFFORDABLE_OR_PAST_CAPACITY""}, {""contract"": ""NSE_FO|51325|19-05-2026"", ""status"": ""UNAFFORDABLE_OR_PAST_CAPACITY""}, {""contract"": ""NSE_FO|51323|19-05-2026"", ""status"": ""UNAFFORDABLE_OR_PAST_CAPACITY""}, {""contract"": ""NSE_FO|51321|19-05-2026"", ""status"": ""UNAFFORDABLE_OR_PAST_CAPACITY""}]",,,,,,,,,,,,,,
earlier,ORDINARY_VWAP_RECLAIM_TRAIL,2026-05-14,2026-05-14T10:36:00+05:30,CE,6015.41,ORDINARY_VWAP_RECLAIM,NO_AFFORDABLE_LIQUID_CONTRACT,"[{""contract"": ""NSE_FO|51356|19-05-2026"", ""status"": ""UNAFFORDABLE_OR_PAST_CAPACITY""}, {""contract"": ""NSE_FO|51358|19-05-2026"", ""status"": ""UNAFFORDABLE_OR_PAST_CAPACITY""}, {""contract"": ""NSE_FO|51364|19-05-2026"", ""status"": ""UNAFFORDABLE_OR_PAST_CAPACITY""}, {""contract"": ""NSE_FO|51366|19-05-2026"", ""status"": ""UNAFFORDABLE_OR_PAST_CAPACITY""}]",,,,,,,,,,,,,,
earlier,ORDINARY_VWAP_RECLAIM_TRAIL,2026-05-15,2026-05-15T11:06:00+05:30,PE,6015.41,ORDINARY_VWAP_RECLAIM,NO_AFFORDABLE_LIQUID_CONTRACT,"[{""contract"": ""NSE_FO|51371|19-05-2026"", ""status"": ""UNAFFORDABLE_OR_PAST_CAPACITY""}, {""contract"": ""NSE_FO|51367|19-05-2026"", ""status"": ""UNAFFORDABLE_OR_PAST_CAPACITY""}, {""contract"": ""NSE_FO|51365|19-05-2026"", ""status"": ""UNAFFORDABLE_OR_PAST_CAPACITY""}, {""contract"": ""NSE_FO|51359|19-05-2026"", ""status"": ""UNAFFORDABLE_OR_PAST_CAPACITY""}]",,,,,,,,,,,,,,
earlier,ORDINARY_VWAP_RECLAIM_TRAIL,2026-05-18,2026-05-18T10:36:00+05:30,CE,6015.41,ORDINARY_VWAP_RECLAIM,MODELED_LIMIT_MISS,"[{""contract"": ""NSE_FO|51348|19-05-2026"", ""status"": ""UNAFFORDABLE_OR_PAST_CAPACITY""}, {""contract"": ""NSE_FO|51352|19-05-2026"", ""status"": ""UNAFFORDABLE_OR_PAST_CAPACITY""}, {""contract"": ""NSE_FO|51354|19-05-2026"", ""status"": ""UNAFFORDABLE_OR_PAST_CAPACITY""}, {""contract"": ""NSE_FO|51356|19-05-2026"", ""status"": ""ORDER_CREATED""}]",NSE_FO|51356|19-05-2026,23550.0,65,65,72.60,,,,,,,,,
earlier,ORDINARY_VWAP_RECLAIM_TRAIL,2026-05-22,2026-05-22T11:28:00+05:30,PE,6015.41,ORDINARY_VWAP_RECLAIM,NO_AFFORDABLE_LIQUID_CONTRACT,"[{""contract"": ""NSE_FO|72170|26-05-2026"", ""status"": ""UNAFFORDABLE_OR_PAST_CAPACITY""}, {""contract"": ""NSE_FO|72168|26-05-2026"", ""status"": ""UNAFFORDABLE_OR_PAST_CAPACITY""}, {""contract"": ""NSE_FO|72166|26-05-2026"", ""status"": ""UNAFFORDABLE_OR_PAST_CAPACITY""}, {""contract"": ""NSE_FO|72147|26-05-2026"", ""status"": ""UNAFFORDABLE_OR_PAST_CAPACITY""}]",,,,,,,,,,,,,,
earlier,ORDINARY_VWAP_RECLAIM_TRAIL,2026-05-29,2026-05-29T11:54:00+05:30,CE,6015.41,ORDINARY_VWAP_RECLAIM,NO_AFFORDABLE_LIQUID_CONTRACT,"[{""contract"": ""NSE_FO|57046|02-06-2026"", ""status"": ""UNAFFORDABLE_OR_PAST_CAPACITY""}, {""contract"": ""NSE_FO|57048|02-06-2026"", ""status"": ""UNAFFORDABLE_OR_PAST_CAPACITY""}, {""contract"": ""NSE_FO|57050|02-06-2026"", ""status"": ""UNAFFORDABLE_OR_PAST_CAPACITY""}, {""contract"": ""NSE_FO|57052|02-06-2026"", ""status"": ""UNAFFORDABLE_OR_PAST_CAPACITY""}]",,,,,,,,,,,,,,
earlier,ORDINARY_VWAP_RECLAIM_TRAIL,2026-06-03,2026-06-03T12:32:00+05:30,CE,6015.41,ORDINARY_VWAP_RECLAIM,NO_AFFORDABLE_LIQUID_CONTRACT,"[{""contract"": ""NSE_FO|42288|09-06-2026"", ""status"": ""UNAFFORDABLE_OR_PAST_CAPACITY""}, {""contract"": ""NSE_FO|42290|09-06-2026"", ""status"": ""UNAFFORDABLE_OR_PAST_CAPACITY""}, {""contract"": ""NSE_FO|42295|09-06-2026"", ""status"": ""UNAFFORDABLE_OR_PAST_CAPACITY""}, {""contract"": ""NSE_FO|42297|09-06-2026"", ""status"": ""UNAFFORDABLE_OR_PAST_CAPACITY""}]",,,,,,,,,,,,,,
earlier,ORDINARY_VWAP_RECLAIM_TRAIL,2026-06-04,2026-06-04T12:38:00+05:30,PE,6015.41,ORDINARY_VWAP_RECLAIM,NO_AFFORDABLE_LIQUID_CONTRACT,"[{""contract"": ""NSE_FO|42296|09-06-2026"", ""status"": ""UNAFFORDABLE_OR_PAST_CAPACITY""}, {""contract"": ""NSE_FO|42293|09-06-2026"", ""status"": ""UNAFFORDABLE_OR_PAST_CAPACITY""}, {""contract"": ""NSE_FO|42289|09-06-2026"", ""status"": ""UNAFFORDABLE_OR_PAST_CAPACITY""}, {""contract"": ""NSE_FO|42287|09-06-2026"", ""status"": ""UNAFFORDABLE_OR_PAST_CAPACITY""}]",,,,,,,,,,,,,,
earlier,ORDINARY_VWAP_RECLAIM_TRAIL,2026-06-05,2026-06-05T11:05:00+05:30,CE,6015.41,ORDINARY_VWAP_RECLAIM,NO_AFFORDABLE_LIQUID_CONTRACT,"[{""contract"": ""NSE_FO|42297|09-06-2026"", ""status"": ""UNAFFORDABLE_OR_PAST_CAPACITY""}, {""contract"": ""NSE_FO|42300|09-06-2026"", ""status"": ""UNAFFORDABLE_OR_PAST_CAPACITY""}, {""contract"": ""NSE_FO|42302|09-06-2026"", ""status"": ""UNAFFORDABLE_OR_PAST_CAPACITY""}, {""contract"": ""NSE_FO|42304|09-06-2026"", ""status"": ""UNAFFORDABLE_OR_PAST_CAPACITY""}]",,,,,,,,,,,,,,
earlier,ORDINARY_VWAP_RECLAIM_TRAIL,2026-06-10,2026-06-10T12:44:00+05:30,PE,6015.41,ORDINARY_VWAP_RECLAIM,NO_AFFORDABLE_LIQUID_CONTRACT,"[{""contract"": ""NSE_FO|50573|16-06-2026"", ""status"": ""UNAFFORDABLE_OR_PAST_CAPACITY""}, {""contract"": ""NSE_FO|50571|16-06-2026"", ""status"": ""UNAFFORDABLE_OR_PAST_CAPACITY""}, {""contract"": ""NSE_FO|50569|16-06-2026"", ""status"": ""UNAFFORDABLE_OR_PAST_CAPACITY""}, {""contract"": ""NSE_FO|50566|16-06-2026"", ""status"": ""UNAFFORDABLE_OR_PAST_CAPACITY""}]",,,,,,,,,,,,,,
earlier,ORDINARY_VWAP_RECLAIM_TRAIL,2026-06-12,2026-06-12T13:30:00+05:30,CE,6015.41,ORDINARY_VWAP_RECLAIM,MODELED_LIMIT_MISS,"[{""contract"": ""NSE_FO|50574|16-06-2026"", ""status"": ""UNAFFORDABLE_OR_PAST_CAPACITY""}, {""contract"": ""NSE_FO|50576|16-06-2026"", ""status"": ""UNAFFORDABLE_OR_PAST_CAPACITY""}, {""contract"": ""NSE_FO|50585|16-06-2026"", ""status"": ""ORDER_CREATED""}]",NSE_FO|50585|16-06-2026,23500.0,65,65,85.70,,,,,,,,,
earlier,ORDINARY_VWAP_RECLAIM_TRAIL,2026-06-15,2026-06-15T13:12:00+05:30,CE,6015.41,ORDINARY_VWAP_RECLAIM,MODELED_EXIT,"[{""contract"": ""NSE_FO|50613|16-06-2026"", ""status"": ""UNAFFORDABLE_OR_PAST_CAPACITY""}, {""contract"": ""NSE_FO|50615|16-06-2026"", ""status"": ""ORDER_CREATED""}]",NSE_FO|50615|16-06-2026,24000.0,65,65,79.80,75.80,2026-06-15T13:13:00+05:30,37.10,2026-06-15T15:01:00+05:30,STOP,-2570.85,55.35,3444.56,0.4894459102902374670184696570
earlier,ORDINARY_VWAP_RECLAIM_TRAIL,2026-06-17,2026-06-17T11:59:00+05:30,PE,3444.56,ORDINARY_VWAP_RECLAIM,NO_AFFORDABLE_LIQUID_CONTRACT,"[{""contract"": ""NSE_FO|56375|23-06-2026"", ""status"": ""UNAFFORDABLE_OR_PAST_CAPACITY""}, {""contract"": ""NSE_FO|56373|23-06-2026"", ""status"": ""UNAFFORDABLE_OR_PAST_CAPACITY""}, {""contract"": ""NSE_FO|56371|23-06-2026"", ""status"": ""UNAFFORDABLE_OR_PAST_CAPACITY""}, {""contract"": ""NSE_FO|56359|23-06-2026"", ""status"": ""UNAFFORDABLE_OR_PAST_CAPACITY""}]",,,,,,,,,,,,,,
earlier,ORDINARY_VWAP_RECLAIM_TRAIL,2026-06-19,2026-06-19T14:53:00+05:30,PE,3444.56,ORDINARY_VWAP_RECLAIM,MODELED_LIMIT_MISS,"[{""contract"": ""NSE_FO|56371|23-06-2026"", ""status"": ""UNAFFORDABLE_OR_PAST_CAPACITY""}, {""contract"": ""NSE_FO|56359|23-06-2026"", ""status"": ""UNAFFORDABLE_OR_PAST_CAPACITY""}, {""contract"": ""NSE_FO|56357|23-06-2026"", ""status"": ""UNAFFORDABLE_OR_PAST_CAPACITY""}, {""contract"": ""NSE_FO|56355|23-06-2026"", ""status"": ""ORDER_CREATED""}]",NSE_FO|56355|23-06-2026,23800.0,65,65,46.70,,,,,,,,,
earlier,ORDINARY_COMPRESSION_BREAK_TARGET,2026-04-27,2026-04-27T14:34:00+05:30,PE,9411.18,ORDINARY_COMPRESSION_BREAK,MODELED_EXIT,"[{""contract"": ""NSE_FO|72268|28-04-2026"", ""status"": ""ORDER_CREATED""}]",NSE_FO|72268|28-04-2026,24100.0,65,65,105.30,103.65,2026-04-27T14:35:00+05:30,80.80,2026-04-27T15:25:00+05:30,TIMED_CLOSE,-1546.55,61.30,7864.63,0.7795465508924264351181862036
earlier,ORDINARY_COMPRESSION_BREAK_TARGET,2026-04-29,2026-04-29T12:13:00+05:30,CE,7864.63,ORDINARY_COMPRESSION_BREAK,NO_AFFORDABLE_LIQUID_CONTRACT,"[{""contract"": ""NSE_FO|74171|05-05-2026"", ""status"": ""UNAFFORDABLE_OR_PAST_CAPACITY""}, {""contract"": ""NSE_FO|74173|05-05-2026"", ""status"": ""UNAFFORDABLE_OR_PAST_CAPACITY""}, {""contract"": ""NSE_FO|74175|05-05-2026"", ""status"": ""UNAFFORDABLE_OR_PAST_CAPACITY""}, {""contract"": ""NSE_FO|74179|05-05-2026"", ""status"": ""UNAFFORDABLE_OR_PAST_CAPACITY""}]",,,,,,,,,,,,,,
earlier,ORDINARY_COMPRESSION_BREAK_TARGET,2026-05-25,2026-05-25T12:51:00+05:30,PE,7864.63,ORDINARY_COMPRESSION_BREAK,MODELED_EXIT,"[{""contract"": ""NSE_FO|72178|26-05-2026"", ""status"": ""ORDER_CREATED""}]",NSE_FO|72178|26-05-2026,23950.0,65,65,99.90,96.85,2026-05-25T12:52:00+05:30,45.90,2026-05-25T14:47:00+05:30,STOP,-3368.91,57.16,4495.72,0.4739287558079504388229220444
earlier,ORDINARY_COMPRESSION_BREAK_TARGET,2026-06-08,2026-06-08T12:46:00+05:30,CE,4495.72,ORDINARY_COMPRESSION_BREAK,MODELED_LIMIT_MISS,"[{""contract"": ""NSE_FO|42286|09-06-2026"", ""status"": ""UNAFFORDABLE_OR_PAST_CAPACITY""}, {""contract"": ""NSE_FO|42288|09-06-2026"", ""status"": ""UNAFFORDABLE_OR_PAST_CAPACITY""}, {""contract"": ""NSE_FO|42290|09-06-2026"", ""status"": ""UNAFFORDABLE_OR_PAST_CAPACITY""}, {""contract"": ""NSE_FO|42295|09-06-2026"", ""status"": ""ORDER_CREATED""}]",NSE_FO|42295|09-06-2026,23400.0,65,65,55.75,,,,,,,,,
earlier,ORDINARY_COMPRESSION_BREAK_TARGET,2026-06-15,2026-06-15T13:13:00+05:30,CE,4495.72,ORDINARY_COMPRESSION_BREAK,MODELED_EXIT,"[{""contract"": ""NSE_FO|50613|16-06-2026"", ""status"": ""UNAFFORDABLE_OR_PAST_CAPACITY""}, {""contract"": ""NSE_FO|50615|16-06-2026"", ""status"": ""UNAFFORDABLE_OR_PAST_CAPACITY""}, {""contract"": ""NSE_FO|50617|16-06-2026"", ""status"": ""ORDER_CREATED""}]",NSE_FO|50617|16-06-2026,24050.0,65,65,60.30,53.30,2026-06-15T13:14:00+05:30,25.55,2026-06-15T15:01:00+05:30,STOP,-1857.18,53.43,2638.54,0.4793621013133208255159474672
earlier,ORDINARY_COMPRESSION_BREAK_TRAIL,2026-04-27,2026-04-27T14:34:00+05:30,PE,9411.18,ORDINARY_COMPRESSION_BREAK,MODELED_EXIT,"[{""contract"": ""NSE_FO|72268|28-04-2026"", ""status"": ""ORDER_CREATED""}]",NSE_FO|72268|28-04-2026,24100.0,65,65,105.30,103.65,2026-04-27T14:35:00+05:30,80.80,2026-04-27T15:25:00+05:30,TIMED_CLOSE,-1546.55,61.30,7864.63,0.7795465508924264351181862036
earlier,ORDINARY_COMPRESSION_BREAK_TRAIL,2026-04-29,2026-04-29T12:13:00+05:30,CE,7864.63,ORDINARY_COMPRESSION_BREAK,NO_AFFORDABLE_LIQUID_CONTRACT,"[{""contract"": ""NSE_FO|74171|05-05-2026"", ""status"": ""UNAFFORDABLE_OR_PAST_CAPACITY""}, {""contract"": ""NSE_FO|74173|05-05-2026"", ""status"": ""UNAFFORDABLE_OR_PAST_CAPACITY""}, {""contract"": ""NSE_FO|74175|05-05-2026"", ""status"": ""UNAFFORDABLE_OR_PAST_CAPACITY""}, {""contract"": ""NSE_FO|74179|05-05-2026"", ""status"": ""UNAFFORDABLE_OR_PAST_CAPACITY""}]",,,,,,,,,,,,,,
earlier,ORDINARY_COMPRESSION_BREAK_TRAIL,2026-05-25,2026-05-25T12:51:00+05:30,PE,7864.63,ORDINARY_COMPRESSION_BREAK,MODELED_EXIT,"[{""contract"": ""NSE_FO|72178|26-05-2026"", ""status"": ""ORDER_CREATED""}]",NSE_FO|72178|26-05-2026,23950.0,65,65,99.90,96.85,2026-05-25T12:52:00+05:30,45.90,2026-05-25T14:47:00+05:30,STOP,-3368.91,57.16,4495.72,0.4739287558079504388229220444
earlier,ORDINARY_COMPRESSION_BREAK_TRAIL,2026-06-08,2026-06-08T12:46:00+05:30,CE,4495.72,ORDINARY_COMPRESSION_BREAK,MODELED_LIMIT_MISS,"[{""contract"": ""NSE_FO|42286|09-06-2026"", ""status"": ""UNAFFORDABLE_OR_PAST_CAPACITY""}, {""contract"": ""NSE_FO|42288|09-06-2026"", ""status"": ""UNAFFORDABLE_OR_PAST_CAPACITY""}, {""contract"": ""NSE_FO|42290|09-06-2026"", ""status"": ""UNAFFORDABLE_OR_PAST_CAPACITY""}, {""contract"": ""NSE_FO|42295|09-06-2026"", ""status"": ""ORDER_CREATED""}]",NSE_FO|42295|09-06-2026,23400.0,65,65,55.75,,,,,,,,,
earlier,ORDINARY_COMPRESSION_BREAK_TRAIL,2026-06-15,2026-06-15T13:13:00+05:30,CE,4495.72,ORDINARY_COMPRESSION_BREAK,MODELED_EXIT,"[{""contract"": ""NSE_FO|50613|16-06-2026"", ""status"": ""UNAFFORDABLE_OR_PAST_CAPACITY""}, {""contract"": ""NSE_FO|50615|16-06-2026"", ""status"": ""UNAFFORDABLE_OR_PAST_CAPACITY""}, {""contract"": ""NSE_FO|50617|16-06-2026"", ""status"": ""ORDER_CREATED""}]",NSE_FO|50617|16-06-2026,24050.0,65,65,60.30,53.30,2026-06-15T13:14:00+05:30,25.55,2026-06-15T15:01:00+05:30,STOP,-1857.18,53.43,2638.54,0.4793621013133208255159474672
recent,EXPIRY_FAILED_ORB_TARGET,2026-07-07,2026-07-07T12:33:00+05:30,PE,9411.18,EXPIRY_FAILED_ORB,MODELED_LIMIT_MISS,"[{""contract"": ""NSE_FO|44661|07-07-2026"", ""status"": ""ORDER_CREATED""}]",NSE_FO|44661|07-07-2026,24450.0,65,325,23.05,,,,,,,,,
recent,EXPIRY_FAILED_ORB_TARGET,2026-08-18,2026-08-18T12:07:00+05:30,CE,9411.18,EXPIRY_FAILED_ORB,MODELED_LIMIT_MISS,"[{""contract"": ""NSE_FO|45098|18-08-2026"", ""status"": ""ORDER_CREATED""}]",NSE_FO|45098|18-08-2026,24200.0,65,195,44.45,,,,,,,,,
recent,EXPIRY_FAILED_ORB_TARGET,2026-09-01,2026-09-01T13:12:00+05:30,PE,9411.18,EXPIRY_FAILED_ORB,MODELED_LIMIT_MISS,"[{""contract"": ""NSE_FO|46988|01-09-2026"", ""status"": ""ORDER_CREATED""}]",NSE_FO|46988|01-09-2026,24050.0,65,325,26.60,,,,,,,,,
recent,EXPIRY_FAILED_ORB_TRAIL,2026-07-07,2026-07-07T12:33:00+05:30,PE,9411.18,EXPIRY_FAILED_ORB,MODELED_LIMIT_MISS,"[{""contract"": ""NSE_FO|44661|07-07-2026"", ""status"": ""ORDER_CREATED""}]",NSE_FO|44661|07-07-2026,24450.0,65,325,23.05,,,,,,,,,
recent,EXPIRY_FAILED_ORB_TRAIL,2026-08-18,2026-08-18T12:07:00+05:30,CE,9411.18,EXPIRY_FAILED_ORB,MODELED_LIMIT_MISS,"[{""contract"": ""NSE_FO|45098|18-08-2026"", ""status"": ""ORDER_CREATED""}]",NSE_FO|45098|18-08-2026,24200.0,65,195,44.45,,,,,,,,,
recent,EXPIRY_FAILED_ORB_TRAIL,2026-09-01,2026-09-01T13:12:00+05:30,PE,9411.18,EXPIRY_FAILED_ORB,MODELED_LIMIT_MISS,"[{""contract"": ""NSE_FO|46988|01-09-2026"", ""status"": ""ORDER_CREATED""}]",NSE_FO|46988|01-09-2026,24050.0,65,325,26.60,,,,,,,,,
recent,EXPIRY_VWAP_RECLAIM_TARGET,2026-06-30,2026-06-30T14:26:00+05:30,CE,9411.18,EXPIRY_VWAP_RECLAIM,MODELED_EXIT,"[{""contract"": ""NSE_FO|79728|30-06-2026"", ""status"": ""ORDER_CREATED""}]",NSE_FO|79728|30-06-2026,23950.0,65,130,47.75,41.75,2026-06-30T14:27:00+05:30,17.85,2026-06-30T14:31:00+05:30,STOP,-3162.52,55.52,6248.66,0.4275449101796407185628742515
recent,EXPIRY_VWAP_RECLAIM_TARGET,2026-07-07,2026-07-07T12:34:00+05:30,PE,6248.66,EXPIRY_VWAP_RECLAIM,MODELED_EXIT,"[{""contract"": ""NSE_FO|44661|07-07-2026"", ""status"": ""ORDER_CREATED""}]",NSE_FO|44661|07-07-2026,24450.0,65,195,26.65,24.75,2026-07-07T12:35:00+05:30,11.85,2026-07-07T14:11:00+05:30,STOP,-2570.77,55.27,3677.89,0.4787878787878787878787878788
recent,EXPIRY_VWAP_RECLAIM_TARGET,2026-08-25,2026-08-25T13:55:00+05:30,CE,3677.89,EXPIRY_VWAP_RECLAIM,MODELED_EXIT,"[{""contract"": ""NSE_FO|61647|25-08-2026"", ""status"": ""ORDER_CREATED""}]",NSE_FO|61647|25-08-2026,24200.0,65,130,22.40,18.25,2026-08-25T13:56:00+05:30,8.15,2026-08-25T14:01:00+05:30,STOP,-1364.71,51.71,2313.18,0.4465753424657534246575342466
recent,EXPIRY_VWAP_RECLAIM_TRAIL,2026-06-30,2026-06-30T14:26:00+05:30,CE,9411.18,EXPIRY_VWAP_RECLAIM,MODELED_EXIT,"[{""contract"": ""NSE_FO|79728|30-06-2026"", ""status"": ""ORDER_CREATED""}]",NSE_FO|79728|30-06-2026,23950.0,65,130,47.75,41.75,2026-06-30T14:27:00+05:30,17.85,2026-06-30T14:31:00+05:30,STOP,-3162.52,55.52,6248.66,0.4275449101796407185628742515
recent,EXPIRY_VWAP_RECLAIM_TRAIL,2026-07-07,2026-07-07T12:34:00+05:30,PE,6248.66,EXPIRY_VWAP_RECLAIM,MODELED_EXIT,"[{""contract"": ""NSE_FO|44661|07-07-2026"", ""status"": ""ORDER_CREATED""}]",NSE_FO|44661|07-07-2026,24450.0,65,195,26.65,24.75,2026-07-07T12:35:00+05:30,20.65,2026-07-07T13:59:00+05:30,STOP,-858.49,58.99,5390.17,0.8343434343434343434343434343
recent,EXPIRY_VWAP_RECLAIM_TRAIL,2026-08-25,2026-08-25T13:55:00+05:30,CE,5390.17,EXPIRY_VWAP_RECLAIM,MODELED_EXIT,"[{""contract"": ""NSE_FO|61647|25-08-2026"", ""status"": ""ORDER_CREATED""}]",NSE_FO|61647|25-08-2026,24200.0,65,195,22.40,18.25,2026-08-25T13:56:00+05:30,8.15,2026-08-25T14:01:00+05:30,STOP,-2022.93,53.43,3367.24,0.4465753424657534246575342466
recent,EXPIRY_COMPRESSION_BREAK_TARGET,2026-07-07,2026-07-07T15:03:00+05:30,PE,9411.18,EXPIRY_COMPRESSION_BREAK,MODELED_EXIT,"[{""contract"": ""NSE_FO|44655|07-07-2026"", ""status"": ""ORDER_CREATED""}]",NSE_FO|44655|07-07-2026,24400.0,65,1625,5.45,2.35,2026-07-07T15:04:00+05:30,1.05,2026-07-07T15:05:00+05:30,STOP,-2166.08,53.58,7245.10,0.4468085106382978723404255319
recent,EXPIRY_COMPRESSION_BREAK_TARGET,2026-07-28,2026-07-28T13:54:00+05:30,CE,7245.10,EXPIRY_COMPRESSION_BREAK,MODELED_LIMIT_MISS,"[{""contract"": ""NSE_FO|63939|28-07-2026"", ""status"": ""ORDER_CREATED""}]",NSE_FO|63939|28-07-2026,24000.0,65,325,18.50,,,,,,,,,
recent,EXPIRY_COMPRESSION_BREAK_TARGET,2026-08-11,2026-08-11T11:05:00+05:30,PE,7245.10,EXPIRY_COMPRESSION_BREAK,MODELED_EXIT,"[{""contract"": ""NSE_FO|41010|11-08-2026"", ""status"": ""ORDER_CREATED""}]",NSE_FO|41010|11-08-2026,24450.0,65,130,47.20,44.55,2026-08-11T11:06:00+05:30,21.05,2026-08-11T14:54:00+05:30,STOP,-3111.84,56.84,4133.26,0.4725028058361391694725028058
recent,EXPIRY_COMPRESSION_BREAK_TRAIL,2026-07-07,2026-07-07T15:03:00+05:30,PE,9411.18,EXPIRY_COMPRESSION_BREAK,MODELED_EXIT,"[{""contract"": ""NSE_FO|44655|07-07-2026"", ""status"": ""ORDER_CREATED""}]",NSE_FO|44655|07-07-2026,24400.0,65,1625,5.45,2.35,2026-07-07T15:04:00+05:30,1.05,2026-07-07T15:05:00+05:30,STOP,-2166.08,53.58,7245.10,0.4468085106382978723404255319
recent,EXPIRY_COMPRESSION_BREAK_TRAIL,2026-07-28,2026-07-28T13:54:00+05:30,CE,7245.10,EXPIRY_COMPRESSION_BREAK,MODELED_LIMIT_MISS,"[{""contract"": ""NSE_FO|63939|28-07-2026"", ""status"": ""ORDER_CREATED""}]",NSE_FO|63939|28-07-2026,24000.0,65,325,18.50,,,,,,,,,
recent,EXPIRY_COMPRESSION_BREAK_TRAIL,2026-08-11,2026-08-11T11:05:00+05:30,PE,7245.10,EXPIRY_COMPRESSION_BREAK,MODELED_EXIT,"[{""contract"": ""NSE_FO|41010|11-08-2026"", ""status"": ""ORDER_CREATED""}]",NSE_FO|41010|11-08-2026,24450.0,65,130,47.20,44.55,2026-08-11T11:06:00+05:30,23.65,2026-08-11T14:09:00+05:30,STOP,-2773.99,56.99,4471.11,0.5308641975308641975308641975
recent,EXPIRY_PRIOR_OI_WALL_TARGET,2026-06-23,2026-06-23T11:57:00+05:30,PE,9411.18,EXPIRY_PRIOR_OI_WALL,MODELED_LIMIT_MISS,"[{""contract"": ""NSE_FO|56373|23-06-2026"", ""status"": ""ORDER_CREATED""}]",NSE_FO|56373|23-06-2026,24000.0,65,130,52.00,,,,,,,,,
recent,EXPIRY_PRIOR_OI_WALL_TARGET,2026-09-01,2026-09-01T13:53:00+05:30,PE,9411.18,EXPIRY_PRIOR_OI_WALL,MODELED_LIMIT_MISS,"[{""contract"": ""NSE_FO|46986|01-09-2026"", ""status"": ""ORDER_CREATED""}]",NSE_FO|46986|01-09-2026,24000.0,65,195,36.40,,,,,,,,,
recent,EXPIRY_PRIOR_OI_WALL_TRAIL,2026-06-23,2026-06-23T11:57:00+05:30,PE,9411.18,EXPIRY_PRIOR_OI_WALL,MODELED_LIMIT_MISS,"[{""contract"": ""NSE_FO|56373|23-06-2026"", ""status"": ""ORDER_CREATED""}]",NSE_FO|56373|23-06-2026,24000.0,65,130,52.00,,,,,,,,,
recent,EXPIRY_PRIOR_OI_WALL_TRAIL,2026-09-01,2026-09-01T13:53:00+05:30,PE,9411.18,EXPIRY_PRIOR_OI_WALL,MODELED_LIMIT_MISS,"[{""contract"": ""NSE_FO|46986|01-09-2026"", ""status"": ""ORDER_CREATED""}]",NSE_FO|46986|01-09-2026,24000.0,65,195,36.40,,,,,,,,,
recent,ORDINARY_FAILED_ORB_TARGET,2026-06-22,2026-06-22T12:15:00+05:30,PE,9411.18,ORDINARY_FAILED_ORB,MODELED_EXIT,"[{""contract"": ""NSE_FO|56377|23-06-2026"", ""status"": ""ORDER_CREATED""}]",NSE_FO|56377|23-06-2026,24100.0,65,130,61.95,59.35,2026-06-22T12:16:00+05:30,57.40,2026-06-22T15:25:00+05:30,TIMED_CLOSE,-320.14,66.64,9091.04,0.9671440606571187868576242628
recent,ORDINARY_FAILED_ORB_TARGET,2026-06-25,2026-06-25T14:12:00+05:30,PE,9091.04,ORDINARY_FAILED_ORB,MODELED_LIMIT_MISS,"[{""contract"": ""NSE_FO|79735|30-06-2026"", ""status"": ""ORDER_CREATED""}]",NSE_FO|79735|30-06-2026,24150.0,65,65,100.60,,,,,,,,,
recent,ORDINARY_FAILED_ORB_TARGET,2026-07-08,2026-07-08T13:13:00+05:30,CE,9091.04,ORDINARY_FAILED_ORB,MODELED_EXIT,"[{""contract"": ""NSE_FO|51379|14-07-2026"", ""status"": ""UNAFFORDABLE_OR_PAST_CAPACITY""}, {""contract"": ""NSE_FO|51381|14-07-2026"", ""status"": ""ORDER_CREATED""}]",NSE_FO|51381|14-07-2026,24250.0,65,65,124.30,119.30,2026-07-08T13:14:00+05:30,57.55,2026-07-08T14:37:00+05:30,STOP,-4072.84,59.09,5018.20,0.4823973176865046102263202012
recent,ORDINARY_FAILED_ORB_TARGET,2026-07-09,2026-07-09T10:50:00+05:30,PE,5018.20,ORDINARY_FAILED_ORB,NO_AFFORDABLE_LIQUID_CONTRACT,"[{""contract"": ""NSE_FO|51371|14-07-2026"", ""status"": ""UNAFFORDABLE_OR_PAST_CAPACITY""}, {""contract"": ""NSE_FO|51367|14-07-2026"", ""status"": ""UNAFFORDABLE_OR_PAST_CAPACITY""}, {""contract"": ""NSE_FO|51365|14-07-2026"", ""status"": ""UNAFFORDABLE_OR_PAST_CAPACITY""}, {""contract"": ""NSE_FO|51363|14-07-2026"", ""status"": ""UNAFFORDABLE_OR_PAST_CAPACITY""}]",,,,,,,,,,,,,,
recent,ORDINARY_FAILED_ORB_TARGET,2026-07-15,2026-07-15T14:09:00+05:30,CE,5018.20,ORDINARY_FAILED_ORB,NO_AFFORDABLE_LIQUID_CONTRACT,"[{""contract"": ""NSE_FO|57344|21-07-2026"", ""status"": ""UNAFFORDABLE_OR_PAST_CAPACITY""}, {""contract"": ""NSE_FO|57346|21-07-2026"", ""status"": ""UNAFFORDABLE_OR_PAST_CAPACITY""}, {""contract"": ""NSE_FO|57348|21-07-2026"", ""status"": ""UNAFFORDABLE_OR_PAST_CAPACITY""}, {""contract"": ""NSE_FO|57350|21-07-2026"", ""status"": ""UNAFFORDABLE_OR_PAST_CAPACITY""}]",,,,,,,,,,,,,,
recent,ORDINARY_FAILED_ORB_TARGET,2026-07-16,2026-07-16T15:00:00+05:30,CE,5018.20,ORDINARY_FAILED_ORB,MODELED_EXIT,"[{""contract"": ""NSE_FO|57344|21-07-2026"", ""status"": ""UNAFFORDABLE_OR_PAST_CAPACITY""}, {""contract"": ""NSE_FO|57346|21-07-2026"", ""status"": ""UNAFFORDABLE_OR_PAST_CAPACITY""}, {""contract"": ""NSE_FO|57348|21-07-2026"", ""status"": ""UNAFFORDABLE_OR_PAST_CAPACITY""}, {""contract"": ""NSE_FO|57350|21-07-2026"", ""status"": ""ORDER_CREATED""}]",NSE_FO|57350|21-07-2026,24250.0,65,65,67.20,63.5,2026-07-16T15:01:00+05:30,59.80,2026-07-16T15:25:00+05:30,TIMED_CLOSE,-298.13,57.63,4720.07,0.9417322834645669291338582677
recent,ORDINARY_FAILED_ORB_TARGET,2026-07-17,2026-07-17T13:52:00+05:30,PE,4720.07,ORDINARY_FAILED_ORB,NO_AFFORDABLE_LIQUID_CONTRACT,"[{""contract"": ""NSE_FO|57349|21-07-2026"", ""status"": ""UNAFFORDABLE_OR_PAST_CAPACITY""}, {""contract"": ""NSE_FO|57347|21-07-2026"", ""status"": ""UNAFFORDABLE_OR_PAST_CAPACITY""}, {""contract"": ""NSE_FO|57345|21-07-2026"", ""status"": ""UNAFFORDABLE_OR_PAST_CAPACITY""}, {""contract"": ""NSE_FO|57343|21-07-2026"", ""status"": ""UNAFFORDABLE_OR_PAST_CAPACITY""}]",,,,,,,,,,,,,,
recent,ORDINARY_FAILED_ORB_TARGET,2026-07-23,2026-07-23T11:54:00+05:30,PE,4720.07,ORDINARY_FAILED_ORB,NO_AFFORDABLE_LIQUID_CONTRACT,"[{""contract"": ""NSE_FO|63938|28-07-2026"", ""status"": ""UNAFFORDABLE_OR_PAST_CAPACITY""}, {""contract"": ""NSE_FO|63936|28-07-2026"", ""status"": ""UNAFFORDABLE_OR_PAST_CAPACITY""}, {""contract"": ""NSE_FO|63934|28-07-2026"", ""status"": ""UNAFFORDABLE_OR_PAST_CAPACITY""}, {""contract"": ""NSE_FO|63930|28-07-2026"", ""status"": ""UNAFFORDABLE_OR_PAST_CAPACITY""}]",,,,,,,,,,,,,,
recent,ORDINARY_FAILED_ORB_TARGET,2026-07-24,2026-07-24T11:44:00+05:30,CE,4720.07,ORDINARY_FAILED_ORB,MODELED_EXIT,"[{""contract"": ""NSE_FO|63925|28-07-2026"", ""status"": ""UNAFFORDABLE_OR_PAST_CAPACITY""}, {""contract"": ""NSE_FO|63927|28-07-2026"", ""status"": ""UNAFFORDABLE_OR_PAST_CAPACITY""}, {""contract"": ""NSE_FO|63929|28-07-2026"", ""status"": ""UNAFFORDABLE_OR_PAST_CAPACITY""}, {""contract"": ""NSE_FO|63933|28-07-2026"", ""status"": ""ORDER_CREATED""}]",NSE_FO|63933|28-07-2026,23850.0,65,65,68.20,66.5,2026-07-24T11:45:00+05:30,95.15,2026-07-24T15:25:00+05:30,TIMED_CLOSE,1799.58,62.67,6519.65,1.430827067669172932330827068
recent,ORDINARY_FAILED_ORB_TARGET,2026-07-30,2026-07-30T13:13:00+05:30,PE,6519.65,ORDINARY_FAILED_ORB,MODELED_EXIT,"[{""contract"": ""NSE_FO|65807|04-08-2026"", ""status"": ""UNAFFORDABLE_OR_PAST_CAPACITY""}, {""contract"": ""NSE_FO|65776|04-08-2026"", ""status"": ""UNAFFORDABLE_OR_PAST_CAPACITY""}, {""contract"": ""NSE_FO|65700|04-08-2026"", ""status"": ""ORDER_CREATED""}]",NSE_FO|65700|04-08-2026,24150.0,65,65,77.95,70.70,2026-07-30T13:14:00+05:30,56.20,2026-07-30T15:25:00+05:30,TIMED_CLOSE,-1000.22,57.72,5519.43,0.7949080622347949080622347949
recent,ORDINARY_FAILED_ORB_TARGET,2026-08-03,2026-08-03T12:49:00+05:30,PE,5519.43,ORDINARY_FAILED_ORB,MODELED_EXIT,"[{""contract"": ""NSE_FO|65868|04-08-2026"", ""status"": ""ORDER_CREATED""}]",NSE_FO|65868|04-08-2026,24550.0,65,65,59.35,54.25,2026-08-03T12:50:00+05:30,36.15,2026-08-03T15:35:00+05:30,TIMED_CLOSE,-1231.24,54.74,4288.19,0.6663594470046082949308755760
recent,ORDINARY_FAILED_ORB_TARGET,2026-08-05,2026-08-05T10:12:00+05:30,CE,4288.19,ORDINARY_FAILED_ORB,NO_AFFORDABLE_LIQUID_CONTRACT,"[{""contract"": ""NSE_FO|41015|11-08-2026"", ""status"": ""UNAFFORDABLE_OR_PAST_CAPACITY""}, {""contract"": ""NSE_FO|41017|11-08-2026"", ""status"": ""UNAFFORDABLE_OR_PAST_CAPACITY""}, {""contract"": ""NSE_FO|41020|11-08-2026"", ""status"": ""UNAFFORDABLE_OR_PAST_CAPACITY""}, {""contract"": ""NSE_FO|41025|11-08-2026"", ""status"": ""UNAFFORDABLE_OR_PAST_CAPACITY""}]",,,,,,,,,,,,,,
recent,ORDINARY_FAILED_ORB_TARGET,2026-08-06,2026-08-06T13:08:00+05:30,PE,4288.19,ORDINARY_FAILED_ORB,NO_AFFORDABLE_LIQUID_CONTRACT,"[{""contract"": ""NSE_FO|41019|11-08-2026"", ""status"": ""UNAFFORDABLE_OR_PAST_CAPACITY""}, {""contract"": ""NSE_FO|41016|11-08-2026"", ""status"": ""UNAFFORDABLE_OR_PAST_CAPACITY""}, {""contract"": ""NSE_FO|41014|11-08-2026"", ""status"": ""UNAFFORDABLE_OR_PAST_CAPACITY""}, {""contract"": ""NSE_FO|41012|11-08-2026"", ""status"": ""UNAFFORDABLE_OR_PAST_CAPACITY""}]",,,,,,,,,,,,,,
recent,ORDINARY_FAILED_ORB_TARGET,2026-08-17,2026-08-17T12:34:00+05:30,CE,4288.19,ORDINARY_FAILED_ORB,MODELED_EXIT,"[{""contract"": ""NSE_FO|45102|18-08-2026"", ""status"": ""UNAFFORDABLE_OR_PAST_CAPACITY""}, {""contract"": ""NSE_FO|45104|18-08-2026"", ""status"": ""ORDER_CREATED""}]",NSE_FO|45104|18-08-2026,24350.0,65,65,48.50,46.25,2026-08-17T12:35:00+05:30,50.20,2026-08-17T15:35:00+05:30,TIMED_CLOSE,200.86,55.89,4489.05,1.085405405405405405405405405
recent,ORDINARY_FAILED_ORB_TARGET,2026-08-19,2026-08-19T11:54:00+05:30,CE,4489.05,ORDINARY_FAILED_ORB,NO_AFFORDABLE_LIQUID_CONTRACT,"[{""contract"": ""NSE_FO|61610|25-08-2026"", ""status"": ""UNAFFORDABLE_OR_PAST_CAPACITY""}, {""contract"": ""NSE_FO|61623|25-08-2026"", ""status"": ""UNAFFORDABLE_OR_PAST_CAPACITY""}, {""contract"": ""NSE_FO|61647|25-08-2026"", ""status"": ""UNAFFORDABLE_OR_PAST_CAPACITY""}, {""contract"": ""NSE_FO|61671|25-08-2026"", ""status"": ""UNAFFORDABLE_OR_PAST_CAPACITY""}]",,,,,,,,,,,,,,
recent,ORDINARY_FAILED_ORB_TARGET,2026-08-28,2026-08-28T13:21:00+05:30,CE,4489.05,ORDINARY_FAILED_ORB,MODELED_EXIT,"[{""contract"": ""NSE_FO|46989|01-09-2026"", ""status"": ""UNAFFORDABLE_OR_PAST_CAPACITY""}, {""contract"": ""NSE_FO|46991|01-09-2026"", ""status"": ""UNAFFORDABLE_OR_PAST_CAPACITY""}, {""contract"": ""NSE_FO|46993|01-09-2026"", ""status"": ""UNAFFORDABLE_OR_PAST_CAPACITY""}, {""contract"": ""NSE_FO|46995|01-09-2026"", ""status"": ""ORDER_CREATED""}]",NSE_FO|46995|01-09-2026,24250.0,65,65,60.90,60.30,2026-08-28T13:22:00+05:30,75.45,2026-08-28T15:35:00+05:30,TIMED_CLOSE,924.78,59.97,5413.83,1.251243781094527363184079602
recent,ORDINARY_FAILED_ORB_TARGET,2026-08-31,2026-08-31T11:44:00+05:30,CE,5413.83,ORDINARY_FAILED_ORB,MODELED_EXIT,"[{""contract"": ""NSE_FO|46987|01-09-2026"", ""status"": ""UNAFFORDABLE_OR_PAST_CAPACITY""}, {""contract"": ""NSE_FO|46989|01-09-2026"", ""status"": ""ORDER_CREATED""}]",NSE_FO|46989|01-09-2026,24100.0,65,65,60.45,58.55,2026-08-31T11:45:00+05:30,117.10,2026-08-31T14:47:00+05:30,TARGET_2X,3740.69,65.06,9154.52,2
recent,ORDINARY_FAILED_ORB_TARGET,2026-09-04,2026-09-04T12:36:00+05:30,PE,9154.52,ORDINARY_FAILED_ORB,MODELED_EXIT,"[{""contract"": ""NSE_FO|42638|08-09-2026"", ""status"": ""ORDER_CREATED""}]",NSE_FO|42638|08-09-2026,23950.0,65,65,88.80,87.95,2026-09-04T12:37:00+05:30,78.30,2026-09-04T15:35:00+05:30,TIMED_CLOSE,-688.05,60.80,8466.47,0.8902785673678226264923251848
recent,ORDINARY_FAILED_ORB_TARGET,2026-09-09,2026-09-09T14:35:00+05:30,PE,8466.47,ORDINARY_FAILED_ORB,MODELED_LIMIT_MISS,"[{""contract"": ""NSE_FO|47298|15-09-2026"", ""status"": ""ORDER_CREATED""}]",NSE_FO|47298|15-09-2026,23500.0,65,65,94.85,,,,,,,,,
recent,ORDINARY_FAILED_ORB_TARGET,2026-09-17,2026-09-17T10:46:00+05:30,PE,8466.47,ORDINARY_FAILED_ORB,MODELED_EXIT,"[{""contract"": ""NSE_FO|56984"", ""status"": ""ORDER_CREATED""}]",NSE_FO|56984,23250.0,65,65,120.55,112.0,2026-09-17T10:47:00+05:30,87.35,2026-09-17T15:35:00+05:30,TIMED_CLOSE,-1664.94,62.69,6801.53,0.7799107142857142857142857143
recent,ORDINARY_FAILED_ORB_TRAIL,2026-06-22,2026-06-22T12:15:00+05:30,PE,9411.18,ORDINARY_FAILED_ORB,MODELED_EXIT,"[{""contract"": ""NSE_FO|56377|23-06-2026"", ""status"": ""ORDER_CREATED""}]",NSE_FO|56377|23-06-2026,24100.0,65,130,61.95,59.35,2026-06-22T12:16:00+05:30,57.40,2026-06-22T15:25:00+05:30,TIMED_CLOSE,-320.14,66.64,9091.04,0.9671440606571187868576242628
recent,ORDINARY_FAILED_ORB_TRAIL,2026-06-25,2026-06-25T14:12:00+05:30,PE,9091.04,ORDINARY_FAILED_ORB,MODELED_LIMIT_MISS,"[{""contract"": ""NSE_FO|79735|30-06-2026"", ""status"": ""ORDER_CREATED""}]",NSE_FO|79735|30-06-2026,24150.0,65,65,100.60,,,,,,,,,
recent,ORDINARY_FAILED_ORB_TRAIL,2026-07-08,2026-07-08T13:13:00+05:30,CE,9091.04,ORDINARY_FAILED_ORB,MODELED_EXIT,"[{""contract"": ""NSE_FO|51379|14-07-2026"", ""status"": ""UNAFFORDABLE_OR_PAST_CAPACITY""}, {""contract"": ""NSE_FO|51381|14-07-2026"", ""status"": ""ORDER_CREATED""}]",NSE_FO|51381|14-07-2026,24250.0,65,65,124.30,119.30,2026-07-08T13:14:00+05:30,57.55,2026-07-08T14:37:00+05:30,STOP,-4072.84,59.09,5018.20,0.4823973176865046102263202012
recent,ORDINARY_FAILED_ORB_TRAIL,2026-07-09,2026-07-09T10:50:00+05:30,PE,5018.20,ORDINARY_FAILED_ORB,NO_AFFORDABLE_LIQUID_CONTRACT,"[{""contract"": ""NSE_FO|51371|14-07-2026"", ""status"": ""UNAFFORDABLE_OR_PAST_CAPACITY""}, {""contract"": ""NSE_FO|51367|14-07-2026"", ""status"": ""UNAFFORDABLE_OR_PAST_CAPACITY""}, {""contract"": ""NSE_FO|51365|14-07-2026"", ""status"": ""UNAFFORDABLE_OR_PAST_CAPACITY""}, {""contract"": ""NSE_FO|51363|14-07-2026"", ""status"": ""UNAFFORDABLE_OR_PAST_CAPACITY""}]",,,,,,,,,,,,,,
recent,ORDINARY_FAILED_ORB_TRAIL,2026-07-15,2026-07-15T14:09:00+05:30,CE,5018.20,ORDINARY_FAILED_ORB,NO_AFFORDABLE_LIQUID_CONTRACT,"[{""contract"": ""NSE_FO|57344|21-07-2026"", ""status"": ""UNAFFORDABLE_OR_PAST_CAPACITY""}, {""contract"": ""NSE_FO|57346|21-07-2026"", ""status"": ""UNAFFORDABLE_OR_PAST_CAPACITY""}, {""contract"": ""NSE_FO|57348|21-07-2026"", ""status"": ""UNAFFORDABLE_OR_PAST_CAPACITY""}, {""contract"": ""NSE_FO|57350|21-07-2026"", ""status"": ""UNAFFORDABLE_OR_PAST_CAPACITY""}]",,,,,,,,,,,,,,
recent,ORDINARY_FAILED_ORB_TRAIL,2026-07-16,2026-07-16T15:00:00+05:30,CE,5018.20,ORDINARY_FAILED_ORB,MODELED_EXIT,"[{""contract"": ""NSE_FO|57344|21-07-2026"", ""status"": ""UNAFFORDABLE_OR_PAST_CAPACITY""}, {""contract"": ""NSE_FO|57346|21-07-2026"", ""status"": ""UNAFFORDABLE_OR_PAST_CAPACITY""}, {""contract"": ""NSE_FO|57348|21-07-2026"", ""status"": ""UNAFFORDABLE_OR_PAST_CAPACITY""}, {""contract"": ""NSE_FO|57350|21-07-2026"", ""status"": ""ORDER_CREATED""}]",NSE_FO|57350|21-07-2026,24250.0,65,65,67.20,63.5,2026-07-16T15:01:00+05:30,59.80,2026-07-16T15:25:00+05:30,TIMED_CLOSE,-298.13,57.63,4720.07,0.9417322834645669291338582677
recent,ORDINARY_FAILED_ORB_TRAIL,2026-07-17,2026-07-17T13:52:00+05:30,PE,4720.07,ORDINARY_FAILED_ORB,NO_AFFORDABLE_LIQUID_CONTRACT,"[{""contract"": ""NSE_FO|57349|21-07-2026"", ""status"": ""UNAFFORDABLE_OR_PAST_CAPACITY""}, {""contract"": ""NSE_FO|57347|21-07-2026"", ""status"": ""UNAFFORDABLE_OR_PAST_CAPACITY""}, {""contract"": ""NSE_FO|57345|21-07-2026"", ""status"": ""UNAFFORDABLE_OR_PAST_CAPACITY""}, {""contract"": ""NSE_FO|57343|21-07-2026"", ""status"": ""UNAFFORDABLE_OR_PAST_CAPACITY""}]",,,,,,,,,,,,,,
recent,ORDINARY_FAILED_ORB_TRAIL,2026-07-23,2026-07-23T11:54:00+05:30,PE,4720.07,ORDINARY_FAILED_ORB,NO_AFFORDABLE_LIQUID_CONTRACT,"[{""contract"": ""NSE_FO|63938|28-07-2026"", ""status"": ""UNAFFORDABLE_OR_PAST_CAPACITY""}, {""contract"": ""NSE_FO|63936|28-07-2026"", ""status"": ""UNAFFORDABLE_OR_PAST_CAPACITY""}, {""contract"": ""NSE_FO|63934|28-07-2026"", ""status"": ""UNAFFORDABLE_OR_PAST_CAPACITY""}, {""contract"": ""NSE_FO|63930|28-07-2026"", ""status"": ""UNAFFORDABLE_OR_PAST_CAPACITY""}]",,,,,,,,,,,,,,
recent,ORDINARY_FAILED_ORB_TRAIL,2026-07-24,2026-07-24T11:44:00+05:30,CE,4720.07,ORDINARY_FAILED_ORB,MODELED_EXIT,"[{""contract"": ""NSE_FO|63925|28-07-2026"", ""status"": ""UNAFFORDABLE_OR_PAST_CAPACITY""}, {""contract"": ""NSE_FO|63927|28-07-2026"", ""status"": ""UNAFFORDABLE_OR_PAST_CAPACITY""}, {""contract"": ""NSE_FO|63929|28-07-2026"", ""status"": ""UNAFFORDABLE_OR_PAST_CAPACITY""}, {""contract"": ""NSE_FO|63933|28-07-2026"", ""status"": ""ORDER_CREATED""}]",NSE_FO|63933|28-07-2026,23850.0,65,65,68.20,66.5,2026-07-24T11:45:00+05:30,95.15,2026-07-24T15:25:00+05:30,TIMED_CLOSE,1799.58,62.67,6519.65,1.430827067669172932330827068
recent,ORDINARY_FAILED_ORB_TRAIL,2026-07-30,2026-07-30T13:13:00+05:30,PE,6519.65,ORDINARY_FAILED_ORB,MODELED_EXIT,"[{""contract"": ""NSE_FO|65807|04-08-2026"", ""status"": ""UNAFFORDABLE_OR_PAST_CAPACITY""}, {""contract"": ""NSE_FO|65776|04-08-2026"", ""status"": ""UNAFFORDABLE_OR_PAST_CAPACITY""}, {""contract"": ""NSE_FO|65700|04-08-2026"", ""status"": ""ORDER_CREATED""}]",NSE_FO|65700|04-08-2026,24150.0,65,65,77.95,70.70,2026-07-30T13:14:00+05:30,56.20,2026-07-30T15:25:00+05:30,TIMED_CLOSE,-1000.22,57.72,5519.43,0.7949080622347949080622347949
recent,ORDINARY_FAILED_ORB_TRAIL,2026-08-03,2026-08-03T12:49:00+05:30,PE,5519.43,ORDINARY_FAILED_ORB,MODELED_EXIT,"[{""contract"": ""NSE_FO|65868|04-08-2026"", ""status"": ""ORDER_CREATED""}]",NSE_FO|65868|04-08-2026,24550.0,65,65,59.35,54.25,2026-08-03T12:50:00+05:30,36.15,2026-08-03T15:35:00+05:30,TIMED_CLOSE,-1231.24,54.74,4288.19,0.6663594470046082949308755760
recent,ORDINARY_FAILED_ORB_TRAIL,2026-08-05,2026-08-05T10:12:00+05:30,CE,4288.19,ORDINARY_FAILED_ORB,NO_AFFORDABLE_LIQUID_CONTRACT,"[{""contract"": ""NSE_FO|41015|11-08-2026"", ""status"": ""UNAFFORDABLE_OR_PAST_CAPACITY""}, {""contract"": ""NSE_FO|41017|11-08-2026"", ""status"": ""UNAFFORDABLE_OR_PAST_CAPACITY""}, {""contract"": ""NSE_FO|41020|11-08-2026"", ""status"": ""UNAFFORDABLE_OR_PAST_CAPACITY""}, {""contract"": ""NSE_FO|41025|11-08-2026"", ""status"": ""UNAFFORDABLE_OR_PAST_CAPACITY""}]",,,,,,,,,,,,,,
recent,ORDINARY_FAILED_ORB_TRAIL,2026-08-06,2026-08-06T13:08:00+05:30,PE,4288.19,ORDINARY_FAILED_ORB,NO_AFFORDABLE_LIQUID_CONTRACT,"[{""contract"": ""NSE_FO|41019|11-08-2026"", ""status"": ""UNAFFORDABLE_OR_PAST_CAPACITY""}, {""contract"": ""NSE_FO|41016|11-08-2026"", ""status"": ""UNAFFORDABLE_OR_PAST_CAPACITY""}, {""contract"": ""NSE_FO|41014|11-08-2026"", ""status"": ""UNAFFORDABLE_OR_PAST_CAPACITY""}, {""contract"": ""NSE_FO|41012|11-08-2026"", ""status"": ""UNAFFORDABLE_OR_PAST_CAPACITY""}]",,,,,,,,,,,,,,
recent,ORDINARY_FAILED_ORB_TRAIL,2026-08-17,2026-08-17T12:34:00+05:30,CE,4288.19,ORDINARY_FAILED_ORB,MODELED_EXIT,"[{""contract"": ""NSE_FO|45102|18-08-2026"", ""status"": ""UNAFFORDABLE_OR_PAST_CAPACITY""}, {""contract"": ""NSE_FO|45104|18-08-2026"", ""status"": ""ORDER_CREATED""}]",NSE_FO|45104|18-08-2026,24350.0,65,65,48.50,46.25,2026-08-17T12:35:00+05:30,50.20,2026-08-17T15:35:00+05:30,TIMED_CLOSE,200.86,55.89,4489.05,1.085405405405405405405405405
recent,ORDINARY_FAILED_ORB_TRAIL,2026-08-19,2026-08-19T11:54:00+05:30,CE,4489.05,ORDINARY_FAILED_ORB,NO_AFFORDABLE_LIQUID_CONTRACT,"[{""contract"": ""NSE_FO|61610|25-08-2026"", ""status"": ""UNAFFORDABLE_OR_PAST_CAPACITY""}, {""contract"": ""NSE_FO|61623|25-08-2026"", ""status"": ""UNAFFORDABLE_OR_PAST_CAPACITY""}, {""contract"": ""NSE_FO|61647|25-08-2026"", ""status"": ""UNAFFORDABLE_OR_PAST_CAPACITY""}, {""contract"": ""NSE_FO|61671|25-08-2026"", ""status"": ""UNAFFORDABLE_OR_PAST_CAPACITY""}]",,,,,,,,,,,,,,
recent,ORDINARY_FAILED_ORB_TRAIL,2026-08-28,2026-08-28T13:21:00+05:30,CE,4489.05,ORDINARY_FAILED_ORB,MODELED_EXIT,"[{""contract"": ""NSE_FO|46989|01-09-2026"", ""status"": ""UNAFFORDABLE_OR_PAST_CAPACITY""}, {""contract"": ""NSE_FO|46991|01-09-2026"", ""status"": ""UNAFFORDABLE_OR_PAST_CAPACITY""}, {""contract"": ""NSE_FO|46993|01-09-2026"", ""status"": ""UNAFFORDABLE_OR_PAST_CAPACITY""}, {""contract"": ""NSE_FO|46995|01-09-2026"", ""status"": ""ORDER_CREATED""}]",NSE_FO|46995|01-09-2026,24250.0,65,65,60.90,60.30,2026-08-28T13:22:00+05:30,75.45,2026-08-28T15:35:00+05:30,TIMED_CLOSE,924.78,59.97,5413.83,1.251243781094527363184079602
recent,ORDINARY_FAILED_ORB_TRAIL,2026-08-31,2026-08-31T11:44:00+05:30,CE,5413.83,ORDINARY_FAILED_ORB,MODELED_EXIT,"[{""contract"": ""NSE_FO|46987|01-09-2026"", ""status"": ""UNAFFORDABLE_OR_PAST_CAPACITY""}, {""contract"": ""NSE_FO|46989|01-09-2026"", ""status"": ""ORDER_CREATED""}]",NSE_FO|46989|01-09-2026,24100.0,65,65,60.45,58.55,2026-08-31T11:45:00+05:30,60.60,2026-08-31T15:29:00+05:30,STOP,75.74,57.51,5489.57,1.035012809564474807856532878
recent,ORDINARY_FAILED_ORB_TRAIL,2026-09-04,2026-09-04T12:36:00+05:30,PE,5489.57,ORDINARY_FAILED_ORB,MODELED_EXIT,"[{""contract"": ""NSE_FO|42638|08-09-2026"", ""status"": ""UNAFFORDABLE_OR_PAST_CAPACITY""}, {""contract"": ""NSE_FO|42636|08-09-2026"", ""status"": ""ORDER_CREATED""}]",NSE_FO|42636|08-09-2026,23900.0,65,65,68.25,67.80,2026-09-04T12:37:00+05:30,57.85,2026-09-04T15:35:00+05:30,TIMED_CLOSE,-704.44,57.69,4785.13,0.8532448377581120943952802360
recent,ORDINARY_FAILED_ORB_TRAIL,2026-09-09,2026-09-09T14:35:00+05:30,PE,4785.13,ORDINARY_FAILED_ORB,MODELED_LIMIT_MISS,"[{""contract"": ""NSE_FO|47298|15-09-2026"", ""status"": ""UNAFFORDABLE_OR_PAST_CAPACITY""}, {""contract"": ""NSE_FO|47296|15-09-2026"", ""status"": ""UNAFFORDABLE_OR_PAST_CAPACITY""}, {""contract"": ""NSE_FO|47294|15-09-2026"", ""status"": ""ORDER_CREATED""}]",NSE_FO|47294|15-09-2026,23400.0,65,65,61.05,,,,,,,,,
recent,ORDINARY_FAILED_ORB_TRAIL,2026-09-17,2026-09-17T10:46:00+05:30,PE,4785.13,ORDINARY_FAILED_ORB,MODELED_EXIT,"[{""contract"": ""NSE_FO|56984"", ""status"": ""UNAFFORDABLE_OR_PAST_CAPACITY""}, {""contract"": ""NSE_FO|56981"", ""status"": ""UNAFFORDABLE_OR_PAST_CAPACITY""}, {""contract"": ""NSE_FO|56979"", ""status"": ""UNAFFORDABLE_OR_PAST_CAPACITY""}, {""contract"": ""NSE_FO|56977"", ""status"": ""ORDER_CREATED""}]",NSE_FO|56977,23100.0,65,65,67.65,62.70,2026-09-17T10:47:00+05:30,41.85,2026-09-17T12:19:00+05:30,STOP,-1411.36,56.11,3373.77,0.6674641148325358851674641148
recent,ORDINARY_VWAP_RECLAIM_TARGET,2026-06-22,2026-06-22T14:30:00+05:30,CE,9411.18,ORDINARY_VWAP_RECLAIM,MODELED_EXIT,"[{""contract"": ""NSE_FO|56380|23-06-2026"", ""status"": ""ORDER_CREATED""}]",NSE_FO|56380|23-06-2026,24150.0,65,130,67.90,64.85,2026-06-22T14:31:00+05:30,40.90,2026-06-22T15:25:00+05:30,TIMED_CLOSE,-3175.53,62.03,6235.65,0.6306861989205859676175790285
recent,ORDINARY_VWAP_RECLAIM_TARGET,2026-07-01,2026-07-01T14:41:00+05:30,PE,6235.65,ORDINARY_VWAP_RECLAIM,NO_AFFORDABLE_LIQUID_CONTRACT,"[{""contract"": ""NSE_FO|44621|07-07-2026"", ""status"": ""UNAFFORDABLE_OR_PAST_CAPACITY""}, {""contract"": ""NSE_FO|44619|07-07-2026"", ""status"": ""UNAFFORDABLE_OR_PAST_CAPACITY""}, {""contract"": ""NSE_FO|44617|07-07-2026"", ""status"": ""UNAFFORDABLE_OR_PAST_CAPACITY""}, {""contract"": ""NSE_FO|44615|07-07-2026"", ""status"": ""UNAFFORDABLE_OR_PAST_CAPACITY""}]",,,,,,,,,,,,,,
recent,ORDINARY_VWAP_RECLAIM_TARGET,2026-07-03,2026-07-03T13:06:00+05:30,PE,6235.65,ORDINARY_VWAP_RECLAIM,MODELED_EXIT,"[{""contract"": ""NSE_FO|44651|07-07-2026"", ""status"": ""UNAFFORDABLE_OR_PAST_CAPACITY""}, {""contract"": ""NSE_FO|44646|07-07-2026"", ""status"": ""ORDER_CREATED""}]",NSE_FO|44646|07-07-2026,24300.0,65,65,86.60,85.45,2026-07-03T13:07:00+05:30,94.60,2026-07-03T15:25:00+05:30,TIMED_CLOSE,531.58,63.17,6767.23,1.107080163838502047981275600
recent,ORDINARY_VWAP_RECLAIM_TARGET,2026-07-06,2026-07-06T14:44:00+05:30,PE,6767.23,ORDINARY_VWAP_RECLAIM,MODELED_EXIT,"[{""contract"": ""NSE_FO|44655|07-07-2026"", ""status"": ""ORDER_CREATED""}]",NSE_FO|44655|07-07-2026,24400.0,65,65,69.95,67.35,2026-07-06T14:45:00+05:30,48.95,2026-07-06T15:25:00+05:30,TIMED_CLOSE,-1252.44,56.44,5514.79,0.7268002969561989606533036377
recent,ORDINARY_VWAP_RECLAIM_TARGET,2026-07-09,2026-07-09T10:38:00+05:30,PE,5514.79,ORDINARY_VWAP_RECLAIM,NO_AFFORDABLE_LIQUID_CONTRACT,"[{""contract"": ""NSE_FO|51371|14-07-2026"", ""status"": ""UNAFFORDABLE_OR_PAST_CAPACITY""}, {""contract"": ""NSE_FO|51367|14-07-2026"", ""status"": ""UNAFFORDABLE_OR_PAST_CAPACITY""}, {""contract"": ""NSE_FO|51365|14-07-2026"", ""status"": ""UNAFFORDABLE_OR_PAST_CAPACITY""}, {""contract"": ""NSE_FO|51363|14-07-2026"", ""status"": ""UNAFFORDABLE_OR_PAST_CAPACITY""}]",,,,,,,,,,,,,,
recent,ORDINARY_VWAP_RECLAIM_TARGET,2026-07-15,2026-07-15T11:15:00+05:30,PE,5514.79,ORDINARY_VWAP_RECLAIM,NO_AFFORDABLE_LIQUID_CONTRACT,"[{""contract"": ""NSE_FO|57347|21-07-2026"", ""status"": ""UNAFFORDABLE_OR_PAST_CAPACITY""}, {""contract"": ""NSE_FO|57345|21-07-2026"", ""status"": ""UNAFFORDABLE_OR_PAST_CAPACITY""}, {""contract"": ""NSE_FO|57343|21-07-2026"", ""status"": ""UNAFFORDABLE_OR_PAST_CAPACITY""}, {""contract"": ""NSE_FO|57341|21-07-2026"", ""status"": ""UNAFFORDABLE_OR_PAST_CAPACITY""}]",,,,,,,,,,,,,,
recent,ORDINARY_VWAP_RECLAIM_TARGET,2026-07-20,2026-07-20T13:15:00+05:30,CE,5514.79,ORDINARY_VWAP_RECLAIM,MODELED_LIMIT_MISS,"[{""contract"": ""NSE_FO|57348|21-07-2026"", ""status"": ""UNAFFORDABLE_OR_PAST_CAPACITY""}, {""contract"": ""NSE_FO|57350|21-07-2026"", ""status"": ""ORDER_CREATED""}]",NSE_FO|57350|21-07-2026,24250.0,65,65,70.55,,,,,,,,,
recent,ORDINARY_VWAP_RECLAIM_TARGET,2026-07-24,2026-07-24T11:44:00+05:30,CE,5514.79,ORDINARY_VWAP_RECLAIM,MODELED_EXIT,"[{""contract"": ""NSE_FO|63925|28-07-2026"", ""status"": ""UNAFFORDABLE_OR_PAST_CAPACITY""}, {""contract"": ""NSE_FO|63927|28-07-2026"", ""status"": ""UNAFFORDABLE_OR_PAST_CAPACITY""}, {""contract"": ""NSE_FO|63929|28-07-2026"", ""status"": ""UNAFFORDABLE_OR_PAST_CAPACITY""}, {""contract"": ""NSE_FO|63933|28-07-2026"", ""status"": ""ORDER_CREATED""}]",NSE_FO|63933|28-07-2026,23850.0,65,65,68.20,66.5,2026-07-24T11:45:00+05:30,95.15,2026-07-24T15:25:00+05:30,TIMED_CLOSE,1799.58,62.67,7314.37,1.430827067669172932330827068
recent,ORDINARY_VWAP_RECLAIM_TARGET,2026-08-03,2026-08-03T12:49:00+05:30,PE,7314.37,ORDINARY_VWAP_RECLAIM,MODELED_EXIT,"[{""contract"": ""NSE_FO|65868|04-08-2026"", ""status"": ""ORDER_CREATED""}]",NSE_FO|65868|04-08-2026,24550.0,65,65,59.35,54.25,2026-08-03T12:50:00+05:30,36.15,2026-08-03T15:35:00+05:30,TIMED_CLOSE,-1231.24,54.74,6083.13,0.6663594470046082949308755760
recent,ORDINARY_VWAP_RECLAIM_TARGET,2026-08-07,2026-08-07T13:53:00+05:30,CE,6083.13,ORDINARY_VWAP_RECLAIM,MODELED_EXIT,"[{""contract"": ""NSE_FO|41015|11-08-2026"", ""status"": ""UNAFFORDABLE_OR_PAST_CAPACITY""}, {""contract"": ""NSE_FO|41017|11-08-2026"", ""status"": ""UNAFFORDABLE_OR_PAST_CAPACITY""}, {""contract"": ""NSE_FO|41020|11-08-2026"", ""status"": ""ORDER_CREATED""}]",NSE_FO|41020|11-08-2026,24700.0,65,65,80.35,75.70,2026-08-07T13:54:00+05:30,63.35,2026-08-07T15:35:00+05:30,TIMED_CLOSE,-861.80,59.05,5221.33,0.8368560105680317040951122853
recent,ORDINARY_VWAP_RECLAIM_TARGET,2026-08-14,2026-08-14T13:36:00+05:30,PE,5221.33,ORDINARY_VWAP_RECLAIM,MODELED_EXIT,"[{""contract"": ""NSE_FO|45105|18-08-2026"", ""status"": ""UNAFFORDABLE_OR_PAST_CAPACITY""}, {""contract"": ""NSE_FO|45103|18-08-2026"", ""status"": ""ORDER_CREATED""}]",NSE_FO|45103|18-08-2026,24300.0,65,65,60.70,57.70,2026-08-14T13:37:00+05:30,37.70,2026-08-14T15:35:00+05:30,TIMED_CLOSE,-1354.88,54.88,3866.45,0.6533795493934142114384748700
recent,ORDINARY_VWAP_RECLAIM_TARGET,2026-08-21,2026-08-21T11:56:00+05:30,PE,3866.45,ORDINARY_VWAP_RECLAIM,MODELED_EXIT,"[{""contract"": ""NSE_FO|61684|25-08-2026"", ""status"": ""UNAFFORDABLE_OR_PAST_CAPACITY""}, {""contract"": ""NSE_FO|61670|25-08-2026"", ""status"": ""ORDER_CREATED""}]",NSE_FO|61670|25-08-2026,24200.0,65,65,49.70,47.85,2026-08-21T11:57:00+05:30,43.55,2026-08-21T15:35:00+05:30,TIMED_CLOSE,-335.26,55.76,3531.19,0.9101358411703239289446185998
recent,ORDINARY_VWAP_RECLAIM_TARGET,2026-08-27,2026-08-27T12:40:00+05:30,CE,3531.19,ORDINARY_VWAP_RECLAIM,NO_AFFORDABLE_LIQUID_CONTRACT,"[{""contract"": ""NSE_FO|46991|01-09-2026"", ""status"": ""UNAFFORDABLE_OR_PAST_CAPACITY""}, {""contract"": ""NSE_FO|46993|01-09-2026"", ""status"": ""UNAFFORDABLE_OR_PAST_CAPACITY""}, {""contract"": ""NSE_FO|46995|01-09-2026"", ""status"": ""UNAFFORDABLE_OR_PAST_CAPACITY""}, {""contract"": ""NSE_FO|46997|01-09-2026"", ""status"": ""UNAFFORDABLE_OR_PAST_CAPACITY""}]",,,,,,,,,,,,,,
recent,ORDINARY_VWAP_RECLAIM_TARGET,2026-09-02,2026-09-02T12:14:00+05:30,CE,3531.19,ORDINARY_VWAP_RECLAIM,NO_AFFORDABLE_LIQUID_CONTRACT,"[{""contract"": ""NSE_FO|42633|08-09-2026"", ""status"": ""UNAFFORDABLE_OR_PAST_CAPACITY""}, {""contract"": ""NSE_FO|42635|08-09-2026"", ""status"": ""UNAFFORDABLE_OR_PAST_CAPACITY""}, {""contract"": ""NSE_FO|42637|08-09-2026"", ""status"": ""UNAFFORDABLE_OR_PAST_CAPACITY""}, {""contract"": ""NSE_FO|42639|08-09-2026"", ""status"": ""UNAFFORDABLE_OR_PAST_CAPACITY""}]",,,,,,,,,,,,,,
recent,ORDINARY_VWAP_RECLAIM_TARGET,2026-09-09,2026-09-09T14:35:00+05:30,PE,3531.19,ORDINARY_VWAP_RECLAIM,MODELED_LIMIT_MISS,"[{""contract"": ""NSE_FO|47298|15-09-2026"", ""status"": ""UNAFFORDABLE_OR_PAST_CAPACITY""}, {""contract"": ""NSE_FO|47296|15-09-2026"", ""status"": ""UNAFFORDABLE_OR_PAST_CAPACITY""}, {""contract"": ""NSE_FO|47294|15-09-2026"", ""status"": ""UNAFFORDABLE_OR_PAST_CAPACITY""}, {""contract"": ""NSE_FO|47292|15-09-2026"", ""status"": ""ORDER_CREATED""}]",NSE_FO|47292|15-09-2026,23350.0,65,65,48.65,,,,,,,,,
recent,ORDINARY_VWAP_RECLAIM_TARGET,2026-09-16,2026-09-16T14:58:00+05:30,CE,3531.19,ORDINARY_VWAP_RECLAIM,NO_AFFORDABLE_LIQUID_CONTRACT,"[{""contract"": ""NSE_FO|56983"", ""status"": ""UNAFFORDABLE_OR_PAST_CAPACITY""}, {""contract"": ""NSE_FO|56985"", ""status"": ""UNAFFORDABLE_OR_PAST_CAPACITY""}, {""contract"": ""NSE_FO|56995"", ""status"": ""UNAFFORDABLE_OR_PAST_CAPACITY""}, {""contract"": ""NSE_FO|56999"", ""status"": ""UNAFFORDABLE_OR_PAST_CAPACITY""}]",,,,,,,,,,,,,,
recent,ORDINARY_VWAP_RECLAIM_TARGET,2026-09-17,2026-09-17T11:45:00+05:30,CE,3531.19,ORDINARY_VWAP_RECLAIM,NO_AFFORDABLE_LIQUID_CONTRACT,"[{""contract"": ""NSE_FO|56985"", ""status"": ""UNAFFORDABLE_OR_PAST_CAPACITY""}, {""contract"": ""NSE_FO|56995"", ""status"": ""UNAFFORDABLE_OR_PAST_CAPACITY""}, {""contract"": ""NSE_FO|56999"", ""status"": ""UNAFFORDABLE_OR_PAST_CAPACITY""}, {""contract"": ""NSE_FO|57003"", ""status"": ""UNAFFORDABLE_OR_PAST_CAPACITY""}]",,,,,,,,,,,,,,
recent,ORDINARY_VWAP_RECLAIM_TARGET,2026-09-18,2026-09-18T11:54:00+05:30,CE,3531.19,ORDINARY_VWAP_RECLAIM,NO_AFFORDABLE_LIQUID_CONTRACT,"[{""contract"": ""NSE_FO|56985"", ""status"": ""UNAFFORDABLE_OR_PAST_CAPACITY""}, {""contract"": ""NSE_FO|56995"", ""status"": ""UNAFFORDABLE_OR_PAST_CAPACITY""}, {""contract"": ""NSE_FO|56999"", ""status"": ""UNAFFORDABLE_OR_PAST_CAPACITY""}, {""contract"": ""NSE_FO|57003"", ""status"": ""UNAFFORDABLE_OR_PAST_CAPACITY""}]",,,,,,,,,,,,,,
recent,ORDINARY_VWAP_RECLAIM_TRAIL,2026-06-22,2026-06-22T14:30:00+05:30,CE,9411.18,ORDINARY_VWAP_RECLAIM,MODELED_EXIT,"[{""contract"": ""NSE_FO|56380|23-06-2026"", ""status"": ""ORDER_CREATED""}]",NSE_FO|56380|23-06-2026,24150.0,65,130,67.90,64.85,2026-06-22T14:31:00+05:30,40.90,2026-06-22T15:25:00+05:30,TIMED_CLOSE,-3175.53,62.03,6235.65,0.6306861989205859676175790285
recent,ORDINARY_VWAP_RECLAIM_TRAIL,2026-07-01,2026-07-01T14:41:00+05:30,PE,6235.65,ORDINARY_VWAP_RECLAIM,NO_AFFORDABLE_LIQUID_CONTRACT,"[{""contract"": ""NSE_FO|44621|07-07-2026"", ""status"": ""UNAFFORDABLE_OR_PAST_CAPACITY""}, {""contract"": ""NSE_FO|44619|07-07-2026"", ""status"": ""UNAFFORDABLE_OR_PAST_CAPACITY""}, {""contract"": ""NSE_FO|44617|07-07-2026"", ""status"": ""UNAFFORDABLE_OR_PAST_CAPACITY""}, {""contract"": ""NSE_FO|44615|07-07-2026"", ""status"": ""UNAFFORDABLE_OR_PAST_CAPACITY""}]",,,,,,,,,,,,,,
recent,ORDINARY_VWAP_RECLAIM_TRAIL,2026-07-03,2026-07-03T13:06:00+05:30,PE,6235.65,ORDINARY_VWAP_RECLAIM,MODELED_EXIT,"[{""contract"": ""NSE_FO|44651|07-07-2026"", ""status"": ""UNAFFORDABLE_OR_PAST_CAPACITY""}, {""contract"": ""NSE_FO|44646|07-07-2026"", ""status"": ""ORDER_CREATED""}]",NSE_FO|44646|07-07-2026,24300.0,65,65,86.60,85.45,2026-07-03T13:07:00+05:30,94.60,2026-07-03T15:25:00+05:30,TIMED_CLOSE,531.58,63.17,6767.23,1.107080163838502047981275600
recent,ORDINARY_VWAP_RECLAIM_TRAIL,2026-07-06,2026-07-06T14:44:00+05:30,PE,6767.23,ORDINARY_VWAP_RECLAIM,MODELED_EXIT,"[{""contract"": ""NSE_FO|44655|07-07-2026"", ""status"": ""ORDER_CREATED""}]",NSE_FO|44655|07-07-2026,24400.0,65,65,69.95,67.35,2026-07-06T14:45:00+05:30,48.95,2026-07-06T15:25:00+05:30,TIMED_CLOSE,-1252.44,56.44,5514.79,0.7268002969561989606533036377
recent,ORDINARY_VWAP_RECLAIM_TRAIL,2026-07-09,2026-07-09T10:38:00+05:30,PE,5514.79,ORDINARY_VWAP_RECLAIM,NO_AFFORDABLE_LIQUID_CONTRACT,"[{""contract"": ""NSE_FO|51371|14-07-2026"", ""status"": ""UNAFFORDABLE_OR_PAST_CAPACITY""}, {""contract"": ""NSE_FO|51367|14-07-2026"", ""status"": ""UNAFFORDABLE_OR_PAST_CAPACITY""}, {""contract"": ""NSE_FO|51365|14-07-2026"", ""status"": ""UNAFFORDABLE_OR_PAST_CAPACITY""}, {""contract"": ""NSE_FO|51363|14-07-2026"", ""status"": ""UNAFFORDABLE_OR_PAST_CAPACITY""}]",,,,,,,,,,,,,,
recent,ORDINARY_VWAP_RECLAIM_TRAIL,2026-07-15,2026-07-15T11:15:00+05:30,PE,5514.79,ORDINARY_VWAP_RECLAIM,NO_AFFORDABLE_LIQUID_CONTRACT,"[{""contract"": ""NSE_FO|57347|21-07-2026"", ""status"": ""UNAFFORDABLE_OR_PAST_CAPACITY""}, {""contract"": ""NSE_FO|57345|21-07-2026"", ""status"": ""UNAFFORDABLE_OR_PAST_CAPACITY""}, {""contract"": ""NSE_FO|57343|21-07-2026"", ""status"": ""UNAFFORDABLE_OR_PAST_CAPACITY""}, {""contract"": ""NSE_FO|57341|21-07-2026"", ""status"": ""UNAFFORDABLE_OR_PAST_CAPACITY""}]",,,,,,,,,,,,,,
recent,ORDINARY_VWAP_RECLAIM_TRAIL,2026-07-20,2026-07-20T13:15:00+05:30,CE,5514.79,ORDINARY_VWAP_RECLAIM,MODELED_LIMIT_MISS,"[{""contract"": ""NSE_FO|57348|21-07-2026"", ""status"": ""UNAFFORDABLE_OR_PAST_CAPACITY""}, {""contract"": ""NSE_FO|57350|21-07-2026"", ""status"": ""ORDER_CREATED""}]",NSE_FO|57350|21-07-2026,24250.0,65,65,70.55,,,,,,,,,
recent,ORDINARY_VWAP_RECLAIM_TRAIL,2026-07-24,2026-07-24T11:44:00+05:30,CE,5514.79,ORDINARY_VWAP_RECLAIM,MODELED_EXIT,"[{""contract"": ""NSE_FO|63925|28-07-2026"", ""status"": ""UNAFFORDABLE_OR_PAST_CAPACITY""}, {""contract"": ""NSE_FO|63927|28-07-2026"", ""status"": ""UNAFFORDABLE_OR_PAST_CAPACITY""}, {""contract"": ""NSE_FO|63929|28-07-2026"", ""status"": ""UNAFFORDABLE_OR_PAST_CAPACITY""}, {""contract"": ""NSE_FO|63933|28-07-2026"", ""status"": ""ORDER_CREATED""}]",NSE_FO|63933|28-07-2026,23850.0,65,65,68.20,66.5,2026-07-24T11:45:00+05:30,95.15,2026-07-24T15:25:00+05:30,TIMED_CLOSE,1799.58,62.67,7314.37,1.430827067669172932330827068
recent,ORDINARY_VWAP_RECLAIM_TRAIL,2026-08-03,2026-08-03T12:49:00+05:30,PE,7314.37,ORDINARY_VWAP_RECLAIM,MODELED_EXIT,"[{""contract"": ""NSE_FO|65868|04-08-2026"", ""status"": ""ORDER_CREATED""}]",NSE_FO|65868|04-08-2026,24550.0,65,65,59.35,54.25,2026-08-03T12:50:00+05:30,36.15,2026-08-03T15:35:00+05:30,TIMED_CLOSE,-1231.24,54.74,6083.13,0.6663594470046082949308755760
recent,ORDINARY_VWAP_RECLAIM_TRAIL,2026-08-07,2026-08-07T13:53:00+05:30,CE,6083.13,ORDINARY_VWAP_RECLAIM,MODELED_EXIT,"[{""contract"": ""NSE_FO|41015|11-08-2026"", ""status"": ""UNAFFORDABLE_OR_PAST_CAPACITY""}, {""contract"": ""NSE_FO|41017|11-08-2026"", ""status"": ""UNAFFORDABLE_OR_PAST_CAPACITY""}, {""contract"": ""NSE_FO|41020|11-08-2026"", ""status"": ""ORDER_CREATED""}]",NSE_FO|41020|11-08-2026,24700.0,65,65,80.35,75.70,2026-08-07T13:54:00+05:30,63.35,2026-08-07T15:35:00+05:30,TIMED_CLOSE,-861.80,59.05,5221.33,0.8368560105680317040951122853
recent,ORDINARY_VWAP_RECLAIM_TRAIL,2026-08-14,2026-08-14T13:36:00+05:30,PE,5221.33,ORDINARY_VWAP_RECLAIM,MODELED_EXIT,"[{""contract"": ""NSE_FO|45105|18-08-2026"", ""status"": ""UNAFFORDABLE_OR_PAST_CAPACITY""}, {""contract"": ""NSE_FO|45103|18-08-2026"", ""status"": ""ORDER_CREATED""}]",NSE_FO|45103|18-08-2026,24300.0,65,65,60.70,57.70,2026-08-14T13:37:00+05:30,37.70,2026-08-14T15:35:00+05:30,TIMED_CLOSE,-1354.88,54.88,3866.45,0.6533795493934142114384748700
recent,ORDINARY_VWAP_RECLAIM_TRAIL,2026-08-21,2026-08-21T11:56:00+05:30,PE,3866.45,ORDINARY_VWAP_RECLAIM,MODELED_EXIT,"[{""contract"": ""NSE_FO|61684|25-08-2026"", ""status"": ""UNAFFORDABLE_OR_PAST_CAPACITY""}, {""contract"": ""NSE_FO|61670|25-08-2026"", ""status"": ""ORDER_CREATED""}]",NSE_FO|61670|25-08-2026,24200.0,65,65,49.70,47.85,2026-08-21T11:57:00+05:30,43.55,2026-08-21T15:35:00+05:30,TIMED_CLOSE,-335.26,55.76,3531.19,0.9101358411703239289446185998
recent,ORDINARY_VWAP_RECLAIM_TRAIL,2026-08-27,2026-08-27T12:40:00+05:30,CE,3531.19,ORDINARY_VWAP_RECLAIM,NO_AFFORDABLE_LIQUID_CONTRACT,"[{""contract"": ""NSE_FO|46991|01-09-2026"", ""status"": ""UNAFFORDABLE_OR_PAST_CAPACITY""}, {""contract"": ""NSE_FO|46993|01-09-2026"", ""status"": ""UNAFFORDABLE_OR_PAST_CAPACITY""}, {""contract"": ""NSE_FO|46995|01-09-2026"", ""status"": ""UNAFFORDABLE_OR_PAST_CAPACITY""}, {""contract"": ""NSE_FO|46997|01-09-2026"", ""status"": ""UNAFFORDABLE_OR_PAST_CAPACITY""}]",,,,,,,,,,,,,,
recent,ORDINARY_VWAP_RECLAIM_TRAIL,2026-09-02,2026-09-02T12:14:00+05:30,CE,3531.19,ORDINARY_VWAP_RECLAIM,NO_AFFORDABLE_LIQUID_CONTRACT,"[{""contract"": ""NSE_FO|42633|08-09-2026"", ""status"": ""UNAFFORDABLE_OR_PAST_CAPACITY""}, {""contract"": ""NSE_FO|42635|08-09-2026"", ""status"": ""UNAFFORDABLE_OR_PAST_CAPACITY""}, {""contract"": ""NSE_FO|42637|08-09-2026"", ""status"": ""UNAFFORDABLE_OR_PAST_CAPACITY""}, {""contract"": ""NSE_FO|42639|08-09-2026"", ""status"": ""UNAFFORDABLE_OR_PAST_CAPACITY""}]",,,,,,,,,,,,,,
recent,ORDINARY_VWAP_RECLAIM_TRAIL,2026-09-09,2026-09-09T14:35:00+05:30,PE,3531.19,ORDINARY_VWAP_RECLAIM,MODELED_LIMIT_MISS,"[{""contract"": ""NSE_FO|47298|15-09-2026"", ""status"": ""UNAFFORDABLE_OR_PAST_CAPACITY""}, {""contract"": ""NSE_FO|47296|15-09-2026"", ""status"": ""UNAFFORDABLE_OR_PAST_CAPACITY""}, {""contract"": ""NSE_FO|47294|15-09-2026"", ""status"": ""UNAFFORDABLE_OR_PAST_CAPACITY""}, {""contract"": ""NSE_FO|47292|15-09-2026"", ""status"": ""ORDER_CREATED""}]",NSE_FO|47292|15-09-2026,23350.0,65,65,48.65,,,,,,,,,
recent,ORDINARY_VWAP_RECLAIM_TRAIL,2026-09-16,2026-09-16T14:58:00+05:30,CE,3531.19,ORDINARY_VWAP_RECLAIM,NO_AFFORDABLE_LIQUID_CONTRACT,"[{""contract"": ""NSE_FO|56983"", ""status"": ""UNAFFORDABLE_OR_PAST_CAPACITY""}, {""contract"": ""NSE_FO|56985"", ""status"": ""UNAFFORDABLE_OR_PAST_CAPACITY""}, {""contract"": ""NSE_FO|56995"", ""status"": ""UNAFFORDABLE_OR_PAST_CAPACITY""}, {""contract"": ""NSE_FO|56999"", ""status"": ""UNAFFORDABLE_OR_PAST_CAPACITY""}]",,,,,,,,,,,,,,
recent,ORDINARY_VWAP_RECLAIM_TRAIL,2026-09-17,2026-09-17T11:45:00+05:30,CE,3531.19,ORDINARY_VWAP_RECLAIM,NO_AFFORDABLE_LIQUID_CONTRACT,"[{""contract"": ""NSE_FO|56985"", ""status"": ""UNAFFORDABLE_OR_PAST_CAPACITY""}, {""contract"": ""NSE_FO|56995"", ""status"": ""UNAFFORDABLE_OR_PAST_CAPACITY""}, {""contract"": ""NSE_FO|56999"", ""status"": ""UNAFFORDABLE_OR_PAST_CAPACITY""}, {""contract"": ""NSE_FO|57003"", ""status"": ""UNAFFORDABLE_OR_PAST_CAPACITY""}]",,,,,,,,,,,,,,
recent,ORDINARY_VWAP_RECLAIM_TRAIL,2026-09-18,2026-09-18T11:54:00+05:30,CE,3531.19,ORDINARY_VWAP_RECLAIM,NO_AFFORDABLE_LIQUID_CONTRACT,"[{""contract"": ""NSE_FO|56985"", ""status"": ""UNAFFORDABLE_OR_PAST_CAPACITY""}, {""contract"": ""NSE_FO|56995"", ""status"": ""UNAFFORDABLE_OR_PAST_CAPACITY""}, {""contract"": ""NSE_FO|56999"", ""status"": ""UNAFFORDABLE_OR_PAST_CAPACITY""}, {""contract"": ""NSE_FO|57003"", ""status"": ""UNAFFORDABLE_OR_PAST_CAPACITY""}]",,,,,,,,,,,,,,
recent,ORDINARY_COMPRESSION_BREAK_TARGET,2026-07-03,2026-07-03T14:23:00+05:30,PE,9411.18,ORDINARY_COMPRESSION_BREAK,MODELED_EXIT,"[{""contract"": ""NSE_FO|44643|07-07-2026"", ""status"": ""ORDER_CREATED""}]",NSE_FO|44643|07-07-2026,24250.0,65,65,90.15,88.45,2026-07-03T14:24:00+05:30,71.70,2026-07-03T15:25:00+05:30,TIMED_CLOSE,-1148.39,59.64,8262.79,0.8106274731486715658564160543
recent,ORDINARY_COMPRESSION_BREAK_TARGET,2026-07-10,2026-07-10T10:33:00+05:30,PE,8262.79,ORDINARY_COMPRESSION_BREAK,MODELED_EXIT,"[{""contract"": ""NSE_FO|51380|14-07-2026"", ""status"": ""UNAFFORDABLE_OR_PAST_CAPACITY""}, {""contract"": ""NSE_FO|51378|14-07-2026"", ""status"": ""ORDER_CREATED""}]",NSE_FO|51378|14-07-2026,24150.0,65,65,100.95,97.10,2026-07-10T10:34:00+05:30,71.65,2026-07-10T15:25:00+05:30,TIMED_CLOSE,-1714.12,59.87,6548.67,0.7378990731204943357363542739
recent,ORDINARY_COMPRESSION_BREAK_TARGET,2026-07-23,2026-07-23T14:36:00+05:30,CE,6548.67,ORDINARY_COMPRESSION_BREAK,MODELED_EXIT,"[{""contract"": ""NSE_FO|63935|28-07-2026"", ""status"": ""UNAFFORDABLE_OR_PAST_CAPACITY""}, {""contract"": ""NSE_FO|63937|28-07-2026"", ""status"": ""UNAFFORDABLE_OR_PAST_CAPACITY""}, {""contract"": ""NSE_FO|63939|28-07-2026"", ""status"": ""ORDER_CREATED""}]",NSE_FO|63939|28-07-2026,24000.0,65,65,83.65,77.80,2026-07-23T14:37:00+05:30,78.35,2026-07-23T15:25:00+05:30,TIMED_CLOSE,-24.76,60.51,6523.91,1.007069408740359897172236504
recent,ORDINARY_COMPRESSION_BREAK_TARGET,2026-07-30,2026-07-30T12:34:00+05:30,CE,6523.91,ORDINARY_COMPRESSION_BREAK,MODELED_EXIT,"[{""contract"": ""NSE_FO|65852|04-08-2026"", ""status"": ""UNAFFORDABLE_OR_PAST_CAPACITY""}, {""contract"": ""NSE_FO|65854|04-08-2026"", ""status"": ""ORDER_CREATED""}]",NSE_FO|65854|04-08-2026,24400.0,65,65,90.05,79.55,2026-07-30T12:35:00+05:30,61.25,2026-07-30T15:25:00+05:30,TIMED_CLOSE,-1247.60,58.10,5276.31,0.7699560025141420490257699560
recent,ORDINARY_COMPRESSION_BREAK_TARGET,2026-08-03,2026-08-03T15:08:00+05:30,PE,5276.31,ORDINARY_COMPRESSION_BREAK,MODELED_EXIT,"[{""contract"": ""NSE_FO|65868|04-08-2026"", ""status"": ""ORDER_CREATED""}]",NSE_FO|65868|04-08-2026,24550.0,65,65,55.75,55.0,2026-08-03T15:09:00+05:30,36.15,2026-08-03T15:35:00+05:30,TIMED_CLOSE,-1280.01,54.76,3996.30,0.6572727272727272727272727273
recent,ORDINARY_COMPRESSION_BREAK_TARGET,2026-08-05,2026-08-05T12:34:00+05:30,PE,3996.30,ORDINARY_COMPRESSION_BREAK,NO_AFFORDABLE_LIQUID_CONTRACT,"[{""contract"": ""NSE_FO|41014|11-08-2026"", ""status"": ""UNAFFORDABLE_OR_PAST_CAPACITY""}, {""contract"": ""NSE_FO|41012|11-08-2026"", ""status"": ""UNAFFORDABLE_OR_PAST_CAPACITY""}, {""contract"": ""NSE_FO|41010|11-08-2026"", ""status"": ""UNAFFORDABLE_OR_PAST_CAPACITY""}, {""contract"": ""NSE_FO|41008|11-08-2026"", ""status"": ""UNAFFORDABLE_OR_PAST_CAPACITY""}]",,,,,,,,,,,,,,
recent,ORDINARY_COMPRESSION_BREAK_TARGET,2026-08-20,2026-08-20T12:50:00+05:30,CE,3996.30,ORDINARY_COMPRESSION_BREAK,NO_AFFORDABLE_LIQUID_CONTRACT,"[{""contract"": ""NSE_FO|61671|25-08-2026"", ""status"": ""UNAFFORDABLE_OR_PAST_CAPACITY""}, {""contract"": ""NSE_FO|61685|25-08-2026"", ""status"": ""UNAFFORDABLE_OR_PAST_CAPACITY""}, {""contract"": ""NSE_FO|61717|25-08-2026"", ""status"": ""UNAFFORDABLE_OR_PAST_CAPACITY""}, {""contract"": ""NSE_FO|61720|25-08-2026"", ""status"": ""UNAFFORDABLE_OR_PAST_CAPACITY""}]",,,,,,,,,,,,,,
recent,ORDINARY_COMPRESSION_BREAK_TARGET,2026-09-18,2026-09-18T11:55:00+05:30,CE,3996.30,ORDINARY_COMPRESSION_BREAK,MODELED_EXIT,"[{""contract"": ""NSE_FO|56985"", ""status"": ""UNAFFORDABLE_OR_PAST_CAPACITY""}, {""contract"": ""NSE_FO|56995"", ""status"": ""UNAFFORDABLE_OR_PAST_CAPACITY""}, {""contract"": ""NSE_FO|56999"", ""status"": ""UNAFFORDABLE_OR_PAST_CAPACITY""}, {""contract"": ""NSE_FO|57003"", ""status"": ""ORDER_CREATED""}]",NSE_FO|57003,23450.0,65,65,51.80,49.40,2026-09-18T11:56:00+05:30,46.50,2026-09-18T15:35:00+05:30,TIMED_CLOSE,-244.39,55.89,3751.91,0.9412955465587044534412955466
recent,ORDINARY_COMPRESSION_BREAK_TRAIL,2026-07-03,2026-07-03T14:23:00+05:30,PE,9411.18,ORDINARY_COMPRESSION_BREAK,MODELED_EXIT,"[{""contract"": ""NSE_FO|44643|07-07-2026"", ""status"": ""ORDER_CREATED""}]",NSE_FO|44643|07-07-2026,24250.0,65,65,90.15,88.45,2026-07-03T14:24:00+05:30,71.70,2026-07-03T15:25:00+05:30,TIMED_CLOSE,-1148.39,59.64,8262.79,0.8106274731486715658564160543
recent,ORDINARY_COMPRESSION_BREAK_TRAIL,2026-07-10,2026-07-10T10:33:00+05:30,PE,8262.79,ORDINARY_COMPRESSION_BREAK,MODELED_EXIT,"[{""contract"": ""NSE_FO|51380|14-07-2026"", ""status"": ""UNAFFORDABLE_OR_PAST_CAPACITY""}, {""contract"": ""NSE_FO|51378|14-07-2026"", ""status"": ""ORDER_CREATED""}]",NSE_FO|51378|14-07-2026,24150.0,65,65,100.95,97.10,2026-07-10T10:34:00+05:30,71.65,2026-07-10T15:25:00+05:30,TIMED_CLOSE,-1714.12,59.87,6548.67,0.7378990731204943357363542739
recent,ORDINARY_COMPRESSION_BREAK_TRAIL,2026-07-23,2026-07-23T14:36:00+05:30,CE,6548.67,ORDINARY_COMPRESSION_BREAK,MODELED_EXIT,"[{""contract"": ""NSE_FO|63935|28-07-2026"", ""status"": ""UNAFFORDABLE_OR_PAST_CAPACITY""}, {""contract"": ""NSE_FO|63937|28-07-2026"", ""status"": ""UNAFFORDABLE_OR_PAST_CAPACITY""}, {""contract"": ""NSE_FO|63939|28-07-2026"", ""status"": ""ORDER_CREATED""}]",NSE_FO|63939|28-07-2026,24000.0,65,65,83.65,77.80,2026-07-23T14:37:00+05:30,78.35,2026-07-23T15:25:00+05:30,TIMED_CLOSE,-24.76,60.51,6523.91,1.007069408740359897172236504
recent,ORDINARY_COMPRESSION_BREAK_TRAIL,2026-07-30,2026-07-30T12:34:00+05:30,CE,6523.91,ORDINARY_COMPRESSION_BREAK,MODELED_EXIT,"[{""contract"": ""NSE_FO|65852|04-08-2026"", ""status"": ""UNAFFORDABLE_OR_PAST_CAPACITY""}, {""contract"": ""NSE_FO|65854|04-08-2026"", ""status"": ""ORDER_CREATED""}]",NSE_FO|65854|04-08-2026,24400.0,65,65,90.05,79.55,2026-07-30T12:35:00+05:30,61.25,2026-07-30T15:25:00+05:30,TIMED_CLOSE,-1247.60,58.10,5276.31,0.7699560025141420490257699560
recent,ORDINARY_COMPRESSION_BREAK_TRAIL,2026-08-03,2026-08-03T15:08:00+05:30,PE,5276.31,ORDINARY_COMPRESSION_BREAK,MODELED_EXIT,"[{""contract"": ""NSE_FO|65868|04-08-2026"", ""status"": ""ORDER_CREATED""}]",NSE_FO|65868|04-08-2026,24550.0,65,65,55.75,55.0,2026-08-03T15:09:00+05:30,36.15,2026-08-03T15:35:00+05:30,TIMED_CLOSE,-1280.01,54.76,3996.30,0.6572727272727272727272727273
recent,ORDINARY_COMPRESSION_BREAK_TRAIL,2026-08-05,2026-08-05T12:34:00+05:30,PE,3996.30,ORDINARY_COMPRESSION_BREAK,NO_AFFORDABLE_LIQUID_CONTRACT,"[{""contract"": ""NSE_FO|41014|11-08-2026"", ""status"": ""UNAFFORDABLE_OR_PAST_CAPACITY""}, {""contract"": ""NSE_FO|41012|11-08-2026"", ""status"": ""UNAFFORDABLE_OR_PAST_CAPACITY""}, {""contract"": ""NSE_FO|41010|11-08-2026"", ""status"": ""UNAFFORDABLE_OR_PAST_CAPACITY""}, {""contract"": ""NSE_FO|41008|11-08-2026"", ""status"": ""UNAFFORDABLE_OR_PAST_CAPACITY""}]",,,,,,,,,,,,,,
recent,ORDINARY_COMPRESSION_BREAK_TRAIL,2026-08-20,2026-08-20T12:50:00+05:30,CE,3996.30,ORDINARY_COMPRESSION_BREAK,NO_AFFORDABLE_LIQUID_CONTRACT,"[{""contract"": ""NSE_FO|61671|25-08-2026"", ""status"": ""UNAFFORDABLE_OR_PAST_CAPACITY""}, {""contract"": ""NSE_FO|61685|25-08-2026"", ""status"": ""UNAFFORDABLE_OR_PAST_CAPACITY""}, {""contract"": ""NSE_FO|61717|25-08-2026"", ""status"": ""UNAFFORDABLE_OR_PAST_CAPACITY""}, {""contract"": ""NSE_FO|61720|25-08-2026"", ""status"": ""UNAFFORDABLE_OR_PAST_CAPACITY""}]",,,,,,,,,,,,,,
recent,ORDINARY_COMPRESSION_BREAK_TRAIL,2026-09-18,2026-09-18T11:55:00+05:30,CE,3996.30,ORDINARY_COMPRESSION_BREAK,MODELED_EXIT,"[{""contract"": ""NSE_FO|56985"", ""status"": ""UNAFFORDABLE_OR_PAST_CAPACITY""}, {""contract"": ""NSE_FO|56995"", ""status"": ""UNAFFORDABLE_OR_PAST_CAPACITY""}, {""contract"": ""NSE_FO|56999"", ""status"": ""UNAFFORDABLE_OR_PAST_CAPACITY""}, {""contract"": ""NSE_FO|57003"", ""status"": ""ORDER_CREATED""}]",NSE_FO|57003,23450.0,65,65,51.80,49.40,2026-09-18T11:56:00+05:30,46.50,2026-09-18T15:35:00+05:30,TIMED_CLOSE,-244.39,55.89,3751.91,0.9412955465587044534412955466
recent,ORDINARY_PRIOR_OI_WALL_TARGET,2026-08-24,2026-08-24T11:32:00+05:30,PE,9411.18,ORDINARY_PRIOR_OI_WALL,MODELED_EXIT,"[{""contract"": ""NSE_FO|61670|25-08-2026"", ""status"": ""ORDER_CREATED""}]",NSE_FO|61670|25-08-2026,24200.0,65,65,69.80,68.80,2026-08-24T11:33:00+05:30,55.80,2026-08-24T15:35:00+05:30,TIMED_CLOSE,-902.65,57.65,8508.53,0.8110465116279069767441860465
recent,ORDINARY_PRIOR_OI_WALL_TARGET,2026-09-11,2026-09-11T14:04:00+05:30,CE,8508.53,ORDINARY_PRIOR_OI_WALL,MODELED_EXIT,"[{""contract"": ""NSE_FO|47295|15-09-2026"", ""status"": ""ORDER_CREATED""}]",NSE_FO|47295|15-09-2026,23450.0,65,65,118.50,115.05,2026-09-11T14:05:00+05:30,91.30,2026-09-11T15:35:00+05:30,TIMED_CLOSE,-1606.64,62.89,6901.89,0.7935680139069969578444154715
recent,ORDINARY_PRIOR_OI_WALL_TRAIL,2026-08-24,2026-08-24T11:32:00+05:30,PE,9411.18,ORDINARY_PRIOR_OI_WALL,MODELED_EXIT,"[{""contract"": ""NSE_FO|61670|25-08-2026"", ""status"": ""ORDER_CREATED""}]",NSE_FO|61670|25-08-2026,24200.0,65,65,69.80,68.80,2026-08-24T11:33:00+05:30,55.80,2026-08-24T15:35:00+05:30,TIMED_CLOSE,-902.65,57.65,8508.53,0.8110465116279069767441860465
recent,ORDINARY_PRIOR_OI_WALL_TRAIL,2026-09-11,2026-09-11T14:04:00+05:30,CE,8508.53,ORDINARY_PRIOR_OI_WALL,MODELED_EXIT,"[{""contract"": ""NSE_FO|47295|15-09-2026"", ""status"": ""ORDER_CREATED""}]",NSE_FO|47295|15-09-2026,23450.0,65,65,118.50,115.05,2026-09-11T14:05:00+05:30,91.30,2026-09-11T15:35:00+05:30,TIMED_CLOSE,-1606.64,62.89,6901.89,0.7935680139069969578444154715
