signal_id,symbol,side,signal_time,event_time,event_url,status,cash_before,contract,expiry,strike,lot,quantity,limit,entry_time,entry_price,exit_time,exit_price,exit_reason,fees,net_pnl,cash_after,premium_multiple,rejected_contracts,error
SECTOR_SHOCK_LAG:HCLTECH:2026-07-20T09:27:00+05:30,HCLTECH,PE,2026-07-20T09:27:00+05:30,,,MODELED_ROUND_TRIP,9411.18,NSE_FO|96371|28-07-2026,2026-07-28,1200.0,400,400,19.20,2026-07-20T09:28:00+05:30,17.90,2026-07-20T09:34:00+05:30,16.70,INVALIDATION,65.08,-545.08,8866.10,0.9329608938547486033519553073,"[{""key"":""NSE_FO|98466|28-07-2026"",""reason"":""UNAFFORDABLE_OR_PAST_CAPACITY""}]",
SECTOR_SHOCK_LAG:INFY:2026-07-20T09:27:00+05:30,INFY,PE,2026-07-20T09:27:00+05:30,,,POSITION_ALREADY_OPEN,8866.10,,,,,,,,,,,,,,,,[],
SECTOR_SHOCK_LAG:TCS:2026-07-20T09:27:00+05:30,TCS,PE,2026-07-20T09:27:00+05:30,,,POSITION_ALREADY_OPEN,8866.10,,,,,,,,,,,,,,,,[],
SECTOR_SHOCK_LAG:HCLTECH:2026-07-21T09:25:00+05:30,HCLTECH,CE,2026-07-21T09:25:00+05:30,,,NO_ORDER_UNDER_MODEL,8866.10,,,,,,,,,,,,,,,,"[{""key"":""NSE_FO|108251|25-08-2026"",""reason"":""UNAFFORDABLE_OR_PAST_CAPACITY""},{""key"":""NSE_FO|98778|25-08-2026"",""reason"":""UNAFFORDABLE_OR_PAST_CAPACITY""},{""key"":""NSE_FO|108255|25-08-2026"",""reason"":""UNAFFORDABLE_OR_PAST_CAPACITY""},{""key"":""NSE_FO|98791|25-08-2026"",""reason"":""UNAFFORDABLE_OR_PAST_CAPACITY""},{""key"":""NSE_FO|108310|25-08-2026"",""reason"":""UNAFFORDABLE_OR_PAST_CAPACITY""},{""key"":""NSE_FO|98841|25-08-2026"",""reason"":""NO_KNOWN_QUOTE_PROXY""},{""key"":""NSE_FO|108368|25-08-2026"",""reason"":""UNAFFORDABLE_OR_PAST_CAPACITY""},{""key"":""NSE_FO|98845|25-08-2026"",""reason"":""UNAFFORDABLE_OR_PAST_CAPACITY""},{""key"":""NSE_FO|108370|25-08-2026"",""reason"":""UNAFFORDABLE_OR_PAST_CAPACITY""},{""key"":""NSE_FO|98847|25-08-2026"",""reason"":""NO_KNOWN_QUOTE_PROXY""},{""key"":""NSE_FO|108372|25-08-2026"",""reason"":""UNAFFORDABLE_OR_PAST_CAPACITY""}]",
SECTOR_SHOCK_LAG:TECHM:2026-07-21T10:25:00+05:30,TECHM,PE,2026-07-21T10:25:00+05:30,,,NO_ORDER_UNDER_MODEL,8866.10,,,,,,,,,,,,,,,,"[{""key"":""NSE_FO|39494|25-08-2026"",""reason"":""UNAFFORDABLE_OR_PAST_CAPACITY""},{""key"":""NSE_FO|39492|25-08-2026"",""reason"":""UNAFFORDABLE_OR_PAST_CAPACITY""},{""key"":""NSE_FO|149736|25-08-2026"",""reason"":""OFFICIAL_ZERO_TRADES_AUDIT""},{""key"":""NSE_FO|39490|25-08-2026"",""reason"":""UNAFFORDABLE_OR_PAST_CAPACITY""},{""key"":""NSE_FO|39488|25-08-2026"",""reason"":""UNAFFORDABLE_OR_PAST_CAPACITY""},{""key"":""NSE_FO|149734|25-08-2026"",""reason"":""INSUFFICIENT_KNOWN_OI""},{""key"":""NSE_FO|39486|25-08-2026"",""reason"":""INSUFFICIENT_KNOWN_OI""},{""key"":""NSE_FO|154027|25-08-2026"",""reason"":""INSUFFICIENT_KNOWN_OI""},{""key"":""NSE_FO|39484|25-08-2026"",""reason"":""UNAFFORDABLE_OR_PAST_CAPACITY""},{""key"":""NSE_FO|149732|25-08-2026"",""reason"":""OFFICIAL_ZERO_TRADES_AUDIT""},{""key"":""NSE_FO|39482|25-08-2026"",""reason"":""INSUFFICIENT_KNOWN_OI""}]",
SECTOR_SHOCK_LAG:INFY:2026-07-22T10:08:00+05:30,INFY,CE,2026-07-22T10:08:00+05:30,,,NO_ORDER_UNDER_MODEL,8866.10,,,,,,,,,,,,,,,,"[{""key"":""NSE_FO|52775|25-08-2026"",""reason"":""UNAFFORDABLE_OR_PAST_CAPACITY""},{""key"":""NSE_FO|108923|25-08-2026"",""reason"":""UNAFFORDABLE_OR_PAST_CAPACITY""},{""key"":""NSE_FO|52777|25-08-2026"",""reason"":""UNAFFORDABLE_OR_PAST_CAPACITY""},{""key"":""NSE_FO|52785|25-08-2026"",""reason"":""UNAFFORDABLE_OR_PAST_CAPACITY""},{""key"":""NSE_FO|108927|25-08-2026"",""reason"":""UNAFFORDABLE_OR_PAST_CAPACITY""},{""key"":""NSE_FO|52787|25-08-2026"",""reason"":""UNAFFORDABLE_OR_PAST_CAPACITY""},{""key"":""NSE_FO|52789|25-08-2026"",""reason"":""UNAFFORDABLE_OR_PAST_CAPACITY""},{""key"":""NSE_FO|108932|25-08-2026"",""reason"":""UNAFFORDABLE_OR_PAST_CAPACITY""},{""key"":""NSE_FO|52795|25-08-2026"",""reason"":""UNAFFORDABLE_OR_PAST_CAPACITY""},{""key"":""NSE_FO|108934|25-08-2026"",""reason"":""UNAFFORDABLE_OR_PAST_CAPACITY""},{""key"":""NSE_FO|52797|25-08-2026"",""reason"":""UNAFFORDABLE_OR_PAST_CAPACITY""}]",
SECTOR_SHOCK_LAG:TCS:2026-07-22T10:08:00+05:30,TCS,CE,2026-07-22T10:08:00+05:30,,,NO_ORDER_UNDER_MODEL,8866.10,,,,,,,,,,,,,,,,"[{""key"":""NSE_FO|153886|25-08-2026"",""reason"":""UNAFFORDABLE_OR_PAST_CAPACITY""},{""key"":""NSE_FO|149436|25-08-2026"",""reason"":""UNAFFORDABLE_OR_PAST_CAPACITY""},{""key"":""NSE_FO|153888|25-08-2026"",""reason"":""UNAFFORDABLE_OR_PAST_CAPACITY""},{""key"":""NSE_FO|149438|25-08-2026"",""reason"":""UNAFFORDABLE_OR_PAST_CAPACITY""},{""key"":""NSE_FO|153890|25-08-2026"",""reason"":""UNAFFORDABLE_OR_PAST_CAPACITY""},{""key"":""NSE_FO|149444|25-08-2026"",""reason"":""UNAFFORDABLE_OR_PAST_CAPACITY""},{""key"":""NSE_FO|153892|25-08-2026"",""reason"":""UNAFFORDABLE_OR_PAST_CAPACITY""},{""key"":""NSE_FO|149466|25-08-2026"",""reason"":""UNAFFORDABLE_OR_PAST_CAPACITY""},{""key"":""NSE_FO|153894|25-08-2026"",""reason"":""UNAFFORDABLE_OR_PAST_CAPACITY""},{""key"":""NSE_FO|149468|25-08-2026"",""reason"":""UNAFFORDABLE_OR_PAST_CAPACITY""},{""key"":""NSE_FO|153896|25-08-2026"",""reason"":""UNAFFORDABLE_OR_PAST_CAPACITY""}]",
SECTOR_SHOCK_LAG:HCLTECH:2026-07-22T10:27:00+05:30,HCLTECH,PE,2026-07-22T10:27:00+05:30,,,NO_ORDER_UNDER_MODEL,8866.10,,,,,,,,,,,,,,,,"[{""key"":""NSE_FO|108252|25-08-2026"",""reason"":""UNAFFORDABLE_OR_PAST_CAPACITY""},{""key"":""NSE_FO|98777|25-08-2026"",""reason"":""UNAFFORDABLE_OR_PAST_CAPACITY""},{""key"":""NSE_FO|108250|25-08-2026"",""reason"":""INSUFFICIENT_KNOWN_OI""},{""key"":""NSE_FO|98767|25-08-2026"",""reason"":""UNAFFORDABLE_OR_PAST_CAPACITY""},{""key"":""NSE_FO|108248|25-08-2026"",""reason"":""UNAFFORDABLE_OR_PAST_CAPACITY""},{""key"":""NSE_FO|98713|25-08-2026"",""reason"":""UNAFFORDABLE_OR_PAST_CAPACITY""},{""key"":""NSE_FO|108244|25-08-2026"",""reason"":""UNAFFORDABLE_OR_PAST_CAPACITY""},{""key"":""NSE_FO|98711|25-08-2026"",""reason"":""UNAFFORDABLE_OR_PAST_CAPACITY""},{""key"":""NSE_FO|108242|25-08-2026"",""reason"":""UNAFFORDABLE_OR_PAST_CAPACITY""},{""key"":""NSE_FO|98709|25-08-2026"",""reason"":""UNAFFORDABLE_OR_PAST_CAPACITY""},{""key"":""NSE_FO|108240|25-08-2026"",""reason"":""UNAFFORDABLE_OR_PAST_CAPACITY""}]",
SECTOR_SHOCK_LAG:TCS:2026-07-23T09:30:00+05:30,TCS,PE,2026-07-23T09:30:00+05:30,,,NO_ORDER_UNDER_MODEL,8866.10,,,,,,,,,,,,,,,,"[{""key"":""NSE_FO|149435|25-08-2026"",""reason"":""UNAFFORDABLE_OR_PAST_CAPACITY""},{""key"":""NSE_FO|153885|25-08-2026"",""reason"":""UNAFFORDABLE_OR_PAST_CAPACITY""},{""key"":""NSE_FO|149397|25-08-2026"",""reason"":""UNAFFORDABLE_OR_PAST_CAPACITY""},{""key"":""NSE_FO|153883|25-08-2026"",""reason"":""UNAFFORDABLE_OR_PAST_CAPACITY""},{""key"":""NSE_FO|149395|25-08-2026"",""reason"":""UNAFFORDABLE_OR_PAST_CAPACITY""},{""key"":""NSE_FO|153881|25-08-2026"",""reason"":""UNAFFORDABLE_OR_PAST_CAPACITY""},{""key"":""NSE_FO|149391|25-08-2026"",""reason"":""UNAFFORDABLE_OR_PAST_CAPACITY""},{""key"":""NSE_FO|153879|25-08-2026"",""reason"":""UNAFFORDABLE_OR_PAST_CAPACITY""},{""key"":""NSE_FO|149296|25-08-2026"",""reason"":""UNAFFORDABLE_OR_PAST_CAPACITY""},{""key"":""NSE_FO|153877|25-08-2026"",""reason"":""UNAFFORDABLE_OR_PAST_CAPACITY""},{""key"":""NSE_FO|149294|25-08-2026"",""reason"":""UNAFFORDABLE_OR_PAST_CAPACITY""}]",
SECTOR_SHOCK_LAG:HDFCBANK:2026-07-23T09:37:00+05:30,HDFCBANK,PE,2026-07-23T09:37:00+05:30,,,NO_ORDER_UNDER_MODEL,8866.10,,,,,,,,,,,,,,,,"[{""key"":""NSE_FO|99844|25-08-2026"",""reason"":""UNAFFORDABLE_OR_PAST_CAPACITY""},{""key"":""NSE_FO|99842|25-08-2026"",""reason"":""UNAFFORDABLE_OR_PAST_CAPACITY""},{""key"":""NSE_FO|99840|25-08-2026"",""reason"":""UNAFFORDABLE_OR_PAST_CAPACITY""},{""key"":""NSE_FO|99838|25-08-2026"",""reason"":""UNAFFORDABLE_OR_PAST_CAPACITY""},{""key"":""NSE_FO|99809|25-08-2026"",""reason"":""UNAFFORDABLE_OR_PAST_CAPACITY""},{""key"":""NSE_FO|99804|25-08-2026"",""reason"":""UNAFFORDABLE_OR_PAST_CAPACITY""},{""key"":""NSE_FO|99800|25-08-2026"",""reason"":""UNAFFORDABLE_OR_PAST_CAPACITY""},{""key"":""NSE_FO|99796|25-08-2026"",""reason"":""UNAFFORDABLE_OR_PAST_CAPACITY""},{""key"":""NSE_FO|99792|25-08-2026"",""reason"":""UNAFFORDABLE_OR_PAST_CAPACITY""},{""key"":""NSE_FO|99790|25-08-2026"",""reason"":""UNAFFORDABLE_OR_PAST_CAPACITY""},{""key"":""NSE_FO|99786|25-08-2026"",""reason"":""INSUFFICIENT_KNOWN_OI""}]",
SECTOR_SHOCK_LAG:ICICIBANK:2026-07-23T09:37:00+05:30,ICICIBANK,PE,2026-07-23T09:37:00+05:30,,,NO_ORDER_UNDER_MODEL,8866.10,,,,,,,,,,,,,,,,"[{""key"":""NSE_FO|103616|25-08-2026"",""reason"":""UNAFFORDABLE_OR_PAST_CAPACITY""},{""key"":""NSE_FO|111438|25-08-2026"",""reason"":""UNAFFORDABLE_OR_PAST_CAPACITY""},{""key"":""NSE_FO|103614|25-08-2026"",""reason"":""UNAFFORDABLE_OR_PAST_CAPACITY""},{""key"":""NSE_FO|111436|25-08-2026"",""reason"":""UNAFFORDABLE_OR_PAST_CAPACITY""},{""key"":""NSE_FO|103612|25-08-2026"",""reason"":""UNAFFORDABLE_OR_PAST_CAPACITY""},{""key"":""NSE_FO|111434|25-08-2026"",""reason"":""UNAFFORDABLE_OR_PAST_CAPACITY""},{""key"":""NSE_FO|103610|25-08-2026"",""reason"":""UNAFFORDABLE_OR_PAST_CAPACITY""},{""key"":""NSE_FO|111432|25-08-2026"",""reason"":""UNAFFORDABLE_OR_PAST_CAPACITY""},{""key"":""NSE_FO|103608|25-08-2026"",""reason"":""UNAFFORDABLE_OR_PAST_CAPACITY""},{""key"":""NSE_FO|111430|25-08-2026"",""reason"":""UNAFFORDABLE_OR_PAST_CAPACITY""},{""key"":""NSE_FO|103606|25-08-2026"",""reason"":""UNAFFORDABLE_OR_PAST_CAPACITY""}]",
SECTOR_SHOCK_LAG:PERSISTENT:2026-07-23T09:39:00+05:30,PERSISTENT,CE,2026-07-23T09:39:00+05:30,,,NO_ORDER_UNDER_MODEL,8866.10,,,,,,,,,,,,,,,,"[{""key"":""NSE_FO|134239|25-08-2026"",""reason"":""UNAFFORDABLE_OR_PAST_CAPACITY""},{""key"":""NSE_FO|134246|25-08-2026"",""reason"":""UNAFFORDABLE_OR_PAST_CAPACITY""},{""key"":""NSE_FO|134281|25-08-2026"",""reason"":""UNAFFORDABLE_OR_PAST_CAPACITY""},{""key"":""NSE_FO|134283|25-08-2026"",""reason"":""UNAFFORDABLE_OR_PAST_CAPACITY""},{""key"":""NSE_FO|134285|25-08-2026"",""reason"":""UNAFFORDABLE_OR_PAST_CAPACITY""},{""key"":""NSE_FO|134297|25-08-2026"",""reason"":""UNAFFORDABLE_OR_PAST_CAPACITY""},{""key"":""NSE_FO|134301|25-08-2026"",""reason"":""UNAFFORDABLE_OR_PAST_CAPACITY""},{""key"":""NSE_FO|134305|25-08-2026"",""reason"":""UNAFFORDABLE_OR_PAST_CAPACITY""},{""key"":""NSE_FO|134309|25-08-2026"",""reason"":""OFFICIAL_ZERO_TRADES_AUDIT""},{""key"":""NSE_FO|134313|25-08-2026"",""reason"":""UNAFFORDABLE_OR_PAST_CAPACITY""}]",
SECTOR_SHOCK_LAG:HCLTECH:2026-07-23T11:30:00+05:30,HCLTECH,PE,2026-07-23T11:30:00+05:30,,,NO_ORDER_UNDER_MODEL,8866.10,,,,,,,,,,,,,,,,"[{""key"":""NSE_FO|98779|25-08-2026"",""reason"":""UNAFFORDABLE_OR_PAST_CAPACITY""},{""key"":""NSE_FO|108252|25-08-2026"",""reason"":""UNAFFORDABLE_OR_PAST_CAPACITY""},{""key"":""NSE_FO|98777|25-08-2026"",""reason"":""UNAFFORDABLE_OR_PAST_CAPACITY""},{""key"":""NSE_FO|108250|25-08-2026"",""reason"":""INSUFFICIENT_KNOWN_OI""},{""key"":""NSE_FO|98767|25-08-2026"",""reason"":""UNAFFORDABLE_OR_PAST_CAPACITY""},{""key"":""NSE_FO|108248|25-08-2026"",""reason"":""UNAFFORDABLE_OR_PAST_CAPACITY""},{""key"":""NSE_FO|98713|25-08-2026"",""reason"":""UNAFFORDABLE_OR_PAST_CAPACITY""},{""key"":""NSE_FO|108244|25-08-2026"",""reason"":""UNAFFORDABLE_OR_PAST_CAPACITY""},{""key"":""NSE_FO|98711|25-08-2026"",""reason"":""UNAFFORDABLE_OR_PAST_CAPACITY""},{""key"":""NSE_FO|108242|25-08-2026"",""reason"":""UNAFFORDABLE_OR_PAST_CAPACITY""},{""key"":""NSE_FO|98709|25-08-2026"",""reason"":""UNAFFORDABLE_OR_PAST_CAPACITY""}]",
SECTOR_SHOCK_LAG:TECHM:2026-07-23T14:40:00+05:30,TECHM,PE,2026-07-23T14:40:00+05:30,,,NO_ORDER_UNDER_MODEL,8866.10,,,,,,,,,,,,,,,,"[{""key"":""NSE_FO|39490|25-08-2026"",""reason"":""UNAFFORDABLE_OR_PAST_CAPACITY""},{""key"":""NSE_FO|39488|25-08-2026"",""reason"":""UNAFFORDABLE_OR_PAST_CAPACITY""},{""key"":""NSE_FO|149734|25-08-2026"",""reason"":""UNAFFORDABLE_OR_PAST_CAPACITY""},{""key"":""NSE_FO|39486|25-08-2026"",""reason"":""INSUFFICIENT_KNOWN_OI""},{""key"":""NSE_FO|154027|25-08-2026"",""reason"":""OFFICIAL_ZERO_TRADES_AUDIT""},{""key"":""NSE_FO|39484|25-08-2026"",""reason"":""UNAFFORDABLE_OR_PAST_CAPACITY""},{""key"":""NSE_FO|149732|25-08-2026"",""reason"":""OFFICIAL_ZERO_TRADES_AUDIT""},{""key"":""NSE_FO|39482|25-08-2026"",""reason"":""UNAFFORDABLE_OR_PAST_CAPACITY""},{""key"":""NSE_FO|154025|25-08-2026"",""reason"":""INSUFFICIENT_KNOWN_OI""},{""key"":""NSE_FO|39480|25-08-2026"",""reason"":""UNAFFORDABLE_OR_PAST_CAPACITY""},{""key"":""NSE_FO|149730|25-08-2026"",""reason"":""INSUFFICIENT_KNOWN_OI""}]",
SECTOR_SHOCK_LAG:PERSISTENT:2026-07-24T09:26:00+05:30,PERSISTENT,PE,2026-07-24T09:26:00+05:30,,,NO_ORDER_UNDER_MODEL,8866.10,,,,,,,,,,,,,,,,"[{""key"":""NSE_FO|134247|25-08-2026"",""reason"":""UNAFFORDABLE_OR_PAST_CAPACITY""},{""key"":""NSE_FO|134244|25-08-2026"",""reason"":""UNAFFORDABLE_OR_PAST_CAPACITY""},{""key"":""NSE_FO|134237|25-08-2026"",""reason"":""UNAFFORDABLE_OR_PAST_CAPACITY""},{""key"":""NSE_FO|134235|25-08-2026"",""reason"":""UNAFFORDABLE_OR_PAST_CAPACITY""},{""key"":""NSE_FO|134232|25-08-2026"",""reason"":""UNAFFORDABLE_OR_PAST_CAPACITY""},{""key"":""NSE_FO|134191|25-08-2026"",""reason"":""UNAFFORDABLE_OR_PAST_CAPACITY""},{""key"":""NSE_FO|134122|25-08-2026"",""reason"":""UNAFFORDABLE_OR_PAST_CAPACITY""},{""key"":""NSE_FO|134117|25-08-2026"",""reason"":""UNAFFORDABLE_OR_PAST_CAPACITY""},{""key"":""NSE_FO|134115|25-08-2026"",""reason"":""UNAFFORDABLE_OR_PAST_CAPACITY""},{""key"":""NSE_FO|134113|25-08-2026"",""reason"":""UNAFFORDABLE_OR_PAST_CAPACITY""},{""key"":""NSE_FO|134111|25-08-2026"",""reason"":""UNAFFORDABLE_OR_PAST_CAPACITY""}]",
SECTOR_SHOCK_LAG:TCS:2026-07-24T09:26:00+05:30,TCS,PE,2026-07-24T09:26:00+05:30,,,NO_ORDER_UNDER_MODEL,8866.10,,,,,,,,,,,,,,,,"[{""key"":""NSE_FO|153889|25-08-2026"",""reason"":""UNAFFORDABLE_OR_PAST_CAPACITY""},{""key"":""NSE_FO|149437|25-08-2026"",""reason"":""UNAFFORDABLE_OR_PAST_CAPACITY""},{""key"":""NSE_FO|153887|25-08-2026"",""reason"":""UNAFFORDABLE_OR_PAST_CAPACITY""},{""key"":""NSE_FO|149435|25-08-2026"",""reason"":""UNAFFORDABLE_OR_PAST_CAPACITY""},{""key"":""NSE_FO|153885|25-08-2026"",""reason"":""UNAFFORDABLE_OR_PAST_CAPACITY""},{""key"":""NSE_FO|149397|25-08-2026"",""reason"":""UNAFFORDABLE_OR_PAST_CAPACITY""},{""key"":""NSE_FO|153883|25-08-2026"",""reason"":""UNAFFORDABLE_OR_PAST_CAPACITY""},{""key"":""NSE_FO|149395|25-08-2026"",""reason"":""UNAFFORDABLE_OR_PAST_CAPACITY""},{""key"":""NSE_FO|153881|25-08-2026"",""reason"":""UNAFFORDABLE_OR_PAST_CAPACITY""},{""key"":""NSE_FO|149391|25-08-2026"",""reason"":""UNAFFORDABLE_OR_PAST_CAPACITY""},{""key"":""NSE_FO|153879|25-08-2026"",""reason"":""UNAFFORDABLE_OR_PAST_CAPACITY""}]",
SECTOR_SHOCK_LAG:INFY:2026-07-24T09:27:00+05:30,INFY,PE,2026-07-24T09:27:00+05:30,,,NO_ORDER_UNDER_MODEL,8866.10,,,,,,,,,,,,,,,,"[{""key"":""NSE_FO|108915|25-08-2026"",""reason"":""UNAFFORDABLE_OR_PAST_CAPACITY""},{""key"":""NSE_FO|52772|25-08-2026"",""reason"":""UNAFFORDABLE_OR_PAST_CAPACITY""},{""key"":""NSE_FO|108913|25-08-2026"",""reason"":""UNAFFORDABLE_OR_PAST_CAPACITY""},{""key"":""NSE_FO|52770|25-08-2026"",""reason"":""UNAFFORDABLE_OR_PAST_CAPACITY""},{""key"":""NSE_FO|52768|25-08-2026"",""reason"":""UNAFFORDABLE_OR_PAST_CAPACITY""},{""key"":""NSE_FO|108896|25-08-2026"",""reason"":""UNAFFORDABLE_OR_PAST_CAPACITY""},{""key"":""NSE_FO|52766|25-08-2026"",""reason"":""UNAFFORDABLE_OR_PAST_CAPACITY""},{""key"":""NSE_FO|52764|25-08-2026"",""reason"":""UNAFFORDABLE_OR_PAST_CAPACITY""},{""key"":""NSE_FO|108892|25-08-2026"",""reason"":""UNAFFORDABLE_OR_PAST_CAPACITY""},{""key"":""NSE_FO|52762|25-08-2026"",""reason"":""UNAFFORDABLE_OR_PAST_CAPACITY""},{""key"":""NSE_FO|52760|25-08-2026"",""reason"":""UNAFFORDABLE_OR_PAST_CAPACITY""}]",
SECTOR_SHOCK_LAG:TECHM:2026-07-24T09:37:00+05:30,TECHM,PE,2026-07-24T09:37:00+05:30,,,NO_ORDER_UNDER_MODEL,8866.10,,,,,,,,,,,,,,,,"[{""key"":""NSE_FO|39490|25-08-2026"",""reason"":""UNAFFORDABLE_OR_PAST_CAPACITY""},{""key"":""NSE_FO|39488|25-08-2026"",""reason"":""UNAFFORDABLE_OR_PAST_CAPACITY""},{""key"":""NSE_FO|149734|25-08-2026"",""reason"":""UNAFFORDABLE_OR_PAST_CAPACITY""},{""key"":""NSE_FO|39486|25-08-2026"",""reason"":""INSUFFICIENT_KNOWN_OI""},{""key"":""NSE_FO|154027|25-08-2026"",""reason"":""OFFICIAL_ZERO_TRADES_AUDIT""},{""key"":""NSE_FO|39484|25-08-2026"",""reason"":""UNAFFORDABLE_OR_PAST_CAPACITY""},{""key"":""NSE_FO|149732|25-08-2026"",""reason"":""OFFICIAL_ZERO_TRADES_AUDIT""},{""key"":""NSE_FO|39482|25-08-2026"",""reason"":""UNAFFORDABLE_OR_PAST_CAPACITY""},{""key"":""NSE_FO|154025|25-08-2026"",""reason"":""UNAFFORDABLE_OR_PAST_CAPACITY""},{""key"":""NSE_FO|39480|25-08-2026"",""reason"":""UNAFFORDABLE_OR_PAST_CAPACITY""},{""key"":""NSE_FO|149730|25-08-2026"",""reason"":""OFFICIAL_ZERO_TRADES_AUDIT""}]",
SECTOR_SHOCK_LAG:TATAELXSI:2026-07-24T09:40:00+05:30,TATAELXSI,PE,2026-07-24T09:40:00+05:30,,,NO_ORDER_UNDER_MODEL,8866.10,,,,,,,,,,,,,,,,"[{""key"":""NSE_FO|148448|25-08-2026"",""reason"":""UNAFFORDABLE_OR_PAST_CAPACITY""},{""key"":""NSE_FO|152388|25-08-2026"",""reason"":""UNAFFORDABLE_OR_PAST_CAPACITY""},{""key"":""NSE_FO|148446|25-08-2026"",""reason"":""UNAFFORDABLE_OR_PAST_CAPACITY""},{""key"":""NSE_FO|152386|25-08-2026"",""reason"":""UNAFFORDABLE_OR_PAST_CAPACITY""},{""key"":""NSE_FO|148444|25-08-2026"",""reason"":""UNAFFORDABLE_OR_PAST_CAPACITY""},{""key"":""NSE_FO|152384|25-08-2026"",""reason"":""UNAFFORDABLE_OR_PAST_CAPACITY""},{""key"":""NSE_FO|148442|25-08-2026"",""reason"":""UNAFFORDABLE_OR_PAST_CAPACITY""},{""key"":""NSE_FO|152382|25-08-2026"",""reason"":""OFFICIAL_ZERO_TRADES_AUDIT""},{""key"":""NSE_FO|148440|25-08-2026"",""reason"":""UNAFFORDABLE_OR_PAST_CAPACITY""},{""key"":""NSE_FO|53334|25-08-2026"",""reason"":""UNAFFORDABLE_OR_PAST_CAPACITY""},{""key"":""NSE_FO|148438|25-08-2026"",""reason"":""INSUFFICIENT_KNOWN_OI""}]",
SECTOR_SHOCK_LAG:WIPRO:2026-07-24T09:46:00+05:30,WIPRO,CE,2026-07-24T09:46:00+05:30,,,NO_ORDER_UNDER_MODEL,8866.10,,,,,,,,,,,,,,,,"[{""key"":""NSE_FO|156534|25-08-2026"",""reason"":""UNAFFORDABLE_OR_PAST_CAPACITY""},{""key"":""NSE_FO|153458|25-08-2026"",""reason"":""UNAFFORDABLE_OR_PAST_CAPACITY""},{""key"":""NSE_FO|156536|25-08-2026"",""reason"":""UNAFFORDABLE_OR_PAST_CAPACITY""},{""key"":""NSE_FO|153460|25-08-2026"",""reason"":""UNAFFORDABLE_OR_PAST_CAPACITY""},{""key"":""NSE_FO|156538|25-08-2026"",""reason"":""UNAFFORDABLE_OR_PAST_CAPACITY""},{""key"":""NSE_FO|153504|25-08-2026"",""reason"":""UNAFFORDABLE_OR_PAST_CAPACITY""},{""key"":""NSE_FO|156540|25-08-2026"",""reason"":""UNAFFORDABLE_OR_PAST_CAPACITY""},{""key"":""NSE_FO|153506|25-08-2026"",""reason"":""UNAFFORDABLE_OR_PAST_CAPACITY""},{""key"":""NSE_FO|156542|25-08-2026"",""reason"":""UNAFFORDABLE_OR_PAST_CAPACITY""},{""key"":""NSE_FO|153508|25-08-2026"",""reason"":""UNAFFORDABLE_OR_PAST_CAPACITY""},{""key"":""NSE_FO|153510|25-08-2026"",""reason"":""UNAFFORDABLE_OR_PAST_CAPACITY""}]",
SECTOR_SHOCK_LAG:HDFCBANK:2026-07-24T12:05:00+05:30,HDFCBANK,CE,2026-07-24T12:05:00+05:30,,,NO_ORDER_UNDER_MODEL,8866.10,,,,,,,,,,,,,,,,"[{""key"":""NSE_FO|99841|25-08-2026"",""reason"":""UNAFFORDABLE_OR_PAST_CAPACITY""},{""key"":""NSE_FO|99843|25-08-2026"",""reason"":""UNAFFORDABLE_OR_PAST_CAPACITY""},{""key"":""NSE_FO|99845|25-08-2026"",""reason"":""UNAFFORDABLE_OR_PAST_CAPACITY""},{""key"":""NSE_FO|99849|25-08-2026"",""reason"":""UNAFFORDABLE_OR_PAST_CAPACITY""},{""key"":""NSE_FO|99851|25-08-2026"",""reason"":""UNAFFORDABLE_OR_PAST_CAPACITY""},{""key"":""NSE_FO|99853|25-08-2026"",""reason"":""UNAFFORDABLE_OR_PAST_CAPACITY""},{""key"":""NSE_FO|99855|25-08-2026"",""reason"":""UNAFFORDABLE_OR_PAST_CAPACITY""},{""key"":""NSE_FO|99857|25-08-2026"",""reason"":""UNAFFORDABLE_OR_PAST_CAPACITY""},{""key"":""NSE_FO|99859|25-08-2026"",""reason"":""UNAFFORDABLE_OR_PAST_CAPACITY""},{""key"":""NSE_FO|99861|25-08-2026"",""reason"":""UNAFFORDABLE_OR_PAST_CAPACITY""},{""key"":""NSE_FO|99863|25-08-2026"",""reason"":""UNAFFORDABLE_OR_PAST_CAPACITY""}]",
SECTOR_SHOCK_LAG:PNB:2026-07-24T12:27:00+05:30,PNB,CE,2026-07-24T12:27:00+05:30,,,NO_ORDER_UNDER_MODEL,8866.10,,,,,,,,,,,,,,,,"[{""key"":""NSE_FO|55842|25-08-2026"",""reason"":""UNAFFORDABLE_OR_PAST_CAPACITY""},{""key"":""NSE_FO|137324|25-08-2026"",""reason"":""UNAFFORDABLE_OR_PAST_CAPACITY""},{""key"":""NSE_FO|55844|25-08-2026"",""reason"":""UNAFFORDABLE_OR_PAST_CAPACITY""},{""key"":""NSE_FO|137326|25-08-2026"",""reason"":""UNAFFORDABLE_OR_PAST_CAPACITY""},{""key"":""NSE_FO|55846|25-08-2026"",""reason"":""UNAFFORDABLE_OR_PAST_CAPACITY""},{""key"":""NSE_FO|137328|25-08-2026"",""reason"":""UNAFFORDABLE_OR_PAST_CAPACITY""},{""key"":""NSE_FO|55848|25-08-2026"",""reason"":""UNAFFORDABLE_OR_PAST_CAPACITY""},{""key"":""NSE_FO|137330|25-08-2026"",""reason"":""UNAFFORDABLE_OR_PAST_CAPACITY""},{""key"":""NSE_FO|55860|25-08-2026"",""reason"":""UNAFFORDABLE_OR_PAST_CAPACITY""},{""key"":""NSE_FO|137332|25-08-2026"",""reason"":""UNAFFORDABLE_OR_PAST_CAPACITY""},{""key"":""NSE_FO|55862|25-08-2026"",""reason"":""UNAFFORDABLE_OR_PAST_CAPACITY""}]",
SECTOR_SHOCK_LAG:CANBK:2026-07-24T12:29:00+05:30,CANBK,CE,2026-07-24T12:29:00+05:30,,,NO_ORDER_UNDER_MODEL,8866.10,,,,,,,,,,,,,,,,"[{""key"":""NSE_FO|94951|25-08-2026"",""reason"":""UNAFFORDABLE_OR_PAST_CAPACITY""},{""key"":""NSE_FO|94953|25-08-2026"",""reason"":""UNAFFORDABLE_OR_PAST_CAPACITY""},{""key"":""NSE_FO|54903|25-08-2026"",""reason"":""UNAFFORDABLE_OR_PAST_CAPACITY""},{""key"":""NSE_FO|54905|25-08-2026"",""reason"":""UNAFFORDABLE_OR_PAST_CAPACITY""},{""key"":""NSE_FO|94955|25-08-2026"",""reason"":""UNAFFORDABLE_OR_PAST_CAPACITY""},{""key"":""NSE_FO|94957|25-08-2026"",""reason"":""UNAFFORDABLE_OR_PAST_CAPACITY""},{""key"":""NSE_FO|94959|25-08-2026"",""reason"":""INSUFFICIENT_KNOWN_OI""},{""key"":""NSE_FO|54915|25-08-2026"",""reason"":""UNAFFORDABLE_OR_PAST_CAPACITY""},{""key"":""NSE_FO|54917|25-08-2026"",""reason"":""UNAFFORDABLE_OR_PAST_CAPACITY""},{""key"":""NSE_FO|94961|25-08-2026"",""reason"":""UNAFFORDABLE_OR_PAST_CAPACITY""},{""key"":""NSE_FO|94963|25-08-2026"",""reason"":""UNAFFORDABLE_OR_PAST_CAPACITY""}]",
SECTOR_SHOCK_LAG:MPHASIS:2026-07-27T09:27:00+05:30,MPHASIS,CE,2026-07-27T09:27:00+05:30,,,NO_ORDER_UNDER_MODEL,8866.10,,,,,,,,,,,,,,,,"[{""key"":""NSE_FO|126534|25-08-2026"",""reason"":""UNAFFORDABLE_OR_PAST_CAPACITY""},{""key"":""NSE_FO|43074|25-08-2026"",""reason"":""UNAFFORDABLE_OR_PAST_CAPACITY""},{""key"":""NSE_FO|129173|25-08-2026"",""reason"":""INSUFFICIENT_KNOWN_OI""},{""key"":""NSE_FO|43076|25-08-2026"",""reason"":""UNAFFORDABLE_OR_PAST_CAPACITY""},{""key"":""NSE_FO|129175|25-08-2026"",""reason"":""UNAFFORDABLE_OR_PAST_CAPACITY""},{""key"":""NSE_FO|43078|25-08-2026"",""reason"":""UNAFFORDABLE_OR_PAST_CAPACITY""},{""key"":""NSE_FO|129177|25-08-2026"",""reason"":""INSUFFICIENT_KNOWN_OI""},{""key"":""NSE_FO|43080|25-08-2026"",""reason"":""UNAFFORDABLE_OR_PAST_CAPACITY""},{""key"":""NSE_FO|126547|25-08-2026"",""reason"":""INSUFFICIENT_KNOWN_OI""},{""key"":""NSE_FO|43082|25-08-2026"",""reason"":""INSUFFICIENT_KNOWN_OI""},{""key"":""NSE_FO|43084|25-08-2026"",""reason"":""UNAFFORDABLE_OR_PAST_CAPACITY""}]",
SECTOR_SHOCK_LAG:WIPRO:2026-07-27T09:28:00+05:30,WIPRO,CE,2026-07-27T09:28:00+05:30,,,NO_ORDER_UNDER_MODEL,8866.10,,,,,,,,,,,,,,,,"[{""key"":""NSE_FO|156536|25-08-2026"",""reason"":""UNAFFORDABLE_OR_PAST_CAPACITY""},{""key"":""NSE_FO|153460|25-08-2026"",""reason"":""UNAFFORDABLE_OR_PAST_CAPACITY""},{""key"":""NSE_FO|156538|25-08-2026"",""reason"":""UNAFFORDABLE_OR_PAST_CAPACITY""},{""key"":""NSE_FO|153504|25-08-2026"",""reason"":""UNAFFORDABLE_OR_PAST_CAPACITY""},{""key"":""NSE_FO|156540|25-08-2026"",""reason"":""UNAFFORDABLE_OR_PAST_CAPACITY""},{""key"":""NSE_FO|153506|25-08-2026"",""reason"":""UNAFFORDABLE_OR_PAST_CAPACITY""},{""key"":""NSE_FO|156542|25-08-2026"",""reason"":""UNAFFORDABLE_OR_PAST_CAPACITY""},{""key"":""NSE_FO|153508|25-08-2026"",""reason"":""UNAFFORDABLE_OR_PAST_CAPACITY""},{""key"":""NSE_FO|153510|25-08-2026"",""reason"":""UNAFFORDABLE_OR_PAST_CAPACITY""},{""key"":""NSE_FO|153512|25-08-2026"",""reason"":""UNAFFORDABLE_OR_PAST_CAPACITY""},{""key"":""NSE_FO|153518|25-08-2026"",""reason"":""UNAFFORDABLE_OR_PAST_CAPACITY""}]",
SECTOR_SHOCK_LAG:TECHM:2026-07-27T09:35:00+05:30,TECHM,CE,2026-07-27T09:35:00+05:30,,,NO_ORDER_UNDER_MODEL,8866.10,,,,,,,,,,,,,,,,"[{""key"":""NSE_FO|39491|25-08-2026"",""reason"":""UNAFFORDABLE_OR_PAST_CAPACITY""},{""key"":""NSE_FO|39493|25-08-2026"",""reason"":""UNAFFORDABLE_OR_PAST_CAPACITY""},{""key"":""NSE_FO|149737|25-08-2026"",""reason"":""UNAFFORDABLE_OR_PAST_CAPACITY""},{""key"":""NSE_FO|39495|25-08-2026"",""reason"":""UNAFFORDABLE_OR_PAST_CAPACITY""},{""key"":""NSE_FO|39497|25-08-2026"",""reason"":""UNAFFORDABLE_OR_PAST_CAPACITY""},{""key"":""NSE_FO|39500|25-08-2026"",""reason"":""UNAFFORDABLE_OR_PAST_CAPACITY""},{""key"":""NSE_FO|39502|25-08-2026"",""reason"":""UNAFFORDABLE_OR_PAST_CAPACITY""},{""key"":""NSE_FO|39505|25-08-2026"",""reason"":""UNAFFORDABLE_OR_PAST_CAPACITY""},{""key"":""NSE_FO|39507|25-08-2026"",""reason"":""UNAFFORDABLE_OR_PAST_CAPACITY""},{""key"":""NSE_FO|39511|25-08-2026"",""reason"":""UNAFFORDABLE_OR_PAST_CAPACITY""}]",
SECTOR_SHOCK_LAG:HCLTECH:2026-07-27T11:01:00+05:30,HCLTECH,CE,2026-07-27T11:01:00+05:30,,,NO_ORDER_UNDER_MODEL,8866.10,,,,,,,,,,,,,,,,"[{""key"":""NSE_FO|98845|25-08-2026"",""reason"":""UNAFFORDABLE_OR_PAST_CAPACITY""},{""key"":""NSE_FO|108370|25-08-2026"",""reason"":""UNAFFORDABLE_OR_PAST_CAPACITY""},{""key"":""NSE_FO|98847|25-08-2026"",""reason"":""UNAFFORDABLE_OR_PAST_CAPACITY""},{""key"":""NSE_FO|108372|25-08-2026"",""reason"":""UNAFFORDABLE_OR_PAST_CAPACITY""},{""key"":""NSE_FO|98849|25-08-2026"",""reason"":""UNAFFORDABLE_OR_PAST_CAPACITY""},{""key"":""NSE_FO|108377|25-08-2026"",""reason"":""UNAFFORDABLE_OR_PAST_CAPACITY""},{""key"":""NSE_FO|98851|25-08-2026"",""reason"":""UNAFFORDABLE_OR_PAST_CAPACITY""},{""key"":""NSE_FO|37087|25-08-2026"",""reason"":""UNAFFORDABLE_OR_PAST_CAPACITY""},{""key"":""NSE_FO|98853|25-08-2026"",""reason"":""UNAFFORDABLE_OR_PAST_CAPACITY""},{""key"":""NSE_FO|37091|25-08-2026"",""reason"":""UNAFFORDABLE_OR_PAST_CAPACITY""},{""key"":""NSE_FO|98855|25-08-2026"",""reason"":""UNAFFORDABLE_OR_PAST_CAPACITY""}]",
SECTOR_SHOCK_LAG:AXISBANK:2026-07-27T12:14:00+05:30,AXISBANK,CE,2026-07-27T12:14:00+05:30,,,NO_ORDER_UNDER_MODEL,8866.10,,,,,,,,,,,,,,,,"[{""key"":""NSE_FO|73357|25-08-2026"",""reason"":""UNAFFORDABLE_OR_PAST_CAPACITY""},{""key"":""NSE_FO|73359|25-08-2026"",""reason"":""UNAFFORDABLE_OR_PAST_CAPACITY""},{""key"":""NSE_FO|73361|25-08-2026"",""reason"":""UNAFFORDABLE_OR_PAST_CAPACITY""},{""key"":""NSE_FO|73363|25-08-2026"",""reason"":""UNAFFORDABLE_OR_PAST_CAPACITY""},{""key"":""NSE_FO|73365|25-08-2026"",""reason"":""UNAFFORDABLE_OR_PAST_CAPACITY""},{""key"":""NSE_FO|73367|25-08-2026"",""reason"":""UNAFFORDABLE_OR_PAST_CAPACITY""},{""key"":""NSE_FO|73369|25-08-2026"",""reason"":""UNAFFORDABLE_OR_PAST_CAPACITY""},{""key"":""NSE_FO|73371|25-08-2026"",""reason"":""UNAFFORDABLE_OR_PAST_CAPACITY""},{""key"":""NSE_FO|73386|25-08-2026"",""reason"":""UNAFFORDABLE_OR_PAST_CAPACITY""},{""key"":""NSE_FO|73396|25-08-2026"",""reason"":""UNAFFORDABLE_OR_PAST_CAPACITY""},{""key"":""NSE_FO|73398|25-08-2026"",""reason"":""UNAFFORDABLE_OR_PAST_CAPACITY""}]",
SECTOR_SHOCK_LAG:HDFCBANK:2026-07-27T12:14:00+05:30,HDFCBANK,CE,2026-07-27T12:14:00+05:30,,,MODELED_CAPACITY_MISS,8866.10,NSE_FO|99855|25-08-2026,2026-08-25,800.0,650,650,5.05,2026-07-27T12:15:00+05:30,,,,,,,,,"[{""key"":""NSE_FO|99841|25-08-2026"",""reason"":""UNAFFORDABLE_OR_PAST_CAPACITY""},{""key"":""NSE_FO|99843|25-08-2026"",""reason"":""UNAFFORDABLE_OR_PAST_CAPACITY""},{""key"":""NSE_FO|99845|25-08-2026"",""reason"":""UNAFFORDABLE_OR_PAST_CAPACITY""},{""key"":""NSE_FO|99849|25-08-2026"",""reason"":""UNAFFORDABLE_OR_PAST_CAPACITY""},{""key"":""NSE_FO|99851|25-08-2026"",""reason"":""UNAFFORDABLE_OR_PAST_CAPACITY""},{""key"":""NSE_FO|99853|25-08-2026"",""reason"":""UNAFFORDABLE_OR_PAST_CAPACITY""}]",
SECTOR_SHOCK_LAG:MPHASIS:2026-07-29T09:28:00+05:30,MPHASIS,CE,2026-07-29T09:28:00+05:30,,,NO_ORDER_UNDER_MODEL,8866.10,,,,,,,,,,,,,,,,"[{""key"":""NSE_FO|43076|25-08-2026"",""reason"":""UNAFFORDABLE_OR_PAST_CAPACITY""},{""key"":""NSE_FO|129175|25-08-2026"",""reason"":""UNAFFORDABLE_OR_PAST_CAPACITY""},{""key"":""NSE_FO|43078|25-08-2026"",""reason"":""UNAFFORDABLE_OR_PAST_CAPACITY""},{""key"":""NSE_FO|129177|25-08-2026"",""reason"":""UNAFFORDABLE_OR_PAST_CAPACITY""},{""key"":""NSE_FO|43080|25-08-2026"",""reason"":""UNAFFORDABLE_OR_PAST_CAPACITY""},{""key"":""NSE_FO|126547|25-08-2026"",""reason"":""UNAFFORDABLE_OR_PAST_CAPACITY""},{""key"":""NSE_FO|43082|25-08-2026"",""reason"":""UNAFFORDABLE_OR_PAST_CAPACITY""},{""key"":""NSE_FO|43084|25-08-2026"",""reason"":""UNAFFORDABLE_OR_PAST_CAPACITY""},{""key"":""NSE_FO|129191|25-08-2026"",""reason"":""UNAFFORDABLE_OR_PAST_CAPACITY""},{""key"":""NSE_FO|43086|25-08-2026"",""reason"":""UNAFFORDABLE_OR_PAST_CAPACITY""},{""key"":""NSE_FO|43088|25-08-2026"",""reason"":""UNAFFORDABLE_OR_PAST_CAPACITY""}]",
SECTOR_SHOCK_LAG:TCS:2026-07-29T09:28:00+05:30,TCS,CE,2026-07-29T09:28:00+05:30,,,MODELED_ROUND_TRIP,8866.10,NSE_FO|149478|25-08-2026,2026-08-25,2600.0,225,225,20.10,2026-07-29T09:29:00+05:30,19.85,2026-07-29T10:46:00+05:30,19.30,INVALIDATION,58.96,-182.71,8683.39,0.9722921914357682619647355164,"[{""key"":""NSE_FO|149470|25-08-2026"",""reason"":""UNAFFORDABLE_OR_PAST_CAPACITY""},{""key"":""NSE_FO|153898|25-08-2026"",""reason"":""UNAFFORDABLE_OR_PAST_CAPACITY""},{""key"":""NSE_FO|149472|25-08-2026"",""reason"":""UNAFFORDABLE_OR_PAST_CAPACITY""},{""key"":""NSE_FO|153900|25-08-2026"",""reason"":""UNAFFORDABLE_OR_PAST_CAPACITY""},{""key"":""NSE_FO|149474|25-08-2026"",""reason"":""UNAFFORDABLE_OR_PAST_CAPACITY""},{""key"":""NSE_FO|153902|25-08-2026"",""reason"":""UNAFFORDABLE_OR_PAST_CAPACITY""},{""key"":""NSE_FO|149476|25-08-2026"",""reason"":""UNAFFORDABLE_OR_PAST_CAPACITY""},{""key"":""NSE_FO|153904|25-08-2026"",""reason"":""INSUFFICIENT_KNOWN_OI""}]",
SECTOR_SHOCK_LAG:TECHM:2026-07-29T09:28:00+05:30,TECHM,CE,2026-07-29T09:28:00+05:30,,,POSITION_ALREADY_OPEN,8683.39,,,,,,,,,,,,,,,,[],
SECTOR_SHOCK_LAG:TATAELXSI:2026-07-29T09:40:00+05:30,TATAELXSI,CE,2026-07-29T09:40:00+05:30,,,POSITION_ALREADY_OPEN,8683.39,,,,,,,,,,,,,,,,[],
SECTOR_SHOCK_LAG:HCLTECH:2026-07-29T09:42:00+05:30,HCLTECH,CE,2026-07-29T09:42:00+05:30,,,POSITION_ALREADY_OPEN,8683.39,,,,,,,,,,,,,,,,[],
SECTOR_SHOCK_LAG:OFSS:2026-07-29T09:42:00+05:30,OFSS,CE,2026-07-29T09:42:00+05:30,,,POSITION_ALREADY_OPEN,8683.39,,,,,,,,,,,,,,,,[],
SECTOR_SHOCK_LAG:PERSISTENT:2026-07-29T09:42:00+05:30,PERSISTENT,CE,2026-07-29T09:42:00+05:30,,,POSITION_ALREADY_OPEN,8683.39,,,,,,,,,,,,,,,,[],
SECTOR_SHOCK_LAG:HDFCBANK:2026-07-30T12:34:00+05:30,HDFCBANK,CE,2026-07-30T12:34:00+05:30,,,INVALIDATED_BEFORE_DISPATCH,8683.39,NSE_FO|99849|25-08-2026,2026-08-25,770.0,650,650,11.75,2026-07-30T12:35:00+05:30,11.25,,,,,,,,"[{""key"":""NSE_FO|99843|25-08-2026"",""reason"":""UNAFFORDABLE_OR_PAST_CAPACITY""},{""key"":""NSE_FO|99845|25-08-2026"",""reason"":""UNAFFORDABLE_OR_PAST_CAPACITY""}]",
SECTOR_SHOCK_LAG:ICICIBANK:2026-07-30T12:34:00+05:30,ICICIBANK,CE,2026-07-30T12:34:00+05:30,,,NO_ORDER_UNDER_MODEL,8683.39,,,,,,,,,,,,,,,,"[{""key"":""NSE_FO|111437|25-08-2026"",""reason"":""UNAFFORDABLE_OR_PAST_CAPACITY""},{""key"":""NSE_FO|103615|25-08-2026"",""reason"":""UNAFFORDABLE_OR_PAST_CAPACITY""},{""key"":""NSE_FO|111439|25-08-2026"",""reason"":""UNAFFORDABLE_OR_PAST_CAPACITY""},{""key"":""NSE_FO|103617|25-08-2026"",""reason"":""UNAFFORDABLE_OR_PAST_CAPACITY""},{""key"":""NSE_FO|111441|25-08-2026"",""reason"":""UNAFFORDABLE_OR_PAST_CAPACITY""},{""key"":""NSE_FO|103621|25-08-2026"",""reason"":""UNAFFORDABLE_OR_PAST_CAPACITY""},{""key"":""NSE_FO|111443|25-08-2026"",""reason"":""UNAFFORDABLE_OR_PAST_CAPACITY""},{""key"":""NSE_FO|103623|25-08-2026"",""reason"":""UNAFFORDABLE_OR_PAST_CAPACITY""},{""key"":""NSE_FO|111445|25-08-2026"",""reason"":""UNAFFORDABLE_OR_PAST_CAPACITY""},{""key"":""NSE_FO|103692|25-08-2026"",""reason"":""UNAFFORDABLE_OR_PAST_CAPACITY""},{""key"":""NSE_FO|111449|25-08-2026"",""reason"":""UNAFFORDABLE_OR_PAST_CAPACITY""}]",
SECTOR_SHOCK_LAG:INFY:2026-07-31T09:45:00+05:30,INFY,CE,2026-07-31T09:45:00+05:30,,,MODELED_LIMIT_MISS,8683.39,NSE_FO|108934|25-08-2026,2026-08-25,1175.0,400,400,16.30,2026-07-31T09:46:00+05:30,,,,,,,,,"[{""key"":""NSE_FO|52787|25-08-2026"",""reason"":""UNAFFORDABLE_OR_PAST_CAPACITY""},{""key"":""NSE_FO|52789|25-08-2026"",""reason"":""UNAFFORDABLE_OR_PAST_CAPACITY""},{""key"":""NSE_FO|108932|25-08-2026"",""reason"":""UNAFFORDABLE_OR_PAST_CAPACITY""},{""key"":""NSE_FO|52795|25-08-2026"",""reason"":""UNAFFORDABLE_OR_PAST_CAPACITY""}]",
SECTOR_SHOCK_LAG:HDFCBANK:2026-08-05T10:28:00+05:30,HDFCBANK,PE,2026-08-05T10:28:00+05:30,,,MODELED_CAPACITY_MISS,8683.39,NSE_FO|99804|25-08-2026,2026-08-25,700.0,650,650,3.30,2026-08-05T10:29:00+05:30,,,,,,,,,"[{""key"":""NSE_FO|99842|25-08-2026"",""reason"":""UNAFFORDABLE_OR_PAST_CAPACITY""},{""key"":""NSE_FO|99840|25-08-2026"",""reason"":""UNAFFORDABLE_OR_PAST_CAPACITY""},{""key"":""NSE_FO|99838|25-08-2026"",""reason"":""UNAFFORDABLE_OR_PAST_CAPACITY""},{""key"":""NSE_FO|99809|25-08-2026"",""reason"":""UNAFFORDABLE_OR_PAST_CAPACITY""}]",
SECTOR_SHOCK_LAG:YESBANK:2026-08-05T10:28:00+05:30,YESBANK,PE,2026-08-05T10:28:00+05:30,,,NO_ORDER_UNDER_MODEL,8683.39,,,,,,,,,,,,,,,,"[{""key"":""NSE_FO|156631|25-08-2026"",""reason"":""UNAFFORDABLE_OR_PAST_CAPACITY""},{""key"":""NSE_FO|153601|25-08-2026"",""reason"":""UNAFFORDABLE_OR_PAST_CAPACITY""},{""key"":""NSE_FO|156629|25-08-2026"",""reason"":""UNAFFORDABLE_OR_PAST_CAPACITY""},{""key"":""NSE_FO|153599|25-08-2026"",""reason"":""UNAFFORDABLE_OR_PAST_CAPACITY""},{""key"":""NSE_FO|153597|25-08-2026"",""reason"":""UNAFFORDABLE_OR_PAST_CAPACITY""},{""key"":""NSE_FO|153595|25-08-2026"",""reason"":""OFFICIAL_ZERO_TRADES_AUDIT""}]",
SECTOR_SHOCK_LAG:INDIANB:2026-08-05T10:29:00+05:30,INDIANB,PE,2026-08-05T10:29:00+05:30,,,NO_ORDER_UNDER_MODEL,8683.39,,,,,,,,,,,,,,,,"[{""key"":""NSE_FO|52092|25-08-2026"",""reason"":""UNAFFORDABLE_OR_PAST_CAPACITY""},{""key"":""NSE_FO|114205|25-08-2026"",""reason"":""UNAFFORDABLE_OR_PAST_CAPACITY""},{""key"":""NSE_FO|52090|25-08-2026"",""reason"":""UNAFFORDABLE_OR_PAST_CAPACITY""},{""key"":""NSE_FO|114186|25-08-2026"",""reason"":""UNAFFORDABLE_OR_PAST_CAPACITY""},{""key"":""NSE_FO|52081|25-08-2026"",""reason"":""UNAFFORDABLE_OR_PAST_CAPACITY""},{""key"":""NSE_FO|114135|25-08-2026"",""reason"":""UNAFFORDABLE_OR_PAST_CAPACITY""},{""key"":""NSE_FO|52058|25-08-2026"",""reason"":""UNAFFORDABLE_OR_PAST_CAPACITY""},{""key"":""NSE_FO|114133|25-08-2026"",""reason"":""UNAFFORDABLE_OR_PAST_CAPACITY""},{""key"":""NSE_FO|52046|25-08-2026"",""reason"":""UNAFFORDABLE_OR_PAST_CAPACITY""},{""key"":""NSE_FO|114131|25-08-2026"",""reason"":""UNAFFORDABLE_OR_PAST_CAPACITY""},{""key"":""NSE_FO|52044|25-08-2026"",""reason"":""UNAFFORDABLE_OR_PAST_CAPACITY""}]",
SECTOR_SHOCK_LAG:ICICIBANK:2026-08-05T10:37:00+05:30,ICICIBANK,CE,2026-08-05T10:37:00+05:30,,,NO_ORDER_UNDER_MODEL,8683.39,,,,,,,,,,,,,,,,"[{""key"":""NSE_FO|111439|25-08-2026"",""reason"":""UNAFFORDABLE_OR_PAST_CAPACITY""},{""key"":""NSE_FO|103617|25-08-2026"",""reason"":""UNAFFORDABLE_OR_PAST_CAPACITY""},{""key"":""NSE_FO|111441|25-08-2026"",""reason"":""UNAFFORDABLE_OR_PAST_CAPACITY""},{""key"":""NSE_FO|103621|25-08-2026"",""reason"":""UNAFFORDABLE_OR_PAST_CAPACITY""},{""key"":""NSE_FO|111443|25-08-2026"",""reason"":""UNAFFORDABLE_OR_PAST_CAPACITY""},{""key"":""NSE_FO|103623|25-08-2026"",""reason"":""UNAFFORDABLE_OR_PAST_CAPACITY""},{""key"":""NSE_FO|111445|25-08-2026"",""reason"":""UNAFFORDABLE_OR_PAST_CAPACITY""},{""key"":""NSE_FO|103692|25-08-2026"",""reason"":""UNAFFORDABLE_OR_PAST_CAPACITY""},{""key"":""NSE_FO|111449|25-08-2026"",""reason"":""UNAFFORDABLE_OR_PAST_CAPACITY""},{""key"":""NSE_FO|103694|25-08-2026"",""reason"":""UNAFFORDABLE_OR_PAST_CAPACITY""},{""key"":""NSE_FO|111451|25-08-2026"",""reason"":""UNAFFORDABLE_OR_PAST_CAPACITY""}]",
SECTOR_SHOCK_LAG:PERSISTENT:2026-08-05T10:56:00+05:30,PERSISTENT,CE,2026-08-05T10:56:00+05:30,,,NO_ORDER_UNDER_MODEL,8683.39,,,,,,,,,,,,,,,,"[{""key"":""NSE_FO|134301|25-08-2026"",""reason"":""UNAFFORDABLE_OR_PAST_CAPACITY""},{""key"":""NSE_FO|134305|25-08-2026"",""reason"":""UNAFFORDABLE_OR_PAST_CAPACITY""},{""key"":""NSE_FO|134309|25-08-2026"",""reason"":""UNAFFORDABLE_OR_PAST_CAPACITY""},{""key"":""NSE_FO|37670|25-08-2026"",""reason"":""UNAFFORDABLE_OR_PAST_CAPACITY""},{""key"":""NSE_FO|134313|25-08-2026"",""reason"":""UNAFFORDABLE_OR_PAST_CAPACITY""},{""key"":""NSE_FO|37672|25-08-2026"",""reason"":""OFFICIAL_ZERO_TRADES_AUDIT""},{""key"":""NSE_FO|134344|25-08-2026"",""reason"":""UNAFFORDABLE_OR_PAST_CAPACITY""},{""key"":""NSE_FO|134351|25-08-2026"",""reason"":""UNAFFORDABLE_OR_PAST_CAPACITY""}]",
SECTOR_SHOCK_LAG:TCS:2026-08-05T10:56:00+05:30,TCS,CE,2026-08-05T10:56:00+05:30,,,NO_ORDER_UNDER_MODEL,8683.39,,,,,,,,,,,,,,,,"[{""key"":""NSE_FO|149470|25-08-2026"",""reason"":""UNAFFORDABLE_OR_PAST_CAPACITY""},{""key"":""NSE_FO|153898|25-08-2026"",""reason"":""UNAFFORDABLE_OR_PAST_CAPACITY""},{""key"":""NSE_FO|149472|25-08-2026"",""reason"":""UNAFFORDABLE_OR_PAST_CAPACITY""},{""key"":""NSE_FO|153900|25-08-2026"",""reason"":""UNAFFORDABLE_OR_PAST_CAPACITY""},{""key"":""NSE_FO|149474|25-08-2026"",""reason"":""UNAFFORDABLE_OR_PAST_CAPACITY""},{""key"":""NSE_FO|153902|25-08-2026"",""reason"":""UNAFFORDABLE_OR_PAST_CAPACITY""},{""key"":""NSE_FO|149476|25-08-2026"",""reason"":""UNAFFORDABLE_OR_PAST_CAPACITY""},{""key"":""NSE_FO|153904|25-08-2026"",""reason"":""UNAFFORDABLE_OR_PAST_CAPACITY""},{""key"":""NSE_FO|149478|25-08-2026"",""reason"":""UNAFFORDABLE_OR_PAST_CAPACITY""},{""key"":""NSE_FO|153906|25-08-2026"",""reason"":""UNAFFORDABLE_OR_PAST_CAPACITY""},{""key"":""NSE_FO|149480|25-08-2026"",""reason"":""UNAFFORDABLE_OR_PAST_CAPACITY""}]",
SECTOR_SHOCK_LAG:HCLTECH:2026-08-06T09:26:00+05:30,HCLTECH,PE,2026-08-06T09:26:00+05:30,,,NO_ORDER_UNDER_MODEL,8683.39,,,,,,,,,,,,,,,,"[{""key"":""NSE_FO|98850|25-08-2026"",""reason"":""UNAFFORDABLE_OR_PAST_CAPACITY""},{""key"":""NSE_FO|108376|25-08-2026"",""reason"":""UNAFFORDABLE_OR_PAST_CAPACITY""},{""key"":""NSE_FO|98848|25-08-2026"",""reason"":""UNAFFORDABLE_OR_PAST_CAPACITY""},{""key"":""NSE_FO|108371|25-08-2026"",""reason"":""UNAFFORDABLE_OR_PAST_CAPACITY""},{""key"":""NSE_FO|98846|25-08-2026"",""reason"":""UNAFFORDABLE_OR_PAST_CAPACITY""},{""key"":""NSE_FO|108369|25-08-2026"",""reason"":""UNAFFORDABLE_OR_PAST_CAPACITY""},{""key"":""NSE_FO|98842|25-08-2026"",""reason"":""UNAFFORDABLE_OR_PAST_CAPACITY""},{""key"":""NSE_FO|108367|25-08-2026"",""reason"":""UNAFFORDABLE_OR_PAST_CAPACITY""},{""key"":""NSE_FO|98792|25-08-2026"",""reason"":""UNAFFORDABLE_OR_PAST_CAPACITY""},{""key"":""NSE_FO|108309|25-08-2026"",""reason"":""UNAFFORDABLE_OR_PAST_CAPACITY""},{""key"":""NSE_FO|98779|25-08-2026"",""reason"":""UNAFFORDABLE_OR_PAST_CAPACITY""}]",
SECTOR_SHOCK_LAG:INFY:2026-08-06T09:26:00+05:30,INFY,PE,2026-08-06T09:26:00+05:30,,,MODELED_LIMIT_MISS,8683.39,NSE_FO|52790|25-08-2026,2026-08-25,1140.0,400,400,17.75,2026-08-06T09:27:00+05:30,,,,,,,,,"[{""key"":""NSE_FO|108935|25-08-2026"",""reason"":""UNAFFORDABLE_OR_PAST_CAPACITY""},{""key"":""NSE_FO|52796|25-08-2026"",""reason"":""UNAFFORDABLE_OR_PAST_CAPACITY""},{""key"":""NSE_FO|108933|25-08-2026"",""reason"":""UNAFFORDABLE_OR_PAST_CAPACITY""}]",
SECTOR_SHOCK_LAG:INFY:2026-08-07T09:25:00+05:30,INFY,CE,2026-08-07T09:25:00+05:30,,,MODELED_ROUND_TRIP,8683.39,NSE_FO|52801|25-08-2026,2026-08-25,1220.0,400,400,13.85,2026-08-07T09:26:00+05:30,13.65,2026-08-07T10:17:00+05:30,13.05,INVALIDATION,60.74,-300.74,8382.65,0.9560439560439560439560439560,"[{""key"":""NSE_FO|108934|25-08-2026"",""reason"":""UNAFFORDABLE_OR_PAST_CAPACITY""},{""key"":""NSE_FO|52797|25-08-2026"",""reason"":""UNAFFORDABLE_OR_PAST_CAPACITY""},{""key"":""NSE_FO|108936|25-08-2026"",""reason"":""UNAFFORDABLE_OR_PAST_CAPACITY""},{""key"":""NSE_FO|52799|25-08-2026"",""reason"":""UNAFFORDABLE_OR_PAST_CAPACITY""}]",
SECTOR_SHOCK_LAG:TECHM:2026-08-07T09:25:00+05:30,TECHM,CE,2026-08-07T09:25:00+05:30,,,POSITION_ALREADY_OPEN,8382.65,,,,,,,,,,,,,,,,[],
SECTOR_SHOCK_LAG:OFSS:2026-08-07T09:26:00+05:30,OFSS,CE,2026-08-07T09:26:00+05:30,,,POSITION_ALREADY_OPEN,8382.65,,,,,,,,,,,,,,,,[],
SECTOR_SHOCK_LAG:AXISBANK:2026-08-07T13:47:00+05:30,AXISBANK,CE,2026-08-07T13:47:00+05:30,,,NO_ORDER_UNDER_MODEL,8382.65,,,,,,,,,,,,,,,,"[{""key"":""NSE_FO|73359|25-08-2026"",""reason"":""UNAFFORDABLE_OR_PAST_CAPACITY""},{""key"":""NSE_FO|73361|25-08-2026"",""reason"":""UNAFFORDABLE_OR_PAST_CAPACITY""},{""key"":""NSE_FO|73363|25-08-2026"",""reason"":""UNAFFORDABLE_OR_PAST_CAPACITY""},{""key"":""NSE_FO|73365|25-08-2026"",""reason"":""UNAFFORDABLE_OR_PAST_CAPACITY""},{""key"":""NSE_FO|73367|25-08-2026"",""reason"":""UNAFFORDABLE_OR_PAST_CAPACITY""},{""key"":""NSE_FO|73369|25-08-2026"",""reason"":""UNAFFORDABLE_OR_PAST_CAPACITY""},{""key"":""NSE_FO|73371|25-08-2026"",""reason"":""UNAFFORDABLE_OR_PAST_CAPACITY""},{""key"":""NSE_FO|73386|25-08-2026"",""reason"":""UNAFFORDABLE_OR_PAST_CAPACITY""},{""key"":""NSE_FO|73396|25-08-2026"",""reason"":""UNAFFORDABLE_OR_PAST_CAPACITY""},{""key"":""NSE_FO|73398|25-08-2026"",""reason"":""UNAFFORDABLE_OR_PAST_CAPACITY""},{""key"":""NSE_FO|73411|25-08-2026"",""reason"":""UNAFFORDABLE_OR_PAST_CAPACITY""}]",
SECTOR_SHOCK_LAG:ICICIBANK:2026-08-07T13:47:00+05:30,ICICIBANK,CE,2026-08-07T13:47:00+05:30,,,NO_ORDER_UNDER_MODEL,8382.65,,,,,,,,,,,,,,,,"[{""key"":""NSE_FO|111437|25-08-2026"",""reason"":""UNAFFORDABLE_OR_PAST_CAPACITY""},{""key"":""NSE_FO|103615|25-08-2026"",""reason"":""UNAFFORDABLE_OR_PAST_CAPACITY""},{""key"":""NSE_FO|111439|25-08-2026"",""reason"":""UNAFFORDABLE_OR_PAST_CAPACITY""},{""key"":""NSE_FO|103617|25-08-2026"",""reason"":""UNAFFORDABLE_OR_PAST_CAPACITY""},{""key"":""NSE_FO|111441|25-08-2026"",""reason"":""UNAFFORDABLE_OR_PAST_CAPACITY""},{""key"":""NSE_FO|103621|25-08-2026"",""reason"":""UNAFFORDABLE_OR_PAST_CAPACITY""},{""key"":""NSE_FO|111443|25-08-2026"",""reason"":""UNAFFORDABLE_OR_PAST_CAPACITY""},{""key"":""NSE_FO|103623|25-08-2026"",""reason"":""UNAFFORDABLE_OR_PAST_CAPACITY""},{""key"":""NSE_FO|111445|25-08-2026"",""reason"":""UNAFFORDABLE_OR_PAST_CAPACITY""},{""key"":""NSE_FO|103692|25-08-2026"",""reason"":""UNAFFORDABLE_OR_PAST_CAPACITY""},{""key"":""NSE_FO|111449|25-08-2026"",""reason"":""UNAFFORDABLE_OR_PAST_CAPACITY""}]",
SECTOR_SHOCK_LAG:HDFCBANK:2026-08-07T13:58:00+05:30,HDFCBANK,PE,2026-08-07T13:58:00+05:30,,,MODELED_ROUND_TRIP,8382.65,NSE_FO|99838|25-08-2026,2026-08-25,720.0,650,650,10.10,2026-08-07T13:59:00+05:30,9.80,2026-08-07T14:35:00+05:30,9.35,INVALIDATION,63.49,-355.99,8026.66,0.9540816326530612244897959184,"[{""key"":""NSE_FO|99840|25-08-2026"",""reason"":""UNAFFORDABLE_OR_PAST_CAPACITY""}]",
SECTOR_SHOCK_LAG:BANKBARODA:2026-08-10T09:36:00+05:30,BANKBARODA,PE,2026-08-10T09:36:00+05:30,,,NO_ORDER_UNDER_MODEL,8026.66,,,,,,,,,,,,,,,,"[{""key"":""NSE_FO|48201|25-08-2026"",""reason"":""UNAFFORDABLE_OR_PAST_CAPACITY""},{""key"":""NSE_FO|48199|25-08-2026"",""reason"":""UNAFFORDABLE_OR_PAST_CAPACITY""},{""key"":""NSE_FO|48195|25-08-2026"",""reason"":""UNAFFORDABLE_OR_PAST_CAPACITY""},{""key"":""NSE_FO|48193|25-08-2026"",""reason"":""UNAFFORDABLE_OR_PAST_CAPACITY""},{""key"":""NSE_FO|48191|25-08-2026"",""reason"":""UNAFFORDABLE_OR_PAST_CAPACITY""},{""key"":""NSE_FO|48189|25-08-2026"",""reason"":""UNAFFORDABLE_OR_PAST_CAPACITY""},{""key"":""NSE_FO|48187|25-08-2026"",""reason"":""UNAFFORDABLE_OR_PAST_CAPACITY""},{""key"":""NSE_FO|48185|25-08-2026"",""reason"":""UNAFFORDABLE_OR_PAST_CAPACITY""},{""key"":""NSE_FO|48181|25-08-2026"",""reason"":""UNAFFORDABLE_OR_PAST_CAPACITY""},{""key"":""NSE_FO|48177|25-08-2026"",""reason"":""UNAFFORDABLE_OR_PAST_CAPACITY""}]",
SECTOR_SHOCK_LAG:HDFCBANK:2026-08-10T09:36:00+05:30,HDFCBANK,PE,2026-08-10T09:36:00+05:30,,,MODELED_ROUND_TRIP,8026.66,NSE_FO|99838|25-08-2026,2026-08-25,720.0,650,650,9.95,2026-08-10T09:37:00+05:30,9.5,2026-08-10T09:40:00+05:30,9.10,INVALIDATION,62.34,-322.34,7704.32,0.9578947368421052631578947368,"[{""key"":""NSE_FO|99840|25-08-2026"",""reason"":""UNAFFORDABLE_OR_PAST_CAPACITY""}]",
SECTOR_SHOCK_LAG:ICICIBANK:2026-08-10T09:36:00+05:30,ICICIBANK,PE,2026-08-10T09:36:00+05:30,,,POSITION_ALREADY_OPEN,7704.32,,,,,,,,,,,,,,,,[],
SECTOR_SHOCK_LAG:INDUSINDBK:2026-08-12T09:25:00+05:30,INDUSINDBK,CE,2026-08-12T09:25:00+05:30,,,NO_ORDER_UNDER_MODEL,7704.32,,,,,,,,,,,,,,,,"[{""key"":""NSE_FO|114871|25-08-2026"",""reason"":""UNAFFORDABLE_OR_PAST_CAPACITY""},{""key"":""NSE_FO|107796|25-08-2026"",""reason"":""UNAFFORDABLE_OR_PAST_CAPACITY""},{""key"":""NSE_FO|114873|25-08-2026"",""reason"":""UNAFFORDABLE_OR_PAST_CAPACITY""},{""key"":""NSE_FO|107798|25-08-2026"",""reason"":""UNAFFORDABLE_OR_PAST_CAPACITY""},{""key"":""NSE_FO|114875|25-08-2026"",""reason"":""UNAFFORDABLE_OR_PAST_CAPACITY""},{""key"":""NSE_FO|107800|25-08-2026"",""reason"":""UNAFFORDABLE_OR_PAST_CAPACITY""},{""key"":""NSE_FO|114877|25-08-2026"",""reason"":""UNAFFORDABLE_OR_PAST_CAPACITY""},{""key"":""NSE_FO|107802|25-08-2026"",""reason"":""UNAFFORDABLE_OR_PAST_CAPACITY""},{""key"":""NSE_FO|114879|25-08-2026"",""reason"":""UNAFFORDABLE_OR_PAST_CAPACITY""},{""key"":""NSE_FO|107804|25-08-2026"",""reason"":""UNAFFORDABLE_OR_PAST_CAPACITY""},{""key"":""NSE_FO|114881|25-08-2026"",""reason"":""UNAFFORDABLE_OR_PAST_CAPACITY""}]",
SECTOR_SHOCK_LAG:KOTAKBANK:2026-08-12T09:27:00+05:30,KOTAKBANK,CE,2026-08-12T09:27:00+05:30,,,NO_ORDER_UNDER_MODEL,7704.32,,,,,,,,,,,,,,,,"[{""key"":""NSE_FO|115940|25-08-2026"",""reason"":""UNAFFORDABLE_OR_PAST_CAPACITY""},{""key"":""NSE_FO|115958|25-08-2026"",""reason"":""UNAFFORDABLE_OR_PAST_CAPACITY""},{""key"":""NSE_FO|115960|25-08-2026"",""reason"":""UNAFFORDABLE_OR_PAST_CAPACITY""},{""key"":""NSE_FO|115962|25-08-2026"",""reason"":""UNAFFORDABLE_OR_PAST_CAPACITY""},{""key"":""NSE_FO|115964|25-08-2026"",""reason"":""UNAFFORDABLE_OR_PAST_CAPACITY""},{""key"":""NSE_FO|115966|25-08-2026"",""reason"":""UNAFFORDABLE_OR_PAST_CAPACITY""},{""key"":""NSE_FO|115968|25-08-2026"",""reason"":""UNAFFORDABLE_OR_PAST_CAPACITY""},{""key"":""NSE_FO|115970|25-08-2026"",""reason"":""UNAFFORDABLE_OR_PAST_CAPACITY""},{""key"":""NSE_FO|115972|25-08-2026"",""reason"":""UNAFFORDABLE_OR_PAST_CAPACITY""},{""key"":""NSE_FO|115974|25-08-2026"",""reason"":""UNAFFORDABLE_OR_PAST_CAPACITY""},{""key"":""NSE_FO|115976|25-08-2026"",""reason"":""UNAFFORDABLE_OR_PAST_CAPACITY""}]",
SECTOR_SHOCK_LAG:YESBANK:2026-08-12T09:27:00+05:30,YESBANK,CE,2026-08-12T09:27:00+05:30,,,NO_ORDER_UNDER_MODEL,7704.32,,,,,,,,,,,,,,,,"[{""key"":""NSE_FO|156630|25-08-2026"",""reason"":""UNAFFORDABLE_OR_PAST_CAPACITY""},{""key"":""NSE_FO|153602|25-08-2026"",""reason"":""UNAFFORDABLE_OR_PAST_CAPACITY""},{""key"":""NSE_FO|156632|25-08-2026"",""reason"":""UNAFFORDABLE_OR_PAST_CAPACITY""},{""key"":""NSE_FO|153604|25-08-2026"",""reason"":""UNAFFORDABLE_OR_PAST_CAPACITY""},{""key"":""NSE_FO|156634|25-08-2026"",""reason"":""UNAFFORDABLE_OR_PAST_CAPACITY""},{""key"":""NSE_FO|153606|25-08-2026"",""reason"":""UNAFFORDABLE_OR_PAST_CAPACITY""},{""key"":""NSE_FO|153608|25-08-2026"",""reason"":""UNAFFORDABLE_OR_PAST_CAPACITY""},{""key"":""NSE_FO|153610|25-08-2026"",""reason"":""OFFICIAL_ZERO_TRADES_AUDIT""}]",
SECTOR_SHOCK_LAG:ICICIBANK:2026-08-12T09:28:00+05:30,ICICIBANK,CE,2026-08-12T09:28:00+05:30,,,NO_ORDER_UNDER_MODEL,7704.32,,,,,,,,,,,,,,,,"[{""key"":""NSE_FO|111437|25-08-2026"",""reason"":""UNAFFORDABLE_OR_PAST_CAPACITY""},{""key"":""NSE_FO|103615|25-08-2026"",""reason"":""UNAFFORDABLE_OR_PAST_CAPACITY""},{""key"":""NSE_FO|111439|25-08-2026"",""reason"":""UNAFFORDABLE_OR_PAST_CAPACITY""},{""key"":""NSE_FO|103617|25-08-2026"",""reason"":""UNAFFORDABLE_OR_PAST_CAPACITY""},{""key"":""NSE_FO|111441|25-08-2026"",""reason"":""UNAFFORDABLE_OR_PAST_CAPACITY""},{""key"":""NSE_FO|103621|25-08-2026"",""reason"":""UNAFFORDABLE_OR_PAST_CAPACITY""},{""key"":""NSE_FO|111443|25-08-2026"",""reason"":""UNAFFORDABLE_OR_PAST_CAPACITY""},{""key"":""NSE_FO|103623|25-08-2026"",""reason"":""UNAFFORDABLE_OR_PAST_CAPACITY""},{""key"":""NSE_FO|111445|25-08-2026"",""reason"":""UNAFFORDABLE_OR_PAST_CAPACITY""},{""key"":""NSE_FO|103692|25-08-2026"",""reason"":""UNAFFORDABLE_OR_PAST_CAPACITY""},{""key"":""NSE_FO|111449|25-08-2026"",""reason"":""UNAFFORDABLE_OR_PAST_CAPACITY""}]",
SECTOR_SHOCK_LAG:FEDERALBNK:2026-08-12T09:29:00+05:30,FEDERALBNK,CE,2026-08-12T09:29:00+05:30,,,NO_ORDER_UNDER_MODEL,7704.32,,,,,,,,,,,,,,,,"[{""key"":""NSE_FO|92173|25-08-2026"",""reason"":""UNAFFORDABLE_OR_PAST_CAPACITY""},{""key"":""NSE_FO|92175|25-08-2026"",""reason"":""UNAFFORDABLE_OR_PAST_CAPACITY""},{""key"":""NSE_FO|92177|25-08-2026"",""reason"":""UNAFFORDABLE_OR_PAST_CAPACITY""},{""key"":""NSE_FO|92179|25-08-2026"",""reason"":""UNAFFORDABLE_OR_PAST_CAPACITY""},{""key"":""NSE_FO|46133|25-08-2026"",""reason"":""UNAFFORDABLE_OR_PAST_CAPACITY""},{""key"":""NSE_FO|92181|25-08-2026"",""reason"":""UNAFFORDABLE_OR_PAST_CAPACITY""},{""key"":""NSE_FO|51781|25-08-2026"",""reason"":""UNAFFORDABLE_OR_PAST_CAPACITY""},{""key"":""NSE_FO|92184|25-08-2026"",""reason"":""UNAFFORDABLE_OR_PAST_CAPACITY""},{""key"":""NSE_FO|57848|25-08-2026"",""reason"":""UNAFFORDABLE_OR_PAST_CAPACITY""},{""key"":""NSE_FO|92187|25-08-2026"",""reason"":""UNAFFORDABLE_OR_PAST_CAPACITY""},{""key"":""NSE_FO|92190|25-08-2026"",""reason"":""UNAFFORDABLE_OR_PAST_CAPACITY""}]",
SECTOR_SHOCK_LAG:HCLTECH:2026-08-12T10:58:00+05:30,HCLTECH,PE,2026-08-12T10:58:00+05:30,,,NO_ORDER_UNDER_MODEL,7704.32,,,,,,,,,,,,,,,,"[{""key"":""NSE_FO|108378|25-08-2026"",""reason"":""UNAFFORDABLE_OR_PAST_CAPACITY""},{""key"":""NSE_FO|98850|25-08-2026"",""reason"":""UNAFFORDABLE_OR_PAST_CAPACITY""},{""key"":""NSE_FO|108376|25-08-2026"",""reason"":""UNAFFORDABLE_OR_PAST_CAPACITY""},{""key"":""NSE_FO|98848|25-08-2026"",""reason"":""UNAFFORDABLE_OR_PAST_CAPACITY""},{""key"":""NSE_FO|108371|25-08-2026"",""reason"":""UNAFFORDABLE_OR_PAST_CAPACITY""},{""key"":""NSE_FO|98846|25-08-2026"",""reason"":""UNAFFORDABLE_OR_PAST_CAPACITY""},{""key"":""NSE_FO|108369|25-08-2026"",""reason"":""UNAFFORDABLE_OR_PAST_CAPACITY""},{""key"":""NSE_FO|98842|25-08-2026"",""reason"":""UNAFFORDABLE_OR_PAST_CAPACITY""},{""key"":""NSE_FO|108367|25-08-2026"",""reason"":""UNAFFORDABLE_OR_PAST_CAPACITY""},{""key"":""NSE_FO|98792|25-08-2026"",""reason"":""UNAFFORDABLE_OR_PAST_CAPACITY""},{""key"":""NSE_FO|108309|25-08-2026"",""reason"":""UNAFFORDABLE_OR_PAST_CAPACITY""}]",
SECTOR_SHOCK_LAG:MPHASIS:2026-08-12T10:58:00+05:30,MPHASIS,PE,2026-08-12T10:58:00+05:30,,,NO_ORDER_UNDER_MODEL,7704.32,,,,,,,,,,,,,,,,"[{""key"":""NSE_FO|129178|25-08-2026"",""reason"":""UNAFFORDABLE_OR_PAST_CAPACITY""},{""key"":""NSE_FO|43079|25-08-2026"",""reason"":""UNAFFORDABLE_OR_PAST_CAPACITY""},{""key"":""NSE_FO|129176|25-08-2026"",""reason"":""UNAFFORDABLE_OR_PAST_CAPACITY""},{""key"":""NSE_FO|43077|25-08-2026"",""reason"":""UNAFFORDABLE_OR_PAST_CAPACITY""},{""key"":""NSE_FO|129174|25-08-2026"",""reason"":""UNAFFORDABLE_OR_PAST_CAPACITY""},{""key"":""NSE_FO|43075|25-08-2026"",""reason"":""UNAFFORDABLE_OR_PAST_CAPACITY""},{""key"":""NSE_FO|126535|25-08-2026"",""reason"":""UNAFFORDABLE_OR_PAST_CAPACITY""},{""key"":""NSE_FO|43073|25-08-2026"",""reason"":""UNAFFORDABLE_OR_PAST_CAPACITY""},{""key"":""NSE_FO|129172|25-08-2026"",""reason"":""UNAFFORDABLE_OR_PAST_CAPACITY""},{""key"":""NSE_FO|43071|25-08-2026"",""reason"":""UNAFFORDABLE_OR_PAST_CAPACITY""},{""key"":""NSE_FO|129170|25-08-2026"",""reason"":""OFFICIAL_ZERO_TRADES_AUDIT""}]",
SECTOR_SHOCK_LAG:TECHM:2026-08-12T10:58:00+05:30,TECHM,PE,2026-08-12T10:58:00+05:30,,,NO_ORDER_UNDER_MODEL,7704.32,,,,,,,,,,,,,,,,"[{""key"":""NSE_FO|39499|25-08-2026"",""reason"":""UNAFFORDABLE_OR_PAST_CAPACITY""},{""key"":""NSE_FO|39496|25-08-2026"",""reason"":""UNAFFORDABLE_OR_PAST_CAPACITY""},{""key"":""NSE_FO|149738|25-08-2026"",""reason"":""UNAFFORDABLE_OR_PAST_CAPACITY""},{""key"":""NSE_FO|39494|25-08-2026"",""reason"":""UNAFFORDABLE_OR_PAST_CAPACITY""},{""key"":""NSE_FO|39492|25-08-2026"",""reason"":""UNAFFORDABLE_OR_PAST_CAPACITY""},{""key"":""NSE_FO|149736|25-08-2026"",""reason"":""UNAFFORDABLE_OR_PAST_CAPACITY""},{""key"":""NSE_FO|39490|25-08-2026"",""reason"":""UNAFFORDABLE_OR_PAST_CAPACITY""},{""key"":""NSE_FO|39488|25-08-2026"",""reason"":""UNAFFORDABLE_OR_PAST_CAPACITY""},{""key"":""NSE_FO|149734|25-08-2026"",""reason"":""UNAFFORDABLE_OR_PAST_CAPACITY""},{""key"":""NSE_FO|39486|25-08-2026"",""reason"":""UNAFFORDABLE_OR_PAST_CAPACITY""},{""key"":""NSE_FO|154027|25-08-2026"",""reason"":""UNAFFORDABLE_OR_PAST_CAPACITY""}]",
SECTOR_SHOCK_LAG:INFY:2026-08-12T10:59:00+05:30,INFY,PE,2026-08-12T10:59:00+05:30,,,MODELED_CAPACITY_MISS,7704.32,NSE_FO|52790|25-08-2026,2026-08-25,1140.0,400,400,13.75,2026-08-12T11:00:00+05:30,,,,,,,,,"[{""key"":""NSE_FO|108935|25-08-2026"",""reason"":""UNAFFORDABLE_OR_PAST_CAPACITY""},{""key"":""NSE_FO|52796|25-08-2026"",""reason"":""UNAFFORDABLE_OR_PAST_CAPACITY""},{""key"":""NSE_FO|108933|25-08-2026"",""reason"":""UNAFFORDABLE_OR_PAST_CAPACITY""}]",
SECTOR_SHOCK_LAG:TATAELXSI:2026-08-12T10:59:00+05:30,TATAELXSI,PE,2026-08-12T10:59:00+05:30,,,NO_ORDER_UNDER_MODEL,7704.32,,,,,,,,,,,,,,,,"[{""key"":""NSE_FO|152396|25-08-2026"",""reason"":""UNAFFORDABLE_OR_PAST_CAPACITY""},{""key"":""NSE_FO|148456|25-08-2026"",""reason"":""UNAFFORDABLE_OR_PAST_CAPACITY""},{""key"":""NSE_FO|152394|25-08-2026"",""reason"":""UNAFFORDABLE_OR_PAST_CAPACITY""},{""key"":""NSE_FO|148452|25-08-2026"",""reason"":""UNAFFORDABLE_OR_PAST_CAPACITY""},{""key"":""NSE_FO|152392|25-08-2026"",""reason"":""UNAFFORDABLE_OR_PAST_CAPACITY""},{""key"":""NSE_FO|148450|25-08-2026"",""reason"":""UNAFFORDABLE_OR_PAST_CAPACITY""},{""key"":""NSE_FO|152390|25-08-2026"",""reason"":""UNAFFORDABLE_OR_PAST_CAPACITY""},{""key"":""NSE_FO|148448|25-08-2026"",""reason"":""UNAFFORDABLE_OR_PAST_CAPACITY""},{""key"":""NSE_FO|152388|25-08-2026"",""reason"":""UNAFFORDABLE_OR_PAST_CAPACITY""},{""key"":""NSE_FO|148446|25-08-2026"",""reason"":""UNAFFORDABLE_OR_PAST_CAPACITY""},{""key"":""NSE_FO|152386|25-08-2026"",""reason"":""UNAFFORDABLE_OR_PAST_CAPACITY""}]",
SECTOR_SHOCK_LAG:OFSS:2026-08-12T11:00:00+05:30,OFSS,PE,2026-08-12T11:00:00+05:30,,,NO_ORDER_UNDER_MODEL,7704.32,,,,,,,,,,,,,,,,"[{""key"":""NSE_FO|133505|25-08-2026"",""reason"":""UNAFFORDABLE_OR_PAST_CAPACITY""},{""key"":""NSE_FO|131331|25-08-2026"",""reason"":""UNAFFORDABLE_OR_PAST_CAPACITY""},{""key"":""NSE_FO|133503|25-08-2026"",""reason"":""UNAFFORDABLE_OR_PAST_CAPACITY""},{""key"":""NSE_FO|131327|25-08-2026"",""reason"":""UNAFFORDABLE_OR_PAST_CAPACITY""},{""key"":""NSE_FO|133432|25-08-2026"",""reason"":""UNAFFORDABLE_OR_PAST_CAPACITY""},{""key"":""NSE_FO|131325|25-08-2026"",""reason"":""UNAFFORDABLE_OR_PAST_CAPACITY""},{""key"":""NSE_FO|133418|25-08-2026"",""reason"":""UNAFFORDABLE_OR_PAST_CAPACITY""},{""key"":""NSE_FO|131322|25-08-2026"",""reason"":""UNAFFORDABLE_OR_PAST_CAPACITY""},{""key"":""NSE_FO|133416|25-08-2026"",""reason"":""UNAFFORDABLE_OR_PAST_CAPACITY""},{""key"":""NSE_FO|131320|25-08-2026"",""reason"":""UNAFFORDABLE_OR_PAST_CAPACITY""},{""key"":""NSE_FO|133414|25-08-2026"",""reason"":""UNAFFORDABLE_OR_PAST_CAPACITY""}]",
SECTOR_SHOCK_LAG:PERSISTENT:2026-08-12T11:00:00+05:30,PERSISTENT,PE,2026-08-12T11:00:00+05:30,,,NO_ORDER_UNDER_MODEL,7704.32,,,,,,,,,,,,,,,,"[{""key"":""NSE_FO|134286|25-08-2026"",""reason"":""UNAFFORDABLE_OR_PAST_CAPACITY""},{""key"":""NSE_FO|134284|25-08-2026"",""reason"":""UNAFFORDABLE_OR_PAST_CAPACITY""},{""key"":""NSE_FO|134282|25-08-2026"",""reason"":""UNAFFORDABLE_OR_PAST_CAPACITY""},{""key"":""NSE_FO|134247|25-08-2026"",""reason"":""UNAFFORDABLE_OR_PAST_CAPACITY""},{""key"":""NSE_FO|134244|25-08-2026"",""reason"":""UNAFFORDABLE_OR_PAST_CAPACITY""},{""key"":""NSE_FO|134237|25-08-2026"",""reason"":""UNAFFORDABLE_OR_PAST_CAPACITY""},{""key"":""NSE_FO|134235|25-08-2026"",""reason"":""UNAFFORDABLE_OR_PAST_CAPACITY""},{""key"":""NSE_FO|134232|25-08-2026"",""reason"":""UNAFFORDABLE_OR_PAST_CAPACITY""},{""key"":""NSE_FO|134191|25-08-2026"",""reason"":""UNAFFORDABLE_OR_PAST_CAPACITY""},{""key"":""NSE_FO|134122|25-08-2026"",""reason"":""UNAFFORDABLE_OR_PAST_CAPACITY""},{""key"":""NSE_FO|134117|25-08-2026"",""reason"":""UNAFFORDABLE_OR_PAST_CAPACITY""}]",
SECTOR_SHOCK_LAG:WIPRO:2026-08-12T11:55:00+05:30,WIPRO,PE,2026-08-12T11:55:00+05:30,,,NO_ORDER_UNDER_MODEL,7704.32,,,,,,,,,,,,,,,,"[{""key"":""NSE_FO|156539|25-08-2026"",""reason"":""UNAFFORDABLE_OR_PAST_CAPACITY""},{""key"":""NSE_FO|153461|25-08-2026"",""reason"":""UNAFFORDABLE_OR_PAST_CAPACITY""},{""key"":""NSE_FO|156537|25-08-2026"",""reason"":""UNAFFORDABLE_OR_PAST_CAPACITY""},{""key"":""NSE_FO|153459|25-08-2026"",""reason"":""UNAFFORDABLE_OR_PAST_CAPACITY""},{""key"":""NSE_FO|156535|25-08-2026"",""reason"":""UNAFFORDABLE_OR_PAST_CAPACITY""},{""key"":""NSE_FO|153457|25-08-2026"",""reason"":""UNAFFORDABLE_OR_PAST_CAPACITY""},{""key"":""NSE_FO|156533|25-08-2026"",""reason"":""UNAFFORDABLE_OR_PAST_CAPACITY""},{""key"":""NSE_FO|153455|25-08-2026"",""reason"":""UNAFFORDABLE_OR_PAST_CAPACITY""},{""key"":""NSE_FO|156531|25-08-2026"",""reason"":""OFFICIAL_ZERO_TRADES_AUDIT""},{""key"":""NSE_FO|153453|25-08-2026"",""reason"":""UNAFFORDABLE_OR_PAST_CAPACITY""},{""key"":""NSE_FO|156529|25-08-2026"",""reason"":""UNAFFORDABLE_OR_PAST_CAPACITY""}]",
SECTOR_SHOCK_LAG:BANKINDIA:2026-08-12T14:34:00+05:30,BANKINDIA,CE,2026-08-12T14:34:00+05:30,,,NO_ORDER_UNDER_MODEL,7704.32,,,,,,,,,,,,,,,,"[{""key"":""NSE_FO|38362|25-08-2026"",""reason"":""UNAFFORDABLE_OR_PAST_CAPACITY""},{""key"":""NSE_FO|89678|25-08-2026"",""reason"":""UNAFFORDABLE_OR_PAST_CAPACITY""},{""key"":""NSE_FO|38366|25-08-2026"",""reason"":""UNAFFORDABLE_OR_PAST_CAPACITY""},{""key"":""NSE_FO|89680|25-08-2026"",""reason"":""UNAFFORDABLE_OR_PAST_CAPACITY""},{""key"":""NSE_FO|38379|25-08-2026"",""reason"":""UNAFFORDABLE_OR_PAST_CAPACITY""},{""key"":""NSE_FO|89682|25-08-2026"",""reason"":""UNAFFORDABLE_OR_PAST_CAPACITY""},{""key"":""NSE_FO|38382|25-08-2026"",""reason"":""UNAFFORDABLE_OR_PAST_CAPACITY""},{""key"":""NSE_FO|89684|25-08-2026"",""reason"":""OFFICIAL_ZERO_TRADES_AUDIT""},{""key"":""NSE_FO|38384|25-08-2026"",""reason"":""UNAFFORDABLE_OR_PAST_CAPACITY""}]",
SECTOR_SHOCK_LAG:SBIN:2026-08-12T14:34:00+05:30,SBIN,CE,2026-08-12T14:34:00+05:30,,,NO_ORDER_UNDER_MODEL,7704.32,,,,,,,,,,,,,,,,"[{""key"":""NSE_FO|143910|25-08-2026"",""reason"":""UNAFFORDABLE_OR_PAST_CAPACITY""},{""key"":""NSE_FO|146790|25-08-2026"",""reason"":""UNAFFORDABLE_OR_PAST_CAPACITY""},{""key"":""NSE_FO|143912|25-08-2026"",""reason"":""UNAFFORDABLE_OR_PAST_CAPACITY""},{""key"":""NSE_FO|146792|25-08-2026"",""reason"":""UNAFFORDABLE_OR_PAST_CAPACITY""},{""key"":""NSE_FO|143920|25-08-2026"",""reason"":""UNAFFORDABLE_OR_PAST_CAPACITY""},{""key"":""NSE_FO|146794|25-08-2026"",""reason"":""UNAFFORDABLE_OR_PAST_CAPACITY""},{""key"":""NSE_FO|143928|25-08-2026"",""reason"":""UNAFFORDABLE_OR_PAST_CAPACITY""},{""key"":""NSE_FO|146796|25-08-2026"",""reason"":""UNAFFORDABLE_OR_PAST_CAPACITY""},{""key"":""NSE_FO|143978|25-08-2026"",""reason"":""UNAFFORDABLE_OR_PAST_CAPACITY""},{""key"":""NSE_FO|146798|25-08-2026"",""reason"":""UNAFFORDABLE_OR_PAST_CAPACITY""},{""key"":""NSE_FO|143980|25-08-2026"",""reason"":""UNAFFORDABLE_OR_PAST_CAPACITY""}]",
SECTOR_SHOCK_LAG:INFY:2026-08-14T10:59:00+05:30,INFY,PE,2026-08-14T10:59:00+05:30,,,NO_ORDER_UNDER_MODEL,7704.32,,,,,,,,,,,,,,,,"[{""key"":""NSE_FO|52796|25-08-2026"",""reason"":""UNAFFORDABLE_OR_PAST_CAPACITY""},{""key"":""NSE_FO|108933|25-08-2026"",""reason"":""UNAFFORDABLE_OR_PAST_CAPACITY""},{""key"":""NSE_FO|52790|25-08-2026"",""reason"":""UNAFFORDABLE_OR_PAST_CAPACITY""},{""key"":""NSE_FO|108931|25-08-2026"",""reason"":""UNAFFORDABLE_OR_PAST_CAPACITY""},{""key"":""NSE_FO|52788|25-08-2026"",""reason"":""UNAFFORDABLE_OR_PAST_CAPACITY""},{""key"":""NSE_FO|108928|25-08-2026"",""reason"":""UNAFFORDABLE_OR_PAST_CAPACITY""},{""key"":""NSE_FO|52786|25-08-2026"",""reason"":""UNAFFORDABLE_OR_PAST_CAPACITY""},{""key"":""NSE_FO|52778|25-08-2026"",""reason"":""UNAFFORDABLE_OR_PAST_CAPACITY""},{""key"":""NSE_FO|108924|25-08-2026"",""reason"":""UNAFFORDABLE_OR_PAST_CAPACITY""},{""key"":""NSE_FO|52776|25-08-2026"",""reason"":""UNAFFORDABLE_OR_PAST_CAPACITY""},{""key"":""NSE_FO|108917|25-08-2026"",""reason"":""UNAFFORDABLE_OR_PAST_CAPACITY""}]",
SECTOR_SHOCK_LAG:TECHM:2026-08-14T10:59:00+05:30,TECHM,PE,2026-08-14T10:59:00+05:30,,,NO_ORDER_UNDER_MODEL,7704.32,,,,,,,,,,,,,,,,"[{""key"":""NSE_FO|39496|25-08-2026"",""reason"":""UNAFFORDABLE_OR_PAST_CAPACITY""},{""key"":""NSE_FO|149738|25-08-2026"",""reason"":""UNAFFORDABLE_OR_PAST_CAPACITY""},{""key"":""NSE_FO|39494|25-08-2026"",""reason"":""UNAFFORDABLE_OR_PAST_CAPACITY""},{""key"":""NSE_FO|39492|25-08-2026"",""reason"":""UNAFFORDABLE_OR_PAST_CAPACITY""},{""key"":""NSE_FO|149736|25-08-2026"",""reason"":""UNAFFORDABLE_OR_PAST_CAPACITY""},{""key"":""NSE_FO|39490|25-08-2026"",""reason"":""UNAFFORDABLE_OR_PAST_CAPACITY""},{""key"":""NSE_FO|39488|25-08-2026"",""reason"":""UNAFFORDABLE_OR_PAST_CAPACITY""},{""key"":""NSE_FO|149734|25-08-2026"",""reason"":""UNAFFORDABLE_OR_PAST_CAPACITY""},{""key"":""NSE_FO|39486|25-08-2026"",""reason"":""UNAFFORDABLE_OR_PAST_CAPACITY""},{""key"":""NSE_FO|154027|25-08-2026"",""reason"":""OFFICIAL_ZERO_TRADES_AUDIT""},{""key"":""NSE_FO|39484|25-08-2026"",""reason"":""UNAFFORDABLE_OR_PAST_CAPACITY""}]",
SECTOR_SHOCK_LAG:HCLTECH:2026-08-14T12:09:00+05:30,HCLTECH,CE,2026-08-14T12:09:00+05:30,,,NO_ORDER_UNDER_MODEL,7704.32,,,,,,,,,,,,,,,,"[{""key"":""NSE_FO|98851|25-08-2026"",""reason"":""UNAFFORDABLE_OR_PAST_CAPACITY""},{""key"":""NSE_FO|37087|25-08-2026"",""reason"":""UNAFFORDABLE_OR_PAST_CAPACITY""},{""key"":""NSE_FO|98853|25-08-2026"",""reason"":""UNAFFORDABLE_OR_PAST_CAPACITY""},{""key"":""NSE_FO|37091|25-08-2026"",""reason"":""UNAFFORDABLE_OR_PAST_CAPACITY""},{""key"":""NSE_FO|98855|25-08-2026"",""reason"":""UNAFFORDABLE_OR_PAST_CAPACITY""},{""key"":""NSE_FO|37093|25-08-2026"",""reason"":""UNAFFORDABLE_OR_PAST_CAPACITY""},{""key"":""NSE_FO|98857|25-08-2026"",""reason"":""UNAFFORDABLE_OR_PAST_CAPACITY""},{""key"":""NSE_FO|38647|25-08-2026"",""reason"":""UNAFFORDABLE_OR_PAST_CAPACITY""},{""key"":""NSE_FO|98859|25-08-2026"",""reason"":""UNAFFORDABLE_OR_PAST_CAPACITY""},{""key"":""NSE_FO|38649|25-08-2026"",""reason"":""UNAFFORDABLE_OR_PAST_CAPACITY""},{""key"":""NSE_FO|98861|25-08-2026"",""reason"":""UNAFFORDABLE_OR_PAST_CAPACITY""}]",
SECTOR_SHOCK_LAG:WIPRO:2026-08-14T12:09:00+05:30,WIPRO,CE,2026-08-14T12:09:00+05:30,,,MODELED_CAPACITY_MISS,7704.32,NSE_FO|153510|25-08-2026,2026-08-25,200.0,3000,3000,0.45,2026-08-14T12:10:00+05:30,,,,,,,,,"[{""key"":""NSE_FO|153504|25-08-2026"",""reason"":""UNAFFORDABLE_OR_PAST_CAPACITY""},{""key"":""NSE_FO|156540|25-08-2026"",""reason"":""UNAFFORDABLE_OR_PAST_CAPACITY""},{""key"":""NSE_FO|153506|25-08-2026"",""reason"":""UNAFFORDABLE_OR_PAST_CAPACITY""},{""key"":""NSE_FO|156542|25-08-2026"",""reason"":""UNAFFORDABLE_OR_PAST_CAPACITY""},{""key"":""NSE_FO|153508|25-08-2026"",""reason"":""UNAFFORDABLE_OR_PAST_CAPACITY""},{""key"":""NSE_FO|156544|25-08-2026"",""reason"":""UNAFFORDABLE_OR_PAST_CAPACITY""}]",
SECTOR_SHOCK_LAG:INFY:2026-08-17T09:29:00+05:30,INFY,PE,2026-08-17T09:29:00+05:30,,,MODELED_ROUND_TRIP,7704.32,NSE_FO|52778|25-08-2026,2026-08-25,1080.0,400,400,3.35,2026-08-17T09:30:00+05:30,3.30,2026-08-17T09:59:00+05:30,3.30,INVALIDATION,51.36,-51.36,7652.96,1,"[{""key"":""NSE_FO|108933|25-08-2026"",""reason"":""UNAFFORDABLE_OR_PAST_CAPACITY""},{""key"":""NSE_FO|52790|25-08-2026"",""reason"":""UNAFFORDABLE_OR_PAST_CAPACITY""},{""key"":""NSE_FO|108931|25-08-2026"",""reason"":""UNAFFORDABLE_OR_PAST_CAPACITY""},{""key"":""NSE_FO|52788|25-08-2026"",""reason"":""UNAFFORDABLE_OR_PAST_CAPACITY""},{""key"":""NSE_FO|108928|25-08-2026"",""reason"":""UNAFFORDABLE_OR_PAST_CAPACITY""},{""key"":""NSE_FO|52786|25-08-2026"",""reason"":""UNAFFORDABLE_OR_PAST_CAPACITY""}]",
SECTOR_SHOCK_LAG:INFY:2026-08-20T09:35:00+05:30,INFY,CE,2026-08-20T09:35:00+05:30,,,NO_ORDER_UNDER_MODEL,7652.96,,,,,,,,,,,,,,,,"[{""key"":""NSE_FO|83374"",""reason"":""UNAFFORDABLE_OR_PAST_CAPACITY""},{""key"":""NSE_FO|115787"",""reason"":""UNAFFORDABLE_OR_PAST_CAPACITY""},{""key"":""NSE_FO|83376"",""reason"":""UNAFFORDABLE_OR_PAST_CAPACITY""},{""key"":""NSE_FO|115803"",""reason"":""UNAFFORDABLE_OR_PAST_CAPACITY""},{""key"":""NSE_FO|83378"",""reason"":""UNAFFORDABLE_OR_PAST_CAPACITY""},{""key"":""NSE_FO|115809"",""reason"":""UNAFFORDABLE_OR_PAST_CAPACITY""},{""key"":""NSE_FO|83380"",""reason"":""UNAFFORDABLE_OR_PAST_CAPACITY""},{""key"":""NSE_FO|115811"",""reason"":""UNAFFORDABLE_OR_PAST_CAPACITY""},{""key"":""NSE_FO|83382"",""reason"":""UNAFFORDABLE_OR_PAST_CAPACITY""},{""key"":""NSE_FO|115813"",""reason"":""UNAFFORDABLE_OR_PAST_CAPACITY""},{""key"":""NSE_FO|115815"",""reason"":""UNAFFORDABLE_OR_PAST_CAPACITY""}]",
SECTOR_SHOCK_LAG:TCS:2026-08-20T09:35:00+05:30,TCS,CE,2026-08-20T09:35:00+05:30,,,NO_ORDER_UNDER_MODEL,7652.96,,,,,,,,,,,,,,,,"[{""key"":""NSE_FO|153966"",""reason"":""UNAFFORDABLE_OR_PAST_CAPACITY""},{""key"":""NSE_FO|113110"",""reason"":""UNAFFORDABLE_OR_PAST_CAPACITY""},{""key"":""NSE_FO|153968"",""reason"":""UNAFFORDABLE_OR_PAST_CAPACITY""},{""key"":""NSE_FO|113112"",""reason"":""UNAFFORDABLE_OR_PAST_CAPACITY""},{""key"":""NSE_FO|153970"",""reason"":""UNAFFORDABLE_OR_PAST_CAPACITY""},{""key"":""NSE_FO|113114"",""reason"":""UNAFFORDABLE_OR_PAST_CAPACITY""},{""key"":""NSE_FO|153972"",""reason"":""UNAFFORDABLE_OR_PAST_CAPACITY""},{""key"":""NSE_FO|113118"",""reason"":""UNAFFORDABLE_OR_PAST_CAPACITY""},{""key"":""NSE_FO|153974"",""reason"":""UNAFFORDABLE_OR_PAST_CAPACITY""},{""key"":""NSE_FO|113121"",""reason"":""UNAFFORDABLE_OR_PAST_CAPACITY""},{""key"":""NSE_FO|153976"",""reason"":""UNAFFORDABLE_OR_PAST_CAPACITY""}]",
SECTOR_SHOCK_LAG:OFSS:2026-08-21T09:54:00+05:30,OFSS,CE,2026-08-21T09:54:00+05:30,,,NO_ORDER_UNDER_MODEL,7652.96,,,,,,,,,,,,,,,,"[{""key"":""NSE_FO|133972"",""reason"":""UNAFFORDABLE_OR_PAST_CAPACITY""},{""key"":""NSE_FO|98636"",""reason"":""UNAFFORDABLE_OR_PAST_CAPACITY""},{""key"":""NSE_FO|133974"",""reason"":""UNAFFORDABLE_OR_PAST_CAPACITY""},{""key"":""NSE_FO|98638"",""reason"":""INSUFFICIENT_KNOWN_OI""},{""key"":""NSE_FO|133976"",""reason"":""UNAFFORDABLE_OR_PAST_CAPACITY""},{""key"":""NSE_FO|98642"",""reason"":""INSUFFICIENT_KNOWN_OI""},{""key"":""NSE_FO|133980"",""reason"":""OFFICIAL_ZERO_TRADES_AUDIT""},{""key"":""NSE_FO|98644"",""reason"":""UNAFFORDABLE_OR_PAST_CAPACITY""},{""key"":""NSE_FO|133986"",""reason"":""UNAFFORDABLE_OR_PAST_CAPACITY""},{""key"":""NSE_FO|98648"",""reason"":""UNAFFORDABLE_OR_PAST_CAPACITY""},{""key"":""NSE_FO|133988"",""reason"":""UNAFFORDABLE_OR_PAST_CAPACITY""}]",
SECTOR_SHOCK_LAG:PERSISTENT:2026-08-21T09:54:00+05:30,PERSISTENT,CE,2026-08-21T09:54:00+05:30,,,NO_ORDER_UNDER_MODEL,7652.96,,,,,,,,,,,,,,,,"[{""key"":""NSE_FO|136060"",""reason"":""UNAFFORDABLE_OR_PAST_CAPACITY""},{""key"":""NSE_FO|100821"",""reason"":""UNAFFORDABLE_OR_PAST_CAPACITY""},{""key"":""NSE_FO|136062"",""reason"":""UNAFFORDABLE_OR_PAST_CAPACITY""},{""key"":""NSE_FO|100823"",""reason"":""UNAFFORDABLE_OR_PAST_CAPACITY""},{""key"":""NSE_FO|136064"",""reason"":""UNAFFORDABLE_OR_PAST_CAPACITY""},{""key"":""NSE_FO|100825"",""reason"":""INSUFFICIENT_KNOWN_OI""},{""key"":""NSE_FO|136067"",""reason"":""UNAFFORDABLE_OR_PAST_CAPACITY""},{""key"":""NSE_FO|136069"",""reason"":""UNAFFORDABLE_OR_PAST_CAPACITY""}]",
SECTOR_SHOCK_LAG:MPHASIS:2026-08-25T09:25:00+05:30,MPHASIS,PE,2026-08-25T09:25:00+05:30,,,NO_ORDER_UNDER_MODEL,7652.96,,,,,,,,,,,,,,,,"[{""key"":""NSE_FO|94918"",""reason"":""UNAFFORDABLE_OR_PAST_CAPACITY""},{""key"":""NSE_FO|43139"",""reason"":""UNAFFORDABLE_OR_PAST_CAPACITY""},{""key"":""NSE_FO|94914"",""reason"":""UNAFFORDABLE_OR_PAST_CAPACITY""},{""key"":""NSE_FO|43137"",""reason"":""UNAFFORDABLE_OR_PAST_CAPACITY""},{""key"":""NSE_FO|94912"",""reason"":""UNAFFORDABLE_OR_PAST_CAPACITY""},{""key"":""NSE_FO|43135"",""reason"":""UNAFFORDABLE_OR_PAST_CAPACITY""},{""key"":""NSE_FO|94910"",""reason"":""OFFICIAL_ZERO_TRADES_AUDIT""},{""key"":""NSE_FO|43133"",""reason"":""UNAFFORDABLE_OR_PAST_CAPACITY""},{""key"":""NSE_FO|43131"",""reason"":""UNAFFORDABLE_OR_PAST_CAPACITY""}]",
SECTOR_SHOCK_LAG:INFY:2026-08-25T09:26:00+05:30,INFY,PE,2026-08-25T09:26:00+05:30,,,NO_ORDER_UNDER_MODEL,7652.96,,,,,,,,,,,,,,,,"[{""key"":""NSE_FO|115786"",""reason"":""UNAFFORDABLE_OR_PAST_CAPACITY""},{""key"":""NSE_FO|83373"",""reason"":""UNAFFORDABLE_OR_PAST_CAPACITY""},{""key"":""NSE_FO|115776"",""reason"":""UNAFFORDABLE_OR_PAST_CAPACITY""},{""key"":""NSE_FO|83371"",""reason"":""UNAFFORDABLE_OR_PAST_CAPACITY""},{""key"":""NSE_FO|115768"",""reason"":""UNAFFORDABLE_OR_PAST_CAPACITY""},{""key"":""NSE_FO|83369"",""reason"":""UNAFFORDABLE_OR_PAST_CAPACITY""},{""key"":""NSE_FO|115766"",""reason"":""UNAFFORDABLE_OR_PAST_CAPACITY""},{""key"":""NSE_FO|115764"",""reason"":""UNAFFORDABLE_OR_PAST_CAPACITY""},{""key"":""NSE_FO|115762"",""reason"":""UNAFFORDABLE_OR_PAST_CAPACITY""},{""key"":""NSE_FO|115727"",""reason"":""UNAFFORDABLE_OR_PAST_CAPACITY""}]",
SECTOR_SHOCK_LAG:PERSISTENT:2026-08-25T09:26:00+05:30,PERSISTENT,PE,2026-08-25T09:26:00+05:30,,,NO_ORDER_UNDER_MODEL,7652.96,,,,,,,,,,,,,,,,"[{""key"":""NSE_FO|136061"",""reason"":""UNAFFORDABLE_OR_PAST_CAPACITY""},{""key"":""NSE_FO|100820"",""reason"":""UNAFFORDABLE_OR_PAST_CAPACITY""},{""key"":""NSE_FO|136059"",""reason"":""UNAFFORDABLE_OR_PAST_CAPACITY""},{""key"":""NSE_FO|100818"",""reason"":""UNAFFORDABLE_OR_PAST_CAPACITY""},{""key"":""NSE_FO|136057"",""reason"":""UNAFFORDABLE_OR_PAST_CAPACITY""},{""key"":""NSE_FO|100816"",""reason"":""OFFICIAL_ZERO_TRADES_AUDIT""},{""key"":""NSE_FO|136055"",""reason"":""UNAFFORDABLE_OR_PAST_CAPACITY""},{""key"":""NSE_FO|100812"",""reason"":""OFFICIAL_ZERO_TRADES_AUDIT""},{""key"":""NSE_FO|135985"",""reason"":""OFFICIAL_ZERO_TRADES_AUDIT""},{""key"":""NSE_FO|135983"",""reason"":""OFFICIAL_ZERO_TRADES_AUDIT""},{""key"":""NSE_FO|135981"",""reason"":""UNAFFORDABLE_OR_PAST_CAPACITY""}]",
SECTOR_SHOCK_LAG:INFY:2026-08-26T09:30:00+05:30,INFY,PE,2026-08-26T09:30:00+05:30,,,NO_ORDER_UNDER_MODEL,7652.96,,,,,,,,,,,,,,,,"[{""key"":""NSE_FO|83375"",""reason"":""UNAFFORDABLE_OR_PAST_CAPACITY""},{""key"":""NSE_FO|115786"",""reason"":""UNAFFORDABLE_OR_PAST_CAPACITY""},{""key"":""NSE_FO|83373"",""reason"":""UNAFFORDABLE_OR_PAST_CAPACITY""},{""key"":""NSE_FO|115776"",""reason"":""UNAFFORDABLE_OR_PAST_CAPACITY""},{""key"":""NSE_FO|83371"",""reason"":""UNAFFORDABLE_OR_PAST_CAPACITY""},{""key"":""NSE_FO|115768"",""reason"":""UNAFFORDABLE_OR_PAST_CAPACITY""},{""key"":""NSE_FO|83369"",""reason"":""UNAFFORDABLE_OR_PAST_CAPACITY""},{""key"":""NSE_FO|115766"",""reason"":""UNAFFORDABLE_OR_PAST_CAPACITY""},{""key"":""NSE_FO|115764"",""reason"":""UNAFFORDABLE_OR_PAST_CAPACITY""},{""key"":""NSE_FO|115762"",""reason"":""UNAFFORDABLE_OR_PAST_CAPACITY""},{""key"":""NSE_FO|115727"",""reason"":""UNAFFORDABLE_OR_PAST_CAPACITY""}]",
SECTOR_SHOCK_LAG:AXISBANK:2026-08-28T09:27:00+05:30,AXISBANK,CE,2026-08-28T09:27:00+05:30,,,NO_ORDER_UNDER_MODEL,7652.96,,,,,,,,,,,,,,,,"[{""key"":""NSE_FO|56316"",""reason"":""UNAFFORDABLE_OR_PAST_CAPACITY""},{""key"":""NSE_FO|87124"",""reason"":""UNAFFORDABLE_OR_PAST_CAPACITY""},{""key"":""NSE_FO|56318"",""reason"":""UNAFFORDABLE_OR_PAST_CAPACITY""},{""key"":""NSE_FO|87126"",""reason"":""UNAFFORDABLE_OR_PAST_CAPACITY""},{""key"":""NSE_FO|56320"",""reason"":""UNAFFORDABLE_OR_PAST_CAPACITY""},{""key"":""NSE_FO|87128"",""reason"":""UNAFFORDABLE_OR_PAST_CAPACITY""},{""key"":""NSE_FO|56322"",""reason"":""UNAFFORDABLE_OR_PAST_CAPACITY""},{""key"":""NSE_FO|87130"",""reason"":""UNAFFORDABLE_OR_PAST_CAPACITY""},{""key"":""NSE_FO|56324"",""reason"":""UNAFFORDABLE_OR_PAST_CAPACITY""},{""key"":""NSE_FO|87133"",""reason"":""OFFICIAL_ZERO_TRADES_AUDIT""},{""key"":""NSE_FO|87141"",""reason"":""OFFICIAL_ZERO_TRADES_AUDIT""}]",
SECTOR_SHOCK_LAG:ICICIBANK:2026-08-28T09:27:00+05:30,ICICIBANK,CE,2026-08-28T09:27:00+05:30,,,NO_ORDER_UNDER_MODEL,7652.96,,,,,,,,,,,,,,,,"[{""key"":""NSE_FO|111550"",""reason"":""UNAFFORDABLE_OR_PAST_CAPACITY""},{""key"":""NSE_FO|80462"",""reason"":""UNAFFORDABLE_OR_PAST_CAPACITY""},{""key"":""NSE_FO|111552"",""reason"":""UNAFFORDABLE_OR_PAST_CAPACITY""},{""key"":""NSE_FO|80464"",""reason"":""UNAFFORDABLE_OR_PAST_CAPACITY""},{""key"":""NSE_FO|111554"",""reason"":""UNAFFORDABLE_OR_PAST_CAPACITY""},{""key"":""NSE_FO|80468"",""reason"":""UNAFFORDABLE_OR_PAST_CAPACITY""},{""key"":""NSE_FO|111556"",""reason"":""UNAFFORDABLE_OR_PAST_CAPACITY""},{""key"":""NSE_FO|80470"",""reason"":""UNAFFORDABLE_OR_PAST_CAPACITY""},{""key"":""NSE_FO|111558"",""reason"":""UNAFFORDABLE_OR_PAST_CAPACITY""},{""key"":""NSE_FO|80472"",""reason"":""UNAFFORDABLE_OR_PAST_CAPACITY""},{""key"":""NSE_FO|111561"",""reason"":""UNAFFORDABLE_OR_PAST_CAPACITY""}]",
SECTOR_SHOCK_LAG:BANKBARODA:2026-09-01T09:25:00+05:30,BANKBARODA,PE,2026-09-01T09:25:00+05:30,,,NO_ORDER_UNDER_MODEL,7652.96,,,,,,,,,,,,,,,,"[{""key"":""NSE_FO|89354"",""reason"":""UNAFFORDABLE_OR_PAST_CAPACITY""},{""key"":""NSE_FO|57314"",""reason"":""UNAFFORDABLE_OR_PAST_CAPACITY""},{""key"":""NSE_FO|89352"",""reason"":""UNAFFORDABLE_OR_PAST_CAPACITY""},{""key"":""NSE_FO|57312"",""reason"":""UNAFFORDABLE_OR_PAST_CAPACITY""},{""key"":""NSE_FO|89305"",""reason"":""UNAFFORDABLE_OR_PAST_CAPACITY""},{""key"":""NSE_FO|57310"",""reason"":""UNAFFORDABLE_OR_PAST_CAPACITY""},{""key"":""NSE_FO|89303"",""reason"":""UNAFFORDABLE_OR_PAST_CAPACITY""},{""key"":""NSE_FO|89283"",""reason"":""UNAFFORDABLE_OR_PAST_CAPACITY""}]",
SECTOR_SHOCK_LAG:CANBK:2026-09-01T09:25:00+05:30,CANBK,PE,2026-09-01T09:25:00+05:30,,,NO_ORDER_UNDER_MODEL,7652.96,,,,,,,,,,,,,,,,"[{""key"":""NSE_FO|61882"",""reason"":""UNAFFORDABLE_OR_PAST_CAPACITY""},{""key"":""NSE_FO|95190"",""reason"":""UNAFFORDABLE_OR_PAST_CAPACITY""},{""key"":""NSE_FO|61861"",""reason"":""UNAFFORDABLE_OR_PAST_CAPACITY""},{""key"":""NSE_FO|95188"",""reason"":""UNAFFORDABLE_OR_PAST_CAPACITY""},{""key"":""NSE_FO|61848"",""reason"":""UNAFFORDABLE_OR_PAST_CAPACITY""},{""key"":""NSE_FO|95185"",""reason"":""UNAFFORDABLE_OR_PAST_CAPACITY""},{""key"":""NSE_FO|61824"",""reason"":""OFFICIAL_ZERO_TRADES_AUDIT""},{""key"":""NSE_FO|95182"",""reason"":""UNAFFORDABLE_OR_PAST_CAPACITY""},{""key"":""NSE_FO|95062"",""reason"":""OFFICIAL_ZERO_TRADES_AUDIT""}]",
SECTOR_SHOCK_LAG:OFSS:2026-09-01T09:25:00+05:30,OFSS,CE,2026-09-01T09:25:00+05:30,,,NO_ORDER_UNDER_MODEL,7652.96,,,,,,,,,,,,,,,,"[{""key"":""NSE_FO|98642"",""reason"":""UNAFFORDABLE_OR_PAST_CAPACITY""},{""key"":""NSE_FO|133980"",""reason"":""UNAFFORDABLE_OR_PAST_CAPACITY""},{""key"":""NSE_FO|98644"",""reason"":""UNAFFORDABLE_OR_PAST_CAPACITY""},{""key"":""NSE_FO|133986"",""reason"":""UNAFFORDABLE_OR_PAST_CAPACITY""},{""key"":""NSE_FO|98648"",""reason"":""UNAFFORDABLE_OR_PAST_CAPACITY""},{""key"":""NSE_FO|133988"",""reason"":""UNAFFORDABLE_OR_PAST_CAPACITY""},{""key"":""NSE_FO|98660"",""reason"":""OFFICIAL_ZERO_TRADES_AUDIT""},{""key"":""NSE_FO|133990"",""reason"":""UNAFFORDABLE_OR_PAST_CAPACITY""},{""key"":""NSE_FO|98662"",""reason"":""INSUFFICIENT_KNOWN_OI""},{""key"":""NSE_FO|133992"",""reason"":""UNAFFORDABLE_OR_PAST_CAPACITY""},{""key"":""NSE_FO|133994"",""reason"":""UNAFFORDABLE_OR_PAST_CAPACITY""}]",
SECTOR_SHOCK_LAG:HCLTECH:2026-09-01T09:26:00+05:30,HCLTECH,CE,2026-09-01T09:26:00+05:30,,,MODELED_ROUND_TRIP,7652.96,NSE_FO|108550,2026-09-29,1400.0,400,400,16.05,2026-09-01T09:27:00+05:30,16.0,2026-09-01T09:38:00+05:30,14.0,INVALIDATION,62.30,-862.30,6790.66,0.875,"[{""key"":""NSE_FO|108544"",""reason"":""UNAFFORDABLE_OR_PAST_CAPACITY""},{""key"":""NSE_FO|77875"",""reason"":""UNAFFORDABLE_OR_PAST_CAPACITY""},{""key"":""NSE_FO|108546"",""reason"":""UNAFFORDABLE_OR_PAST_CAPACITY""},{""key"":""NSE_FO|77877"",""reason"":""UNAFFORDABLE_OR_PAST_CAPACITY""},{""key"":""NSE_FO|108548"",""reason"":""UNAFFORDABLE_OR_PAST_CAPACITY""},{""key"":""NSE_FO|77879"",""reason"":""UNAFFORDABLE_OR_PAST_CAPACITY""}]",
SECTOR_SHOCK_LAG:INFY:2026-09-01T09:27:00+05:30,INFY,CE,2026-09-01T09:27:00+05:30,,,POSITION_ALREADY_OPEN,6790.66,,,,,,,,,,,,,,,,[],
SECTOR_SHOCK_LAG:TECHM:2026-09-02T09:30:00+05:30,TECHM,CE,2026-09-02T09:30:00+05:30,,,NO_ORDER_UNDER_MODEL,6790.66,,,,,,,,,,,,,,,,"[{""key"":""NSE_FO|113483"",""reason"":""UNAFFORDABLE_OR_PAST_CAPACITY""},{""key"":""NSE_FO|39584"",""reason"":""UNAFFORDABLE_OR_PAST_CAPACITY""},{""key"":""NSE_FO|113485"",""reason"":""UNAFFORDABLE_OR_PAST_CAPACITY""},{""key"":""NSE_FO|39586"",""reason"":""UNAFFORDABLE_OR_PAST_CAPACITY""},{""key"":""NSE_FO|113487"",""reason"":""UNAFFORDABLE_OR_PAST_CAPACITY""},{""key"":""NSE_FO|39588"",""reason"":""UNAFFORDABLE_OR_PAST_CAPACITY""},{""key"":""NSE_FO|113489"",""reason"":""UNAFFORDABLE_OR_PAST_CAPACITY""},{""key"":""NSE_FO|39590"",""reason"":""UNAFFORDABLE_OR_PAST_CAPACITY""},{""key"":""NSE_FO|113532"",""reason"":""UNAFFORDABLE_OR_PAST_CAPACITY""},{""key"":""NSE_FO|39594"",""reason"":""UNAFFORDABLE_OR_PAST_CAPACITY""},{""key"":""NSE_FO|39596"",""reason"":""UNAFFORDABLE_OR_PAST_CAPACITY""}]",
SECTOR_SHOCK_LAG:MPHASIS:2026-09-02T09:31:00+05:30,MPHASIS,CE,2026-09-02T09:31:00+05:30,,,NO_ORDER_UNDER_MODEL,6790.66,,,,,,,,,,,,,,,,"[{""key"":""NSE_FO|94917"",""reason"":""UNAFFORDABLE_OR_PAST_CAPACITY""},{""key"":""NSE_FO|43140"",""reason"":""UNAFFORDABLE_OR_PAST_CAPACITY""},{""key"":""NSE_FO|94919"",""reason"":""UNAFFORDABLE_OR_PAST_CAPACITY""},{""key"":""NSE_FO|43142"",""reason"":""UNAFFORDABLE_OR_PAST_CAPACITY""},{""key"":""NSE_FO|94923"",""reason"":""UNAFFORDABLE_OR_PAST_CAPACITY""},{""key"":""NSE_FO|43144"",""reason"":""UNAFFORDABLE_OR_PAST_CAPACITY""},{""key"":""NSE_FO|94925"",""reason"":""UNAFFORDABLE_OR_PAST_CAPACITY""},{""key"":""NSE_FO|43146"",""reason"":""UNAFFORDABLE_OR_PAST_CAPACITY""}]",
SECTOR_SHOCK_LAG:TCS:2026-09-02T09:31:00+05:30,TCS,CE,2026-09-02T09:31:00+05:30,,,MODELED_LIMIT_MISS,6790.66,NSE_FO|113114,2026-09-29,2420.0,225,225,27.20,2026-09-02T09:32:00+05:30,,,,,,,,,"[{""key"":""NSE_FO|153966"",""reason"":""UNAFFORDABLE_OR_PAST_CAPACITY""},{""key"":""NSE_FO|113110"",""reason"":""UNAFFORDABLE_OR_PAST_CAPACITY""},{""key"":""NSE_FO|153968"",""reason"":""UNAFFORDABLE_OR_PAST_CAPACITY""},{""key"":""NSE_FO|113112"",""reason"":""UNAFFORDABLE_OR_PAST_CAPACITY""},{""key"":""NSE_FO|153970"",""reason"":""UNAFFORDABLE_OR_PAST_CAPACITY""}]",
SECTOR_SHOCK_LAG:TATAELXSI:2026-09-02T09:33:00+05:30,TATAELXSI,CE,2026-09-02T09:33:00+05:30,,,NO_ORDER_UNDER_MODEL,6790.66,,,,,,,,,,,,,,,,"[{""key"":""NSE_FO|112007"",""reason"":""UNAFFORDABLE_OR_PAST_CAPACITY""},{""key"":""NSE_FO|152666"",""reason"":""UNAFFORDABLE_OR_PAST_CAPACITY""},{""key"":""NSE_FO|112009"",""reason"":""UNAFFORDABLE_OR_PAST_CAPACITY""},{""key"":""NSE_FO|152668"",""reason"":""UNAFFORDABLE_OR_PAST_CAPACITY""},{""key"":""NSE_FO|112011"",""reason"":""UNAFFORDABLE_OR_PAST_CAPACITY""},{""key"":""NSE_FO|152670"",""reason"":""UNAFFORDABLE_OR_PAST_CAPACITY""},{""key"":""NSE_FO|112030"",""reason"":""UNAFFORDABLE_OR_PAST_CAPACITY""},{""key"":""NSE_FO|152672"",""reason"":""UNAFFORDABLE_OR_PAST_CAPACITY""},{""key"":""NSE_FO|112032"",""reason"":""UNAFFORDABLE_OR_PAST_CAPACITY""},{""key"":""NSE_FO|152674"",""reason"":""UNAFFORDABLE_OR_PAST_CAPACITY""},{""key"":""NSE_FO|112034"",""reason"":""UNAFFORDABLE_OR_PAST_CAPACITY""}]",
SECTOR_SHOCK_LAG:HCLTECH:2026-09-02T09:34:00+05:30,HCLTECH,CE,2026-09-02T09:34:00+05:30,,,NO_ORDER_UNDER_MODEL,6790.66,,,,,,,,,,,,,,,,"[{""key"":""NSE_FO|77873"",""reason"":""UNAFFORDABLE_OR_PAST_CAPACITY""},{""key"":""NSE_FO|108544"",""reason"":""UNAFFORDABLE_OR_PAST_CAPACITY""},{""key"":""NSE_FO|77875"",""reason"":""UNAFFORDABLE_OR_PAST_CAPACITY""},{""key"":""NSE_FO|108546"",""reason"":""UNAFFORDABLE_OR_PAST_CAPACITY""},{""key"":""NSE_FO|77877"",""reason"":""UNAFFORDABLE_OR_PAST_CAPACITY""},{""key"":""NSE_FO|108548"",""reason"":""UNAFFORDABLE_OR_PAST_CAPACITY""},{""key"":""NSE_FO|77879"",""reason"":""UNAFFORDABLE_OR_PAST_CAPACITY""},{""key"":""NSE_FO|108550"",""reason"":""UNAFFORDABLE_OR_PAST_CAPACITY""},{""key"":""NSE_FO|77881"",""reason"":""UNAFFORDABLE_OR_PAST_CAPACITY""},{""key"":""NSE_FO|37107"",""reason"":""UNAFFORDABLE_OR_PAST_CAPACITY""},{""key"":""NSE_FO|77886"",""reason"":""UNAFFORDABLE_OR_PAST_CAPACITY""}]",
SECTOR_SHOCK_LAG:PERSISTENT:2026-09-02T09:35:00+05:30,PERSISTENT,CE,2026-09-02T09:35:00+05:30,,,NO_ORDER_UNDER_MODEL,6790.66,,,,,,,,,,,,,,,,"[{""key"":""NSE_FO|100821"",""reason"":""UNAFFORDABLE_OR_PAST_CAPACITY""},{""key"":""NSE_FO|136062"",""reason"":""UNAFFORDABLE_OR_PAST_CAPACITY""},{""key"":""NSE_FO|100823"",""reason"":""UNAFFORDABLE_OR_PAST_CAPACITY""},{""key"":""NSE_FO|136064"",""reason"":""UNAFFORDABLE_OR_PAST_CAPACITY""},{""key"":""NSE_FO|100825"",""reason"":""UNAFFORDABLE_OR_PAST_CAPACITY""},{""key"":""NSE_FO|136067"",""reason"":""UNAFFORDABLE_OR_PAST_CAPACITY""},{""key"":""NSE_FO|100827"",""reason"":""OFFICIAL_ZERO_TRADES_AUDIT""},{""key"":""NSE_FO|136069"",""reason"":""UNAFFORDABLE_OR_PAST_CAPACITY""},{""key"":""NSE_FO|40493"",""reason"":""OFFICIAL_ZERO_TRADES_AUDIT""}]",
SECTOR_SHOCK_LAG:PERSISTENT:2026-09-03T09:27:00+05:30,PERSISTENT,PE,2026-09-03T09:27:00+05:30,,,MODELED_CAPACITY_MISS,6790.66,NSE_FO|136055,2026-09-29,5000.0,125,125,28.95,2026-09-03T09:28:00+05:30,,,,,,,,,"[{""key"":""NSE_FO|136061"",""reason"":""UNAFFORDABLE_OR_PAST_CAPACITY""},{""key"":""NSE_FO|100820"",""reason"":""UNAFFORDABLE_OR_PAST_CAPACITY""},{""key"":""NSE_FO|136059"",""reason"":""UNAFFORDABLE_OR_PAST_CAPACITY""},{""key"":""NSE_FO|100818"",""reason"":""UNAFFORDABLE_OR_PAST_CAPACITY""},{""key"":""NSE_FO|136057"",""reason"":""UNAFFORDABLE_OR_PAST_CAPACITY""},{""key"":""NSE_FO|100816"",""reason"":""UNAFFORDABLE_OR_PAST_CAPACITY""}]",
SECTOR_SHOCK_LAG:TCS:2026-09-03T09:27:00+05:30,TCS,PE,2026-09-03T09:27:00+05:30,,,NO_ORDER_UNDER_MODEL,6790.66,,,,,,,,,,,,,,,,"[{""key"":""NSE_FO|153967"",""reason"":""UNAFFORDABLE_OR_PAST_CAPACITY""},{""key"":""NSE_FO|113109"",""reason"":""UNAFFORDABLE_OR_PAST_CAPACITY""},{""key"":""NSE_FO|153965"",""reason"":""UNAFFORDABLE_OR_PAST_CAPACITY""},{""key"":""NSE_FO|113099"",""reason"":""UNAFFORDABLE_OR_PAST_CAPACITY""},{""key"":""NSE_FO|153963"",""reason"":""UNAFFORDABLE_OR_PAST_CAPACITY""},{""key"":""NSE_FO|113097"",""reason"":""UNAFFORDABLE_OR_PAST_CAPACITY""},{""key"":""NSE_FO|153961"",""reason"":""UNAFFORDABLE_OR_PAST_CAPACITY""},{""key"":""NSE_FO|113091"",""reason"":""UNAFFORDABLE_OR_PAST_CAPACITY""},{""key"":""NSE_FO|153959"",""reason"":""UNAFFORDABLE_OR_PAST_CAPACITY""},{""key"":""NSE_FO|113087"",""reason"":""UNAFFORDABLE_OR_PAST_CAPACITY""},{""key"":""NSE_FO|153957"",""reason"":""UNAFFORDABLE_OR_PAST_CAPACITY""}]",
SECTOR_SHOCK_LAG:HCLTECH:2026-09-07T09:26:00+05:30,HCLTECH,PE,2026-09-07T09:26:00+05:30,,,NO_ORDER_UNDER_MODEL,6790.66,,,,,,,,,,,,,,,,"[{""key"":""NSE_FO|108526"",""reason"":""UNAFFORDABLE_OR_PAST_CAPACITY""},{""key"":""NSE_FO|77868"",""reason"":""UNAFFORDABLE_OR_PAST_CAPACITY""},{""key"":""NSE_FO|108524"",""reason"":""UNAFFORDABLE_OR_PAST_CAPACITY""},{""key"":""NSE_FO|77866"",""reason"":""UNAFFORDABLE_OR_PAST_CAPACITY""},{""key"":""NSE_FO|108522"",""reason"":""UNAFFORDABLE_OR_PAST_CAPACITY""},{""key"":""NSE_FO|77864"",""reason"":""UNAFFORDABLE_OR_PAST_CAPACITY""},{""key"":""NSE_FO|108520"",""reason"":""UNAFFORDABLE_OR_PAST_CAPACITY""},{""key"":""NSE_FO|77861"",""reason"":""UNAFFORDABLE_OR_PAST_CAPACITY""},{""key"":""NSE_FO|108518"",""reason"":""UNAFFORDABLE_OR_PAST_CAPACITY""},{""key"":""NSE_FO|77859"",""reason"":""UNAFFORDABLE_OR_PAST_CAPACITY""},{""key"":""NSE_FO|108514"",""reason"":""UNAFFORDABLE_OR_PAST_CAPACITY""}]",
SECTOR_SHOCK_LAG:INFY:2026-09-07T09:26:00+05:30,INFY,PE,2026-09-07T09:26:00+05:30,,,MODELED_ROUND_TRIP,6790.66,NSE_FO|83371,2026-09-29,1060.0,400,400,12.35,2026-09-07T09:27:00+05:30,11.55,2026-09-07T15:11:00+05:30,15.25,TIMED_CLOSE,62.77,1417.23,8207.89,1.320346320346320346320346320,"[{""key"":""NSE_FO|83373"",""reason"":""UNAFFORDABLE_OR_PAST_CAPACITY""},{""key"":""NSE_FO|115776"",""reason"":""UNAFFORDABLE_OR_PAST_CAPACITY""}]",
SECTOR_SHOCK_LAG:INFY:2026-09-08T10:09:00+05:30,INFY,CE,2026-09-08T10:09:00+05:30,,,MODELED_ROUND_TRIP,8207.89,NSE_FO|83374,2026-09-29,1140.0,400,400,12.60,2026-09-08T10:10:00+05:30,12.0,2026-09-08T10:15:00+05:30,11.5,INVALIDATION,59.21,-259.21,7948.68,0.9583333333333333333333333333,"[{""key"":""NSE_FO|83372"",""reason"":""UNAFFORDABLE_OR_PAST_CAPACITY""},{""key"":""NSE_FO|115777"",""reason"":""UNAFFORDABLE_OR_PAST_CAPACITY""}]",
SECTOR_SHOCK_LAG:OFSS:2026-09-09T09:38:00+05:30,OFSS,CE,2026-09-09T09:38:00+05:30,,,NO_ORDER_UNDER_MODEL,7948.68,,,,,,,,,,,,,,,,"[{""key"":""NSE_FO|98634"",""reason"":""UNAFFORDABLE_OR_PAST_CAPACITY""},{""key"":""NSE_FO|133972"",""reason"":""UNAFFORDABLE_OR_PAST_CAPACITY""},{""key"":""NSE_FO|98636"",""reason"":""UNAFFORDABLE_OR_PAST_CAPACITY""},{""key"":""NSE_FO|133974"",""reason"":""UNAFFORDABLE_OR_PAST_CAPACITY""},{""key"":""NSE_FO|98638"",""reason"":""UNAFFORDABLE_OR_PAST_CAPACITY""},{""key"":""NSE_FO|133976"",""reason"":""UNAFFORDABLE_OR_PAST_CAPACITY""},{""key"":""NSE_FO|98642"",""reason"":""UNAFFORDABLE_OR_PAST_CAPACITY""},{""key"":""NSE_FO|133980"",""reason"":""UNAFFORDABLE_OR_PAST_CAPACITY""},{""key"":""NSE_FO|98644"",""reason"":""UNAFFORDABLE_OR_PAST_CAPACITY""},{""key"":""NSE_FO|133986"",""reason"":""UNAFFORDABLE_OR_PAST_CAPACITY""},{""key"":""NSE_FO|98648"",""reason"":""UNAFFORDABLE_OR_PAST_CAPACITY""}]",
SECTOR_SHOCK_LAG:TCS:2026-09-09T09:38:00+05:30,TCS,CE,2026-09-09T09:38:00+05:30,,,MODELED_ROUND_TRIP,7948.68,NSE_FO|113107,2026-09-29,2300.0,225,225,23.05,2026-09-09T09:39:00+05:30,22.30,2026-09-09T09:47:00+05:30,19.25,INVALIDATION,59.19,-745.44,7203.24,0.8632286995515695067264573991,"[{""key"":""NSE_FO|153960"",""reason"":""UNAFFORDABLE_OR_PAST_CAPACITY""},{""key"":""NSE_FO|113096"",""reason"":""UNAFFORDABLE_OR_PAST_CAPACITY""},{""key"":""NSE_FO|153962"",""reason"":""UNAFFORDABLE_OR_PAST_CAPACITY""},{""key"":""NSE_FO|113098"",""reason"":""UNAFFORDABLE_OR_PAST_CAPACITY""},{""key"":""NSE_FO|153964"",""reason"":""UNAFFORDABLE_OR_PAST_CAPACITY""}]",
SECTOR_SHOCK_LAG:INFY:2026-09-09T09:39:00+05:30,INFY,CE,2026-09-09T09:39:00+05:30,,,POSITION_ALREADY_OPEN,7203.24,,,,,,,,,,,,,,,,[],
SECTOR_SHOCK_LAG:MPHASIS:2026-09-09T09:48:00+05:30,MPHASIS,PE,2026-09-09T09:48:00+05:30,,,NO_ORDER_UNDER_MODEL,7203.24,,,,,,,,,,,,,,,,"[{""key"":""NSE_FO|43137"",""reason"":""UNAFFORDABLE_OR_PAST_CAPACITY""},{""key"":""NSE_FO|94912"",""reason"":""UNAFFORDABLE_OR_PAST_CAPACITY""},{""key"":""NSE_FO|43135"",""reason"":""UNAFFORDABLE_OR_PAST_CAPACITY""},{""key"":""NSE_FO|94910"",""reason"":""UNAFFORDABLE_OR_PAST_CAPACITY""},{""key"":""NSE_FO|43133"",""reason"":""UNAFFORDABLE_OR_PAST_CAPACITY""},{""key"":""NSE_FO|43131"",""reason"":""UNAFFORDABLE_OR_PAST_CAPACITY""}]",
SECTOR_SHOCK_LAG:PERSISTENT:2026-09-09T09:48:00+05:30,PERSISTENT,PE,2026-09-09T09:48:00+05:30,,,NO_ORDER_UNDER_MODEL,7203.24,,,,,,,,,,,,,,,,"[{""key"":""NSE_FO|136059"",""reason"":""UNAFFORDABLE_OR_PAST_CAPACITY""},{""key"":""NSE_FO|100818"",""reason"":""UNAFFORDABLE_OR_PAST_CAPACITY""},{""key"":""NSE_FO|136057"",""reason"":""UNAFFORDABLE_OR_PAST_CAPACITY""},{""key"":""NSE_FO|100816"",""reason"":""UNAFFORDABLE_OR_PAST_CAPACITY""},{""key"":""NSE_FO|136055"",""reason"":""UNAFFORDABLE_OR_PAST_CAPACITY""},{""key"":""NSE_FO|135985"",""reason"":""UNAFFORDABLE_OR_PAST_CAPACITY""},{""key"":""NSE_FO|135983"",""reason"":""UNAFFORDABLE_OR_PAST_CAPACITY""},{""key"":""NSE_FO|135981"",""reason"":""UNAFFORDABLE_OR_PAST_CAPACITY""}]",
SECTOR_SHOCK_LAG:BANKINDIA:2026-09-09T12:35:00+05:30,BANKINDIA,CE,2026-09-09T12:35:00+05:30,,,NO_ORDER_UNDER_MODEL,7203.24,,,,,,,,,,,,,,,,"[{""key"":""NSE_FO|57405"",""reason"":""UNAFFORDABLE_OR_PAST_CAPACITY""},{""key"":""NSE_FO|89773"",""reason"":""UNAFFORDABLE_OR_PAST_CAPACITY""},{""key"":""NSE_FO|57407"",""reason"":""UNAFFORDABLE_OR_PAST_CAPACITY""},{""key"":""NSE_FO|89798"",""reason"":""UNAFFORDABLE_OR_PAST_CAPACITY""},{""key"":""NSE_FO|57409"",""reason"":""UNAFFORDABLE_OR_PAST_CAPACITY""},{""key"":""NSE_FO|89802"",""reason"":""UNAFFORDABLE_OR_PAST_CAPACITY""},{""key"":""NSE_FO|57411"",""reason"":""UNAFFORDABLE_OR_PAST_CAPACITY""},{""key"":""NSE_FO|89804"",""reason"":""UNAFFORDABLE_OR_PAST_CAPACITY""},{""key"":""NSE_FO|89806"",""reason"":""UNAFFORDABLE_OR_PAST_CAPACITY""}]",
SECTOR_SHOCK_LAG:PNB:2026-09-09T12:36:00+05:30,PNB,CE,2026-09-09T12:36:00+05:30,,,NO_ORDER_UNDER_MODEL,7203.24,,,,,,,,,,,,,,,,"[{""key"":""NSE_FO|102843"",""reason"":""UNAFFORDABLE_OR_PAST_CAPACITY""},{""key"":""NSE_FO|139017"",""reason"":""UNAFFORDABLE_OR_PAST_CAPACITY""},{""key"":""NSE_FO|102845"",""reason"":""UNAFFORDABLE_OR_PAST_CAPACITY""},{""key"":""NSE_FO|139019"",""reason"":""UNAFFORDABLE_OR_PAST_CAPACITY""},{""key"":""NSE_FO|102847"",""reason"":""UNAFFORDABLE_OR_PAST_CAPACITY""},{""key"":""NSE_FO|139027"",""reason"":""UNAFFORDABLE_OR_PAST_CAPACITY""},{""key"":""NSE_FO|102851"",""reason"":""UNAFFORDABLE_OR_PAST_CAPACITY""},{""key"":""NSE_FO|139034"",""reason"":""UNAFFORDABLE_OR_PAST_CAPACITY""},{""key"":""NSE_FO|102853"",""reason"":""UNAFFORDABLE_OR_PAST_CAPACITY""},{""key"":""NSE_FO|139046"",""reason"":""UNAFFORDABLE_OR_PAST_CAPACITY""},{""key"":""NSE_FO|102855"",""reason"":""UNAFFORDABLE_OR_PAST_CAPACITY""}]",
SECTOR_SHOCK_LAG:INFY:2026-09-10T09:34:00+05:30,INFY,CE,2026-09-10T09:34:00+05:30,,,MODELED_LIMIT_MISS,7203.24,NSE_FO|115769,2026-09-29,1080.0,400,400,15.75,2026-09-10T09:35:00+05:30,,,,,,,,,"[{""key"":""NSE_FO|115767"",""reason"":""UNAFFORDABLE_OR_PAST_CAPACITY""},{""key"":""NSE_FO|83370"",""reason"":""UNAFFORDABLE_OR_PAST_CAPACITY""}]",
SECTOR_SHOCK_LAG:TCS:2026-09-10T09:34:00+05:30,TCS,CE,2026-09-10T09:34:00+05:30,,,MODELED_LIMIT_MISS,7203.24,NSE_FO|113107,2026-09-29,2300.0,225,225,25.80,2026-09-10T09:35:00+05:30,,,,,,,,,"[{""key"":""NSE_FO|113096"",""reason"":""UNAFFORDABLE_OR_PAST_CAPACITY""},{""key"":""NSE_FO|153962"",""reason"":""UNAFFORDABLE_OR_PAST_CAPACITY""},{""key"":""NSE_FO|113098"",""reason"":""UNAFFORDABLE_OR_PAST_CAPACITY""},{""key"":""NSE_FO|153964"",""reason"":""UNAFFORDABLE_OR_PAST_CAPACITY""}]",
SECTOR_SHOCK_LAG:TATAELXSI:2026-09-10T09:38:00+05:30,TATAELXSI,CE,2026-09-10T09:38:00+05:30,,,NO_ORDER_UNDER_MODEL,7203.24,,,,,,,,,,,,,,,,"[{""key"":""NSE_FO|112005"",""reason"":""UNAFFORDABLE_OR_PAST_CAPACITY""},{""key"":""NSE_FO|152664"",""reason"":""UNAFFORDABLE_OR_PAST_CAPACITY""},{""key"":""NSE_FO|112007"",""reason"":""UNAFFORDABLE_OR_PAST_CAPACITY""},{""key"":""NSE_FO|152666"",""reason"":""UNAFFORDABLE_OR_PAST_CAPACITY""},{""key"":""NSE_FO|112009"",""reason"":""UNAFFORDABLE_OR_PAST_CAPACITY""},{""key"":""NSE_FO|152668"",""reason"":""UNAFFORDABLE_OR_PAST_CAPACITY""},{""key"":""NSE_FO|112011"",""reason"":""UNAFFORDABLE_OR_PAST_CAPACITY""},{""key"":""NSE_FO|152670"",""reason"":""UNAFFORDABLE_OR_PAST_CAPACITY""},{""key"":""NSE_FO|112030"",""reason"":""UNAFFORDABLE_OR_PAST_CAPACITY""},{""key"":""NSE_FO|152672"",""reason"":""UNAFFORDABLE_OR_PAST_CAPACITY""},{""key"":""NSE_FO|112032"",""reason"":""UNAFFORDABLE_OR_PAST_CAPACITY""}]",
SECTOR_SHOCK_LAG:WIPRO:2026-09-10T09:38:00+05:30,WIPRO,CE,2026-09-10T09:38:00+05:30,,,MODELED_CAPACITY_MISS,7203.24,NSE_FO|156588,2026-09-29,175.0,3000,3000,1.79,2026-09-10T09:39:00+05:30,,,,,,,,,"[{""key"":""NSE_FO|156586"",""reason"":""UNAFFORDABLE_OR_PAST_CAPACITY""},{""key"":""NSE_FO|118652"",""reason"":""UNAFFORDABLE_OR_PAST_CAPACITY""}]",
SECTOR_SHOCK_LAG:HDFCBANK:2026-09-11T09:27:00+05:30,HDFCBANK,CE,2026-09-11T09:27:00+05:30,,,MODELED_ROUND_TRIP,7203.24,NSE_FO|109092,2026-09-29,700.0,650,650,8.00,2026-09-11T09:28:00+05:30,7.95,2026-09-11T09:33:00+05:30,7.60,INVALIDATION,60.51,-288.01,6915.23,0.9559748427672955974842767296,"[{""key"":""NSE_FO|78297"",""reason"":""UNAFFORDABLE_OR_PAST_CAPACITY""}]",
SECTOR_SHOCK_LAG:OFSS:2026-09-11T09:27:00+05:30,OFSS,PE,2026-09-11T09:27:00+05:30,,,POSITION_ALREADY_OPEN,6915.23,,,,,,,,,,,,,,,,[],
SECTOR_SHOCK_LAG:PERSISTENT:2026-09-11T09:27:00+05:30,PERSISTENT,PE,2026-09-11T09:27:00+05:30,,,POSITION_ALREADY_OPEN,6915.23,,,,,,,,,,,,,,,,[],
SECTOR_SHOCK_LAG:TECHM:2026-09-11T09:27:00+05:30,TECHM,PE,2026-09-11T09:27:00+05:30,,,POSITION_ALREADY_OPEN,6915.23,,,,,,,,,,,,,,,,[],
SECTOR_SHOCK_LAG:INDIANB:2026-09-11T11:14:00+05:30,INDIANB,CE,2026-09-11T11:14:00+05:30,,,NO_ORDER_UNDER_MODEL,6915.23,,,,,,,,,,,,,,,,"[{""key"":""NSE_FO|82031"",""reason"":""UNAFFORDABLE_OR_PAST_CAPACITY""},{""key"":""NSE_FO|114419"",""reason"":""UNAFFORDABLE_OR_PAST_CAPACITY""},{""key"":""NSE_FO|82033"",""reason"":""UNAFFORDABLE_OR_PAST_CAPACITY""},{""key"":""NSE_FO|114421"",""reason"":""UNAFFORDABLE_OR_PAST_CAPACITY""},{""key"":""NSE_FO|82035"",""reason"":""UNAFFORDABLE_OR_PAST_CAPACITY""},{""key"":""NSE_FO|114426"",""reason"":""UNAFFORDABLE_OR_PAST_CAPACITY""},{""key"":""NSE_FO|82038"",""reason"":""UNAFFORDABLE_OR_PAST_CAPACITY""},{""key"":""NSE_FO|114428"",""reason"":""UNAFFORDABLE_OR_PAST_CAPACITY""},{""key"":""NSE_FO|82040"",""reason"":""UNAFFORDABLE_OR_PAST_CAPACITY""},{""key"":""NSE_FO|114432"",""reason"":""UNAFFORDABLE_OR_PAST_CAPACITY""},{""key"":""NSE_FO|82043"",""reason"":""UNAFFORDABLE_OR_PAST_CAPACITY""}]",
SECTOR_SHOCK_LAG:BANKINDIA:2026-09-11T14:04:00+05:30,BANKINDIA,CE,2026-09-11T14:04:00+05:30,,,NO_ORDER_UNDER_MODEL,6915.23,,,,,,,,,,,,,,,,"[{""key"":""NSE_FO|89764"",""reason"":""UNAFFORDABLE_OR_PAST_CAPACITY""},{""key"":""NSE_FO|57405"",""reason"":""UNAFFORDABLE_OR_PAST_CAPACITY""},{""key"":""NSE_FO|89773"",""reason"":""UNAFFORDABLE_OR_PAST_CAPACITY""},{""key"":""NSE_FO|57407"",""reason"":""UNAFFORDABLE_OR_PAST_CAPACITY""},{""key"":""NSE_FO|89798"",""reason"":""UNAFFORDABLE_OR_PAST_CAPACITY""},{""key"":""NSE_FO|57409"",""reason"":""UNAFFORDABLE_OR_PAST_CAPACITY""},{""key"":""NSE_FO|89802"",""reason"":""UNAFFORDABLE_OR_PAST_CAPACITY""},{""key"":""NSE_FO|57411"",""reason"":""UNAFFORDABLE_OR_PAST_CAPACITY""},{""key"":""NSE_FO|89804"",""reason"":""UNAFFORDABLE_OR_PAST_CAPACITY""},{""key"":""NSE_FO|89806"",""reason"":""UNAFFORDABLE_OR_PAST_CAPACITY""}]",
SECTOR_SHOCK_LAG:CANBK:2026-09-11T14:04:00+05:30,CANBK,CE,2026-09-11T14:04:00+05:30,,,NO_ORDER_UNDER_MODEL,6915.23,,,,,,,,,,,,,,,,"[{""key"":""NSE_FO|61860"",""reason"":""UNAFFORDABLE_OR_PAST_CAPACITY""},{""key"":""NSE_FO|95189"",""reason"":""UNAFFORDABLE_OR_PAST_CAPACITY""},{""key"":""NSE_FO|61881"",""reason"":""UNAFFORDABLE_OR_PAST_CAPACITY""},{""key"":""NSE_FO|95191"",""reason"":""UNAFFORDABLE_OR_PAST_CAPACITY""},{""key"":""NSE_FO|61907"",""reason"":""UNAFFORDABLE_OR_PAST_CAPACITY""},{""key"":""NSE_FO|95195"",""reason"":""UNAFFORDABLE_OR_PAST_CAPACITY""},{""key"":""NSE_FO|61923"",""reason"":""UNAFFORDABLE_OR_PAST_CAPACITY""},{""key"":""NSE_FO|95197"",""reason"":""UNAFFORDABLE_OR_PAST_CAPACITY""},{""key"":""NSE_FO|62008"",""reason"":""UNAFFORDABLE_OR_PAST_CAPACITY""},{""key"":""NSE_FO|95199"",""reason"":""UNAFFORDABLE_OR_PAST_CAPACITY""},{""key"":""NSE_FO|95202"",""reason"":""UNAFFORDABLE_OR_PAST_CAPACITY""}]",
SECTOR_SHOCK_LAG:INDUSINDBK:2026-09-11T14:04:00+05:30,INDUSINDBK,CE,2026-09-11T14:04:00+05:30,,,NO_ORDER_UNDER_MODEL,6915.23,,,,,,,,,,,,,,,,"[{""key"":""NSE_FO|82471"",""reason"":""UNAFFORDABLE_OR_PAST_CAPACITY""},{""key"":""NSE_FO|115059"",""reason"":""UNAFFORDABLE_OR_PAST_CAPACITY""},{""key"":""NSE_FO|82473"",""reason"":""UNAFFORDABLE_OR_PAST_CAPACITY""},{""key"":""NSE_FO|115089"",""reason"":""UNAFFORDABLE_OR_PAST_CAPACITY""},{""key"":""NSE_FO|82475"",""reason"":""UNAFFORDABLE_OR_PAST_CAPACITY""},{""key"":""NSE_FO|115099"",""reason"":""UNAFFORDABLE_OR_PAST_CAPACITY""},{""key"":""NSE_FO|82477"",""reason"":""UNAFFORDABLE_OR_PAST_CAPACITY""},{""key"":""NSE_FO|115101"",""reason"":""UNAFFORDABLE_OR_PAST_CAPACITY""},{""key"":""NSE_FO|82479"",""reason"":""UNAFFORDABLE_OR_PAST_CAPACITY""},{""key"":""NSE_FO|115115"",""reason"":""UNAFFORDABLE_OR_PAST_CAPACITY""},{""key"":""NSE_FO|82481"",""reason"":""UNAFFORDABLE_OR_PAST_CAPACITY""}]",
SECTOR_SHOCK_LAG:INFY:2026-09-15T09:48:00+05:30,INFY,PE,2026-09-15T09:48:00+05:30,,,INVALIDATED_BEFORE_DISPATCH,6915.23,NSE_FO|83371,2026-09-29,1060.0,400,400,11.00,2026-09-15T09:49:00+05:30,10.75,,,,,,,,"[{""key"":""NSE_FO|115776"",""reason"":""UNAFFORDABLE_OR_PAST_CAPACITY""}]",
SECTOR_SHOCK_LAG:TCS:2026-09-15T09:48:00+05:30,TCS,PE,2026-09-15T09:48:00+05:30,,,MODELED_ROUND_TRIP,6915.23,NSE_FO|113099,2026-09-29,2260.0,225,225,24.55,2026-09-15T09:49:00+05:30,24.35,2026-09-15T10:18:00+05:30,24.90,INVALIDATION,61.92,61.83,6977.06,1.022587268993839835728952772,"[{""key"":""NSE_FO|113109"",""reason"":""UNAFFORDABLE_OR_PAST_CAPACITY""},{""key"":""NSE_FO|153965"",""reason"":""UNAFFORDABLE_OR_PAST_CAPACITY""}]",
SECTOR_SHOCK_LAG:PERSISTENT:2026-09-15T09:54:00+05:30,PERSISTENT,PE,2026-09-15T09:54:00+05:30,,,POSITION_ALREADY_OPEN,6977.06,,,,,,,,,,,,,,,,[],
SECTOR_SHOCK_LAG:MPHASIS:2026-09-15T09:56:00+05:30,MPHASIS,PE,2026-09-15T09:56:00+05:30,,,POSITION_ALREADY_OPEN,6977.06,,,,,,,,,,,,,,,,[],
SECTOR_SHOCK_LAG:TECHM:2026-09-15T09:56:00+05:30,TECHM,PE,2026-09-15T09:56:00+05:30,,,POSITION_ALREADY_OPEN,6977.06,,,,,,,,,,,,,,,,[],
SECTOR_SHOCK_LAG:WIPRO:2026-09-15T09:57:00+05:30,WIPRO,PE,2026-09-15T09:57:00+05:30,,,POSITION_ALREADY_OPEN,6977.06,,,,,,,,,,,,,,,,[],
SECTOR_SHOCK_LAG:INFY:2026-09-16T09:29:00+05:30,INFY,PE,2026-09-16T09:29:00+05:30,,,MODELED_ROUND_TRIP,6977.06,NSE_FO|83371,2026-09-29,1060.0,400,400,14.30,2026-09-16T09:30:00+05:30,13.55,2026-09-16T09:35:00+05:30,13.0,INVALIDATION,60.72,-280.72,6696.34,0.9594095940959409594095940959,"[{""key"":""NSE_FO|115776"",""reason"":""UNAFFORDABLE_OR_PAST_CAPACITY""}]",
SECTOR_SHOCK_LAG:ICICIBANK:2026-09-16T09:53:00+05:30,ICICIBANK,CE,2026-09-16T09:53:00+05:30,,,MODELED_ROUND_TRIP,6696.34,NSE_FO|111543,2026-09-29,1400.0,700,700,5.40,2026-09-16T09:54:00+05:30,5.30,2026-09-16T10:07:00+05:30,5.20,INVALIDATION,57.35,-127.35,6568.99,0.9811320754716981132075471698,"[{""key"":""NSE_FO|80244"",""reason"":""UNAFFORDABLE_OR_PAST_CAPACITY""},{""key"":""NSE_FO|111539"",""reason"":""UNAFFORDABLE_OR_PAST_CAPACITY""},{""key"":""NSE_FO|80252"",""reason"":""UNAFFORDABLE_OR_PAST_CAPACITY""},{""key"":""NSE_FO|111541"",""reason"":""UNAFFORDABLE_OR_PAST_CAPACITY""},{""key"":""NSE_FO|80399"",""reason"":""UNAFFORDABLE_OR_PAST_CAPACITY""}]",
SECTOR_SHOCK_LAG:WIPRO:2026-09-16T09:53:00+05:30,WIPRO,CE,2026-09-16T09:53:00+05:30,,,POSITION_ALREADY_OPEN,6568.99,,,,,,,,,,,,,,,,[],
SECTOR_SHOCK_LAG:INFY:2026-09-17T09:25:00+05:30,INFY,PE,2026-09-17T09:25:00+05:30,,,MODELED_ROUND_TRIP,6568.99,NSE_FO|115768,2026-09-29,1040.0,400,400,15.40,2026-09-17T09:26:00+05:30,14.45,2026-09-17T09:29:00+05:30,12.45,INVALIDATION,60.78,-860.78,5708.21,0.8615916955017301038062283737,"[{""key"":""NSE_FO|83371"",""reason"":""UNAFFORDABLE_OR_PAST_CAPACITY""}]",
SECTOR_SHOCK_LAG:NAUKRI:2026-09-17T09:25:00+05:30,NAUKRI,PE,2026-09-17T09:25:00+05:30,,,POSITION_ALREADY_OPEN,5708.21,,,,,,,,,,,,,,,,[],
SECTOR_SHOCK_LAG:PERSISTENT:2026-09-17T09:25:00+05:30,PERSISTENT,PE,2026-09-17T09:25:00+05:30,,,POSITION_ALREADY_OPEN,5708.21,,,,,,,,,,,,,,,,[],
SECTOR_SHOCK_LAG:TECHM:2026-09-17T09:25:00+05:30,TECHM,PE,2026-09-17T09:25:00+05:30,,,POSITION_ALREADY_OPEN,5708.21,,,,,,,,,,,,,,,,[],
SECTOR_SHOCK_LAG:KOTAKBANK:2026-09-17T09:33:00+05:30,KOTAKBANK,CE,2026-09-17T09:33:00+05:30,,,NO_ORDER_UNDER_MODEL,5708.21,,,,,,,,,,,,,,,,"[{""key"":""NSE_FO|88394"",""reason"":""UNAFFORDABLE_OR_PAST_CAPACITY""},{""key"":""NSE_FO|120617"",""reason"":""UNAFFORDABLE_OR_PAST_CAPACITY""},{""key"":""NSE_FO|88396"",""reason"":""UNAFFORDABLE_OR_PAST_CAPACITY""},{""key"":""NSE_FO|120619"",""reason"":""UNAFFORDABLE_OR_PAST_CAPACITY""},{""key"":""NSE_FO|88400"",""reason"":""UNAFFORDABLE_OR_PAST_CAPACITY""},{""key"":""NSE_FO|120632"",""reason"":""UNAFFORDABLE_OR_PAST_CAPACITY""},{""key"":""NSE_FO|88402"",""reason"":""UNAFFORDABLE_OR_PAST_CAPACITY""},{""key"":""NSE_FO|120642"",""reason"":""UNAFFORDABLE_OR_PAST_CAPACITY""},{""key"":""NSE_FO|88404"",""reason"":""UNAFFORDABLE_OR_PAST_CAPACITY""},{""key"":""NSE_FO|120644"",""reason"":""UNAFFORDABLE_OR_PAST_CAPACITY""},{""key"":""NSE_FO|88406"",""reason"":""UNAFFORDABLE_OR_PAST_CAPACITY""}]",
SECTOR_SHOCK_LAG:INDUSINDBK:2026-09-17T09:36:00+05:30,INDUSINDBK,CE,2026-09-17T09:36:00+05:30,,,NO_ORDER_UNDER_MODEL,5708.21,,,,,,,,,,,,,,,,"[{""key"":""NSE_FO|82471"",""reason"":""UNAFFORDABLE_OR_PAST_CAPACITY""},{""key"":""NSE_FO|115059"",""reason"":""UNAFFORDABLE_OR_PAST_CAPACITY""},{""key"":""NSE_FO|82473"",""reason"":""UNAFFORDABLE_OR_PAST_CAPACITY""},{""key"":""NSE_FO|115089"",""reason"":""UNAFFORDABLE_OR_PAST_CAPACITY""},{""key"":""NSE_FO|82475"",""reason"":""UNAFFORDABLE_OR_PAST_CAPACITY""},{""key"":""NSE_FO|115099"",""reason"":""UNAFFORDABLE_OR_PAST_CAPACITY""},{""key"":""NSE_FO|82477"",""reason"":""UNAFFORDABLE_OR_PAST_CAPACITY""},{""key"":""NSE_FO|115101"",""reason"":""UNAFFORDABLE_OR_PAST_CAPACITY""},{""key"":""NSE_FO|82479"",""reason"":""UNAFFORDABLE_OR_PAST_CAPACITY""},{""key"":""NSE_FO|115115"",""reason"":""UNAFFORDABLE_OR_PAST_CAPACITY""},{""key"":""NSE_FO|82481"",""reason"":""UNAFFORDABLE_OR_PAST_CAPACITY""}]",
SECTOR_SHOCK_LAG:BANKBARODA:2026-09-17T09:43:00+05:30,BANKBARODA,PE,2026-09-17T09:43:00+05:30,,,NO_ORDER_UNDER_MODEL,5708.21,,,,,,,,,,,,,,,,"[{""key"":""NSE_FO|57314"",""reason"":""UNAFFORDABLE_OR_PAST_CAPACITY""},{""key"":""NSE_FO|89352"",""reason"":""UNAFFORDABLE_OR_PAST_CAPACITY""},{""key"":""NSE_FO|57312"",""reason"":""UNAFFORDABLE_OR_PAST_CAPACITY""},{""key"":""NSE_FO|89305"",""reason"":""UNAFFORDABLE_OR_PAST_CAPACITY""},{""key"":""NSE_FO|57310"",""reason"":""UNAFFORDABLE_OR_PAST_CAPACITY""},{""key"":""NSE_FO|89303"",""reason"":""UNAFFORDABLE_OR_PAST_CAPACITY""},{""key"":""NSE_FO|57308"",""reason"":""OFFICIAL_ZERO_TRADES_AUDIT""},{""key"":""NSE_FO|89283"",""reason"":""UNAFFORDABLE_OR_PAST_CAPACITY""},{""key"":""NSE_FO|89226"",""reason"":""OFFICIAL_ZERO_TRADES_AUDIT""}]",
SECTOR_SHOCK_LAG:BANKINDIA:2026-09-17T09:43:00+05:30,BANKINDIA,PE,2026-09-17T09:43:00+05:30,,,NO_ORDER_UNDER_MODEL,5708.21,,,,,,,,,,,,,,,,"[{""key"":""NSE_FO|89769"",""reason"":""UNAFFORDABLE_OR_PAST_CAPACITY""},{""key"":""NSE_FO|57404"",""reason"":""UNAFFORDABLE_OR_PAST_CAPACITY""},{""key"":""NSE_FO|89763"",""reason"":""UNAFFORDABLE_OR_PAST_CAPACITY""},{""key"":""NSE_FO|57402"",""reason"":""UNAFFORDABLE_OR_PAST_CAPACITY""},{""key"":""NSE_FO|89759"",""reason"":""UNAFFORDABLE_OR_PAST_CAPACITY""},{""key"":""NSE_FO|57400"",""reason"":""UNAFFORDABLE_OR_PAST_CAPACITY""},{""key"":""NSE_FO|89757"",""reason"":""UNAFFORDABLE_OR_PAST_CAPACITY""},{""key"":""NSE_FO|57398"",""reason"":""OFFICIAL_ZERO_TRADES_AUDIT""},{""key"":""NSE_FO|89755"",""reason"":""OFFICIAL_ZERO_TRADES_AUDIT""}]",
SECTOR_SHOCK_LAG:PNB:2026-09-17T09:43:00+05:30,PNB,PE,2026-09-17T09:43:00+05:30,,,NO_ORDER_UNDER_MODEL,5708.21,,,,,,,,,,,,,,,,"[{""key"":""NSE_FO|102846"",""reason"":""UNAFFORDABLE_OR_PAST_CAPACITY""},{""key"":""NSE_FO|139018"",""reason"":""UNAFFORDABLE_OR_PAST_CAPACITY""},{""key"":""NSE_FO|102844"",""reason"":""UNAFFORDABLE_OR_PAST_CAPACITY""},{""key"":""NSE_FO|139016"",""reason"":""UNAFFORDABLE_OR_PAST_CAPACITY""},{""key"":""NSE_FO|102842"",""reason"":""UNAFFORDABLE_OR_PAST_CAPACITY""},{""key"":""NSE_FO|139014"",""reason"":""UNAFFORDABLE_OR_PAST_CAPACITY""},{""key"":""NSE_FO|102840"",""reason"":""UNAFFORDABLE_OR_PAST_CAPACITY""},{""key"":""NSE_FO|139012"",""reason"":""UNAFFORDABLE_OR_PAST_CAPACITY""},{""key"":""NSE_FO|102838"",""reason"":""UNAFFORDABLE_OR_PAST_CAPACITY""},{""key"":""NSE_FO|138942"",""reason"":""UNAFFORDABLE_OR_PAST_CAPACITY""},{""key"":""NSE_FO|102836"",""reason"":""UNAFFORDABLE_OR_PAST_CAPACITY""}]",
SECTOR_SHOCK_LAG:OFSS:2026-09-17T14:36:00+05:30,OFSS,CE,2026-09-17T14:36:00+05:30,,,NO_ORDER_UNDER_MODEL,5708.21,,,,,,,,,,,,,,,,"[{""key"":""NSE_FO|133970"",""reason"":""UNAFFORDABLE_OR_PAST_CAPACITY""},{""key"":""NSE_FO|98634"",""reason"":""UNAFFORDABLE_OR_PAST_CAPACITY""},{""key"":""NSE_FO|133972"",""reason"":""UNAFFORDABLE_OR_PAST_CAPACITY""},{""key"":""NSE_FO|98636"",""reason"":""UNAFFORDABLE_OR_PAST_CAPACITY""},{""key"":""NSE_FO|133974"",""reason"":""UNAFFORDABLE_OR_PAST_CAPACITY""},{""key"":""NSE_FO|98638"",""reason"":""UNAFFORDABLE_OR_PAST_CAPACITY""},{""key"":""NSE_FO|133976"",""reason"":""UNAFFORDABLE_OR_PAST_CAPACITY""},{""key"":""NSE_FO|98642"",""reason"":""UNAFFORDABLE_OR_PAST_CAPACITY""},{""key"":""NSE_FO|133980"",""reason"":""UNAFFORDABLE_OR_PAST_CAPACITY""},{""key"":""NSE_FO|98644"",""reason"":""UNAFFORDABLE_OR_PAST_CAPACITY""},{""key"":""NSE_FO|133986"",""reason"":""UNAFFORDABLE_OR_PAST_CAPACITY""}]",
SECTOR_SHOCK_LAG:HCLTECH:2026-09-17T14:39:00+05:30,HCLTECH,CE,2026-09-17T14:39:00+05:30,,,MODELED_ROUND_TRIP,5708.21,NSE_FO|108533,2026-09-29,1300.0,400,400,8.05,2026-09-17T14:40:00+05:30,7.70,2026-09-17T14:49:00+05:30,7.60,INVALIDATION,55.84,-95.84,5612.37,0.9870129870129870129870129870,"[{""key"":""NSE_FO|77865"",""reason"":""UNAFFORDABLE_OR_PAST_CAPACITY""},{""key"":""NSE_FO|108523"",""reason"":""UNAFFORDABLE_OR_PAST_CAPACITY""},{""key"":""NSE_FO|77867"",""reason"":""UNAFFORDABLE_OR_PAST_CAPACITY""},{""key"":""NSE_FO|108525"",""reason"":""UNAFFORDABLE_OR_PAST_CAPACITY""},{""key"":""NSE_FO|77869"",""reason"":""UNAFFORDABLE_OR_PAST_CAPACITY""}]",
SECTOR_SHOCK_LAG:TATAELXSI:2026-09-17T14:39:00+05:30,TATAELXSI,CE,2026-09-17T14:39:00+05:30,,,POSITION_ALREADY_OPEN,5612.37,,,,,,,,,,,,,,,,[],
