period,strategy,day,at,side,cash_before,signal,status,selection,contract,strike,lot,quantity,limit,entry,entry_at,exit,exit_at,reason,pnl,fees,cash_after,premium_multiple
earlier,EXPIRY_ORB30_TARGET,2026-03-24,2026-03-24T09:47:00+05:30,PE,9411.18,EXPIRY_ORB30,MODELED_LIMIT_MISS,"[{""contract"": ""NSE_FO|62556|24-03-2026"", ""status"": ""ORDER_CREATED""}]",NSE_FO|62556|24-03-2026,22700.0,65,65,103.95,,,,,,,,,
earlier,EXPIRY_ORB30_TARGET,2026-03-30,2026-03-30T11:13:00+05:30,PE,9411.18,EXPIRY_ORB30,MODELED_EXIT,"[{""contract"": ""NSE_FO|54477|30-03-2026"", ""status"": ""ORDER_CREATED""}]",NSE_FO|54477|30-03-2026,22450.0,65,65,90.70,80.95,2026-03-30T11:14:00+05:30,36.30,2026-03-30T12:04:00+05:30,STOP,-2957.71,55.46,6453.47,0.4484249536751080914144533663
earlier,EXPIRY_ORB30_TARGET,2026-04-07,2026-04-07T10:05:00+05:30,CE,6453.47,EXPIRY_ORB30,MODELED_EXIT,"[{""contract"": ""NSE_FO|40761|07-04-2026"", ""status"": ""UNAFFORDABLE_OR_PAST_CAPACITY""}, {""contract"": ""NSE_FO|40770|07-04-2026"", ""status"": ""ORDER_CREATED""}]",NSE_FO|40770|07-04-2026,22950.0,65,65,84.95,80.90,2026-04-07T10:06:00+05:30,39.00,2026-04-07T11:00:00+05:30,STOP,-2779.04,55.54,3674.43,0.4820766378244746600741656366
earlier,EXPIRY_ORB30_TARGET,2026-04-13,2026-04-13T10:23:00+05:30,CE,3674.43,EXPIRY_ORB30,MODELED_EXIT,"[{""contract"": ""NSE_FO|54800|13-04-2026"", ""status"": ""UNAFFORDABLE_OR_PAST_CAPACITY""}, {""contract"": ""NSE_FO|54802|13-04-2026"", ""status"": ""UNAFFORDABLE_OR_PAST_CAPACITY""}, {""contract"": ""NSE_FO|54804|13-04-2026"", ""status"": ""ORDER_CREATED""}]",NSE_FO|54804|13-04-2026,23800.0,65,65,43.35,40.80,2026-04-13T10:24:00+05:30,81.60,2026-04-13T13:53:00+05:30,TARGET_2X,2592.39,59.61,6266.82,2
earlier,EXPIRY_ORB30_TARGET,2026-04-21,2026-04-21T09:47:00+05:30,CE,6266.82,EXPIRY_ORB30,MODELED_EXIT,"[{""contract"": ""NSE_FO|63447|21-04-2026"", ""status"": ""ORDER_CREATED""}]",NSE_FO|63447|21-04-2026,24500.0,65,65,72.65,67.20,2026-04-21T09:48:00+05:30,76.45,2026-04-21T15:25:00+05:30,TIMED_CLOSE,541.06,60.19,6807.88,1.137648809523809523809523810
earlier,EXPIRY_ORB30_TARGET,2026-04-28,2026-04-28T09:48:00+05:30,CE,6807.88,EXPIRY_ORB30,MODELED_EXIT,"[{""contract"": ""NSE_FO|72269|28-04-2026"", ""status"": ""ORDER_CREATED""}]",NSE_FO|72269|28-04-2026,24150.0,65,65,51.45,43.55,2026-04-28T09:49:00+05:30,20.25,2026-04-28T11:25:00+05:30,STOP,-1566.50,52.00,5241.38,0.4649827784156142365097588978
earlier,EXPIRY_ORB30_TARGET,2026-05-05,2026-05-05T10:36:00+05:30,PE,5241.38,EXPIRY_ORB30,MODELED_EXIT,"[{""contract"": ""NSE_FO|74146|05-05-2026"", ""status"": ""ORDER_CREATED""}]",NSE_FO|74146|05-05-2026,23950.0,65,65,64.60,61.10,2026-05-05T10:37:00+05:30,27.80,2026-05-05T12:23:00+05:30,STOP,-2218.20,53.70,3023.18,0.4549918166939443535188216039
earlier,EXPIRY_ORB30_TARGET,2026-05-12,2026-05-12T10:35:00+05:30,PE,3023.18,EXPIRY_ORB30,MODELED_EXIT,"[{""contract"": ""NSE_FO|41735|12-05-2026"", ""status"": ""UNAFFORDABLE_OR_PAST_CAPACITY""}, {""contract"": ""NSE_FO|41731|12-05-2026"", ""status"": ""ORDER_CREATED""}]",NSE_FO|41731|12-05-2026,23550.0,65,65,27.15,25.85,2026-05-12T10:36:00+05:30,51.70,2026-05-12T12:31:00+05:30,TARGET_2X,1623.87,56.38,4647.05,2
earlier,EXPIRY_ORB30_TARGET,2026-05-19,2026-05-19T10:59:00+05:30,CE,4647.05,EXPIRY_ORB30,MODELED_EXIT,"[{""contract"": ""NSE_FO|51374|19-05-2026"", ""status"": ""ORDER_CREATED""}]",NSE_FO|51374|19-05-2026,23800.0,65,65,44.05,38.40,2026-05-19T11:00:00+05:30,18.60,2026-05-19T11:15:00+05:30,STOP,-1338.82,51.82,3308.23,0.484375
earlier,EXPIRY_ORB30_TARGET,2026-05-26,2026-05-26T10:40:00+05:30,CE,3308.23,EXPIRY_ORB30,MODELED_EXIT,"[{""contract"": ""NSE_FO|72183|26-05-2026"", ""status"": ""ORDER_CREATED""}]",NSE_FO|72183|26-05-2026,24100.0,65,65,38.65,37.20,2026-05-26T10:41:00+05:30,18.20,2026-05-26T11:25:00+05:30,STOP,-1286.78,51.78,2021.45,0.4892473118279569892473118280
earlier,EXPIRY_ORB30_TARGET,2026-06-02,2026-06-02T09:57:00+05:30,CE,2021.45,EXPIRY_ORB30,MODELED_EXIT,"[{""contract"": ""NSE_FO|57022|02-06-2026"", ""status"": ""UNAFFORDABLE_OR_PAST_CAPACITY""}, {""contract"": ""NSE_FO|57024|02-06-2026"", ""status"": ""UNAFFORDABLE_OR_PAST_CAPACITY""}, {""contract"": ""NSE_FO|57026|02-06-2026"", ""status"": ""ORDER_CREATED""}]",NSE_FO|57026|02-06-2026,23400.0,65,65,24.80,22.5,2026-06-02T09:58:00+05:30,10.15,2026-06-02T10:16:00+05:30,STOP,-852.90,50.15,1168.55,0.4511111111111111111111111111
earlier,EXPIRY_ORB30_TARGET,2026-06-09,2026-06-09T09:51:00+05:30,PE,1168.55,EXPIRY_ORB30,MODELED_EXIT,"[{""contract"": ""NSE_FO|42285|09-06-2026"", ""status"": ""UNAFFORDABLE_OR_PAST_CAPACITY""}, {""contract"": ""NSE_FO|42279|09-06-2026"", ""status"": ""UNAFFORDABLE_OR_PAST_CAPACITY""}, {""contract"": ""NSE_FO|42273|09-06-2026"", ""status"": ""UNAFFORDABLE_OR_PAST_CAPACITY""}, {""contract"": ""NSE_FO|42271|09-06-2026"", ""status"": ""ORDER_CREATED""}]",NSE_FO|42271|09-06-2026,23050.0,65,65,13.80,10.25,2026-06-09T09:52:00+05:30,20.50,2026-06-09T10:50:00+05:30,TARGET_2X,615.15,51.10,1783.70,2
earlier,EXPIRY_ORB30_TARGET,2026-06-16,2026-06-16T10:38:00+05:30,CE,1783.70,EXPIRY_ORB30,MODELED_LIMIT_MISS,"[{""contract"": ""NSE_FO|50613|16-06-2026"", ""status"": ""UNAFFORDABLE_OR_PAST_CAPACITY""}, {""contract"": ""NSE_FO|50615|16-06-2026"", ""status"": ""UNAFFORDABLE_OR_PAST_CAPACITY""}, {""contract"": ""NSE_FO|50617|16-06-2026"", ""status"": ""ORDER_CREATED""}]",NSE_FO|50617|16-06-2026,24050.0,65,65,15.10,,,,,,,,,
earlier,EXPIRY_ORB30_TRAIL,2026-03-24,2026-03-24T09:47:00+05:30,PE,9411.18,EXPIRY_ORB30,MODELED_LIMIT_MISS,"[{""contract"": ""NSE_FO|62556|24-03-2026"", ""status"": ""ORDER_CREATED""}]",NSE_FO|62556|24-03-2026,22700.0,65,65,103.95,,,,,,,,,
earlier,EXPIRY_ORB30_TRAIL,2026-03-30,2026-03-30T11:13:00+05:30,PE,9411.18,EXPIRY_ORB30,MODELED_EXIT,"[{""contract"": ""NSE_FO|54477|30-03-2026"", ""status"": ""ORDER_CREATED""}]",NSE_FO|54477|30-03-2026,22450.0,65,65,90.70,80.95,2026-03-30T11:14:00+05:30,36.30,2026-03-30T12:04:00+05:30,STOP,-2957.71,55.46,6453.47,0.4484249536751080914144533663
earlier,EXPIRY_ORB30_TRAIL,2026-04-07,2026-04-07T10:05:00+05:30,CE,6453.47,EXPIRY_ORB30,MODELED_EXIT,"[{""contract"": ""NSE_FO|40761|07-04-2026"", ""status"": ""UNAFFORDABLE_OR_PAST_CAPACITY""}, {""contract"": ""NSE_FO|40770|07-04-2026"", ""status"": ""ORDER_CREATED""}]",NSE_FO|40770|07-04-2026,22950.0,65,65,84.95,80.90,2026-04-07T10:06:00+05:30,45.55,2026-04-07T10:58:00+05:30,STOP,-2354.47,56.72,4099.00,0.5630407911001236093943139679
earlier,EXPIRY_ORB30_TRAIL,2026-04-13,2026-04-13T10:23:00+05:30,CE,4099.00,EXPIRY_ORB30,MODELED_EXIT,"[{""contract"": ""NSE_FO|54800|13-04-2026"", ""status"": ""UNAFFORDABLE_OR_PAST_CAPACITY""}, {""contract"": ""NSE_FO|54802|13-04-2026"", ""status"": ""UNAFFORDABLE_OR_PAST_CAPACITY""}, {""contract"": ""NSE_FO|54804|13-04-2026"", ""status"": ""ORDER_CREATED""}]",NSE_FO|54804|13-04-2026,23800.0,65,65,43.35,40.80,2026-04-13T10:24:00+05:30,38.60,2026-04-13T13:04:00+05:30,STOP,-197.44,54.44,3901.56,0.9460784313725490196078431373
earlier,EXPIRY_ORB30_TRAIL,2026-04-21,2026-04-21T09:47:00+05:30,CE,3901.56,EXPIRY_ORB30,MODELED_EXIT,"[{""contract"": ""NSE_FO|63447|21-04-2026"", ""status"": ""UNAFFORDABLE_OR_PAST_CAPACITY""}, {""contract"": ""NSE_FO|63458|21-04-2026"", ""status"": ""ORDER_CREATED""}]",NSE_FO|63458|21-04-2026,24550.0,65,65,47.10,43.25,2026-04-21T09:48:00+05:30,25.20,2026-04-21T12:52:00+05:30,STOP,-1226.38,53.13,2675.18,0.5826589595375722543352601156
earlier,EXPIRY_ORB30_TRAIL,2026-04-28,2026-04-28T09:48:00+05:30,CE,2675.18,EXPIRY_ORB30,MODELED_EXIT,"[{""contract"": ""NSE_FO|72269|28-04-2026"", ""status"": ""UNAFFORDABLE_OR_PAST_CAPACITY""}, {""contract"": ""NSE_FO|72271|28-04-2026"", ""status"": ""ORDER_CREATED""}]",NSE_FO|72271|28-04-2026,24200.0,65,65,30.40,25.20,2026-04-28T09:49:00+05:30,15.15,2026-04-28T10:42:00+05:30,STOP,-704.61,51.36,1970.57,0.6011904761904761904761904762
earlier,EXPIRY_ORB30_TRAIL,2026-05-05,2026-05-05T10:36:00+05:30,PE,1970.57,EXPIRY_ORB30,MODELED_EXIT,"[{""contract"": ""NSE_FO|74146|05-05-2026"", ""status"": ""UNAFFORDABLE_OR_PAST_CAPACITY""}, {""contract"": ""NSE_FO|74134|05-05-2026"", ""status"": ""UNAFFORDABLE_OR_PAST_CAPACITY""}, {""contract"": ""NSE_FO|74132|05-05-2026"", ""status"": ""ORDER_CREATED""}]",NSE_FO|74132|05-05-2026,23850.0,65,65,21.40,20.10,2026-05-05T10:37:00+05:30,9.90,2026-05-05T11:34:00+05:30,STOP,-713.08,50.08,1257.49,0.4925373134328358208955223881
earlier,EXPIRY_ORB30_TRAIL,2026-05-12,2026-05-12T10:35:00+05:30,PE,1257.49,EXPIRY_ORB30,MODELED_EXIT,"[{""contract"": ""NSE_FO|41735|12-05-2026"", ""status"": ""UNAFFORDABLE_OR_PAST_CAPACITY""}, {""contract"": ""NSE_FO|41731|12-05-2026"", ""status"": ""UNAFFORDABLE_OR_PAST_CAPACITY""}, {""contract"": ""NSE_FO|41729|12-05-2026"", ""status"": ""ORDER_CREATED""}]",NSE_FO|41729|12-05-2026,23500.0,65,65,14.70,14.05,2026-05-12T10:36:00+05:30,16.35,2026-05-12T13:19:00+05:30,STOP,98.40,51.10,1355.89,1.163701067615658362989323843
earlier,EXPIRY_ORB30_TRAIL,2026-05-19,2026-05-19T10:59:00+05:30,CE,1355.89,EXPIRY_ORB30,MODELED_EXIT,"[{""contract"": ""NSE_FO|51374|19-05-2026"", ""status"": ""UNAFFORDABLE_OR_PAST_CAPACITY""}, {""contract"": ""NSE_FO|51376|19-05-2026"", ""status"": ""UNAFFORDABLE_OR_PAST_CAPACITY""}, {""contract"": ""NSE_FO|51378|19-05-2026"", ""status"": ""ORDER_CREATED""}]",NSE_FO|51378|19-05-2026,23900.0,65,65,13.00,10.95,2026-05-19T11:00:00+05:30,5.20,2026-05-19T11:15:00+05:30,STOP,-423.47,49.72,932.42,0.4748858447488584474885844749
earlier,EXPIRY_ORB30_TRAIL,2026-05-26,2026-05-26T10:40:00+05:30,CE,932.42,EXPIRY_ORB30,MODELED_EXIT,"[{""contract"": ""NSE_FO|72183|26-05-2026"", ""status"": ""UNAFFORDABLE_OR_PAST_CAPACITY""}, {""contract"": ""NSE_FO|72185|26-05-2026"", ""status"": ""UNAFFORDABLE_OR_PAST_CAPACITY""}, {""contract"": ""NSE_FO|72187|26-05-2026"", ""status"": ""ORDER_CREATED""}]",NSE_FO|72187|26-05-2026,24200.0,65,65,10.70,10.15,2026-05-26T10:41:00+05:30,4.90,2026-05-26T11:18:00+05:30,STOP,-390.93,49.68,541.49,0.4827586206896551724137931034
earlier,EXPIRY_ORB30_TRAIL,2026-06-02,2026-06-02T09:57:00+05:30,CE,541.49,EXPIRY_ORB30,NO_AFFORDABLE_LIQUID_CONTRACT,"[{""contract"": ""NSE_FO|57022|02-06-2026"", ""status"": ""UNAFFORDABLE_OR_PAST_CAPACITY""}, {""contract"": ""NSE_FO|57024|02-06-2026"", ""status"": ""UNAFFORDABLE_OR_PAST_CAPACITY""}, {""contract"": ""NSE_FO|57026|02-06-2026"", ""status"": ""UNAFFORDABLE_OR_PAST_CAPACITY""}, {""contract"": ""NSE_FO|57028|02-06-2026"", ""status"": ""UNAFFORDABLE_OR_PAST_CAPACITY""}]",,,,,,,,,,,,,,
earlier,EXPIRY_ORB30_TRAIL,2026-06-09,2026-06-09T09:51:00+05:30,PE,541.49,EXPIRY_ORB30,NO_AFFORDABLE_LIQUID_CONTRACT,"[{""contract"": ""NSE_FO|42285|09-06-2026"", ""status"": ""UNAFFORDABLE_OR_PAST_CAPACITY""}, {""contract"": ""NSE_FO|42279|09-06-2026"", ""status"": ""UNAFFORDABLE_OR_PAST_CAPACITY""}, {""contract"": ""NSE_FO|42273|09-06-2026"", ""status"": ""UNAFFORDABLE_OR_PAST_CAPACITY""}, {""contract"": ""NSE_FO|42271|09-06-2026"", ""status"": ""UNAFFORDABLE_OR_PAST_CAPACITY""}]",,,,,,,,,,,,,,
earlier,EXPIRY_ORB30_TRAIL,2026-06-16,2026-06-16T10:38:00+05:30,CE,541.49,EXPIRY_ORB30,NO_AFFORDABLE_LIQUID_CONTRACT,"[{""contract"": ""NSE_FO|50613|16-06-2026"", ""status"": ""UNAFFORDABLE_OR_PAST_CAPACITY""}, {""contract"": ""NSE_FO|50615|16-06-2026"", ""status"": ""UNAFFORDABLE_OR_PAST_CAPACITY""}, {""contract"": ""NSE_FO|50617|16-06-2026"", ""status"": ""UNAFFORDABLE_OR_PAST_CAPACITY""}, {""contract"": ""NSE_FO|50619|16-06-2026"", ""status"": ""UNAFFORDABLE_OR_PAST_CAPACITY""}]",,,,,,,,,,,,,,
earlier,EXPIRY_LATE_BREAK_TARGET,2026-03-24,2026-03-24T14:39:00+05:30,PE,9411.18,EXPIRY_LATE_BREAK,MODELED_LIMIT_MISS,"[{""contract"": ""NSE_FO|62567|24-03-2026"", ""status"": ""ORDER_CREATED""}]",NSE_FO|62567|24-03-2026,22900.0,65,130,49.85,,,,,,,,,
earlier,EXPIRY_LATE_BREAK_TARGET,2026-03-30,2026-03-30T14:36:00+05:30,PE,9411.18,EXPIRY_LATE_BREAK,MODELED_EXIT,"[{""contract"": ""NSE_FO|54473|30-03-2026"", ""status"": ""ORDER_CREATED""}]",NSE_FO|54473|30-03-2026,22350.0,65,260,32.30,29.15,2026-03-30T14:37:00+05:30,58.30,2026-03-30T15:05:00+05:30,TARGET_2X,7498.19,80.81,16909.37,2
earlier,EXPIRY_LATE_BREAK_TARGET,2026-04-07,2026-04-07T14:33:00+05:30,CE,16909.37,EXPIRY_LATE_BREAK,MODELED_EXIT,"[{""contract"": ""NSE_FO|40774|07-04-2026"", ""status"": ""ORDER_CREATED""}]",NSE_FO|40774|07-04-2026,23050.0,65,390,40.30,39.05,2026-04-07T14:34:00+05:30,18.15,2026-04-07T14:36:00+05:30,STOP,-8219.64,68.64,8689.73,0.4647887323943661971830985915
earlier,EXPIRY_LATE_BREAK_TARGET,2026-04-13,2026-04-13T15:21:00+05:30,PE,8689.73,EXPIRY_LATE_BREAK,MODELED_EXIT,"[{""contract"": ""NSE_FO|54807|13-04-2026"", ""status"": ""ORDER_CREATED""}]",NSE_FO|54807|13-04-2026,23850.0,65,650,11.80,11.70,2026-04-13T15:22:00+05:30,9.15,2026-04-13T15:25:00+05:30,TIMED_CLOSE,-1720.46,62.96,6969.27,0.7820512820512820512820512821
earlier,EXPIRY_LATE_BREAK_TARGET,2026-04-28,2026-04-28T14:32:00+05:30,CE,6969.27,EXPIRY_LATE_BREAK,MODELED_EXIT,"[{""contract"": ""NSE_FO|72265|28-04-2026"", ""status"": ""ORDER_CREATED""}]",NSE_FO|72265|28-04-2026,24050.0,65,455,14.25,12.80,2026-04-28T14:33:00+05:30,5.45,2026-04-28T14:35:00+05:30,STOP,-3400.00,55.75,3569.27,0.42578125
earlier,EXPIRY_LATE_BREAK_TARGET,2026-05-12,2026-05-12T14:54:00+05:30,PE,3569.27,EXPIRY_LATE_BREAK,MODELED_LIMIT_MISS,"[{""contract"": ""NSE_FO|41725|12-05-2026"", ""status"": ""ORDER_CREATED""}]",NSE_FO|41725|12-05-2026,23450.0,65,130,21.45,,,,,,,,,
earlier,EXPIRY_LATE_BREAK_TARGET,2026-05-19,2026-05-19T14:37:00+05:30,PE,3569.27,EXPIRY_LATE_BREAK,MODELED_EXIT,"[{""contract"": ""NSE_FO|51367|19-05-2026"", ""status"": ""ORDER_CREATED""}]",NSE_FO|51367|19-05-2026,23700.0,65,65,28.70,26.90,2026-05-19T14:38:00+05:30,53.80,2026-05-19T14:45:00+05:30,TARGET_2X,1692.03,56.47,5261.30,2
earlier,EXPIRY_LATE_BREAK_TARGET,2026-05-26,2026-05-26T14:42:00+05:30,PE,5261.30,EXPIRY_LATE_BREAK,MODELED_EXIT,"[{""contract"": ""NSE_FO|72176|26-05-2026"", ""status"": ""ORDER_CREATED""}]",NSE_FO|72176|26-05-2026,23900.0,65,195,23.35,20.85,2026-05-26T14:43:00+05:30,5.90,2026-05-26T14:58:00+05:30,STOP,-2967.70,52.45,2293.60,0.2829736211031175059952038369
earlier,EXPIRY_LATE_BREAK_TARGET,2026-06-02,2026-06-02T14:39:00+05:30,PE,2293.60,EXPIRY_LATE_BREAK,MODELED_LIMIT_MISS,"[{""contract"": ""NSE_FO|57031|02-06-2026"", ""status"": ""ORDER_CREATED""}]",NSE_FO|57031|02-06-2026,23500.0,65,65,23.10,,,,,,,,,
earlier,EXPIRY_LATE_BREAK_TARGET,2026-06-09,2026-06-09T14:40:00+05:30,CE,2293.60,EXPIRY_LATE_BREAK,MODELED_LIMIT_MISS,"[{""contract"": ""NSE_FO|42286|09-06-2026"", ""status"": ""ORDER_CREATED""}]",NSE_FO|42286|09-06-2026,23250.0,65,65,18.10,,,,,,,,,
earlier,EXPIRY_LATE_BREAK_TARGET,2026-06-16,2026-06-16T14:46:00+05:30,PE,2293.60,EXPIRY_LATE_BREAK,MODELED_EXIT,"[{""contract"": ""NSE_FO|50614|16-06-2026"", ""status"": ""ORDER_CREATED""}]",NSE_FO|50614|16-06-2026,23950.0,65,195,10.45,9.60,2026-06-16T14:47:00+05:30,4.25,2026-06-16T14:49:00+05:30,STOP,-1094.65,51.40,1198.95,0.4427083333333333333333333333
earlier,EXPIRY_LATE_BREAK_TRAIL,2026-03-24,2026-03-24T14:39:00+05:30,PE,9411.18,EXPIRY_LATE_BREAK,MODELED_LIMIT_MISS,"[{""contract"": ""NSE_FO|62567|24-03-2026"", ""status"": ""ORDER_CREATED""}]",NSE_FO|62567|24-03-2026,22900.0,65,130,49.85,,,,,,,,,
earlier,EXPIRY_LATE_BREAK_TRAIL,2026-03-30,2026-03-30T14:36:00+05:30,PE,9411.18,EXPIRY_LATE_BREAK,MODELED_EXIT,"[{""contract"": ""NSE_FO|54473|30-03-2026"", ""status"": ""ORDER_CREATED""}]",NSE_FO|54473|30-03-2026,22350.0,65,260,32.30,29.15,2026-03-30T14:37:00+05:30,21.95,2026-03-30T15:13:00+05:30,STOP,-1934.83,62.83,7476.35,0.7530017152658662092624356775
earlier,EXPIRY_LATE_BREAK_TRAIL,2026-04-07,2026-04-07T14:33:00+05:30,CE,7476.35,EXPIRY_LATE_BREAK,MODELED_EXIT,"[{""contract"": ""NSE_FO|40774|07-04-2026"", ""status"": ""ORDER_CREATED""}]",NSE_FO|40774|07-04-2026,23050.0,65,130,40.30,39.05,2026-04-07T14:34:00+05:30,18.15,2026-04-07T14:36:00+05:30,STOP,-2772.38,55.38,4703.97,0.4647887323943661971830985915
earlier,EXPIRY_LATE_BREAK_TRAIL,2026-04-13,2026-04-13T15:21:00+05:30,PE,4703.97,EXPIRY_LATE_BREAK,MODELED_EXIT,"[{""contract"": ""NSE_FO|54807|13-04-2026"", ""status"": ""ORDER_CREATED""}]",NSE_FO|54807|13-04-2026,23850.0,65,325,11.80,11.70,2026-04-13T15:22:00+05:30,9.15,2026-04-13T15:25:00+05:30,TIMED_CLOSE,-884.86,56.11,3819.11,0.7820512820512820512820512821
earlier,EXPIRY_LATE_BREAK_TRAIL,2026-04-28,2026-04-28T14:32:00+05:30,CE,3819.11,EXPIRY_LATE_BREAK,MODELED_EXIT,"[{""contract"": ""NSE_FO|72265|28-04-2026"", ""status"": ""ORDER_CREATED""}]",NSE_FO|72265|28-04-2026,24050.0,65,195,14.25,12.80,2026-04-28T14:33:00+05:30,5.45,2026-04-28T14:35:00+05:30,STOP,-1485.01,51.76,2334.10,0.42578125
earlier,EXPIRY_LATE_BREAK_TRAIL,2026-05-12,2026-05-12T14:54:00+05:30,PE,2334.10,EXPIRY_LATE_BREAK,MODELED_LIMIT_MISS,"[{""contract"": ""NSE_FO|41725|12-05-2026"", ""status"": ""ORDER_CREATED""}]",NSE_FO|41725|12-05-2026,23450.0,65,65,21.45,,,,,,,,,
earlier,EXPIRY_LATE_BREAK_TRAIL,2026-05-19,2026-05-19T14:37:00+05:30,PE,2334.10,EXPIRY_LATE_BREAK,MODELED_EXIT,"[{""contract"": ""NSE_FO|51367|19-05-2026"", ""status"": ""ORDER_CREATED""}]",NSE_FO|51367|19-05-2026,23700.0,65,65,28.70,26.90,2026-05-19T14:38:00+05:30,78.85,2026-05-19T15:25:00+05:30,TIMED_CLOSE,3317.59,59.16,5651.69,2.931226765799256505576208178
earlier,EXPIRY_LATE_BREAK_TRAIL,2026-05-26,2026-05-26T14:42:00+05:30,PE,5651.69,EXPIRY_LATE_BREAK,MODELED_EXIT,"[{""contract"": ""NSE_FO|72176|26-05-2026"", ""status"": ""ORDER_CREATED""}]",NSE_FO|72176|26-05-2026,23900.0,65,195,23.35,20.85,2026-05-26T14:43:00+05:30,13.10,2026-05-26T14:57:00+05:30,STOP,-1566.29,55.04,4085.40,0.6282973621103117505995203837
earlier,EXPIRY_LATE_BREAK_TRAIL,2026-06-02,2026-06-02T14:39:00+05:30,PE,4085.40,EXPIRY_LATE_BREAK,MODELED_LIMIT_MISS,"[{""contract"": ""NSE_FO|57031|02-06-2026"", ""status"": ""ORDER_CREATED""}]",NSE_FO|57031|02-06-2026,23500.0,65,130,23.10,,,,,,,,,
earlier,EXPIRY_LATE_BREAK_TRAIL,2026-06-09,2026-06-09T14:40:00+05:30,CE,4085.40,EXPIRY_LATE_BREAK,MODELED_LIMIT_MISS,"[{""contract"": ""NSE_FO|42286|09-06-2026"", ""status"": ""ORDER_CREATED""}]",NSE_FO|42286|09-06-2026,23250.0,65,195,18.10,,,,,,,,,
earlier,EXPIRY_LATE_BREAK_TRAIL,2026-06-16,2026-06-16T14:46:00+05:30,PE,4085.40,EXPIRY_LATE_BREAK,MODELED_EXIT,"[{""contract"": ""NSE_FO|50614|16-06-2026"", ""status"": ""ORDER_CREATED""}]",NSE_FO|50614|16-06-2026,23950.0,65,325,10.45,9.60,2026-06-16T14:47:00+05:30,4.25,2026-06-16T14:49:00+05:30,STOP,-1791.91,53.16,2293.49,0.4427083333333333333333333333
earlier,EXPIRY_LATE_FADE_TARGET,2026-03-24,2026-03-24T15:24:00+05:30,CE,9411.18,EXPIRY_LATE_FADE,MODELED_LIMIT_MISS,"[{""contract"": ""NSE_FO|62566|24-03-2026"", ""status"": ""ORDER_CREATED""}]",NSE_FO|62566|24-03-2026,22900.0,65,715,11.55,,,,,,,,,
earlier,EXPIRY_LATE_FADE_TARGET,2026-04-07,2026-04-07T14:37:00+05:30,PE,9411.18,EXPIRY_LATE_FADE,MODELED_LIMIT_MISS,"[{""contract"": ""NSE_FO|40773|07-04-2026"", ""status"": ""ORDER_CREATED""}]",NSE_FO|40773|07-04-2026,23000.0,65,260,31.25,,,,,,,,,
earlier,EXPIRY_LATE_FADE_TARGET,2026-04-13,2026-04-13T14:38:00+05:30,PE,9411.18,EXPIRY_LATE_FADE,MODELED_LIMIT_MISS,"[{""contract"": ""NSE_FO|54809|13-04-2026"", ""status"": ""ORDER_CREATED""}]",NSE_FO|54809|13-04-2026,23900.0,65,195,35.50,,,,,,,,,
earlier,EXPIRY_LATE_FADE_TARGET,2026-04-21,2026-04-21T15:04:00+05:30,PE,9411.18,EXPIRY_LATE_FADE,MODELED_LIMIT_MISS,"[{""contract"": ""NSE_FO|63463|21-04-2026"", ""status"": ""ORDER_CREATED""}]",NSE_FO|63463|21-04-2026,24550.0,65,8385,1.05,,,,,,,,,
earlier,EXPIRY_LATE_FADE_TARGET,2026-04-28,2026-04-28T15:03:00+05:30,PE,9411.18,EXPIRY_LATE_FADE,MODELED_LIMIT_MISS,"[{""contract"": ""NSE_FO|72264|28-04-2026"", ""status"": ""ORDER_CREATED""}]",NSE_FO|72264|28-04-2026,24000.0,65,780,10.70,,,,,,,,,
earlier,EXPIRY_LATE_FADE_TARGET,2026-05-05,2026-05-05T15:05:00+05:30,CE,9411.18,EXPIRY_LATE_FADE,MODELED_LIMIT_MISS,"[{""contract"": ""NSE_FO|74147|05-05-2026"", ""status"": ""ORDER_CREATED""}]",NSE_FO|74147|05-05-2026,24000.0,65,520,15.75,,,,,,,,,
earlier,EXPIRY_LATE_FADE_TARGET,2026-05-12,2026-05-12T14:38:00+05:30,CE,9411.18,EXPIRY_LATE_FADE,MODELED_LIMIT_MISS,"[{""contract"": ""NSE_FO|41724|12-05-2026"", ""status"": ""ORDER_CREATED""}]",NSE_FO|41724|12-05-2026,23450.0,65,325,24.85,,,,,,,,,
earlier,EXPIRY_LATE_FADE_TARGET,2026-05-26,2026-05-26T14:59:00+05:30,CE,9411.18,EXPIRY_LATE_FADE,MODELED_LIMIT_MISS,"[{""contract"": ""NSE_FO|72175|26-05-2026"", ""status"": ""ORDER_CREATED""}]",NSE_FO|72175|26-05-2026,23900.0,65,455,18.45,,,,,,,,,
earlier,EXPIRY_LATE_FADE_TARGET,2026-06-02,2026-06-02T15:20:00+05:30,CE,9411.18,EXPIRY_LATE_FADE,MODELED_EXIT,"[{""contract"": ""NSE_FO|57030|02-06-2026"", ""status"": ""ORDER_CREATED""}]",NSE_FO|57030|02-06-2026,23500.0,65,19240,0.45,0.30,2026-06-02T15:21:00+05:30,0.10,2026-06-02T15:22:00+05:30,STOP,-4395.41,547.41,5015.77,0.3333333333333333333333333333
earlier,EXPIRY_LATE_FADE_TARGET,2026-06-16,2026-06-16T14:50:00+05:30,CE,5015.77,EXPIRY_LATE_FADE,MODELED_EXIT,"[{""contract"": ""NSE_FO|50615|16-06-2026"", ""status"": ""ORDER_CREATED""}]",NSE_FO|50615|16-06-2026,24000.0,65,520,8.55,6.95,2026-06-16T14:51:00+05:30,3.05,2026-06-16T15:01:00+05:30,STOP,-2081.45,53.45,2934.32,0.4388489208633093525179856115
earlier,EXPIRY_LATE_FADE_TRAIL,2026-03-24,2026-03-24T15:24:00+05:30,CE,9411.18,EXPIRY_LATE_FADE,MODELED_LIMIT_MISS,"[{""contract"": ""NSE_FO|62566|24-03-2026"", ""status"": ""ORDER_CREATED""}]",NSE_FO|62566|24-03-2026,22900.0,65,715,11.55,,,,,,,,,
earlier,EXPIRY_LATE_FADE_TRAIL,2026-04-07,2026-04-07T14:37:00+05:30,PE,9411.18,EXPIRY_LATE_FADE,MODELED_LIMIT_MISS,"[{""contract"": ""NSE_FO|40773|07-04-2026"", ""status"": ""ORDER_CREATED""}]",NSE_FO|40773|07-04-2026,23000.0,65,260,31.25,,,,,,,,,
earlier,EXPIRY_LATE_FADE_TRAIL,2026-04-13,2026-04-13T14:38:00+05:30,PE,9411.18,EXPIRY_LATE_FADE,MODELED_LIMIT_MISS,"[{""contract"": ""NSE_FO|54809|13-04-2026"", ""status"": ""ORDER_CREATED""}]",NSE_FO|54809|13-04-2026,23900.0,65,195,35.50,,,,,,,,,
earlier,EXPIRY_LATE_FADE_TRAIL,2026-04-21,2026-04-21T15:04:00+05:30,PE,9411.18,EXPIRY_LATE_FADE,MODELED_LIMIT_MISS,"[{""contract"": ""NSE_FO|63463|21-04-2026"", ""status"": ""ORDER_CREATED""}]",NSE_FO|63463|21-04-2026,24550.0,65,8385,1.05,,,,,,,,,
earlier,EXPIRY_LATE_FADE_TRAIL,2026-04-28,2026-04-28T15:03:00+05:30,PE,9411.18,EXPIRY_LATE_FADE,MODELED_LIMIT_MISS,"[{""contract"": ""NSE_FO|72264|28-04-2026"", ""status"": ""ORDER_CREATED""}]",NSE_FO|72264|28-04-2026,24000.0,65,780,10.70,,,,,,,,,
earlier,EXPIRY_LATE_FADE_TRAIL,2026-05-05,2026-05-05T15:05:00+05:30,CE,9411.18,EXPIRY_LATE_FADE,MODELED_LIMIT_MISS,"[{""contract"": ""NSE_FO|74147|05-05-2026"", ""status"": ""ORDER_CREATED""}]",NSE_FO|74147|05-05-2026,24000.0,65,520,15.75,,,,,,,,,
earlier,EXPIRY_LATE_FADE_TRAIL,2026-05-12,2026-05-12T14:38:00+05:30,CE,9411.18,EXPIRY_LATE_FADE,MODELED_LIMIT_MISS,"[{""contract"": ""NSE_FO|41724|12-05-2026"", ""status"": ""ORDER_CREATED""}]",NSE_FO|41724|12-05-2026,23450.0,65,325,24.85,,,,,,,,,
earlier,EXPIRY_LATE_FADE_TRAIL,2026-05-26,2026-05-26T14:59:00+05:30,CE,9411.18,EXPIRY_LATE_FADE,MODELED_LIMIT_MISS,"[{""contract"": ""NSE_FO|72175|26-05-2026"", ""status"": ""ORDER_CREATED""}]",NSE_FO|72175|26-05-2026,23900.0,65,455,18.45,,,,,,,,,
earlier,EXPIRY_LATE_FADE_TRAIL,2026-06-02,2026-06-02T15:20:00+05:30,CE,9411.18,EXPIRY_LATE_FADE,MODELED_EXIT,"[{""contract"": ""NSE_FO|57030|02-06-2026"", ""status"": ""ORDER_CREATED""}]",NSE_FO|57030|02-06-2026,23500.0,65,19240,0.45,0.30,2026-06-02T15:21:00+05:30,0.10,2026-06-02T15:22:00+05:30,STOP,-4395.41,547.41,5015.77,0.3333333333333333333333333333
earlier,EXPIRY_LATE_FADE_TRAIL,2026-06-16,2026-06-16T14:50:00+05:30,CE,5015.77,EXPIRY_LATE_FADE,MODELED_EXIT,"[{""contract"": ""NSE_FO|50615|16-06-2026"", ""status"": ""ORDER_CREATED""}]",NSE_FO|50615|16-06-2026,24000.0,65,520,8.55,6.95,2026-06-16T14:51:00+05:30,3.50,2026-06-16T14:58:00+05:30,STOP,-1847.55,53.55,3168.22,0.5035971223021582733812949640
earlier,EXPIRY_TREND1445_TARGET,2026-05-19,2026-05-19T14:45:00+05:30,PE,9411.18,EXPIRY_TREND1445,MODELED_LIMIT_MISS,"[{""contract"": ""NSE_FO|51365|19-05-2026"", ""status"": ""ORDER_CREATED""}]",NSE_FO|51365|19-05-2026,23650.0,65,390,19.90,,,,,,,,,
earlier,EXPIRY_TREND1445_TRAIL,2026-05-19,2026-05-19T14:45:00+05:30,PE,9411.18,EXPIRY_TREND1445,MODELED_LIMIT_MISS,"[{""contract"": ""NSE_FO|51365|19-05-2026"", ""status"": ""ORDER_CREATED""}]",NSE_FO|51365|19-05-2026,23650.0,65,390,19.90,,,,,,,,,
earlier,EXPIRY_OPTION_ACCEL_TARGET,2026-03-24,2026-03-24T15:01:00+05:30,PE,9411.18,EXPIRY_OPTION_ACCEL,MODELED_EXIT,"[{""contract"": ""NSE_FO|62567|24-03-2026"", ""status"": ""ORDER_CREATED""}]",NSE_FO|62567|24-03-2026,22900.0,65,195,35.10,16.95,2026-03-24T15:02:00+05:30,6.10,2026-03-24T15:03:00+05:30,STOP,-2167.91,52.16,7243.27,0.3598820058997050147492625369
earlier,EXPIRY_OPTION_ACCEL_TARGET,2026-03-30,2026-03-30T15:02:00+05:30,PE,7243.27,EXPIRY_OPTION_ACCEL,MODELED_LIMIT_MISS,"[{""contract"": ""NSE_FO|54473|30-03-2026"", ""status"": ""ORDER_CREATED""}]",NSE_FO|54473|30-03-2026,22350.0,65,130,35.20,,,,,,,,,
earlier,EXPIRY_OPTION_ACCEL_TARGET,2026-04-13,2026-04-13T15:01:00+05:30,PE,7243.27,EXPIRY_OPTION_ACCEL,MODELED_EXIT,"[{""contract"": ""NSE_FO|54807|13-04-2026"", ""status"": ""ORDER_CREATED""}]",NSE_FO|54807|13-04-2026,23850.0,65,260,21.30,18.40,2026-04-13T15:02:00+05:30,3.30,2026-04-13T15:03:00+05:30,STOP,-3978.62,52.62,3264.65,0.1793478260869565217391304348
earlier,EXPIRY_OPTION_ACCEL_TARGET,2026-04-21,2026-04-21T15:04:00+05:30,PE,3264.65,EXPIRY_OPTION_ACCEL,MODELED_LIMIT_MISS,"[{""contract"": ""NSE_FO|63463|21-04-2026"", ""status"": ""ORDER_CREATED""}]",NSE_FO|63463|21-04-2026,24550.0,65,2860,1.05,,,,,,,,,
earlier,EXPIRY_OPTION_ACCEL_TARGET,2026-04-28,2026-04-28T15:01:00+05:30,PE,3264.65,EXPIRY_OPTION_ACCEL,MODELED_LIMIT_MISS,"[{""contract"": ""NSE_FO|72266|28-04-2026"", ""status"": ""ORDER_CREATED""}]",NSE_FO|72266|28-04-2026,24050.0,65,65,36.75,,,,,,,,,
earlier,EXPIRY_OPTION_ACCEL_TARGET,2026-05-19,2026-05-19T14:45:00+05:30,PE,3264.65,EXPIRY_OPTION_ACCEL,MODELED_LIMIT_MISS,"[{""contract"": ""NSE_FO|51365|19-05-2026"", ""status"": ""ORDER_CREATED""}]",NSE_FO|51365|19-05-2026,23650.0,65,130,19.90,,,,,,,,,
earlier,EXPIRY_OPTION_ACCEL_TARGET,2026-05-26,2026-05-26T14:57:00+05:30,CE,3264.65,EXPIRY_OPTION_ACCEL,MODELED_LIMIT_MISS,"[{""contract"": ""NSE_FO|72175|26-05-2026"", ""status"": ""ORDER_CREATED""}]",NSE_FO|72175|26-05-2026,23900.0,65,195,12.25,,,,,,,,,
earlier,EXPIRY_OPTION_ACCEL_TARGET,2026-06-02,2026-06-02T14:46:00+05:30,PE,3264.65,EXPIRY_OPTION_ACCEL,MODELED_EXIT,"[{""contract"": ""NSE_FO|57029|02-06-2026"", ""status"": ""ORDER_CREATED""}]",NSE_FO|57029|02-06-2026,23450.0,65,65,25.20,19.75,2026-06-02T14:47:00+05:30,7.90,2026-06-02T14:49:00+05:30,STOP,-820.27,50.02,2444.38,0.4
earlier,EXPIRY_OPTION_ACCEL_TARGET,2026-06-09,2026-06-09T15:01:00+05:30,PE,2444.38,EXPIRY_OPTION_ACCEL,MODELED_LIMIT_MISS,"[{""contract"": ""NSE_FO|42287|09-06-2026"", ""status"": ""ORDER_CREATED""}]",NSE_FO|42287|09-06-2026,23250.0,65,130,12.30,,,,,,,,,
earlier,EXPIRY_OPTION_ACCEL_TARGET,2026-06-16,2026-06-16T14:45:00+05:30,PE,2444.38,EXPIRY_OPTION_ACCEL,MODELED_EXIT,"[{""contract"": ""NSE_FO|50614|16-06-2026"", ""status"": ""ORDER_CREATED""}]",NSE_FO|50614|16-06-2026,23950.0,65,130,13.35,11.20,2026-06-16T14:46:00+05:30,4.25,2026-06-16T14:49:00+05:30,STOP,-953.60,50.10,1490.78,0.3794642857142857142857142857
earlier,EXPIRY_OPTION_ACCEL_TRAIL,2026-03-24,2026-03-24T15:01:00+05:30,PE,9411.18,EXPIRY_OPTION_ACCEL,MODELED_EXIT,"[{""contract"": ""NSE_FO|62567|24-03-2026"", ""status"": ""ORDER_CREATED""}]",NSE_FO|62567|24-03-2026,22900.0,65,195,35.10,16.95,2026-03-24T15:02:00+05:30,6.10,2026-03-24T15:03:00+05:30,STOP,-2167.91,52.16,7243.27,0.3598820058997050147492625369
earlier,EXPIRY_OPTION_ACCEL_TRAIL,2026-03-30,2026-03-30T15:02:00+05:30,PE,7243.27,EXPIRY_OPTION_ACCEL,MODELED_LIMIT_MISS,"[{""contract"": ""NSE_FO|54473|30-03-2026"", ""status"": ""ORDER_CREATED""}]",NSE_FO|54473|30-03-2026,22350.0,65,130,35.20,,,,,,,,,
earlier,EXPIRY_OPTION_ACCEL_TRAIL,2026-04-13,2026-04-13T15:01:00+05:30,PE,7243.27,EXPIRY_OPTION_ACCEL,MODELED_EXIT,"[{""contract"": ""NSE_FO|54807|13-04-2026"", ""status"": ""ORDER_CREATED""}]",NSE_FO|54807|13-04-2026,23850.0,65,260,21.30,18.40,2026-04-13T15:02:00+05:30,3.30,2026-04-13T15:03:00+05:30,STOP,-3978.62,52.62,3264.65,0.1793478260869565217391304348
earlier,EXPIRY_OPTION_ACCEL_TRAIL,2026-04-21,2026-04-21T15:04:00+05:30,PE,3264.65,EXPIRY_OPTION_ACCEL,MODELED_LIMIT_MISS,"[{""contract"": ""NSE_FO|63463|21-04-2026"", ""status"": ""ORDER_CREATED""}]",NSE_FO|63463|21-04-2026,24550.0,65,2860,1.05,,,,,,,,,
earlier,EXPIRY_OPTION_ACCEL_TRAIL,2026-04-28,2026-04-28T15:01:00+05:30,PE,3264.65,EXPIRY_OPTION_ACCEL,MODELED_LIMIT_MISS,"[{""contract"": ""NSE_FO|72266|28-04-2026"", ""status"": ""ORDER_CREATED""}]",NSE_FO|72266|28-04-2026,24050.0,65,65,36.75,,,,,,,,,
earlier,EXPIRY_OPTION_ACCEL_TRAIL,2026-05-19,2026-05-19T14:45:00+05:30,PE,3264.65,EXPIRY_OPTION_ACCEL,MODELED_LIMIT_MISS,"[{""contract"": ""NSE_FO|51365|19-05-2026"", ""status"": ""ORDER_CREATED""}]",NSE_FO|51365|19-05-2026,23650.0,65,130,19.90,,,,,,,,,
earlier,EXPIRY_OPTION_ACCEL_TRAIL,2026-05-26,2026-05-26T14:57:00+05:30,CE,3264.65,EXPIRY_OPTION_ACCEL,MODELED_LIMIT_MISS,"[{""contract"": ""NSE_FO|72175|26-05-2026"", ""status"": ""ORDER_CREATED""}]",NSE_FO|72175|26-05-2026,23900.0,65,195,12.25,,,,,,,,,
earlier,EXPIRY_OPTION_ACCEL_TRAIL,2026-06-02,2026-06-02T14:46:00+05:30,PE,3264.65,EXPIRY_OPTION_ACCEL,MODELED_EXIT,"[{""contract"": ""NSE_FO|57029|02-06-2026"", ""status"": ""ORDER_CREATED""}]",NSE_FO|57029|02-06-2026,23450.0,65,65,25.20,19.75,2026-06-02T14:47:00+05:30,7.90,2026-06-02T14:49:00+05:30,STOP,-820.27,50.02,2444.38,0.4
earlier,EXPIRY_OPTION_ACCEL_TRAIL,2026-06-09,2026-06-09T15:01:00+05:30,PE,2444.38,EXPIRY_OPTION_ACCEL,MODELED_LIMIT_MISS,"[{""contract"": ""NSE_FO|42287|09-06-2026"", ""status"": ""ORDER_CREATED""}]",NSE_FO|42287|09-06-2026,23250.0,65,130,12.30,,,,,,,,,
earlier,EXPIRY_OPTION_ACCEL_TRAIL,2026-06-16,2026-06-16T14:45:00+05:30,PE,2444.38,EXPIRY_OPTION_ACCEL,MODELED_EXIT,"[{""contract"": ""NSE_FO|50614|16-06-2026"", ""status"": ""ORDER_CREATED""}]",NSE_FO|50614|16-06-2026,23950.0,65,130,13.35,11.20,2026-06-16T14:46:00+05:30,4.25,2026-06-16T14:49:00+05:30,STOP,-953.60,50.10,1490.78,0.3794642857142857142857142857
earlier,EXPIRY_OPTION_ACCEL_OI_TARGET,2026-03-24,2026-03-24T15:08:00+05:30,CE,9411.18,EXPIRY_OPTION_ACCEL_OI,MODELED_EXIT,"[{""contract"": ""NSE_FO|62566|24-03-2026"", ""status"": ""ORDER_CREATED""}]",NSE_FO|62566|24-03-2026,22900.0,65,325,24.45,21.80,2026-03-24T15:09:00+05:30,9.60,2026-03-24T15:13:00+05:30,STOP,-4022.54,57.54,5388.64,0.4403669724770642201834862385
earlier,EXPIRY_OPTION_ACCEL_OI_TARGET,2026-03-30,2026-03-30T15:03:00+05:30,PE,5388.64,EXPIRY_OPTION_ACCEL_OI,MODELED_LIMIT_MISS,"[{""contract"": ""NSE_FO|54473|30-03-2026"", ""status"": ""ORDER_CREATED""}]",NSE_FO|54473|30-03-2026,22350.0,65,65,41.90,,,,,,,,,
earlier,EXPIRY_OPTION_ACCEL_OI_TARGET,2026-04-13,2026-04-13T15:02:00+05:30,PE,5388.64,EXPIRY_OPTION_ACCEL_OI,MODELED_EXIT,"[{""contract"": ""NSE_FO|54807|13-04-2026"", ""status"": ""ORDER_CREATED""}]",NSE_FO|54807|13-04-2026,23850.0,65,260,18.10,7.30,2026-04-13T15:03:00+05:30,2.05,2026-04-13T15:04:00+05:30,STOP,-1415.28,50.28,3973.36,0.2808219178082191780821917808
earlier,EXPIRY_OPTION_ACCEL_OI_TARGET,2026-04-28,2026-04-28T15:03:00+05:30,PE,3973.36,EXPIRY_OPTION_ACCEL_OI,MODELED_LIMIT_MISS,"[{""contract"": ""NSE_FO|72266|28-04-2026"", ""status"": ""ORDER_CREATED""}]",NSE_FO|72266|28-04-2026,24050.0,65,65,55.20,,,,,,,,,
earlier,EXPIRY_OPTION_ACCEL_OI_TARGET,2026-05-19,2026-05-19T14:45:00+05:30,PE,3973.36,EXPIRY_OPTION_ACCEL_OI,MODELED_LIMIT_MISS,"[{""contract"": ""NSE_FO|51365|19-05-2026"", ""status"": ""ORDER_CREATED""}]",NSE_FO|51365|19-05-2026,23650.0,65,130,19.90,,,,,,,,,
earlier,EXPIRY_OPTION_ACCEL_OI_TARGET,2026-05-26,2026-05-26T14:57:00+05:30,CE,3973.36,EXPIRY_OPTION_ACCEL_OI,MODELED_LIMIT_MISS,"[{""contract"": ""NSE_FO|72175|26-05-2026"", ""status"": ""ORDER_CREATED""}]",NSE_FO|72175|26-05-2026,23900.0,65,260,12.25,,,,,,,,,
earlier,EXPIRY_OPTION_ACCEL_OI_TARGET,2026-06-02,2026-06-02T14:46:00+05:30,PE,3973.36,EXPIRY_OPTION_ACCEL_OI,MODELED_EXIT,"[{""contract"": ""NSE_FO|57029|02-06-2026"", ""status"": ""ORDER_CREATED""}]",NSE_FO|57029|02-06-2026,23450.0,65,130,25.20,19.75,2026-06-02T14:47:00+05:30,7.90,2026-06-02T14:49:00+05:30,STOP,-1592.28,51.78,2381.08,0.4
earlier,EXPIRY_OPTION_ACCEL_OI_TARGET,2026-06-09,2026-06-09T15:01:00+05:30,PE,2381.08,EXPIRY_OPTION_ACCEL_OI,MODELED_LIMIT_MISS,"[{""contract"": ""NSE_FO|42287|09-06-2026"", ""status"": ""ORDER_CREATED""}]",NSE_FO|42287|09-06-2026,23250.0,65,130,12.30,,,,,,,,,
earlier,EXPIRY_OPTION_ACCEL_OI_TARGET,2026-06-16,2026-06-16T14:45:00+05:30,PE,2381.08,EXPIRY_OPTION_ACCEL_OI,MODELED_EXIT,"[{""contract"": ""NSE_FO|50614|16-06-2026"", ""status"": ""ORDER_CREATED""}]",NSE_FO|50614|16-06-2026,23950.0,65,130,13.35,11.20,2026-06-16T14:46:00+05:30,4.25,2026-06-16T14:49:00+05:30,STOP,-953.60,50.10,1427.48,0.3794642857142857142857142857
earlier,EXPIRY_OPTION_ACCEL_OI_TRAIL,2026-03-24,2026-03-24T15:08:00+05:30,CE,9411.18,EXPIRY_OPTION_ACCEL_OI,MODELED_EXIT,"[{""contract"": ""NSE_FO|62566|24-03-2026"", ""status"": ""ORDER_CREATED""}]",NSE_FO|62566|24-03-2026,22900.0,65,325,24.45,21.80,2026-03-24T15:09:00+05:30,9.60,2026-03-24T15:13:00+05:30,STOP,-4022.54,57.54,5388.64,0.4403669724770642201834862385
earlier,EXPIRY_OPTION_ACCEL_OI_TRAIL,2026-03-30,2026-03-30T15:03:00+05:30,PE,5388.64,EXPIRY_OPTION_ACCEL_OI,MODELED_LIMIT_MISS,"[{""contract"": ""NSE_FO|54473|30-03-2026"", ""status"": ""ORDER_CREATED""}]",NSE_FO|54473|30-03-2026,22350.0,65,65,41.90,,,,,,,,,
earlier,EXPIRY_OPTION_ACCEL_OI_TRAIL,2026-04-13,2026-04-13T15:02:00+05:30,PE,5388.64,EXPIRY_OPTION_ACCEL_OI,MODELED_EXIT,"[{""contract"": ""NSE_FO|54807|13-04-2026"", ""status"": ""ORDER_CREATED""}]",NSE_FO|54807|13-04-2026,23850.0,65,260,18.10,7.30,2026-04-13T15:03:00+05:30,2.05,2026-04-13T15:04:00+05:30,STOP,-1415.28,50.28,3973.36,0.2808219178082191780821917808
earlier,EXPIRY_OPTION_ACCEL_OI_TRAIL,2026-04-28,2026-04-28T15:03:00+05:30,PE,3973.36,EXPIRY_OPTION_ACCEL_OI,MODELED_LIMIT_MISS,"[{""contract"": ""NSE_FO|72266|28-04-2026"", ""status"": ""ORDER_CREATED""}]",NSE_FO|72266|28-04-2026,24050.0,65,65,55.20,,,,,,,,,
earlier,EXPIRY_OPTION_ACCEL_OI_TRAIL,2026-05-19,2026-05-19T14:45:00+05:30,PE,3973.36,EXPIRY_OPTION_ACCEL_OI,MODELED_LIMIT_MISS,"[{""contract"": ""NSE_FO|51365|19-05-2026"", ""status"": ""ORDER_CREATED""}]",NSE_FO|51365|19-05-2026,23650.0,65,130,19.90,,,,,,,,,
earlier,EXPIRY_OPTION_ACCEL_OI_TRAIL,2026-05-26,2026-05-26T14:57:00+05:30,CE,3973.36,EXPIRY_OPTION_ACCEL_OI,MODELED_LIMIT_MISS,"[{""contract"": ""NSE_FO|72175|26-05-2026"", ""status"": ""ORDER_CREATED""}]",NSE_FO|72175|26-05-2026,23900.0,65,260,12.25,,,,,,,,,
earlier,EXPIRY_OPTION_ACCEL_OI_TRAIL,2026-06-02,2026-06-02T14:46:00+05:30,PE,3973.36,EXPIRY_OPTION_ACCEL_OI,MODELED_EXIT,"[{""contract"": ""NSE_FO|57029|02-06-2026"", ""status"": ""ORDER_CREATED""}]",NSE_FO|57029|02-06-2026,23450.0,65,130,25.20,19.75,2026-06-02T14:47:00+05:30,7.90,2026-06-02T14:49:00+05:30,STOP,-1592.28,51.78,2381.08,0.4
earlier,EXPIRY_OPTION_ACCEL_OI_TRAIL,2026-06-09,2026-06-09T15:01:00+05:30,PE,2381.08,EXPIRY_OPTION_ACCEL_OI,MODELED_LIMIT_MISS,"[{""contract"": ""NSE_FO|42287|09-06-2026"", ""status"": ""ORDER_CREATED""}]",NSE_FO|42287|09-06-2026,23250.0,65,130,12.30,,,,,,,,,
earlier,EXPIRY_OPTION_ACCEL_OI_TRAIL,2026-06-16,2026-06-16T14:45:00+05:30,PE,2381.08,EXPIRY_OPTION_ACCEL_OI,MODELED_EXIT,"[{""contract"": ""NSE_FO|50614|16-06-2026"", ""status"": ""ORDER_CREATED""}]",NSE_FO|50614|16-06-2026,23950.0,65,130,13.35,11.20,2026-06-16T14:46:00+05:30,4.25,2026-06-16T14:49:00+05:30,STOP,-953.60,50.10,1427.48,0.3794642857142857142857142857
earlier,EXPIRY_FUTURE_TREND_TARGET,2026-03-24,2026-03-24T10:10:00+05:30,PE,9411.18,EXPIRY_FUTURE_TREND,MODELED_EXIT,"[{""contract"": ""NSE_FO|62556|24-03-2026"", ""status"": ""ORDER_CREATED""}]",NSE_FO|62556|24-03-2026,22700.0,65,65,115.00,108.40,2026-03-24T10:11:00+05:30,50.65,2026-03-24T11:36:00+05:30,STOP,-3811.35,57.60,5599.83,0.4672509225092250922509225092
earlier,EXPIRY_FUTURE_TREND_TARGET,2026-03-30,2026-03-30T10:20:00+05:30,PE,5599.83,EXPIRY_FUTURE_TREND,MODELED_LIMIT_MISS,"[{""contract"": ""NSE_FO|54481|30-03-2026"", ""status"": ""UNAFFORDABLE_OR_PAST_CAPACITY""}, {""contract"": ""NSE_FO|54479|30-03-2026"", ""status"": ""UNAFFORDABLE_OR_PAST_CAPACITY""}, {""contract"": ""NSE_FO|54477|30-03-2026"", ""status"": ""ORDER_CREATED""}]",NSE_FO|54477|30-03-2026,22450.0,65,65,63.95,,,,,,,,,
earlier,EXPIRY_FUTURE_TREND_TARGET,2026-04-07,2026-04-07T10:00:00+05:30,CE,5599.83,EXPIRY_FUTURE_TREND,MODELED_LIMIT_MISS,"[{""contract"": ""NSE_FO|40761|07-04-2026"", ""status"": ""UNAFFORDABLE_OR_PAST_CAPACITY""}, {""contract"": ""NSE_FO|40770|07-04-2026"", ""status"": ""ORDER_CREATED""}]",NSE_FO|40770|07-04-2026,22950.0,65,65,72.00,,,,,,,,,
earlier,EXPIRY_FUTURE_TREND_TARGET,2026-04-13,2026-04-13T10:00:00+05:30,CE,5599.83,EXPIRY_FUTURE_TREND,MODELED_EXIT,"[{""contract"": ""NSE_FO|54798|13-04-2026"", ""status"": ""UNAFFORDABLE_OR_PAST_CAPACITY""}, {""contract"": ""NSE_FO|54800|13-04-2026"", ""status"": ""ORDER_CREATED""}]",NSE_FO|54800|13-04-2026,23700.0,65,65,60.10,59.80,2026-04-13T10:01:00+05:30,119.60,2026-04-13T11:51:00+05:30,TARGET_2X,3821.83,65.17,9421.66,2
earlier,EXPIRY_FUTURE_TREND_TARGET,2026-04-21,2026-04-21T10:00:00+05:30,CE,9421.66,EXPIRY_FUTURE_TREND,MODELED_EXIT,"[{""contract"": ""NSE_FO|63447|21-04-2026"", ""status"": ""ORDER_CREATED""}]",NSE_FO|63447|21-04-2026,24500.0,65,130,64.70,64.20,2026-04-21T10:01:00+05:30,76.45,2026-04-21T15:25:00+05:30,TIMED_CLOSE,1521.56,70.94,10943.22,1.190809968847352024922118380
earlier,EXPIRY_FUTURE_TREND_TARGET,2026-04-28,2026-04-28T10:00:00+05:30,CE,10943.22,EXPIRY_FUTURE_TREND,MODELED_LIMIT_MISS,"[{""contract"": ""NSE_FO|72269|28-04-2026"", ""status"": ""ORDER_CREATED""}]",NSE_FO|72269|28-04-2026,24150.0,65,130,54.20,,,,,,,,,
earlier,EXPIRY_FUTURE_TREND_TARGET,2026-05-05,2026-05-05T10:00:00+05:30,CE,10943.22,EXPIRY_FUTURE_TREND,MODELED_EXIT,"[{""contract"": ""NSE_FO|74155|05-05-2026"", ""status"": ""ORDER_CREATED""}]",NSE_FO|74155|05-05-2026,24050.0,65,130,59.95,53.15,2026-05-05T10:01:00+05:30,23.95,2026-05-05T10:16:00+05:30,STOP,-3853.47,57.47,7089.75,0.4506114769520225776105362183
earlier,EXPIRY_FUTURE_TREND_TARGET,2026-05-12,2026-05-12T10:20:00+05:30,CE,7089.75,EXPIRY_FUTURE_TREND,MODELED_EXIT,"[{""contract"": ""NSE_FO|41736|12-05-2026"", ""status"": ""ORDER_CREATED""}]",NSE_FO|41736|12-05-2026,23650.0,65,65,75.20,74.80,2026-05-12T10:21:00+05:30,36.20,2026-05-12T10:38:00+05:30,STOP,-2564.29,55.29,4525.46,0.4839572192513368983957219251
earlier,EXPIRY_FUTURE_TREND_TARGET,2026-05-19,2026-05-19T10:00:00+05:30,PE,4525.46,EXPIRY_FUTURE_TREND,MODELED_EXIT,"[{""contract"": ""NSE_FO|51367|19-05-2026"", ""status"": ""UNAFFORDABLE_OR_PAST_CAPACITY""}, {""contract"": ""NSE_FO|51365|19-05-2026"", ""status"": ""ORDER_CREATED""}]",NSE_FO|51365|19-05-2026,23650.0,65,65,59.25,48.05,2026-05-19T10:01:00+05:30,22.75,2026-05-19T10:12:00+05:30,STOP,-1697.69,53.19,2827.77,0.4734651404786680541103017690
earlier,EXPIRY_FUTURE_TREND_TARGET,2026-05-26,2026-05-26T10:00:00+05:30,PE,2827.77,EXPIRY_FUTURE_TREND,MODELED_LIMIT_MISS,"[{""contract"": ""NSE_FO|72182|26-05-2026"", ""status"": ""UNAFFORDABLE_OR_PAST_CAPACITY""}, {""contract"": ""NSE_FO|72180|26-05-2026"", ""status"": ""UNAFFORDABLE_OR_PAST_CAPACITY""}, {""contract"": ""NSE_FO|72178|26-05-2026"", ""status"": ""ORDER_CREATED""}]",NSE_FO|72178|26-05-2026,23950.0,65,65,25.75,,,,,,,,,
earlier,EXPIRY_FUTURE_TREND_TARGET,2026-06-02,2026-06-02T10:05:00+05:30,CE,2827.77,EXPIRY_FUTURE_TREND,MODELED_EXIT,"[{""contract"": ""NSE_FO|57022|02-06-2026"", ""status"": ""UNAFFORDABLE_OR_PAST_CAPACITY""}, {""contract"": ""NSE_FO|57024|02-06-2026"", ""status"": ""ORDER_CREATED""}]",NSE_FO|57024|02-06-2026,23350.0,65,65,38.95,37.15,2026-06-02T10:06:00+05:30,17.65,2026-06-02T10:17:00+05:30,STOP,-1319.25,51.75,1508.52,0.4751009421265141318977119785
earlier,EXPIRY_FUTURE_TREND_TARGET,2026-06-09,2026-06-09T10:10:00+05:30,PE,1508.52,EXPIRY_FUTURE_TREND,MODELED_LIMIT_MISS,"[{""contract"": ""NSE_FO|42279|09-06-2026"", ""status"": ""UNAFFORDABLE_OR_PAST_CAPACITY""}, {""contract"": ""NSE_FO|42273|09-06-2026"", ""status"": ""UNAFFORDABLE_OR_PAST_CAPACITY""}, {""contract"": ""NSE_FO|42271|09-06-2026"", ""status"": ""ORDER_CREATED""}]",NSE_FO|42271|09-06-2026,23050.0,65,65,13.65,,,,,,,,,
earlier,EXPIRY_FUTURE_TREND_TARGET,2026-06-16,2026-06-16T10:05:00+05:30,PE,1508.52,EXPIRY_FUTURE_TREND,MODELED_EXIT,"[{""contract"": ""NSE_FO|50612|16-06-2026"", ""status"": ""UNAFFORDABLE_OR_PAST_CAPACITY""}, {""contract"": ""NSE_FO|50610|16-06-2026"", ""status"": ""UNAFFORDABLE_OR_PAST_CAPACITY""}, {""contract"": ""NSE_FO|50608|16-06-2026"", ""status"": ""ORDER_CREATED""}]",NSE_FO|50608|16-06-2026,23800.0,65,65,12.50,11.80,2026-06-16T10:06:00+05:30,5.80,2026-06-16T10:32:00+05:30,STOP,-439.75,49.75,1068.77,0.4915254237288135593220338983
earlier,EXPIRY_FUTURE_TREND_TRAIL,2026-03-24,2026-03-24T10:10:00+05:30,PE,9411.18,EXPIRY_FUTURE_TREND,MODELED_EXIT,"[{""contract"": ""NSE_FO|62556|24-03-2026"", ""status"": ""ORDER_CREATED""}]",NSE_FO|62556|24-03-2026,22700.0,65,65,115.00,108.40,2026-03-24T10:11:00+05:30,64.10,2026-03-24T11:21:00+05:30,STOP,-2939.48,59.98,6471.70,0.5913284132841328413284132841
earlier,EXPIRY_FUTURE_TREND_TRAIL,2026-03-30,2026-03-30T10:20:00+05:30,PE,6471.70,EXPIRY_FUTURE_TREND,MODELED_EXIT,"[{""contract"": ""NSE_FO|54481|30-03-2026"", ""status"": ""UNAFFORDABLE_OR_PAST_CAPACITY""}, {""contract"": ""NSE_FO|54479|30-03-2026"", ""status"": ""ORDER_CREATED""}]",NSE_FO|54479|30-03-2026,22500.0,65,65,84.65,84.55,2026-03-30T10:21:00+05:30,53.45,2026-03-30T12:04:00+05:30,STOP,-2079.53,58.03,4392.17,0.6321703134240094618568894145
earlier,EXPIRY_FUTURE_TREND_TRAIL,2026-04-07,2026-04-07T10:00:00+05:30,CE,4392.17,EXPIRY_FUTURE_TREND,MODELED_LIMIT_MISS,"[{""contract"": ""NSE_FO|40761|07-04-2026"", ""status"": ""UNAFFORDABLE_OR_PAST_CAPACITY""}, {""contract"": ""NSE_FO|40770|07-04-2026"", ""status"": ""UNAFFORDABLE_OR_PAST_CAPACITY""}, {""contract"": ""NSE_FO|40772|07-04-2026"", ""status"": ""ORDER_CREATED""}]",NSE_FO|40772|07-04-2026,23000.0,65,65,53.85,,,,,,,,,
earlier,EXPIRY_FUTURE_TREND_TRAIL,2026-04-13,2026-04-13T10:00:00+05:30,CE,4392.17,EXPIRY_FUTURE_TREND,MODELED_EXIT,"[{""contract"": ""NSE_FO|54798|13-04-2026"", ""status"": ""UNAFFORDABLE_OR_PAST_CAPACITY""}, {""contract"": ""NSE_FO|54800|13-04-2026"", ""status"": ""ORDER_CREATED""}]",NSE_FO|54800|13-04-2026,23700.0,65,65,60.10,59.80,2026-04-13T10:01:00+05:30,137.30,2026-04-13T15:25:00+05:30,TIMED_CLOSE,4969.85,67.65,9362.02,2.295986622073578595317725753
earlier,EXPIRY_FUTURE_TREND_TRAIL,2026-04-21,2026-04-21T10:00:00+05:30,CE,9362.02,EXPIRY_FUTURE_TREND,MODELED_EXIT,"[{""contract"": ""NSE_FO|63447|21-04-2026"", ""status"": ""ORDER_CREATED""}]",NSE_FO|63447|21-04-2026,24500.0,65,130,64.70,64.20,2026-04-21T10:01:00+05:30,39.10,2026-04-21T13:44:00+05:30,STOP,-3324.89,61.89,6037.13,0.6090342679127725856697819315
earlier,EXPIRY_FUTURE_TREND_TRAIL,2026-04-28,2026-04-28T10:00:00+05:30,CE,6037.13,EXPIRY_FUTURE_TREND,MODELED_LIMIT_MISS,"[{""contract"": ""NSE_FO|72269|28-04-2026"", ""status"": ""ORDER_CREATED""}]",NSE_FO|72269|28-04-2026,24150.0,65,65,54.20,,,,,,,,,
earlier,EXPIRY_FUTURE_TREND_TRAIL,2026-05-05,2026-05-05T10:00:00+05:30,CE,6037.13,EXPIRY_FUTURE_TREND,MODELED_EXIT,"[{""contract"": ""NSE_FO|74155|05-05-2026"", ""status"": ""ORDER_CREATED""}]",NSE_FO|74155|05-05-2026,24050.0,65,65,59.95,53.15,2026-05-05T10:01:00+05:30,23.95,2026-05-05T10:16:00+05:30,STOP,-1951.37,53.37,4085.76,0.4506114769520225776105362183
earlier,EXPIRY_FUTURE_TREND_TRAIL,2026-05-12,2026-05-12T10:20:00+05:30,CE,4085.76,EXPIRY_FUTURE_TREND,MODELED_EXIT,"[{""contract"": ""NSE_FO|41736|12-05-2026"", ""status"": ""UNAFFORDABLE_OR_PAST_CAPACITY""}, {""contract"": ""NSE_FO|41738|12-05-2026"", ""status"": ""ORDER_CREATED""}]",NSE_FO|41738|12-05-2026,23700.0,65,65,49.65,49.55,2026-05-12T10:21:00+05:30,23.30,2026-05-12T10:29:00+05:30,STOP,-1759.51,53.26,2326.25,0.4702320887991927346115035318
earlier,EXPIRY_FUTURE_TREND_TRAIL,2026-05-19,2026-05-19T10:00:00+05:30,PE,2326.25,EXPIRY_FUTURE_TREND,MODELED_EXIT,"[{""contract"": ""NSE_FO|51367|19-05-2026"", ""status"": ""UNAFFORDABLE_OR_PAST_CAPACITY""}, {""contract"": ""NSE_FO|51365|19-05-2026"", ""status"": ""UNAFFORDABLE_OR_PAST_CAPACITY""}, {""contract"": ""NSE_FO|51359|19-05-2026"", ""status"": ""UNAFFORDABLE_OR_PAST_CAPACITY""}, {""contract"": ""NSE_FO|51357|19-05-2026"", ""status"": ""ORDER_CREATED""}]",NSE_FO|51357|19-05-2026,23550.0,65,65,25.75,20.10,2026-05-19T10:01:00+05:30,9.00,2026-05-19T10:12:00+05:30,STOP,-771.56,50.06,1554.69,0.4477611940298507462686567164
earlier,EXPIRY_FUTURE_TREND_TRAIL,2026-05-26,2026-05-26T10:00:00+05:30,PE,1554.69,EXPIRY_FUTURE_TREND,MODELED_LIMIT_MISS,"[{""contract"": ""NSE_FO|72182|26-05-2026"", ""status"": ""UNAFFORDABLE_OR_PAST_CAPACITY""}, {""contract"": ""NSE_FO|72180|26-05-2026"", ""status"": ""UNAFFORDABLE_OR_PAST_CAPACITY""}, {""contract"": ""NSE_FO|72178|26-05-2026"", ""status"": ""UNAFFORDABLE_OR_PAST_CAPACITY""}, {""contract"": ""NSE_FO|72176|26-05-2026"", ""status"": ""ORDER_CREATED""}]",NSE_FO|72176|26-05-2026,23900.0,65,65,14.55,,,,,,,,,
earlier,EXPIRY_FUTURE_TREND_TRAIL,2026-06-02,2026-06-02T10:05:00+05:30,CE,1554.69,EXPIRY_FUTURE_TREND,MODELED_EXIT,"[{""contract"": ""NSE_FO|57022|02-06-2026"", ""status"": ""UNAFFORDABLE_OR_PAST_CAPACITY""}, {""contract"": ""NSE_FO|57024|02-06-2026"", ""status"": ""UNAFFORDABLE_OR_PAST_CAPACITY""}, {""contract"": ""NSE_FO|57026|02-06-2026"", ""status"": ""UNAFFORDABLE_OR_PAST_CAPACITY""}, {""contract"": ""NSE_FO|57028|02-06-2026"", ""status"": ""ORDER_CREATED""}]",NSE_FO|57028|02-06-2026,23450.0,65,65,12.40,11.70,2026-06-02T10:06:00+05:30,5.70,2026-06-02T10:16:00+05:30,STOP,-439.75,49.75,1114.94,0.4871794871794871794871794872
earlier,EXPIRY_FUTURE_TREND_TRAIL,2026-06-09,2026-06-09T10:10:00+05:30,PE,1114.94,EXPIRY_FUTURE_TREND,MODELED_LIMIT_MISS,"[{""contract"": ""NSE_FO|42279|09-06-2026"", ""status"": ""UNAFFORDABLE_OR_PAST_CAPACITY""}, {""contract"": ""NSE_FO|42273|09-06-2026"", ""status"": ""UNAFFORDABLE_OR_PAST_CAPACITY""}, {""contract"": ""NSE_FO|42271|09-06-2026"", ""status"": ""ORDER_CREATED""}]",NSE_FO|42271|09-06-2026,23050.0,65,65,13.65,,,,,,,,,
earlier,EXPIRY_FUTURE_TREND_TRAIL,2026-06-16,2026-06-16T10:05:00+05:30,PE,1114.94,EXPIRY_FUTURE_TREND,MODELED_EXIT,"[{""contract"": ""NSE_FO|50612|16-06-2026"", ""status"": ""UNAFFORDABLE_OR_PAST_CAPACITY""}, {""contract"": ""NSE_FO|50610|16-06-2026"", ""status"": ""UNAFFORDABLE_OR_PAST_CAPACITY""}, {""contract"": ""NSE_FO|50608|16-06-2026"", ""status"": ""ORDER_CREATED""}]",NSE_FO|50608|16-06-2026,23800.0,65,65,12.50,11.80,2026-06-16T10:06:00+05:30,6.20,2026-06-16T10:22:00+05:30,STOP,-413.77,49.77,701.17,0.5254237288135593220338983051
earlier,EXPIRY_FUTURE_OI_TARGET,2026-05-12,2026-05-12T15:00:00+05:30,PE,9411.18,EXPIRY_FUTURE_OI,MODELED_LIMIT_MISS,"[{""contract"": ""NSE_FO|41723|12-05-2026"", ""status"": ""ORDER_CREATED""}]",NSE_FO|41723|12-05-2026,23400.0,65,1430,6.20,,,,,,,,,
earlier,EXPIRY_FUTURE_OI_TRAIL,2026-05-12,2026-05-12T15:00:00+05:30,PE,9411.18,EXPIRY_FUTURE_OI,MODELED_LIMIT_MISS,"[{""contract"": ""NSE_FO|41723|12-05-2026"", ""status"": ""ORDER_CREATED""}]",NSE_FO|41723|12-05-2026,23400.0,65,1430,6.20,,,,,,,,,
earlier,EXPIRY_BASIS_LEAD_TARGET,2026-03-30,2026-03-30T11:10:00+05:30,PE,9411.18,EXPIRY_BASIS_LEAD,MODELED_LIMIT_MISS,"[{""contract"": ""NSE_FO|54477|30-03-2026"", ""status"": ""ORDER_CREATED""}]",NSE_FO|54477|30-03-2026,22450.0,65,65,85.50,,,,,,,,,
earlier,EXPIRY_BASIS_LEAD_TARGET,2026-05-19,2026-05-19T10:55:00+05:30,PE,9411.18,EXPIRY_BASIS_LEAD,MODELED_EXIT,"[{""contract"": ""NSE_FO|51371|19-05-2026"", ""status"": ""ORDER_CREATED""}]",NSE_FO|51371|19-05-2026,23750.0,65,130,64.35,52.65,2026-05-19T10:56:00+05:30,105.30,2026-05-19T14:45:00+05:30,TARGET_2X,6766.60,77.90,16177.78,2
earlier,EXPIRY_BASIS_LEAD_TARGET,2026-06-02,2026-06-02T15:05:00+05:30,CE,16177.78,EXPIRY_BASIS_LEAD,MODELED_LIMIT_MISS,"[{""contract"": ""NSE_FO|57028|02-06-2026"", ""status"": ""ORDER_CREATED""}]",NSE_FO|57028|02-06-2026,23450.0,65,780,18.20,,,,,,,,,
earlier,EXPIRY_BASIS_LEAD_TRAIL,2026-03-30,2026-03-30T11:10:00+05:30,PE,9411.18,EXPIRY_BASIS_LEAD,MODELED_LIMIT_MISS,"[{""contract"": ""NSE_FO|54477|30-03-2026"", ""status"": ""ORDER_CREATED""}]",NSE_FO|54477|30-03-2026,22450.0,65,65,85.50,,,,,,,,,
earlier,EXPIRY_BASIS_LEAD_TRAIL,2026-05-19,2026-05-19T10:55:00+05:30,PE,9411.18,EXPIRY_BASIS_LEAD,MODELED_EXIT,"[{""contract"": ""NSE_FO|51371|19-05-2026"", ""status"": ""ORDER_CREATED""}]",NSE_FO|51371|19-05-2026,23750.0,65,130,64.35,52.65,2026-05-19T10:56:00+05:30,43.95,2026-05-19T11:44:00+05:30,STOP,-1193.55,62.55,8217.63,0.8347578347578347578347578348
earlier,EXPIRY_BASIS_LEAD_TRAIL,2026-06-02,2026-06-02T15:05:00+05:30,CE,8217.63,EXPIRY_BASIS_LEAD,MODELED_LIMIT_MISS,"[{""contract"": ""NSE_FO|57028|02-06-2026"", ""status"": ""ORDER_CREATED""}]",NSE_FO|57028|02-06-2026,23450.0,65,390,18.20,,,,,,,,,
earlier,EXPIRY_IV_CHEAP_TREND_TARGET,2026-03-30,2026-03-30T15:05:00+05:30,PE,9411.18,EXPIRY_IV_CHEAP_TREND,MODELED_LIMIT_MISS,"[{""contract"": ""NSE_FO|54471|30-03-2026"", ""status"": ""ORDER_CREATED""}]",NSE_FO|54471|30-03-2026,22300.0,65,585,14.55,,,,,,,,,
earlier,EXPIRY_IV_CHEAP_TREND_TARGET,2026-04-28,2026-04-28T14:15:00+05:30,PE,9411.18,EXPIRY_IV_CHEAP_TREND,MODELED_LIMIT_MISS,"[{""contract"": ""NSE_FO|72264|28-04-2026"", ""status"": ""ORDER_CREATED""}]",NSE_FO|72264|28-04-2026,24000.0,65,195,39.50,,,,,,,,,
earlier,EXPIRY_IV_CHEAP_TREND_TARGET,2026-05-12,2026-05-12T14:10:00+05:30,PE,9411.18,EXPIRY_IV_CHEAP_TREND,MODELED_LIMIT_MISS,"[{""contract"": ""NSE_FO|41725|12-05-2026"", ""status"": ""ORDER_CREATED""}]",NSE_FO|41725|12-05-2026,23450.0,65,455,18.50,,,,,,,,,
earlier,EXPIRY_IV_CHEAP_TREND_TARGET,2026-05-19,2026-05-19T14:40:00+05:30,PE,9411.18,EXPIRY_IV_CHEAP_TREND,MODELED_LIMIT_MISS,"[{""contract"": ""NSE_FO|51367|19-05-2026"", ""status"": ""ORDER_CREATED""}]",NSE_FO|51367|19-05-2026,23700.0,65,325,25.40,,,,,,,,,
earlier,EXPIRY_IV_CHEAP_TREND_TRAIL,2026-03-30,2026-03-30T15:05:00+05:30,PE,9411.18,EXPIRY_IV_CHEAP_TREND,MODELED_LIMIT_MISS,"[{""contract"": ""NSE_FO|54471|30-03-2026"", ""status"": ""ORDER_CREATED""}]",NSE_FO|54471|30-03-2026,22300.0,65,585,14.55,,,,,,,,,
earlier,EXPIRY_IV_CHEAP_TREND_TRAIL,2026-04-28,2026-04-28T14:15:00+05:30,PE,9411.18,EXPIRY_IV_CHEAP_TREND,MODELED_LIMIT_MISS,"[{""contract"": ""NSE_FO|72264|28-04-2026"", ""status"": ""ORDER_CREATED""}]",NSE_FO|72264|28-04-2026,24000.0,65,195,39.50,,,,,,,,,
earlier,EXPIRY_IV_CHEAP_TREND_TRAIL,2026-05-12,2026-05-12T14:10:00+05:30,PE,9411.18,EXPIRY_IV_CHEAP_TREND,MODELED_LIMIT_MISS,"[{""contract"": ""NSE_FO|41725|12-05-2026"", ""status"": ""ORDER_CREATED""}]",NSE_FO|41725|12-05-2026,23450.0,65,455,18.50,,,,,,,,,
earlier,EXPIRY_IV_CHEAP_TREND_TRAIL,2026-05-19,2026-05-19T14:40:00+05:30,PE,9411.18,EXPIRY_IV_CHEAP_TREND,MODELED_LIMIT_MISS,"[{""contract"": ""NSE_FO|51367|19-05-2026"", ""status"": ""ORDER_CREATED""}]",NSE_FO|51367|19-05-2026,23700.0,65,325,25.40,,,,,,,,,
earlier,EXPIRY_SKEW_UNWIND_TARGET,2026-03-24,2026-03-24T14:40:00+05:30,PE,9411.18,EXPIRY_SKEW_UNWIND,MODELED_LIMIT_MISS,"[{""contract"": ""NSE_FO|62567|24-03-2026"", ""status"": ""ORDER_CREATED""}]",NSE_FO|62567|24-03-2026,22900.0,65,130,50.00,,,,,,,,,
earlier,EXPIRY_SKEW_UNWIND_TARGET,2026-03-30,2026-03-30T14:25:00+05:30,PE,9411.18,EXPIRY_SKEW_UNWIND,MODELED_LIMIT_MISS,"[{""contract"": ""NSE_FO|54475|30-03-2026"", ""status"": ""ORDER_CREATED""}]",NSE_FO|54475|30-03-2026,22400.0,65,130,47.85,,,,,,,,,
earlier,EXPIRY_SKEW_UNWIND_TARGET,2026-04-07,2026-04-07T13:35:00+05:30,CE,9411.18,EXPIRY_SKEW_UNWIND,MODELED_LIMIT_MISS,"[{""contract"": ""NSE_FO|40772|07-04-2026"", ""status"": ""ORDER_CREATED""}]",NSE_FO|40772|07-04-2026,23000.0,65,65,72.20,,,,,,,,,
earlier,EXPIRY_SKEW_UNWIND_TARGET,2026-04-13,2026-04-13T15:10:00+05:30,PE,9411.18,EXPIRY_SKEW_UNWIND,MODELED_LIMIT_MISS,"[{""contract"": ""NSE_FO|54807|13-04-2026"", ""status"": ""ORDER_CREATED""}]",NSE_FO|54807|13-04-2026,23850.0,65,455,18.90,,,,,,,,,
earlier,EXPIRY_SKEW_UNWIND_TARGET,2026-04-21,2026-04-21T13:45:00+05:30,PE,9411.18,EXPIRY_SKEW_UNWIND,MODELED_EXIT,"[{""contract"": ""NSE_FO|63463|21-04-2026"", ""status"": ""ORDER_CREATED""}]",NSE_FO|63463|21-04-2026,24550.0,65,195,44.80,41.65,2026-04-21T13:46:00+05:30,19.50,2026-04-21T13:57:00+05:30,STOP,-4378.52,59.27,5032.66,0.4681872749099639855942376951
earlier,EXPIRY_SKEW_UNWIND_TARGET,2026-04-28,2026-04-28T15:05:00+05:30,PE,5032.66,EXPIRY_SKEW_UNWIND,MODELED_LIMIT_MISS,"[{""contract"": ""NSE_FO|72264|28-04-2026"", ""status"": ""ORDER_CREATED""}]",NSE_FO|72264|28-04-2026,24000.0,65,455,9.75,,,,,,,,,
earlier,EXPIRY_SKEW_UNWIND_TARGET,2026-05-05,2026-05-05T13:10:00+05:30,CE,5032.66,EXPIRY_SKEW_UNWIND,MODELED_LIMIT_MISS,"[{""contract"": ""NSE_FO|74155|05-05-2026"", ""status"": ""ORDER_CREATED""}]",NSE_FO|74155|05-05-2026,24050.0,65,65,57.75,,,,,,,,,
earlier,EXPIRY_SKEW_UNWIND_TARGET,2026-05-12,2026-05-12T12:10:00+05:30,PE,5032.66,EXPIRY_SKEW_UNWIND,MODELED_EXIT,"[{""contract"": ""NSE_FO|41731|12-05-2026"", ""status"": ""ORDER_CREATED""}]",NSE_FO|41731|12-05-2026,23550.0,65,65,44.25,38.75,2026-05-12T12:11:00+05:30,77.50,2026-05-12T14:08:00+05:30,TARGET_2X,2459.32,59.43,7491.98,2
earlier,EXPIRY_SKEW_UNWIND_TARGET,2026-05-19,2026-05-19T14:05:00+05:30,CE,7491.98,EXPIRY_SKEW_UNWIND,MODELED_LIMIT_MISS,"[{""contract"": ""NSE_FO|51366|19-05-2026"", ""status"": ""ORDER_CREATED""}]",NSE_FO|51366|19-05-2026,23700.0,65,195,32.90,,,,,,,,,
earlier,EXPIRY_SKEW_UNWIND_TARGET,2026-05-26,2026-05-26T12:00:00+05:30,PE,7491.98,EXPIRY_SKEW_UNWIND,MODELED_LIMIT_MISS,"[{""contract"": ""NSE_FO|72182|26-05-2026"", ""status"": ""ORDER_CREATED""}]",NSE_FO|72182|26-05-2026,24050.0,65,130,47.20,,,,,,,,,
earlier,EXPIRY_SKEW_UNWIND_TARGET,2026-06-02,2026-06-02T10:25:00+05:30,CE,7491.98,EXPIRY_SKEW_UNWIND,MODELED_LIMIT_MISS,"[{""contract"": ""NSE_FO|57024|02-06-2026"", ""status"": ""ORDER_CREATED""}]",NSE_FO|57024|02-06-2026,23350.0,65,65,57.55,,,,,,,,,
earlier,EXPIRY_SKEW_UNWIND_TARGET,2026-06-09,2026-06-09T11:25:00+05:30,PE,7491.98,EXPIRY_SKEW_UNWIND,MODELED_EXIT,"[{""contract"": ""NSE_FO|42273|09-06-2026"", ""status"": ""ORDER_CREATED""}]",NSE_FO|42273|09-06-2026,23100.0,65,130,42.65,40.70,2026-06-09T11:26:00+05:30,19.80,2026-06-09T11:46:00+05:30,STOP,-2772.56,55.56,4719.42,0.4864864864864864864864864865
earlier,EXPIRY_SKEW_UNWIND_TARGET,2026-06-16,2026-06-16T14:45:00+05:30,PE,4719.42,EXPIRY_SKEW_UNWIND,MODELED_EXIT,"[{""contract"": ""NSE_FO|50614|16-06-2026"", ""status"": ""ORDER_CREATED""}]",NSE_FO|50614|16-06-2026,23950.0,65,325,13.35,11.20,2026-06-16T14:46:00+05:30,4.25,2026-06-16T14:49:00+05:30,STOP,-2312.13,53.38,2407.29,0.3794642857142857142857142857
earlier,EXPIRY_SKEW_UNWIND_TRAIL,2026-03-24,2026-03-24T14:40:00+05:30,PE,9411.18,EXPIRY_SKEW_UNWIND,MODELED_LIMIT_MISS,"[{""contract"": ""NSE_FO|62567|24-03-2026"", ""status"": ""ORDER_CREATED""}]",NSE_FO|62567|24-03-2026,22900.0,65,130,50.00,,,,,,,,,
earlier,EXPIRY_SKEW_UNWIND_TRAIL,2026-03-30,2026-03-30T14:25:00+05:30,PE,9411.18,EXPIRY_SKEW_UNWIND,MODELED_LIMIT_MISS,"[{""contract"": ""NSE_FO|54475|30-03-2026"", ""status"": ""ORDER_CREATED""}]",NSE_FO|54475|30-03-2026,22400.0,65,130,47.85,,,,,,,,,
earlier,EXPIRY_SKEW_UNWIND_TRAIL,2026-04-07,2026-04-07T13:35:00+05:30,CE,9411.18,EXPIRY_SKEW_UNWIND,MODELED_LIMIT_MISS,"[{""contract"": ""NSE_FO|40772|07-04-2026"", ""status"": ""ORDER_CREATED""}]",NSE_FO|40772|07-04-2026,23000.0,65,65,72.20,,,,,,,,,
earlier,EXPIRY_SKEW_UNWIND_TRAIL,2026-04-13,2026-04-13T15:10:00+05:30,PE,9411.18,EXPIRY_SKEW_UNWIND,MODELED_LIMIT_MISS,"[{""contract"": ""NSE_FO|54807|13-04-2026"", ""status"": ""ORDER_CREATED""}]",NSE_FO|54807|13-04-2026,23850.0,65,455,18.90,,,,,,,,,
earlier,EXPIRY_SKEW_UNWIND_TRAIL,2026-04-21,2026-04-21T13:45:00+05:30,PE,9411.18,EXPIRY_SKEW_UNWIND,MODELED_EXIT,"[{""contract"": ""NSE_FO|63463|21-04-2026"", ""status"": ""ORDER_CREATED""}]",NSE_FO|63463|21-04-2026,24550.0,65,195,44.80,41.65,2026-04-21T13:46:00+05:30,19.50,2026-04-21T13:57:00+05:30,STOP,-4378.52,59.27,5032.66,0.4681872749099639855942376951
earlier,EXPIRY_SKEW_UNWIND_TRAIL,2026-04-28,2026-04-28T15:05:00+05:30,PE,5032.66,EXPIRY_SKEW_UNWIND,MODELED_LIMIT_MISS,"[{""contract"": ""NSE_FO|72264|28-04-2026"", ""status"": ""ORDER_CREATED""}]",NSE_FO|72264|28-04-2026,24000.0,65,455,9.75,,,,,,,,,
earlier,EXPIRY_SKEW_UNWIND_TRAIL,2026-05-05,2026-05-05T13:10:00+05:30,CE,5032.66,EXPIRY_SKEW_UNWIND,MODELED_LIMIT_MISS,"[{""contract"": ""NSE_FO|74155|05-05-2026"", ""status"": ""ORDER_CREATED""}]",NSE_FO|74155|05-05-2026,24050.0,65,65,57.75,,,,,,,,,
earlier,EXPIRY_SKEW_UNWIND_TRAIL,2026-05-12,2026-05-12T12:10:00+05:30,PE,5032.66,EXPIRY_SKEW_UNWIND,MODELED_EXIT,"[{""contract"": ""NSE_FO|41731|12-05-2026"", ""status"": ""ORDER_CREATED""}]",NSE_FO|41731|12-05-2026,23550.0,65,65,44.25,38.75,2026-05-12T12:11:00+05:30,169.25,2026-05-12T15:25:00+05:30,TIMED_CLOSE,8411.56,70.94,13444.22,4.367741935483870967741935484
earlier,EXPIRY_SKEW_UNWIND_TRAIL,2026-05-19,2026-05-19T14:05:00+05:30,CE,13444.22,EXPIRY_SKEW_UNWIND,MODELED_LIMIT_MISS,"[{""contract"": ""NSE_FO|51366|19-05-2026"", ""status"": ""ORDER_CREATED""}]",NSE_FO|51366|19-05-2026,23700.0,65,325,32.90,,,,,,,,,
earlier,EXPIRY_SKEW_UNWIND_TRAIL,2026-05-26,2026-05-26T12:00:00+05:30,PE,13444.22,EXPIRY_SKEW_UNWIND,MODELED_LIMIT_MISS,"[{""contract"": ""NSE_FO|72182|26-05-2026"", ""status"": ""ORDER_CREATED""}]",NSE_FO|72182|26-05-2026,24050.0,65,260,47.20,,,,,,,,,
earlier,EXPIRY_SKEW_UNWIND_TRAIL,2026-06-02,2026-06-02T10:25:00+05:30,CE,13444.22,EXPIRY_SKEW_UNWIND,MODELED_LIMIT_MISS,"[{""contract"": ""NSE_FO|57024|02-06-2026"", ""status"": ""ORDER_CREATED""}]",NSE_FO|57024|02-06-2026,23350.0,65,195,57.55,,,,,,,,,
earlier,EXPIRY_SKEW_UNWIND_TRAIL,2026-06-09,2026-06-09T11:25:00+05:30,PE,13444.22,EXPIRY_SKEW_UNWIND,MODELED_EXIT,"[{""contract"": ""NSE_FO|42273|09-06-2026"", ""status"": ""ORDER_CREATED""}]",NSE_FO|42273|09-06-2026,23100.0,65,260,42.65,40.70,2026-06-09T11:26:00+05:30,19.80,2026-06-09T11:46:00+05:30,STOP,-5496.87,62.87,7947.35,0.4864864864864864864864864865
earlier,EXPIRY_SKEW_UNWIND_TRAIL,2026-06-16,2026-06-16T14:45:00+05:30,PE,7947.35,EXPIRY_SKEW_UNWIND,MODELED_EXIT,"[{""contract"": ""NSE_FO|50614|16-06-2026"", ""status"": ""ORDER_CREATED""}]",NSE_FO|50614|16-06-2026,23950.0,65,520,13.35,11.20,2026-06-16T14:46:00+05:30,4.25,2026-06-16T14:49:00+05:30,STOP,-3669.63,55.63,4277.72,0.3794642857142857142857142857
earlier,EXPIRY_SECTOR_CONFIRM_TARGET,2026-03-24,2026-03-24T10:10:00+05:30,PE,9411.18,EXPIRY_SECTOR_CONFIRM,MODELED_EXIT,"[{""contract"": ""NSE_FO|62556|24-03-2026"", ""status"": ""ORDER_CREATED""}]",NSE_FO|62556|24-03-2026,22700.0,65,65,115.00,108.40,2026-03-24T10:11:00+05:30,50.65,2026-03-24T11:36:00+05:30,STOP,-3811.35,57.60,5599.83,0.4672509225092250922509225092
earlier,EXPIRY_SECTOR_CONFIRM_TARGET,2026-03-30,2026-03-30T10:00:00+05:30,PE,5599.83,EXPIRY_SECTOR_CONFIRM,MODELED_LIMIT_MISS,"[{""contract"": ""NSE_FO|54483|30-03-2026"", ""status"": ""UNAFFORDABLE_OR_PAST_CAPACITY""}, {""contract"": ""NSE_FO|54481|30-03-2026"", ""status"": ""UNAFFORDABLE_OR_PAST_CAPACITY""}, {""contract"": ""NSE_FO|54479|30-03-2026"", ""status"": ""ORDER_CREATED""}]",NSE_FO|54479|30-03-2026,22500.0,65,65,73.90,,,,,,,,,
earlier,EXPIRY_SECTOR_CONFIRM_TARGET,2026-04-07,2026-04-07T10:00:00+05:30,CE,5599.83,EXPIRY_SECTOR_CONFIRM,MODELED_LIMIT_MISS,"[{""contract"": ""NSE_FO|40761|07-04-2026"", ""status"": ""UNAFFORDABLE_OR_PAST_CAPACITY""}, {""contract"": ""NSE_FO|40770|07-04-2026"", ""status"": ""ORDER_CREATED""}]",NSE_FO|40770|07-04-2026,22950.0,65,65,72.00,,,,,,,,,
earlier,EXPIRY_SECTOR_CONFIRM_TARGET,2026-04-13,2026-04-13T10:00:00+05:30,CE,5599.83,EXPIRY_SECTOR_CONFIRM,MODELED_EXIT,"[{""contract"": ""NSE_FO|54798|13-04-2026"", ""status"": ""UNAFFORDABLE_OR_PAST_CAPACITY""}, {""contract"": ""NSE_FO|54800|13-04-2026"", ""status"": ""ORDER_CREATED""}]",NSE_FO|54800|13-04-2026,23700.0,65,65,60.10,59.80,2026-04-13T10:01:00+05:30,119.60,2026-04-13T11:51:00+05:30,TARGET_2X,3821.83,65.17,9421.66,2
earlier,EXPIRY_SECTOR_CONFIRM_TARGET,2026-04-21,2026-04-21T10:00:00+05:30,CE,9421.66,EXPIRY_SECTOR_CONFIRM,MODELED_EXIT,"[{""contract"": ""NSE_FO|63447|21-04-2026"", ""status"": ""ORDER_CREATED""}]",NSE_FO|63447|21-04-2026,24500.0,65,130,64.70,64.20,2026-04-21T10:01:00+05:30,76.45,2026-04-21T15:25:00+05:30,TIMED_CLOSE,1521.56,70.94,10943.22,1.190809968847352024922118380
earlier,EXPIRY_SECTOR_CONFIRM_TARGET,2026-04-28,2026-04-28T10:00:00+05:30,CE,10943.22,EXPIRY_SECTOR_CONFIRM,MODELED_LIMIT_MISS,"[{""contract"": ""NSE_FO|72269|28-04-2026"", ""status"": ""ORDER_CREATED""}]",NSE_FO|72269|28-04-2026,24150.0,65,130,54.20,,,,,,,,,
earlier,EXPIRY_SECTOR_CONFIRM_TARGET,2026-05-05,2026-05-05T10:00:00+05:30,CE,10943.22,EXPIRY_SECTOR_CONFIRM,MODELED_EXIT,"[{""contract"": ""NSE_FO|74155|05-05-2026"", ""status"": ""ORDER_CREATED""}]",NSE_FO|74155|05-05-2026,24050.0,65,130,59.95,53.15,2026-05-05T10:01:00+05:30,23.95,2026-05-05T10:16:00+05:30,STOP,-3853.47,57.47,7089.75,0.4506114769520225776105362183
earlier,EXPIRY_SECTOR_CONFIRM_TARGET,2026-05-12,2026-05-12T10:20:00+05:30,CE,7089.75,EXPIRY_SECTOR_CONFIRM,MODELED_EXIT,"[{""contract"": ""NSE_FO|41736|12-05-2026"", ""status"": ""ORDER_CREATED""}]",NSE_FO|41736|12-05-2026,23650.0,65,65,75.20,74.80,2026-05-12T10:21:00+05:30,36.20,2026-05-12T10:38:00+05:30,STOP,-2564.29,55.29,4525.46,0.4839572192513368983957219251
earlier,EXPIRY_SECTOR_CONFIRM_TARGET,2026-05-19,2026-05-19T10:00:00+05:30,PE,4525.46,EXPIRY_SECTOR_CONFIRM,MODELED_EXIT,"[{""contract"": ""NSE_FO|51367|19-05-2026"", ""status"": ""UNAFFORDABLE_OR_PAST_CAPACITY""}, {""contract"": ""NSE_FO|51365|19-05-2026"", ""status"": ""ORDER_CREATED""}]",NSE_FO|51365|19-05-2026,23650.0,65,65,59.25,48.05,2026-05-19T10:01:00+05:30,22.75,2026-05-19T10:12:00+05:30,STOP,-1697.69,53.19,2827.77,0.4734651404786680541103017690
earlier,EXPIRY_SECTOR_CONFIRM_TARGET,2026-05-26,2026-05-26T10:00:00+05:30,PE,2827.77,EXPIRY_SECTOR_CONFIRM,MODELED_LIMIT_MISS,"[{""contract"": ""NSE_FO|72182|26-05-2026"", ""status"": ""UNAFFORDABLE_OR_PAST_CAPACITY""}, {""contract"": ""NSE_FO|72180|26-05-2026"", ""status"": ""UNAFFORDABLE_OR_PAST_CAPACITY""}, {""contract"": ""NSE_FO|72178|26-05-2026"", ""status"": ""ORDER_CREATED""}]",NSE_FO|72178|26-05-2026,23950.0,65,65,25.75,,,,,,,,,
earlier,EXPIRY_SECTOR_CONFIRM_TARGET,2026-06-02,2026-06-02T10:05:00+05:30,CE,2827.77,EXPIRY_SECTOR_CONFIRM,MODELED_EXIT,"[{""contract"": ""NSE_FO|57022|02-06-2026"", ""status"": ""UNAFFORDABLE_OR_PAST_CAPACITY""}, {""contract"": ""NSE_FO|57024|02-06-2026"", ""status"": ""ORDER_CREATED""}]",NSE_FO|57024|02-06-2026,23350.0,65,65,38.95,37.15,2026-06-02T10:06:00+05:30,17.65,2026-06-02T10:17:00+05:30,STOP,-1319.25,51.75,1508.52,0.4751009421265141318977119785
earlier,EXPIRY_SECTOR_CONFIRM_TARGET,2026-06-09,2026-06-09T10:10:00+05:30,PE,1508.52,EXPIRY_SECTOR_CONFIRM,MODELED_LIMIT_MISS,"[{""contract"": ""NSE_FO|42279|09-06-2026"", ""status"": ""UNAFFORDABLE_OR_PAST_CAPACITY""}, {""contract"": ""NSE_FO|42273|09-06-2026"", ""status"": ""UNAFFORDABLE_OR_PAST_CAPACITY""}, {""contract"": ""NSE_FO|42271|09-06-2026"", ""status"": ""ORDER_CREATED""}]",NSE_FO|42271|09-06-2026,23050.0,65,65,13.65,,,,,,,,,
earlier,EXPIRY_SECTOR_CONFIRM_TARGET,2026-06-16,2026-06-16T10:25:00+05:30,CE,1508.52,EXPIRY_SECTOR_CONFIRM,MODELED_LIMIT_MISS,"[{""contract"": ""NSE_FO|50613|16-06-2026"", ""status"": ""UNAFFORDABLE_OR_PAST_CAPACITY""}, {""contract"": ""NSE_FO|50615|16-06-2026"", ""status"": ""ORDER_CREATED""}]",NSE_FO|50615|16-06-2026,24000.0,65,65,20.15,,,,,,,,,
earlier,EXPIRY_SECTOR_CONFIRM_TRAIL,2026-03-24,2026-03-24T10:10:00+05:30,PE,9411.18,EXPIRY_SECTOR_CONFIRM,MODELED_EXIT,"[{""contract"": ""NSE_FO|62556|24-03-2026"", ""status"": ""ORDER_CREATED""}]",NSE_FO|62556|24-03-2026,22700.0,65,65,115.00,108.40,2026-03-24T10:11:00+05:30,64.10,2026-03-24T11:21:00+05:30,STOP,-2939.48,59.98,6471.70,0.5913284132841328413284132841
earlier,EXPIRY_SECTOR_CONFIRM_TRAIL,2026-03-30,2026-03-30T10:00:00+05:30,PE,6471.70,EXPIRY_SECTOR_CONFIRM,MODELED_LIMIT_MISS,"[{""contract"": ""NSE_FO|54483|30-03-2026"", ""status"": ""UNAFFORDABLE_OR_PAST_CAPACITY""}, {""contract"": ""NSE_FO|54481|30-03-2026"", ""status"": ""ORDER_CREATED""}]",NSE_FO|54481|30-03-2026,22550.0,65,65,93.35,,,,,,,,,
earlier,EXPIRY_SECTOR_CONFIRM_TRAIL,2026-04-07,2026-04-07T10:00:00+05:30,CE,6471.70,EXPIRY_SECTOR_CONFIRM,MODELED_LIMIT_MISS,"[{""contract"": ""NSE_FO|40761|07-04-2026"", ""status"": ""UNAFFORDABLE_OR_PAST_CAPACITY""}, {""contract"": ""NSE_FO|40770|07-04-2026"", ""status"": ""ORDER_CREATED""}]",NSE_FO|40770|07-04-2026,22950.0,65,65,72.00,,,,,,,,,
earlier,EXPIRY_SECTOR_CONFIRM_TRAIL,2026-04-13,2026-04-13T10:00:00+05:30,CE,6471.70,EXPIRY_SECTOR_CONFIRM,MODELED_EXIT,"[{""contract"": ""NSE_FO|54798|13-04-2026"", ""status"": ""ORDER_CREATED""}]",NSE_FO|54798|13-04-2026,23650.0,65,65,84.40,84.0,2026-04-13T10:01:00+05:30,186.80,2026-04-13T15:25:00+05:30,TIMED_CLOSE,6607.34,74.66,13079.04,2.223809523809523809523809524
earlier,EXPIRY_SECTOR_CONFIRM_TRAIL,2026-04-21,2026-04-21T10:00:00+05:30,CE,13079.04,EXPIRY_SECTOR_CONFIRM,MODELED_EXIT,"[{""contract"": ""NSE_FO|63447|21-04-2026"", ""status"": ""ORDER_CREATED""}]",NSE_FO|63447|21-04-2026,24500.0,65,130,64.70,64.20,2026-04-21T10:01:00+05:30,39.10,2026-04-21T13:44:00+05:30,STOP,-3324.89,61.89,9754.15,0.6090342679127725856697819315
earlier,EXPIRY_SECTOR_CONFIRM_TRAIL,2026-04-28,2026-04-28T10:00:00+05:30,CE,9754.15,EXPIRY_SECTOR_CONFIRM,MODELED_LIMIT_MISS,"[{""contract"": ""NSE_FO|72269|28-04-2026"", ""status"": ""ORDER_CREATED""}]",NSE_FO|72269|28-04-2026,24150.0,65,130,54.20,,,,,,,,,
earlier,EXPIRY_SECTOR_CONFIRM_TRAIL,2026-05-05,2026-05-05T10:00:00+05:30,CE,9754.15,EXPIRY_SECTOR_CONFIRM,MODELED_EXIT,"[{""contract"": ""NSE_FO|74155|05-05-2026"", ""status"": ""ORDER_CREATED""}]",NSE_FO|74155|05-05-2026,24050.0,65,130,59.95,53.15,2026-05-05T10:01:00+05:30,23.95,2026-05-05T10:16:00+05:30,STOP,-3853.47,57.47,5900.68,0.4506114769520225776105362183
earlier,EXPIRY_SECTOR_CONFIRM_TRAIL,2026-05-12,2026-05-12T10:20:00+05:30,CE,5900.68,EXPIRY_SECTOR_CONFIRM,MODELED_EXIT,"[{""contract"": ""NSE_FO|41736|12-05-2026"", ""status"": ""ORDER_CREATED""}]",NSE_FO|41736|12-05-2026,23650.0,65,65,75.20,74.80,2026-05-12T10:21:00+05:30,36.20,2026-05-12T10:38:00+05:30,STOP,-2564.29,55.29,3336.39,0.4839572192513368983957219251
earlier,EXPIRY_SECTOR_CONFIRM_TRAIL,2026-05-19,2026-05-19T10:00:00+05:30,PE,3336.39,EXPIRY_SECTOR_CONFIRM,MODELED_EXIT,"[{""contract"": ""NSE_FO|51367|19-05-2026"", ""status"": ""UNAFFORDABLE_OR_PAST_CAPACITY""}, {""contract"": ""NSE_FO|51365|19-05-2026"", ""status"": ""UNAFFORDABLE_OR_PAST_CAPACITY""}, {""contract"": ""NSE_FO|51359|19-05-2026"", ""status"": ""ORDER_CREATED""}]",NSE_FO|51359|19-05-2026,23600.0,65,65,39.55,31.60,2026-05-19T10:01:00+05:30,14.25,2026-05-19T10:12:00+05:30,STOP,-1179.26,51.51,2157.13,0.4509493670886075949367088608
earlier,EXPIRY_SECTOR_CONFIRM_TRAIL,2026-05-26,2026-05-26T10:00:00+05:30,PE,2157.13,EXPIRY_SECTOR_CONFIRM,MODELED_LIMIT_MISS,"[{""contract"": ""NSE_FO|72182|26-05-2026"", ""status"": ""UNAFFORDABLE_OR_PAST_CAPACITY""}, {""contract"": ""NSE_FO|72180|26-05-2026"", ""status"": ""UNAFFORDABLE_OR_PAST_CAPACITY""}, {""contract"": ""NSE_FO|72178|26-05-2026"", ""status"": ""ORDER_CREATED""}]",NSE_FO|72178|26-05-2026,23950.0,65,65,25.75,,,,,,,,,
earlier,EXPIRY_SECTOR_CONFIRM_TRAIL,2026-06-02,2026-06-02T10:05:00+05:30,CE,2157.13,EXPIRY_SECTOR_CONFIRM,MODELED_EXIT,"[{""contract"": ""NSE_FO|57022|02-06-2026"", ""status"": ""UNAFFORDABLE_OR_PAST_CAPACITY""}, {""contract"": ""NSE_FO|57024|02-06-2026"", ""status"": ""UNAFFORDABLE_OR_PAST_CAPACITY""}, {""contract"": ""NSE_FO|57026|02-06-2026"", ""status"": ""ORDER_CREATED""}]",NSE_FO|57026|02-06-2026,23400.0,65,65,22.35,21.15,2026-06-02T10:06:00+05:30,10.15,2026-06-02T10:16:00+05:30,STOP,-765.12,50.12,1392.01,0.4799054373522458628841607565
earlier,EXPIRY_SECTOR_CONFIRM_TRAIL,2026-06-09,2026-06-09T10:10:00+05:30,PE,1392.01,EXPIRY_SECTOR_CONFIRM,MODELED_LIMIT_MISS,"[{""contract"": ""NSE_FO|42279|09-06-2026"", ""status"": ""UNAFFORDABLE_OR_PAST_CAPACITY""}, {""contract"": ""NSE_FO|42273|09-06-2026"", ""status"": ""UNAFFORDABLE_OR_PAST_CAPACITY""}, {""contract"": ""NSE_FO|42271|09-06-2026"", ""status"": ""ORDER_CREATED""}]",NSE_FO|42271|09-06-2026,23050.0,65,65,13.65,,,,,,,,,
earlier,EXPIRY_SECTOR_CONFIRM_TRAIL,2026-06-16,2026-06-16T10:25:00+05:30,CE,1392.01,EXPIRY_SECTOR_CONFIRM,MODELED_LIMIT_MISS,"[{""contract"": ""NSE_FO|50613|16-06-2026"", ""status"": ""UNAFFORDABLE_OR_PAST_CAPACITY""}, {""contract"": ""NSE_FO|50615|16-06-2026"", ""status"": ""UNAFFORDABLE_OR_PAST_CAPACITY""}, {""contract"": ""NSE_FO|50617|16-06-2026"", ""status"": ""ORDER_CREATED""}]",NSE_FO|50617|16-06-2026,24050.0,65,65,10.10,,,,,,,,,
earlier,EXPIRY_CHAIN_UNWIND_TARGET,2026-03-24,2026-03-24T10:35:00+05:30,PE,9411.18,EXPIRY_CHAIN_UNWIND,MODELED_LIMIT_MISS,"[{""contract"": ""NSE_FO|62509|24-03-2026"", ""status"": ""ORDER_CREATED""}]",NSE_FO|62509|24-03-2026,22650.0,65,65,90.10,,,,,,,,,
earlier,EXPIRY_CHAIN_UNWIND_TARGET,2026-03-30,2026-03-30T13:55:00+05:30,PE,9411.18,EXPIRY_CHAIN_UNWIND,MODELED_EXIT,"[{""contract"": ""NSE_FO|54475|30-03-2026"", ""status"": ""ORDER_CREATED""}]",NSE_FO|54475|30-03-2026,22400.0,65,130,46.80,44.45,2026-03-30T13:56:00+05:30,19.45,2026-03-30T14:03:00+05:30,STOP,-3305.75,55.75,6105.43,0.4375703037120359955005624297
earlier,EXPIRY_CHAIN_UNWIND_TARGET,2026-04-07,2026-04-07T10:05:00+05:30,CE,6105.43,EXPIRY_CHAIN_UNWIND,MODELED_EXIT,"[{""contract"": ""NSE_FO|40761|07-04-2026"", ""status"": ""UNAFFORDABLE_OR_PAST_CAPACITY""}, {""contract"": ""NSE_FO|40770|07-04-2026"", ""status"": ""ORDER_CREATED""}]",NSE_FO|40770|07-04-2026,22950.0,65,65,84.95,80.90,2026-04-07T10:06:00+05:30,39.00,2026-04-07T11:00:00+05:30,STOP,-2779.04,55.54,3326.39,0.4820766378244746600741656366
earlier,EXPIRY_CHAIN_UNWIND_TARGET,2026-04-13,2026-04-13T10:00:00+05:30,CE,3326.39,EXPIRY_CHAIN_UNWIND,MODELED_LIMIT_MISS,"[{""contract"": ""NSE_FO|54798|13-04-2026"", ""status"": ""UNAFFORDABLE_OR_PAST_CAPACITY""}, {""contract"": ""NSE_FO|54800|13-04-2026"", ""status"": ""UNAFFORDABLE_OR_PAST_CAPACITY""}, {""contract"": ""NSE_FO|54802|13-04-2026"", ""status"": ""ORDER_CREATED""}]",NSE_FO|54802|13-04-2026,23750.0,65,65,40.55,,,,,,,,,
earlier,EXPIRY_CHAIN_UNWIND_TARGET,2026-04-21,2026-04-21T11:00:00+05:30,CE,3326.39,EXPIRY_CHAIN_UNWIND,MODELED_EXIT,"[{""contract"": ""NSE_FO|63458|21-04-2026"", ""status"": ""UNAFFORDABLE_OR_PAST_CAPACITY""}, {""contract"": ""NSE_FO|63464|21-04-2026"", ""status"": ""ORDER_CREATED""}]",NSE_FO|63464|21-04-2026,24600.0,65,65,28.95,28.20,2026-04-21T11:01:00+05:30,13.75,2026-04-21T12:00:00+05:30,STOP,-990.67,51.42,2335.72,0.4875886524822695035460992908
earlier,EXPIRY_CHAIN_UNWIND_TARGET,2026-04-28,2026-04-28T11:30:00+05:30,PE,2335.72,EXPIRY_CHAIN_UNWIND,MODELED_EXIT,"[{""contract"": ""NSE_FO|72266|28-04-2026"", ""status"": ""UNAFFORDABLE_OR_PAST_CAPACITY""}, {""contract"": ""NSE_FO|72264|28-04-2026"", ""status"": ""ORDER_CREATED""}]",NSE_FO|72264|28-04-2026,24000.0,65,65,30.35,29.90,2026-04-28T11:31:00+05:30,14.45,2026-04-28T11:40:00+05:30,STOP,-1055.73,51.48,1279.99,0.4832775919732441471571906355
earlier,EXPIRY_CHAIN_UNWIND_TARGET,2026-05-05,2026-05-05T10:05:00+05:30,PE,1279.99,EXPIRY_CHAIN_UNWIND,MODELED_LIMIT_MISS,"[{""contract"": ""NSE_FO|74154|05-05-2026"", ""status"": ""UNAFFORDABLE_OR_PAST_CAPACITY""}, {""contract"": ""NSE_FO|74146|05-05-2026"", ""status"": ""UNAFFORDABLE_OR_PAST_CAPACITY""}, {""contract"": ""NSE_FO|74134|05-05-2026"", ""status"": ""ORDER_CREATED""}]",NSE_FO|74134|05-05-2026,23900.0,65,65,17.80,,,,,,,,,
earlier,EXPIRY_CHAIN_UNWIND_TARGET,2026-05-12,2026-05-12T10:20:00+05:30,CE,1279.99,EXPIRY_CHAIN_UNWIND,NO_AFFORDABLE_LIQUID_CONTRACT,"[{""contract"": ""NSE_FO|41736|12-05-2026"", ""status"": ""UNAFFORDABLE_OR_PAST_CAPACITY""}, {""contract"": ""NSE_FO|41738|12-05-2026"", ""status"": ""UNAFFORDABLE_OR_PAST_CAPACITY""}, {""contract"": ""NSE_FO|41740|12-05-2026"", ""status"": ""UNAFFORDABLE_OR_PAST_CAPACITY""}, {""contract"": ""NSE_FO|41742|12-05-2026"", ""status"": ""UNAFFORDABLE_OR_PAST_CAPACITY""}]",,,,,,,,,,,,,,
earlier,EXPIRY_CHAIN_UNWIND_TARGET,2026-05-19,2026-05-19T10:15:00+05:30,CE,1279.99,EXPIRY_CHAIN_UNWIND,MODELED_LIMIT_MISS,"[{""contract"": ""NSE_FO|51370|19-05-2026"", ""status"": ""UNAFFORDABLE_OR_PAST_CAPACITY""}, {""contract"": ""NSE_FO|51374|19-05-2026"", ""status"": ""UNAFFORDABLE_OR_PAST_CAPACITY""}, {""contract"": ""NSE_FO|51376|19-05-2026"", ""status"": ""UNAFFORDABLE_OR_PAST_CAPACITY""}, {""contract"": ""NSE_FO|51378|19-05-2026"", ""status"": ""ORDER_CREATED""}]",NSE_FO|51378|19-05-2026,23900.0,65,65,12.00,,,,,,,,,
earlier,EXPIRY_CHAIN_UNWIND_TARGET,2026-05-26,2026-05-26T12:50:00+05:30,PE,1279.99,EXPIRY_CHAIN_UNWIND,MODELED_LIMIT_MISS,"[{""contract"": ""NSE_FO|72180|26-05-2026"", ""status"": ""UNAFFORDABLE_OR_PAST_CAPACITY""}, {""contract"": ""NSE_FO|72178|26-05-2026"", ""status"": ""ORDER_CREATED""}]",NSE_FO|72178|26-05-2026,23950.0,65,65,16.90,,,,,,,,,
earlier,EXPIRY_CHAIN_UNWIND_TARGET,2026-06-02,2026-06-02T10:25:00+05:30,CE,1279.99,EXPIRY_CHAIN_UNWIND,MODELED_LIMIT_MISS,"[{""contract"": ""NSE_FO|57024|02-06-2026"", ""status"": ""UNAFFORDABLE_OR_PAST_CAPACITY""}, {""contract"": ""NSE_FO|57026|02-06-2026"", ""status"": ""UNAFFORDABLE_OR_PAST_CAPACITY""}, {""contract"": ""NSE_FO|57028|02-06-2026"", ""status"": ""UNAFFORDABLE_OR_PAST_CAPACITY""}, {""contract"": ""NSE_FO|57030|02-06-2026"", ""status"": ""ORDER_CREATED""}]",NSE_FO|57030|02-06-2026,23500.0,65,65,11.35,,,,,,,,,
earlier,EXPIRY_CHAIN_UNWIND_TARGET,2026-06-09,2026-06-09T10:25:00+05:30,PE,1279.99,EXPIRY_CHAIN_UNWIND,MODELED_LIMIT_MISS,"[{""contract"": ""NSE_FO|42279|09-06-2026"", ""status"": ""UNAFFORDABLE_OR_PAST_CAPACITY""}, {""contract"": ""NSE_FO|42273|09-06-2026"", ""status"": ""UNAFFORDABLE_OR_PAST_CAPACITY""}, {""contract"": ""NSE_FO|42271|09-06-2026"", ""status"": ""ORDER_CREATED""}]",NSE_FO|42271|09-06-2026,23050.0,65,65,16.25,,,,,,,,,
earlier,EXPIRY_CHAIN_UNWIND_TARGET,2026-06-16,2026-06-16T10:25:00+05:30,CE,1279.99,EXPIRY_CHAIN_UNWIND,MODELED_LIMIT_MISS,"[{""contract"": ""NSE_FO|50613|16-06-2026"", ""status"": ""UNAFFORDABLE_OR_PAST_CAPACITY""}, {""contract"": ""NSE_FO|50615|16-06-2026"", ""status"": ""UNAFFORDABLE_OR_PAST_CAPACITY""}, {""contract"": ""NSE_FO|50617|16-06-2026"", ""status"": ""ORDER_CREATED""}]",NSE_FO|50617|16-06-2026,24050.0,65,65,10.10,,,,,,,,,
earlier,EXPIRY_CHAIN_UNWIND_TRAIL,2026-03-24,2026-03-24T10:35:00+05:30,PE,9411.18,EXPIRY_CHAIN_UNWIND,MODELED_LIMIT_MISS,"[{""contract"": ""NSE_FO|62509|24-03-2026"", ""status"": ""ORDER_CREATED""}]",NSE_FO|62509|24-03-2026,22650.0,65,65,90.10,,,,,,,,,
earlier,EXPIRY_CHAIN_UNWIND_TRAIL,2026-03-30,2026-03-30T13:55:00+05:30,PE,9411.18,EXPIRY_CHAIN_UNWIND,MODELED_EXIT,"[{""contract"": ""NSE_FO|54475|30-03-2026"", ""status"": ""ORDER_CREATED""}]",NSE_FO|54475|30-03-2026,22400.0,65,130,46.80,44.45,2026-03-30T13:56:00+05:30,19.45,2026-03-30T14:03:00+05:30,STOP,-3305.75,55.75,6105.43,0.4375703037120359955005624297
earlier,EXPIRY_CHAIN_UNWIND_TRAIL,2026-04-07,2026-04-07T10:05:00+05:30,CE,6105.43,EXPIRY_CHAIN_UNWIND,MODELED_EXIT,"[{""contract"": ""NSE_FO|40761|07-04-2026"", ""status"": ""UNAFFORDABLE_OR_PAST_CAPACITY""}, {""contract"": ""NSE_FO|40770|07-04-2026"", ""status"": ""ORDER_CREATED""}]",NSE_FO|40770|07-04-2026,22950.0,65,65,84.95,80.90,2026-04-07T10:06:00+05:30,45.55,2026-04-07T10:58:00+05:30,STOP,-2354.47,56.72,3750.96,0.5630407911001236093943139679
earlier,EXPIRY_CHAIN_UNWIND_TRAIL,2026-04-13,2026-04-13T10:00:00+05:30,CE,3750.96,EXPIRY_CHAIN_UNWIND,MODELED_LIMIT_MISS,"[{""contract"": ""NSE_FO|54798|13-04-2026"", ""status"": ""UNAFFORDABLE_OR_PAST_CAPACITY""}, {""contract"": ""NSE_FO|54800|13-04-2026"", ""status"": ""UNAFFORDABLE_OR_PAST_CAPACITY""}, {""contract"": ""NSE_FO|54802|13-04-2026"", ""status"": ""ORDER_CREATED""}]",NSE_FO|54802|13-04-2026,23750.0,65,65,40.55,,,,,,,,,
earlier,EXPIRY_CHAIN_UNWIND_TRAIL,2026-04-21,2026-04-21T11:00:00+05:30,CE,3750.96,EXPIRY_CHAIN_UNWIND,MODELED_EXIT,"[{""contract"": ""NSE_FO|63458|21-04-2026"", ""status"": ""ORDER_CREATED""}]",NSE_FO|63458|21-04-2026,24550.0,65,65,52.65,50.85,2026-04-21T11:01:00+05:30,25.20,2026-04-21T12:52:00+05:30,STOP,-1720.59,53.34,2030.37,0.4955752212389380530973451327
earlier,EXPIRY_CHAIN_UNWIND_TRAIL,2026-04-28,2026-04-28T11:30:00+05:30,PE,2030.37,EXPIRY_CHAIN_UNWIND,MODELED_EXIT,"[{""contract"": ""NSE_FO|72266|28-04-2026"", ""status"": ""UNAFFORDABLE_OR_PAST_CAPACITY""}, {""contract"": ""NSE_FO|72264|28-04-2026"", ""status"": ""UNAFFORDABLE_OR_PAST_CAPACITY""}, {""contract"": ""NSE_FO|72262|28-04-2026"", ""status"": ""ORDER_CREATED""}]",NSE_FO|72262|28-04-2026,23950.0,65,65,17.10,16.35,2026-04-28T11:31:00+05:30,8.00,2026-04-28T11:37:00+05:30,STOP,-592.68,49.93,1437.69,0.4892966360856269113149847095
earlier,EXPIRY_CHAIN_UNWIND_TRAIL,2026-05-05,2026-05-05T10:05:00+05:30,PE,1437.69,EXPIRY_CHAIN_UNWIND,MODELED_LIMIT_MISS,"[{""contract"": ""NSE_FO|74154|05-05-2026"", ""status"": ""UNAFFORDABLE_OR_PAST_CAPACITY""}, {""contract"": ""NSE_FO|74146|05-05-2026"", ""status"": ""UNAFFORDABLE_OR_PAST_CAPACITY""}, {""contract"": ""NSE_FO|74134|05-05-2026"", ""status"": ""ORDER_CREATED""}]",NSE_FO|74134|05-05-2026,23900.0,65,65,17.80,,,,,,,,,
earlier,EXPIRY_CHAIN_UNWIND_TRAIL,2026-05-12,2026-05-12T10:20:00+05:30,CE,1437.69,EXPIRY_CHAIN_UNWIND,MODELED_EXIT,"[{""contract"": ""NSE_FO|41736|12-05-2026"", ""status"": ""UNAFFORDABLE_OR_PAST_CAPACITY""}, {""contract"": ""NSE_FO|41738|12-05-2026"", ""status"": ""UNAFFORDABLE_OR_PAST_CAPACITY""}, {""contract"": ""NSE_FO|41740|12-05-2026"", ""status"": ""UNAFFORDABLE_OR_PAST_CAPACITY""}, {""contract"": ""NSE_FO|41742|12-05-2026"", ""status"": ""ORDER_CREATED""}]",NSE_FO|41742|12-05-2026,23800.0,65,65,19.15,19.15,2026-05-12T10:21:00+05:30,9.25,2026-05-12T10:26:00+05:30,STOP,-693.55,50.05,744.14,0.4830287206266318537859007833
earlier,EXPIRY_CHAIN_UNWIND_TRAIL,2026-05-19,2026-05-19T10:15:00+05:30,CE,744.14,EXPIRY_CHAIN_UNWIND,NO_AFFORDABLE_LIQUID_CONTRACT,"[{""contract"": ""NSE_FO|51370|19-05-2026"", ""status"": ""UNAFFORDABLE_OR_PAST_CAPACITY""}, {""contract"": ""NSE_FO|51374|19-05-2026"", ""status"": ""UNAFFORDABLE_OR_PAST_CAPACITY""}, {""contract"": ""NSE_FO|51376|19-05-2026"", ""status"": ""UNAFFORDABLE_OR_PAST_CAPACITY""}, {""contract"": ""NSE_FO|51378|19-05-2026"", ""status"": ""UNAFFORDABLE_OR_PAST_CAPACITY""}]",,,,,,,,,,,,,,
earlier,EXPIRY_CHAIN_UNWIND_TRAIL,2026-05-26,2026-05-26T12:50:00+05:30,PE,744.14,EXPIRY_CHAIN_UNWIND,MODELED_LIMIT_MISS,"[{""contract"": ""NSE_FO|72180|26-05-2026"", ""status"": ""UNAFFORDABLE_OR_PAST_CAPACITY""}, {""contract"": ""NSE_FO|72178|26-05-2026"", ""status"": ""UNAFFORDABLE_OR_PAST_CAPACITY""}, {""contract"": ""NSE_FO|72176|26-05-2026"", ""status"": ""ORDER_CREATED""}]",NSE_FO|72176|26-05-2026,23900.0,65,65,7.50,,,,,,,,,
earlier,EXPIRY_CHAIN_UNWIND_TRAIL,2026-06-02,2026-06-02T10:25:00+05:30,CE,744.14,EXPIRY_CHAIN_UNWIND,NO_AFFORDABLE_LIQUID_CONTRACT,"[{""contract"": ""NSE_FO|57024|02-06-2026"", ""status"": ""UNAFFORDABLE_OR_PAST_CAPACITY""}, {""contract"": ""NSE_FO|57026|02-06-2026"", ""status"": ""UNAFFORDABLE_OR_PAST_CAPACITY""}, {""contract"": ""NSE_FO|57028|02-06-2026"", ""status"": ""UNAFFORDABLE_OR_PAST_CAPACITY""}, {""contract"": ""NSE_FO|57030|02-06-2026"", ""status"": ""UNAFFORDABLE_OR_PAST_CAPACITY""}]",,,,,,,,,,,,,,
earlier,EXPIRY_CHAIN_UNWIND_TRAIL,2026-06-09,2026-06-09T10:25:00+05:30,PE,744.14,EXPIRY_CHAIN_UNWIND,MODELED_LIMIT_MISS,"[{""contract"": ""NSE_FO|42279|09-06-2026"", ""status"": ""UNAFFORDABLE_OR_PAST_CAPACITY""}, {""contract"": ""NSE_FO|42273|09-06-2026"", ""status"": ""UNAFFORDABLE_OR_PAST_CAPACITY""}, {""contract"": ""NSE_FO|42271|09-06-2026"", ""status"": ""UNAFFORDABLE_OR_PAST_CAPACITY""}, {""contract"": ""NSE_FO|42269|09-06-2026"", ""status"": ""ORDER_CREATED""}]",NSE_FO|42269|09-06-2026,23000.0,65,65,8.90,,,,,,,,,
earlier,EXPIRY_CHAIN_UNWIND_TRAIL,2026-06-16,2026-06-16T10:25:00+05:30,CE,744.14,EXPIRY_CHAIN_UNWIND,MODELED_LIMIT_MISS,"[{""contract"": ""NSE_FO|50613|16-06-2026"", ""status"": ""UNAFFORDABLE_OR_PAST_CAPACITY""}, {""contract"": ""NSE_FO|50615|16-06-2026"", ""status"": ""UNAFFORDABLE_OR_PAST_CAPACITY""}, {""contract"": ""NSE_FO|50617|16-06-2026"", ""status"": ""ORDER_CREATED""}]",NSE_FO|50617|16-06-2026,24050.0,65,65,10.10,,,,,,,,,
earlier,EXPIRY_PUBLISHED_PCR_TARGET,2026-03-24,2026-03-24T10:10:00+05:30,PE,9411.18,EXPIRY_PUBLISHED_PCR,MODELED_EXIT,"[{""contract"": ""NSE_FO|62556|24-03-2026"", ""status"": ""ORDER_CREATED""}]",NSE_FO|62556|24-03-2026,22700.0,65,65,115.00,108.40,2026-03-24T10:11:00+05:30,50.65,2026-03-24T11:36:00+05:30,STOP,-3811.35,57.60,5599.83,0.4672509225092250922509225092
earlier,EXPIRY_PUBLISHED_PCR_TARGET,2026-03-30,2026-03-30T10:20:00+05:30,PE,5599.83,EXPIRY_PUBLISHED_PCR,MODELED_LIMIT_MISS,"[{""contract"": ""NSE_FO|54481|30-03-2026"", ""status"": ""UNAFFORDABLE_OR_PAST_CAPACITY""}, {""contract"": ""NSE_FO|54479|30-03-2026"", ""status"": ""UNAFFORDABLE_OR_PAST_CAPACITY""}, {""contract"": ""NSE_FO|54477|30-03-2026"", ""status"": ""ORDER_CREATED""}]",NSE_FO|54477|30-03-2026,22450.0,65,65,63.95,,,,,,,,,
earlier,EXPIRY_PUBLISHED_PCR_TARGET,2026-04-07,2026-04-07T10:00:00+05:30,CE,5599.83,EXPIRY_PUBLISHED_PCR,MODELED_LIMIT_MISS,"[{""contract"": ""NSE_FO|40761|07-04-2026"", ""status"": ""UNAFFORDABLE_OR_PAST_CAPACITY""}, {""contract"": ""NSE_FO|40770|07-04-2026"", ""status"": ""ORDER_CREATED""}]",NSE_FO|40770|07-04-2026,22950.0,65,65,72.00,,,,,,,,,
earlier,EXPIRY_PUBLISHED_PCR_TARGET,2026-04-13,2026-04-13T10:00:00+05:30,CE,5599.83,EXPIRY_PUBLISHED_PCR,MODELED_EXIT,"[{""contract"": ""NSE_FO|54798|13-04-2026"", ""status"": ""UNAFFORDABLE_OR_PAST_CAPACITY""}, {""contract"": ""NSE_FO|54800|13-04-2026"", ""status"": ""ORDER_CREATED""}]",NSE_FO|54800|13-04-2026,23700.0,65,65,60.10,59.80,2026-04-13T10:01:00+05:30,119.60,2026-04-13T11:51:00+05:30,TARGET_2X,3821.83,65.17,9421.66,2
earlier,EXPIRY_PUBLISHED_PCR_TARGET,2026-04-28,2026-04-28T10:00:00+05:30,CE,9421.66,EXPIRY_PUBLISHED_PCR,MODELED_LIMIT_MISS,"[{""contract"": ""NSE_FO|72269|28-04-2026"", ""status"": ""ORDER_CREATED""}]",NSE_FO|72269|28-04-2026,24150.0,65,130,54.20,,,,,,,,,
earlier,EXPIRY_PUBLISHED_PCR_TARGET,2026-05-05,2026-05-05T10:10:00+05:30,PE,9421.66,EXPIRY_PUBLISHED_PCR,MODELED_LIMIT_MISS,"[{""contract"": ""NSE_FO|74154|05-05-2026"", ""status"": ""ORDER_CREATED""}]",NSE_FO|74154|05-05-2026,24000.0,65,130,58.35,,,,,,,,,
earlier,EXPIRY_PUBLISHED_PCR_TARGET,2026-05-12,2026-05-12T10:30:00+05:30,PE,9421.66,EXPIRY_PUBLISHED_PCR,MODELED_LIMIT_MISS,"[{""contract"": ""NSE_FO|41735|12-05-2026"", ""status"": ""ORDER_CREATED""}]",NSE_FO|41735|12-05-2026,23600.0,65,195,44.75,,,,,,,,,
earlier,EXPIRY_PUBLISHED_PCR_TARGET,2026-05-19,2026-05-19T10:10:00+05:30,CE,9421.66,EXPIRY_PUBLISHED_PCR,MODELED_LIMIT_MISS,"[{""contract"": ""NSE_FO|51366|19-05-2026"", ""status"": ""ORDER_CREATED""}]",NSE_FO|51366|19-05-2026,23700.0,65,65,75.00,,,,,,,,,
earlier,EXPIRY_PUBLISHED_PCR_TARGET,2026-05-26,2026-05-26T10:15:00+05:30,CE,9421.66,EXPIRY_PUBLISHED_PCR,MODELED_EXIT,"[{""contract"": ""NSE_FO|72181|26-05-2026"", ""status"": ""ORDER_CREATED""}]",NSE_FO|72181|26-05-2026,24050.0,65,130,61.25,56.60,2026-05-26T10:16:00+05:30,27.90,2026-05-26T11:31:00+05:30,STOP,-3789.87,58.87,5631.79,0.4929328621908127208480565371
earlier,EXPIRY_PUBLISHED_PCR_TARGET,2026-06-16,2026-06-16T10:05:00+05:30,PE,5631.79,EXPIRY_PUBLISHED_PCR,MODELED_EXIT,"[{""contract"": ""NSE_FO|50612|16-06-2026"", ""status"": ""ORDER_CREATED""}]",NSE_FO|50612|16-06-2026,23900.0,65,65,44.10,41.90,2026-06-16T10:06:00+05:30,19.00,2026-06-16T10:38:00+05:30,STOP,-1540.42,51.92,4091.37,0.4534606205250596658711217184
earlier,EXPIRY_PUBLISHED_PCR_TRAIL,2026-03-24,2026-03-24T10:10:00+05:30,PE,9411.18,EXPIRY_PUBLISHED_PCR,MODELED_EXIT,"[{""contract"": ""NSE_FO|62556|24-03-2026"", ""status"": ""ORDER_CREATED""}]",NSE_FO|62556|24-03-2026,22700.0,65,65,115.00,108.40,2026-03-24T10:11:00+05:30,64.10,2026-03-24T11:21:00+05:30,STOP,-2939.48,59.98,6471.70,0.5913284132841328413284132841
earlier,EXPIRY_PUBLISHED_PCR_TRAIL,2026-03-30,2026-03-30T10:20:00+05:30,PE,6471.70,EXPIRY_PUBLISHED_PCR,MODELED_EXIT,"[{""contract"": ""NSE_FO|54481|30-03-2026"", ""status"": ""UNAFFORDABLE_OR_PAST_CAPACITY""}, {""contract"": ""NSE_FO|54479|30-03-2026"", ""status"": ""ORDER_CREATED""}]",NSE_FO|54479|30-03-2026,22500.0,65,65,84.65,84.55,2026-03-30T10:21:00+05:30,53.45,2026-03-30T12:04:00+05:30,STOP,-2079.53,58.03,4392.17,0.6321703134240094618568894145
earlier,EXPIRY_PUBLISHED_PCR_TRAIL,2026-04-07,2026-04-07T10:00:00+05:30,CE,4392.17,EXPIRY_PUBLISHED_PCR,MODELED_LIMIT_MISS,"[{""contract"": ""NSE_FO|40761|07-04-2026"", ""status"": ""UNAFFORDABLE_OR_PAST_CAPACITY""}, {""contract"": ""NSE_FO|40770|07-04-2026"", ""status"": ""UNAFFORDABLE_OR_PAST_CAPACITY""}, {""contract"": ""NSE_FO|40772|07-04-2026"", ""status"": ""ORDER_CREATED""}]",NSE_FO|40772|07-04-2026,23000.0,65,65,53.85,,,,,,,,,
earlier,EXPIRY_PUBLISHED_PCR_TRAIL,2026-04-13,2026-04-13T10:00:00+05:30,CE,4392.17,EXPIRY_PUBLISHED_PCR,MODELED_EXIT,"[{""contract"": ""NSE_FO|54798|13-04-2026"", ""status"": ""UNAFFORDABLE_OR_PAST_CAPACITY""}, {""contract"": ""NSE_FO|54800|13-04-2026"", ""status"": ""ORDER_CREATED""}]",NSE_FO|54800|13-04-2026,23700.0,65,65,60.10,59.80,2026-04-13T10:01:00+05:30,137.30,2026-04-13T15:25:00+05:30,TIMED_CLOSE,4969.85,67.65,9362.02,2.295986622073578595317725753
earlier,EXPIRY_PUBLISHED_PCR_TRAIL,2026-04-28,2026-04-28T10:00:00+05:30,CE,9362.02,EXPIRY_PUBLISHED_PCR,MODELED_LIMIT_MISS,"[{""contract"": ""NSE_FO|72269|28-04-2026"", ""status"": ""ORDER_CREATED""}]",NSE_FO|72269|28-04-2026,24150.0,65,130,54.20,,,,,,,,,
earlier,EXPIRY_PUBLISHED_PCR_TRAIL,2026-05-05,2026-05-05T10:10:00+05:30,PE,9362.02,EXPIRY_PUBLISHED_PCR,MODELED_LIMIT_MISS,"[{""contract"": ""NSE_FO|74154|05-05-2026"", ""status"": ""ORDER_CREATED""}]",NSE_FO|74154|05-05-2026,24000.0,65,130,58.35,,,,,,,,,
earlier,EXPIRY_PUBLISHED_PCR_TRAIL,2026-05-12,2026-05-12T10:30:00+05:30,PE,9362.02,EXPIRY_PUBLISHED_PCR,MODELED_LIMIT_MISS,"[{""contract"": ""NSE_FO|41735|12-05-2026"", ""status"": ""ORDER_CREATED""}]",NSE_FO|41735|12-05-2026,23600.0,65,195,44.75,,,,,,,,,
earlier,EXPIRY_PUBLISHED_PCR_TRAIL,2026-05-19,2026-05-19T10:10:00+05:30,CE,9362.02,EXPIRY_PUBLISHED_PCR,MODELED_LIMIT_MISS,"[{""contract"": ""NSE_FO|51366|19-05-2026"", ""status"": ""ORDER_CREATED""}]",NSE_FO|51366|19-05-2026,23700.0,65,65,75.00,,,,,,,,,
earlier,EXPIRY_PUBLISHED_PCR_TRAIL,2026-05-26,2026-05-26T10:15:00+05:30,CE,9362.02,EXPIRY_PUBLISHED_PCR,MODELED_EXIT,"[{""contract"": ""NSE_FO|72181|26-05-2026"", ""status"": ""ORDER_CREATED""}]",NSE_FO|72181|26-05-2026,24050.0,65,130,61.25,56.60,2026-05-26T10:16:00+05:30,27.90,2026-05-26T11:31:00+05:30,STOP,-3789.87,58.87,5572.15,0.4929328621908127208480565371
earlier,EXPIRY_PUBLISHED_PCR_TRAIL,2026-06-16,2026-06-16T10:05:00+05:30,PE,5572.15,EXPIRY_PUBLISHED_PCR,MODELED_EXIT,"[{""contract"": ""NSE_FO|50612|16-06-2026"", ""status"": ""ORDER_CREATED""}]",NSE_FO|50612|16-06-2026,23900.0,65,65,44.10,41.90,2026-06-16T10:06:00+05:30,23.25,2026-06-16T10:32:00+05:30,STOP,-1265.29,53.04,4306.86,0.5548926014319809069212410501
earlier,ORDINARY_FUTURE_TREND_TARGET,2026-03-23,2026-03-23T10:00:00+05:30,PE,9411.18,ORDINARY_FUTURE_TREND,NO_AFFORDABLE_LIQUID_CONTRACT,"[{""contract"": ""NSE_FO|62499|24-03-2026"", ""status"": ""UNAFFORDABLE_OR_PAST_CAPACITY""}, {""contract"": ""NSE_FO|62437|24-03-2026"", ""status"": ""UNAFFORDABLE_OR_PAST_CAPACITY""}, {""contract"": ""NSE_FO|62435|24-03-2026"", ""status"": ""UNAFFORDABLE_OR_PAST_CAPACITY""}, {""contract"": ""NSE_FO|62408|24-03-2026"", ""status"": ""UNAFFORDABLE_OR_PAST_CAPACITY""}]",,,,,,,,,,,,,,
earlier,ORDINARY_FUTURE_TREND_TARGET,2026-03-25,2026-03-25T10:45:00+05:30,CE,9411.18,ORDINARY_FUTURE_TREND,NO_AFFORDABLE_LIQUID_CONTRACT,"[{""contract"": ""NSE_FO|54512|30-03-2026"", ""status"": ""UNAFFORDABLE_OR_PAST_CAPACITY""}, {""contract"": ""NSE_FO|54514|30-03-2026"", ""status"": ""UNAFFORDABLE_OR_PAST_CAPACITY""}, {""contract"": ""NSE_FO|54516|30-03-2026"", ""status"": ""UNAFFORDABLE_OR_PAST_CAPACITY""}, {""contract"": ""NSE_FO|54518|30-03-2026"", ""status"": ""UNAFFORDABLE_OR_PAST_CAPACITY""}]",,,,,,,,,,,,,,
earlier,ORDINARY_FUTURE_TREND_TARGET,2026-03-27,2026-03-27T10:00:00+05:30,PE,9411.18,ORDINARY_FUTURE_TREND,NO_AFFORDABLE_LIQUID_CONTRACT,"[{""contract"": ""NSE_FO|62923|30-03-2026"", ""status"": ""UNAFFORDABLE_OR_PAST_CAPACITY""}, {""contract"": ""NSE_FO|54497|30-03-2026"", ""status"": ""UNAFFORDABLE_OR_PAST_CAPACITY""}, {""contract"": ""NSE_FO|54495|30-03-2026"", ""status"": ""UNAFFORDABLE_OR_PAST_CAPACITY""}, {""contract"": ""NSE_FO|54493|30-03-2026"", ""status"": ""UNAFFORDABLE_OR_PAST_CAPACITY""}]",,,,,,,,,,,,,,
earlier,ORDINARY_FUTURE_TREND_TARGET,2026-04-01,2026-04-01T10:00:00+05:30,CE,9411.18,ORDINARY_FUTURE_TREND,NO_AFFORDABLE_LIQUID_CONTRACT,"[{""contract"": ""NSE_FO|40761|07-04-2026"", ""status"": ""UNAFFORDABLE_OR_PAST_CAPACITY""}, {""contract"": ""NSE_FO|40770|07-04-2026"", ""status"": ""UNAFFORDABLE_OR_PAST_CAPACITY""}, {""contract"": ""NSE_FO|40772|07-04-2026"", ""status"": ""UNAFFORDABLE_OR_PAST_CAPACITY""}, {""contract"": ""NSE_FO|40774|07-04-2026"", ""status"": ""UNAFFORDABLE_OR_PAST_CAPACITY""}]",,,,,,,,,,,,,,
earlier,ORDINARY_FUTURE_TREND_TARGET,2026-04-02,2026-04-02T10:00:00+05:30,PE,9411.18,ORDINARY_FUTURE_TREND,NO_AFFORDABLE_LIQUID_CONTRACT,"[{""contract"": ""NSE_FO|40717|07-04-2026"", ""status"": ""UNAFFORDABLE_OR_PAST_CAPACITY""}, {""contract"": ""NSE_FO|40708|07-04-2026"", ""status"": ""UNAFFORDABLE_OR_PAST_CAPACITY""}, {""contract"": ""NSE_FO|40706|07-04-2026"", ""status"": ""UNAFFORDABLE_OR_PAST_CAPACITY""}, {""contract"": ""NSE_FO|40704|07-04-2026"", ""status"": ""UNAFFORDABLE_OR_PAST_CAPACITY""}]",,,,,,,,,,,,,,
earlier,ORDINARY_FUTURE_TREND_TARGET,2026-04-06,2026-04-06T10:00:00+05:30,PE,9411.18,ORDINARY_FUTURE_TREND,NO_AFFORDABLE_LIQUID_CONTRACT,"[{""contract"": ""NSE_FO|40737|07-04-2026"", ""status"": ""UNAFFORDABLE_OR_PAST_CAPACITY""}, {""contract"": ""NSE_FO|40735|07-04-2026"", ""status"": ""UNAFFORDABLE_OR_PAST_CAPACITY""}, {""contract"": ""NSE_FO|40731|07-04-2026"", ""status"": ""UNAFFORDABLE_OR_PAST_CAPACITY""}, {""contract"": ""NSE_FO|40729|07-04-2026"", ""status"": ""UNAFFORDABLE_OR_PAST_CAPACITY""}]",,,,,,,,,,,,,,
earlier,ORDINARY_FUTURE_TREND_TARGET,2026-04-08,2026-04-08T10:30:00+05:30,CE,9411.18,ORDINARY_FUTURE_TREND,NO_AFFORDABLE_LIQUID_CONTRACT,"[{""contract"": ""NSE_FO|54808|13-04-2026"", ""status"": ""UNAFFORDABLE_OR_PAST_CAPACITY""}, {""contract"": ""NSE_FO|54810|13-04-2026"", ""status"": ""UNAFFORDABLE_OR_PAST_CAPACITY""}, {""contract"": ""NSE_FO|54812|13-04-2026"", ""status"": ""UNAFFORDABLE_OR_PAST_CAPACITY""}, {""contract"": ""NSE_FO|54816|13-04-2026"", ""status"": ""UNAFFORDABLE_OR_PAST_CAPACITY""}]",,,,,,,,,,,,,,
earlier,ORDINARY_FUTURE_TREND_TARGET,2026-04-09,2026-04-09T10:00:00+05:30,PE,9411.18,ORDINARY_FUTURE_TREND,NO_AFFORDABLE_LIQUID_CONTRACT,"[{""contract"": ""NSE_FO|54805|13-04-2026"", ""status"": ""UNAFFORDABLE_OR_PAST_CAPACITY""}, {""contract"": ""NSE_FO|54803|13-04-2026"", ""status"": ""UNAFFORDABLE_OR_PAST_CAPACITY""}, {""contract"": ""NSE_FO|54801|13-04-2026"", ""status"": ""UNAFFORDABLE_OR_PAST_CAPACITY""}, {""contract"": ""NSE_FO|54799|13-04-2026"", ""status"": ""UNAFFORDABLE_OR_PAST_CAPACITY""}]",,,,,,,,,,,,,,
earlier,ORDINARY_FUTURE_TREND_TARGET,2026-04-10,2026-04-10T10:00:00+05:30,CE,9411.18,ORDINARY_FUTURE_TREND,MODELED_LIMIT_MISS,"[{""contract"": ""NSE_FO|54812|13-04-2026"", ""status"": ""UNAFFORDABLE_OR_PAST_CAPACITY""}, {""contract"": ""NSE_FO|54816|13-04-2026"", ""status"": ""ORDER_CREATED""}]",NSE_FO|54816|13-04-2026,24050.0,65,65,130.05,,,,,,,,,
earlier,ORDINARY_FUTURE_TREND_TARGET,2026-04-15,2026-04-15T10:05:00+05:30,CE,9411.18,ORDINARY_FUTURE_TREND,NO_AFFORDABLE_LIQUID_CONTRACT,"[{""contract"": ""NSE_FO|63428|21-04-2026"", ""status"": ""UNAFFORDABLE_OR_PAST_CAPACITY""}, {""contract"": ""NSE_FO|63430|21-04-2026"", ""status"": ""UNAFFORDABLE_OR_PAST_CAPACITY""}, {""contract"": ""NSE_FO|63434|21-04-2026"", ""status"": ""UNAFFORDABLE_OR_PAST_CAPACITY""}, {""contract"": ""NSE_FO|63436|21-04-2026"", ""status"": ""UNAFFORDABLE_OR_PAST_CAPACITY""}]",,,,,,,,,,,,,,
earlier,ORDINARY_FUTURE_TREND_TARGET,2026-04-16,2026-04-16T10:00:00+05:30,PE,9411.18,ORDINARY_FUTURE_TREND,NO_AFFORDABLE_LIQUID_CONTRACT,"[{""contract"": ""NSE_FO|63429|21-04-2026"", ""status"": ""UNAFFORDABLE_OR_PAST_CAPACITY""}, {""contract"": ""NSE_FO|63427|21-04-2026"", ""status"": ""UNAFFORDABLE_OR_PAST_CAPACITY""}, {""contract"": ""NSE_FO|63425|21-04-2026"", ""status"": ""UNAFFORDABLE_OR_PAST_CAPACITY""}, {""contract"": ""NSE_FO|63423|21-04-2026"", ""status"": ""UNAFFORDABLE_OR_PAST_CAPACITY""}]",,,,,,,,,,,,,,
earlier,ORDINARY_FUTURE_TREND_TARGET,2026-04-17,2026-04-17T10:00:00+05:30,CE,9411.18,ORDINARY_FUTURE_TREND,MODELED_EXIT,"[{""contract"": ""NSE_FO|63428|21-04-2026"", ""status"": ""UNAFFORDABLE_OR_PAST_CAPACITY""}, {""contract"": ""NSE_FO|63430|21-04-2026"", ""status"": ""UNAFFORDABLE_OR_PAST_CAPACITY""}, {""contract"": ""NSE_FO|63434|21-04-2026"", ""status"": ""ORDER_CREATED""}]",NSE_FO|63434|21-04-2026,24350.0,65,65,116.25,114.85,2026-04-17T10:01:00+05:30,159.10,2026-04-17T15:25:00+05:30,TIMED_CLOSE,2804.50,71.75,12215.68,1.385285154549412276882890727
earlier,ORDINARY_FUTURE_TREND_TARGET,2026-04-20,2026-04-20T10:05:00+05:30,CE,12215.68,ORDINARY_FUTURE_TREND,MODELED_EXIT,"[{""contract"": ""NSE_FO|63434|21-04-2026"", ""status"": ""ORDER_CREATED""}]",NSE_FO|63434|21-04-2026,24350.0,65,65,141.60,137.5,2026-04-20T10:06:00+05:30,99.00,2026-04-20T15:25:00+05:30,TIMED_CLOSE,-2567.21,64.71,9648.47,0.72
earlier,ORDINARY_FUTURE_TREND_TARGET,2026-04-22,2026-04-22T10:00:00+05:30,PE,9648.47,ORDINARY_FUTURE_TREND,NO_AFFORDABLE_LIQUID_CONTRACT,"[{""contract"": ""NSE_FO|72322|28-04-2026"", ""status"": ""UNAFFORDABLE_OR_PAST_CAPACITY""}, {""contract"": ""NSE_FO|72316|28-04-2026"", ""status"": ""UNAFFORDABLE_OR_PAST_CAPACITY""}, {""contract"": ""NSE_FO|72311|28-04-2026"", ""status"": ""UNAFFORDABLE_OR_PAST_CAPACITY""}, {""contract"": ""NSE_FO|72278|28-04-2026"", ""status"": ""UNAFFORDABLE_OR_PAST_CAPACITY""}]",,,,,,,,,,,,,,
earlier,ORDINARY_FUTURE_TREND_TARGET,2026-04-23,2026-04-23T10:00:00+05:30,CE,9648.47,ORDINARY_FUTURE_TREND,MODELED_EXIT,"[{""contract"": ""NSE_FO|72279|28-04-2026"", ""status"": ""UNAFFORDABLE_OR_PAST_CAPACITY""}, {""contract"": ""NSE_FO|72312|28-04-2026"", ""status"": ""UNAFFORDABLE_OR_PAST_CAPACITY""}, {""contract"": ""NSE_FO|72317|28-04-2026"", ""status"": ""UNAFFORDABLE_OR_PAST_CAPACITY""}, {""contract"": ""NSE_FO|72323|28-04-2026"", ""status"": ""ORDER_CREATED""}]",NSE_FO|72323|28-04-2026,24450.0,65,65,131.70,124.30,2026-04-23T10:01:00+05:30,74.70,2026-04-23T15:25:00+05:30,TIMED_CLOSE,-3285.70,61.70,6362.77,0.6009654062751407884151246983
earlier,ORDINARY_FUTURE_TREND_TARGET,2026-04-24,2026-04-24T10:00:00+05:30,PE,6362.77,ORDINARY_FUTURE_TREND,NO_AFFORDABLE_LIQUID_CONTRACT,"[{""contract"": ""NSE_FO|72262|28-04-2026"", ""status"": ""UNAFFORDABLE_OR_PAST_CAPACITY""}, {""contract"": ""NSE_FO|72260|28-04-2026"", ""status"": ""UNAFFORDABLE_OR_PAST_CAPACITY""}, {""contract"": ""NSE_FO|72258|28-04-2026"", ""status"": ""UNAFFORDABLE_OR_PAST_CAPACITY""}, {""contract"": ""NSE_FO|72256|28-04-2026"", ""status"": ""UNAFFORDABLE_OR_PAST_CAPACITY""}]",,,,,,,,,,,,,,
earlier,ORDINARY_FUTURE_TREND_TARGET,2026-04-27,2026-04-27T10:00:00+05:30,CE,6362.77,ORDINARY_FUTURE_TREND,MODELED_EXIT,"[{""contract"": ""NSE_FO|72267|28-04-2026"", ""status"": ""UNAFFORDABLE_OR_PAST_CAPACITY""}, {""contract"": ""NSE_FO|72269|28-04-2026"", ""status"": ""UNAFFORDABLE_OR_PAST_CAPACITY""}, {""contract"": ""NSE_FO|72271|28-04-2026"", ""status"": ""ORDER_CREATED""}]",NSE_FO|72271|28-04-2026,24200.0,65,65,77.40,75.85,2026-04-27T10:01:00+05:30,35.75,2026-04-27T11:38:00+05:30,STOP,-2661.82,55.32,3700.95,0.4713249835201054713249835201
earlier,ORDINARY_FUTURE_TREND_TARGET,2026-04-29,2026-04-29T10:00:00+05:30,CE,3700.95,ORDINARY_FUTURE_TREND,NO_AFFORDABLE_LIQUID_CONTRACT,"[{""contract"": ""NSE_FO|74165|05-05-2026"", ""status"": ""UNAFFORDABLE_OR_PAST_CAPACITY""}, {""contract"": ""NSE_FO|74167|05-05-2026"", ""status"": ""UNAFFORDABLE_OR_PAST_CAPACITY""}, {""contract"": ""NSE_FO|74169|05-05-2026"", ""status"": ""UNAFFORDABLE_OR_PAST_CAPACITY""}, {""contract"": ""NSE_FO|74171|05-05-2026"", ""status"": ""UNAFFORDABLE_OR_PAST_CAPACITY""}]",,,,,,,,,,,,,,
earlier,ORDINARY_FUTURE_TREND_TARGET,2026-04-30,2026-04-30T10:00:00+05:30,PE,3700.95,ORDINARY_FUTURE_TREND,NO_AFFORDABLE_LIQUID_CONTRACT,"[{""contract"": ""NSE_FO|74134|05-05-2026"", ""status"": ""UNAFFORDABLE_OR_PAST_CAPACITY""}, {""contract"": ""NSE_FO|74132|05-05-2026"", ""status"": ""UNAFFORDABLE_OR_PAST_CAPACITY""}, {""contract"": ""NSE_FO|74130|05-05-2026"", ""status"": ""UNAFFORDABLE_OR_PAST_CAPACITY""}, {""contract"": ""NSE_FO|74128|05-05-2026"", ""status"": ""UNAFFORDABLE_OR_PAST_CAPACITY""}]",,,,,,,,,,,,,,
earlier,ORDINARY_FUTURE_TREND_TARGET,2026-05-04,2026-05-04T10:05:00+05:30,PE,3700.95,ORDINARY_FUTURE_TREND,MODELED_EXIT,"[{""contract"": ""NSE_FO|74168|05-05-2026"", ""status"": ""UNAFFORDABLE_OR_PAST_CAPACITY""}, {""contract"": ""NSE_FO|74166|05-05-2026"", ""status"": ""UNAFFORDABLE_OR_PAST_CAPACITY""}, {""contract"": ""NSE_FO|74164|05-05-2026"", ""status"": ""UNAFFORDABLE_OR_PAST_CAPACITY""}, {""contract"": ""NSE_FO|74156|05-05-2026"", ""status"": ""ORDER_CREATED""}]",NSE_FO|74156|05-05-2026,24050.0,65,65,51.20,49.75,2026-05-04T10:06:00+05:30,99.50,2026-05-04T13:24:00+05:30,TARGET_2X,3171.42,62.33,6872.37,2
earlier,ORDINARY_FUTURE_TREND_TARGET,2026-05-06,2026-05-06T10:05:00+05:30,PE,6872.37,ORDINARY_FUTURE_TREND,NO_AFFORDABLE_LIQUID_CONTRACT,"[{""contract"": ""NSE_FO|41759|12-05-2026"", ""status"": ""UNAFFORDABLE_OR_PAST_CAPACITY""}, {""contract"": ""NSE_FO|41757|12-05-2026"", ""status"": ""UNAFFORDABLE_OR_PAST_CAPACITY""}, {""contract"": ""NSE_FO|41755|12-05-2026"", ""status"": ""UNAFFORDABLE_OR_PAST_CAPACITY""}, {""contract"": ""NSE_FO|41749|12-05-2026"", ""status"": ""UNAFFORDABLE_OR_PAST_CAPACITY""}]",,,,,,,,,,,,,,
earlier,ORDINARY_FUTURE_TREND_TARGET,2026-05-07,2026-05-07T10:00:00+05:30,PE,6872.37,ORDINARY_FUTURE_TREND,NO_AFFORDABLE_LIQUID_CONTRACT,"[{""contract"": ""NSE_FO|41785|12-05-2026"", ""status"": ""UNAFFORDABLE_OR_PAST_CAPACITY""}, {""contract"": ""NSE_FO|41779|12-05-2026"", ""status"": ""UNAFFORDABLE_OR_PAST_CAPACITY""}, {""contract"": ""NSE_FO|41777|12-05-2026"", ""status"": ""UNAFFORDABLE_OR_PAST_CAPACITY""}, {""contract"": ""NSE_FO|41763|12-05-2026"", ""status"": ""UNAFFORDABLE_OR_PAST_CAPACITY""}]",,,,,,,,,,,,,,
earlier,ORDINARY_FUTURE_TREND_TARGET,2026-05-08,2026-05-08T10:00:00+05:30,CE,6872.37,ORDINARY_FUTURE_TREND,NO_AFFORDABLE_LIQUID_CONTRACT,"[{""contract"": ""NSE_FO|41762|12-05-2026"", ""status"": ""UNAFFORDABLE_OR_PAST_CAPACITY""}, {""contract"": ""NSE_FO|41774|12-05-2026"", ""status"": ""UNAFFORDABLE_OR_PAST_CAPACITY""}, {""contract"": ""NSE_FO|41778|12-05-2026"", ""status"": ""UNAFFORDABLE_OR_PAST_CAPACITY""}, {""contract"": ""NSE_FO|41784|12-05-2026"", ""status"": ""UNAFFORDABLE_OR_PAST_CAPACITY""}]",,,,,,,,,,,,,,
earlier,ORDINARY_FUTURE_TREND_TARGET,2026-05-11,2026-05-11T10:20:00+05:30,PE,6872.37,ORDINARY_FUTURE_TREND,MODELED_EXIT,"[{""contract"": ""NSE_FO|41745|12-05-2026"", ""status"": ""UNAFFORDABLE_OR_PAST_CAPACITY""}, {""contract"": ""NSE_FO|41743|12-05-2026"", ""status"": ""ORDER_CREATED""}]",NSE_FO|41743|12-05-2026,23800.0,65,65,95.75,89.75,2026-05-11T10:21:00+05:30,43.75,2026-05-11T12:43:00+05:30,STOP,-3046.91,56.91,3825.46,0.4874651810584958217270194986
earlier,ORDINARY_FUTURE_TREND_TARGET,2026-05-13,2026-05-13T10:00:00+05:30,CE,3825.46,ORDINARY_FUTURE_TREND,NO_AFFORDABLE_LIQUID_CONTRACT,"[{""contract"": ""NSE_FO|51346|19-05-2026"", ""status"": ""UNAFFORDABLE_OR_PAST_CAPACITY""}, {""contract"": ""NSE_FO|51348|19-05-2026"", ""status"": ""UNAFFORDABLE_OR_PAST_CAPACITY""}, {""contract"": ""NSE_FO|51352|19-05-2026"", ""status"": ""UNAFFORDABLE_OR_PAST_CAPACITY""}, {""contract"": ""NSE_FO|51354|19-05-2026"", ""status"": ""UNAFFORDABLE_OR_PAST_CAPACITY""}]",,,,,,,,,,,,,,
earlier,ORDINARY_FUTURE_TREND_TARGET,2026-05-14,2026-05-14T10:00:00+05:30,PE,3825.46,ORDINARY_FUTURE_TREND,NO_AFFORDABLE_LIQUID_CONTRACT,"[{""contract"": ""NSE_FO|51353|19-05-2026"", ""status"": ""UNAFFORDABLE_OR_PAST_CAPACITY""}, {""contract"": ""NSE_FO|51349|19-05-2026"", ""status"": ""UNAFFORDABLE_OR_PAST_CAPACITY""}, {""contract"": ""NSE_FO|51347|19-05-2026"", ""status"": ""UNAFFORDABLE_OR_PAST_CAPACITY""}, {""contract"": ""NSE_FO|51325|19-05-2026"", ""status"": ""UNAFFORDABLE_OR_PAST_CAPACITY""}]",,,,,,,,,,,,,,
earlier,ORDINARY_FUTURE_TREND_TARGET,2026-05-15,2026-05-15T10:25:00+05:30,CE,3825.46,ORDINARY_FUTURE_TREND,NO_AFFORDABLE_LIQUID_CONTRACT,"[{""contract"": ""NSE_FO|51374|19-05-2026"", ""status"": ""UNAFFORDABLE_OR_PAST_CAPACITY""}, {""contract"": ""NSE_FO|51376|19-05-2026"", ""status"": ""UNAFFORDABLE_OR_PAST_CAPACITY""}, {""contract"": ""NSE_FO|51378|19-05-2026"", ""status"": ""UNAFFORDABLE_OR_PAST_CAPACITY""}, {""contract"": ""NSE_FO|51380|19-05-2026"", ""status"": ""UNAFFORDABLE_OR_PAST_CAPACITY""}]",,,,,,,,,,,,,,
earlier,ORDINARY_FUTURE_TREND_TARGET,2026-05-18,2026-05-18T10:00:00+05:30,PE,3825.46,ORDINARY_FUTURE_TREND,NO_AFFORDABLE_LIQUID_CONTRACT,"[{""contract"": ""NSE_FO|51347|19-05-2026"", ""status"": ""UNAFFORDABLE_OR_PAST_CAPACITY""}, {""contract"": ""NSE_FO|51325|19-05-2026"", ""status"": ""UNAFFORDABLE_OR_PAST_CAPACITY""}, {""contract"": ""NSE_FO|51323|19-05-2026"", ""status"": ""UNAFFORDABLE_OR_PAST_CAPACITY""}, {""contract"": ""NSE_FO|51321|19-05-2026"", ""status"": ""UNAFFORDABLE_OR_PAST_CAPACITY""}]",,,,,,,,,,,,,,
earlier,ORDINARY_FUTURE_TREND_TARGET,2026-05-20,2026-05-20T10:35:00+05:30,CE,3825.46,ORDINARY_FUTURE_TREND,NO_AFFORDABLE_LIQUID_CONTRACT,"[{""contract"": ""NSE_FO|72141|26-05-2026"", ""status"": ""UNAFFORDABLE_OR_PAST_CAPACITY""}, {""contract"": ""NSE_FO|72143|26-05-2026"", ""status"": ""UNAFFORDABLE_OR_PAST_CAPACITY""}, {""contract"": ""NSE_FO|72165|26-05-2026"", ""status"": ""UNAFFORDABLE_OR_PAST_CAPACITY""}, {""contract"": ""NSE_FO|72167|26-05-2026"", ""status"": ""UNAFFORDABLE_OR_PAST_CAPACITY""}]",,,,,,,,,,,,,,
earlier,ORDINARY_FUTURE_TREND_TARGET,2026-05-21,2026-05-21T10:00:00+05:30,PE,3825.46,ORDINARY_FUTURE_TREND,NO_AFFORDABLE_LIQUID_CONTRACT,"[{""contract"": ""NSE_FO|72170|26-05-2026"", ""status"": ""UNAFFORDABLE_OR_PAST_CAPACITY""}, {""contract"": ""NSE_FO|72168|26-05-2026"", ""status"": ""UNAFFORDABLE_OR_PAST_CAPACITY""}, {""contract"": ""NSE_FO|72166|26-05-2026"", ""status"": ""UNAFFORDABLE_OR_PAST_CAPACITY""}, {""contract"": ""NSE_FO|72147|26-05-2026"", ""status"": ""UNAFFORDABLE_OR_PAST_CAPACITY""}]",,,,,,,,,,,,,,
earlier,ORDINARY_FUTURE_TREND_TARGET,2026-05-22,2026-05-22T10:00:00+05:30,CE,3825.46,ORDINARY_FUTURE_TREND,NO_AFFORDABLE_LIQUID_CONTRACT,"[{""contract"": ""NSE_FO|72171|26-05-2026"", ""status"": ""UNAFFORDABLE_OR_PAST_CAPACITY""}, {""contract"": ""NSE_FO|72173|26-05-2026"", ""status"": ""UNAFFORDABLE_OR_PAST_CAPACITY""}, {""contract"": ""NSE_FO|72175|26-05-2026"", ""status"": ""UNAFFORDABLE_OR_PAST_CAPACITY""}, {""contract"": ""NSE_FO|72177|26-05-2026"", ""status"": ""UNAFFORDABLE_OR_PAST_CAPACITY""}]",,,,,,,,,,,,,,
earlier,ORDINARY_FUTURE_TREND_TARGET,2026-05-25,2026-05-25T10:20:00+05:30,CE,3825.46,ORDINARY_FUTURE_TREND,MODELED_EXIT,"[{""contract"": ""NSE_FO|72177|26-05-2026"", ""status"": ""UNAFFORDABLE_OR_PAST_CAPACITY""}, {""contract"": ""NSE_FO|72179|26-05-2026"", ""status"": ""UNAFFORDABLE_OR_PAST_CAPACITY""}, {""contract"": ""NSE_FO|72181|26-05-2026"", ""status"": ""UNAFFORDABLE_OR_PAST_CAPACITY""}, {""contract"": ""NSE_FO|72183|26-05-2026"", ""status"": ""ORDER_CREATED""}]",NSE_FO|72183|26-05-2026,24100.0,65,65,53.90,52.5,2026-05-25T10:21:00+05:30,63.45,2026-05-25T15:25:00+05:30,TIMED_CLOSE,653.32,58.43,4478.78,1.208571428571428571428571429
earlier,ORDINARY_FUTURE_TREND_TARGET,2026-05-27,2026-05-27T10:00:00+05:30,PE,4478.78,ORDINARY_FUTURE_TREND,NO_AFFORDABLE_LIQUID_CONTRACT,"[{""contract"": ""NSE_FO|57045|02-06-2026"", ""status"": ""UNAFFORDABLE_OR_PAST_CAPACITY""}, {""contract"": ""NSE_FO|57043|02-06-2026"", ""status"": ""UNAFFORDABLE_OR_PAST_CAPACITY""}, {""contract"": ""NSE_FO|57041|02-06-2026"", ""status"": ""UNAFFORDABLE_OR_PAST_CAPACITY""}, {""contract"": ""NSE_FO|57039|02-06-2026"", ""status"": ""UNAFFORDABLE_OR_PAST_CAPACITY""}]",,,,,,,,,,,,,,
earlier,ORDINARY_FUTURE_TREND_TARGET,2026-05-29,2026-05-29T10:10:00+05:30,CE,4478.78,ORDINARY_FUTURE_TREND,NO_AFFORDABLE_LIQUID_CONTRACT,"[{""contract"": ""NSE_FO|57048|02-06-2026"", ""status"": ""UNAFFORDABLE_OR_PAST_CAPACITY""}, {""contract"": ""NSE_FO|57050|02-06-2026"", ""status"": ""UNAFFORDABLE_OR_PAST_CAPACITY""}, {""contract"": ""NSE_FO|57052|02-06-2026"", ""status"": ""UNAFFORDABLE_OR_PAST_CAPACITY""}, {""contract"": ""NSE_FO|57054|02-06-2026"", ""status"": ""UNAFFORDABLE_OR_PAST_CAPACITY""}]",,,,,,,,,,,,,,
earlier,ORDINARY_FUTURE_TREND_TARGET,2026-06-01,2026-06-01T10:05:00+05:30,PE,4478.78,ORDINARY_FUTURE_TREND,MODELED_EXIT,"[{""contract"": ""NSE_FO|57033|02-06-2026"", ""status"": ""UNAFFORDABLE_OR_PAST_CAPACITY""}, {""contract"": ""NSE_FO|57031|02-06-2026"", ""status"": ""UNAFFORDABLE_OR_PAST_CAPACITY""}, {""contract"": ""NSE_FO|57029|02-06-2026"", ""status"": ""ORDER_CREATED""}]",NSE_FO|57029|02-06-2026,23450.0,65,65,59.20,54.25,2026-06-01T10:06:00+05:30,108.50,2026-06-01T14:33:00+05:30,TARGET_2X,3462.54,63.71,7941.32,2
earlier,ORDINARY_FUTURE_TREND_TARGET,2026-06-03,2026-06-03T10:35:00+05:30,PE,7941.32,ORDINARY_FUTURE_TREND,NO_AFFORDABLE_LIQUID_CONTRACT,"[{""contract"": ""NSE_FO|42285|09-06-2026"", ""status"": ""UNAFFORDABLE_OR_PAST_CAPACITY""}, {""contract"": ""NSE_FO|42279|09-06-2026"", ""status"": ""UNAFFORDABLE_OR_PAST_CAPACITY""}, {""contract"": ""NSE_FO|42273|09-06-2026"", ""status"": ""UNAFFORDABLE_OR_PAST_CAPACITY""}, {""contract"": ""NSE_FO|42271|09-06-2026"", ""status"": ""UNAFFORDABLE_OR_PAST_CAPACITY""}]",,,,,,,,,,,,,,
earlier,ORDINARY_FUTURE_TREND_TARGET,2026-06-04,2026-06-04T10:00:00+05:30,CE,7941.32,ORDINARY_FUTURE_TREND,NO_AFFORDABLE_LIQUID_CONTRACT,"[{""contract"": ""NSE_FO|42295|09-06-2026"", ""status"": ""UNAFFORDABLE_OR_PAST_CAPACITY""}, {""contract"": ""NSE_FO|42297|09-06-2026"", ""status"": ""UNAFFORDABLE_OR_PAST_CAPACITY""}, {""contract"": ""NSE_FO|42300|09-06-2026"", ""status"": ""UNAFFORDABLE_OR_PAST_CAPACITY""}, {""contract"": ""NSE_FO|42302|09-06-2026"", ""status"": ""UNAFFORDABLE_OR_PAST_CAPACITY""}]",,,,,,,,,,,,,,
earlier,ORDINARY_FUTURE_TREND_TARGET,2026-06-05,2026-06-05T10:00:00+05:30,PE,7941.32,ORDINARY_FUTURE_TREND,MODELED_LIMIT_MISS,"[{""contract"": ""NSE_FO|42299|09-06-2026"", ""status"": ""UNAFFORDABLE_OR_PAST_CAPACITY""}, {""contract"": ""NSE_FO|42296|09-06-2026"", ""status"": ""UNAFFORDABLE_OR_PAST_CAPACITY""}, {""contract"": ""NSE_FO|42293|09-06-2026"", ""status"": ""ORDER_CREATED""}]",NSE_FO|42293|09-06-2026,23350.0,65,65,104.45,,,,,,,,,
earlier,ORDINARY_FUTURE_TREND_TARGET,2026-06-08,2026-06-08T10:00:00+05:30,CE,7941.32,ORDINARY_FUTURE_TREND,MODELED_EXIT,"[{""contract"": ""NSE_FO|42284|09-06-2026"", ""status"": ""UNAFFORDABLE_OR_PAST_CAPACITY""}, {""contract"": ""NSE_FO|42286|09-06-2026"", ""status"": ""ORDER_CREATED""}]",NSE_FO|42286|09-06-2026,23250.0,65,65,112.75,104.20,2026-06-08T10:01:00+05:30,50.80,2026-06-08T15:03:00+05:30,STOP,-3528.49,57.49,4412.83,0.4875239923224568138195777351
earlier,ORDINARY_FUTURE_TREND_TARGET,2026-06-10,2026-06-10T10:15:00+05:30,PE,4412.83,ORDINARY_FUTURE_TREND,NO_AFFORDABLE_LIQUID_CONTRACT,"[{""contract"": ""NSE_FO|50571|16-06-2026"", ""status"": ""UNAFFORDABLE_OR_PAST_CAPACITY""}, {""contract"": ""NSE_FO|50569|16-06-2026"", ""status"": ""UNAFFORDABLE_OR_PAST_CAPACITY""}, {""contract"": ""NSE_FO|50566|16-06-2026"", ""status"": ""UNAFFORDABLE_OR_PAST_CAPACITY""}, {""contract"": ""NSE_FO|50564|16-06-2026"", ""status"": ""UNAFFORDABLE_OR_PAST_CAPACITY""}]",,,,,,,,,,,,,,
earlier,ORDINARY_FUTURE_TREND_TARGET,2026-06-11,2026-06-11T10:00:00+05:30,PE,4412.83,ORDINARY_FUTURE_TREND,NO_AFFORDABLE_LIQUID_CONTRACT,"[{""contract"": ""NSE_FO|50562|16-06-2026"", ""status"": ""UNAFFORDABLE_OR_PAST_CAPACITY""}, {""contract"": ""NSE_FO|50553|16-06-2026"", ""status"": ""UNAFFORDABLE_OR_PAST_CAPACITY""}, {""contract"": ""NSE_FO|50550|16-06-2026"", ""status"": ""UNAFFORDABLE_OR_PAST_CAPACITY""}, {""contract"": ""NSE_FO|50543|16-06-2026"", ""status"": ""UNAFFORDABLE_OR_PAST_CAPACITY""}]",,,,,,,,,,,,,,
earlier,ORDINARY_FUTURE_TREND_TARGET,2026-06-12,2026-06-12T10:00:00+05:30,PE,4412.83,ORDINARY_FUTURE_TREND,NO_AFFORDABLE_LIQUID_CONTRACT,"[{""contract"": ""NSE_FO|50573|16-06-2026"", ""status"": ""UNAFFORDABLE_OR_PAST_CAPACITY""}, {""contract"": ""NSE_FO|50571|16-06-2026"", ""status"": ""UNAFFORDABLE_OR_PAST_CAPACITY""}, {""contract"": ""NSE_FO|50569|16-06-2026"", ""status"": ""UNAFFORDABLE_OR_PAST_CAPACITY""}, {""contract"": ""NSE_FO|50566|16-06-2026"", ""status"": ""UNAFFORDABLE_OR_PAST_CAPACITY""}]",,,,,,,,,,,,,,
earlier,ORDINARY_FUTURE_TREND_TARGET,2026-06-15,2026-06-15T10:35:00+05:30,CE,4412.83,ORDINARY_FUTURE_TREND,MODELED_EXIT,"[{""contract"": ""NSE_FO|50613|16-06-2026"", ""status"": ""UNAFFORDABLE_OR_PAST_CAPACITY""}, {""contract"": ""NSE_FO|50615|16-06-2026"", ""status"": ""UNAFFORDABLE_OR_PAST_CAPACITY""}, {""contract"": ""NSE_FO|50617|16-06-2026"", ""status"": ""ORDER_CREATED""}]",NSE_FO|50617|16-06-2026,24050.0,65,65,62.50,59.70,2026-06-15T10:36:00+05:30,28.80,2026-06-15T15:00:00+05:30,STOP,-2062.18,53.68,2350.65,0.4824120603015075376884422111
earlier,ORDINARY_FUTURE_TREND_TARGET,2026-06-17,2026-06-17T12:00:00+05:30,PE,2350.65,ORDINARY_FUTURE_TREND,NO_AFFORDABLE_LIQUID_CONTRACT,"[{""contract"": ""NSE_FO|56375|23-06-2026"", ""status"": ""UNAFFORDABLE_OR_PAST_CAPACITY""}, {""contract"": ""NSE_FO|56373|23-06-2026"", ""status"": ""UNAFFORDABLE_OR_PAST_CAPACITY""}, {""contract"": ""NSE_FO|56371|23-06-2026"", ""status"": ""UNAFFORDABLE_OR_PAST_CAPACITY""}, {""contract"": ""NSE_FO|56359|23-06-2026"", ""status"": ""UNAFFORDABLE_OR_PAST_CAPACITY""}]",,,,,,,,,,,,,,
earlier,ORDINARY_FUTURE_TREND_TARGET,2026-06-18,2026-06-18T10:40:00+05:30,PE,2350.65,ORDINARY_FUTURE_TREND,NO_AFFORDABLE_LIQUID_CONTRACT,"[{""contract"": ""NSE_FO|56377|23-06-2026"", ""status"": ""UNAFFORDABLE_OR_PAST_CAPACITY""}, {""contract"": ""NSE_FO|56375|23-06-2026"", ""status"": ""UNAFFORDABLE_OR_PAST_CAPACITY""}, {""contract"": ""NSE_FO|56373|23-06-2026"", ""status"": ""UNAFFORDABLE_OR_PAST_CAPACITY""}, {""contract"": ""NSE_FO|56371|23-06-2026"", ""status"": ""UNAFFORDABLE_OR_PAST_CAPACITY""}]",,,,,,,,,,,,,,
earlier,ORDINARY_FUTURE_TREND_TARGET,2026-06-19,2026-06-19T10:30:00+05:30,PE,2350.65,ORDINARY_FUTURE_TREND,NO_AFFORDABLE_LIQUID_CONTRACT,"[{""contract"": ""NSE_FO|56371|23-06-2026"", ""status"": ""UNAFFORDABLE_OR_PAST_CAPACITY""}, {""contract"": ""NSE_FO|56359|23-06-2026"", ""status"": ""UNAFFORDABLE_OR_PAST_CAPACITY""}, {""contract"": ""NSE_FO|56357|23-06-2026"", ""status"": ""UNAFFORDABLE_OR_PAST_CAPACITY""}, {""contract"": ""NSE_FO|56355|23-06-2026"", ""status"": ""UNAFFORDABLE_OR_PAST_CAPACITY""}]",,,,,,,,,,,,,,
earlier,ORDINARY_FUTURE_TREND_TRAIL,2026-03-23,2026-03-23T10:00:00+05:30,PE,9411.18,ORDINARY_FUTURE_TREND,NO_AFFORDABLE_LIQUID_CONTRACT,"[{""contract"": ""NSE_FO|62499|24-03-2026"", ""status"": ""UNAFFORDABLE_OR_PAST_CAPACITY""}, {""contract"": ""NSE_FO|62437|24-03-2026"", ""status"": ""UNAFFORDABLE_OR_PAST_CAPACITY""}, {""contract"": ""NSE_FO|62435|24-03-2026"", ""status"": ""UNAFFORDABLE_OR_PAST_CAPACITY""}, {""contract"": ""NSE_FO|62408|24-03-2026"", ""status"": ""UNAFFORDABLE_OR_PAST_CAPACITY""}]",,,,,,,,,,,,,,
earlier,ORDINARY_FUTURE_TREND_TRAIL,2026-03-25,2026-03-25T10:45:00+05:30,CE,9411.18,ORDINARY_FUTURE_TREND,NO_AFFORDABLE_LIQUID_CONTRACT,"[{""contract"": ""NSE_FO|54512|30-03-2026"", ""status"": ""UNAFFORDABLE_OR_PAST_CAPACITY""}, {""contract"": ""NSE_FO|54514|30-03-2026"", ""status"": ""UNAFFORDABLE_OR_PAST_CAPACITY""}, {""contract"": ""NSE_FO|54516|30-03-2026"", ""status"": ""UNAFFORDABLE_OR_PAST_CAPACITY""}, {""contract"": ""NSE_FO|54518|30-03-2026"", ""status"": ""UNAFFORDABLE_OR_PAST_CAPACITY""}]",,,,,,,,,,,,,,
earlier,ORDINARY_FUTURE_TREND_TRAIL,2026-03-27,2026-03-27T10:00:00+05:30,PE,9411.18,ORDINARY_FUTURE_TREND,NO_AFFORDABLE_LIQUID_CONTRACT,"[{""contract"": ""NSE_FO|62923|30-03-2026"", ""status"": ""UNAFFORDABLE_OR_PAST_CAPACITY""}, {""contract"": ""NSE_FO|54497|30-03-2026"", ""status"": ""UNAFFORDABLE_OR_PAST_CAPACITY""}, {""contract"": ""NSE_FO|54495|30-03-2026"", ""status"": ""UNAFFORDABLE_OR_PAST_CAPACITY""}, {""contract"": ""NSE_FO|54493|30-03-2026"", ""status"": ""UNAFFORDABLE_OR_PAST_CAPACITY""}]",,,,,,,,,,,,,,
earlier,ORDINARY_FUTURE_TREND_TRAIL,2026-04-01,2026-04-01T10:00:00+05:30,CE,9411.18,ORDINARY_FUTURE_TREND,NO_AFFORDABLE_LIQUID_CONTRACT,"[{""contract"": ""NSE_FO|40761|07-04-2026"", ""status"": ""UNAFFORDABLE_OR_PAST_CAPACITY""}, {""contract"": ""NSE_FO|40770|07-04-2026"", ""status"": ""UNAFFORDABLE_OR_PAST_CAPACITY""}, {""contract"": ""NSE_FO|40772|07-04-2026"", ""status"": ""UNAFFORDABLE_OR_PAST_CAPACITY""}, {""contract"": ""NSE_FO|40774|07-04-2026"", ""status"": ""UNAFFORDABLE_OR_PAST_CAPACITY""}]",,,,,,,,,,,,,,
earlier,ORDINARY_FUTURE_TREND_TRAIL,2026-04-02,2026-04-02T10:00:00+05:30,PE,9411.18,ORDINARY_FUTURE_TREND,NO_AFFORDABLE_LIQUID_CONTRACT,"[{""contract"": ""NSE_FO|40717|07-04-2026"", ""status"": ""UNAFFORDABLE_OR_PAST_CAPACITY""}, {""contract"": ""NSE_FO|40708|07-04-2026"", ""status"": ""UNAFFORDABLE_OR_PAST_CAPACITY""}, {""contract"": ""NSE_FO|40706|07-04-2026"", ""status"": ""UNAFFORDABLE_OR_PAST_CAPACITY""}, {""contract"": ""NSE_FO|40704|07-04-2026"", ""status"": ""UNAFFORDABLE_OR_PAST_CAPACITY""}]",,,,,,,,,,,,,,
earlier,ORDINARY_FUTURE_TREND_TRAIL,2026-04-06,2026-04-06T10:00:00+05:30,PE,9411.18,ORDINARY_FUTURE_TREND,NO_AFFORDABLE_LIQUID_CONTRACT,"[{""contract"": ""NSE_FO|40737|07-04-2026"", ""status"": ""UNAFFORDABLE_OR_PAST_CAPACITY""}, {""contract"": ""NSE_FO|40735|07-04-2026"", ""status"": ""UNAFFORDABLE_OR_PAST_CAPACITY""}, {""contract"": ""NSE_FO|40731|07-04-2026"", ""status"": ""UNAFFORDABLE_OR_PAST_CAPACITY""}, {""contract"": ""NSE_FO|40729|07-04-2026"", ""status"": ""UNAFFORDABLE_OR_PAST_CAPACITY""}]",,,,,,,,,,,,,,
earlier,ORDINARY_FUTURE_TREND_TRAIL,2026-04-08,2026-04-08T10:30:00+05:30,CE,9411.18,ORDINARY_FUTURE_TREND,NO_AFFORDABLE_LIQUID_CONTRACT,"[{""contract"": ""NSE_FO|54808|13-04-2026"", ""status"": ""UNAFFORDABLE_OR_PAST_CAPACITY""}, {""contract"": ""NSE_FO|54810|13-04-2026"", ""status"": ""UNAFFORDABLE_OR_PAST_CAPACITY""}, {""contract"": ""NSE_FO|54812|13-04-2026"", ""status"": ""UNAFFORDABLE_OR_PAST_CAPACITY""}, {""contract"": ""NSE_FO|54816|13-04-2026"", ""status"": ""UNAFFORDABLE_OR_PAST_CAPACITY""}]",,,,,,,,,,,,,,
earlier,ORDINARY_FUTURE_TREND_TRAIL,2026-04-09,2026-04-09T10:00:00+05:30,PE,9411.18,ORDINARY_FUTURE_TREND,NO_AFFORDABLE_LIQUID_CONTRACT,"[{""contract"": ""NSE_FO|54805|13-04-2026"", ""status"": ""UNAFFORDABLE_OR_PAST_CAPACITY""}, {""contract"": ""NSE_FO|54803|13-04-2026"", ""status"": ""UNAFFORDABLE_OR_PAST_CAPACITY""}, {""contract"": ""NSE_FO|54801|13-04-2026"", ""status"": ""UNAFFORDABLE_OR_PAST_CAPACITY""}, {""contract"": ""NSE_FO|54799|13-04-2026"", ""status"": ""UNAFFORDABLE_OR_PAST_CAPACITY""}]",,,,,,,,,,,,,,
earlier,ORDINARY_FUTURE_TREND_TRAIL,2026-04-10,2026-04-10T10:00:00+05:30,CE,9411.18,ORDINARY_FUTURE_TREND,MODELED_LIMIT_MISS,"[{""contract"": ""NSE_FO|54812|13-04-2026"", ""status"": ""UNAFFORDABLE_OR_PAST_CAPACITY""}, {""contract"": ""NSE_FO|54816|13-04-2026"", ""status"": ""ORDER_CREATED""}]",NSE_FO|54816|13-04-2026,24050.0,65,65,130.05,,,,,,,,,
earlier,ORDINARY_FUTURE_TREND_TRAIL,2026-04-15,2026-04-15T10:05:00+05:30,CE,9411.18,ORDINARY_FUTURE_TREND,NO_AFFORDABLE_LIQUID_CONTRACT,"[{""contract"": ""NSE_FO|63428|21-04-2026"", ""status"": ""UNAFFORDABLE_OR_PAST_CAPACITY""}, {""contract"": ""NSE_FO|63430|21-04-2026"", ""status"": ""UNAFFORDABLE_OR_PAST_CAPACITY""}, {""contract"": ""NSE_FO|63434|21-04-2026"", ""status"": ""UNAFFORDABLE_OR_PAST_CAPACITY""}, {""contract"": ""NSE_FO|63436|21-04-2026"", ""status"": ""UNAFFORDABLE_OR_PAST_CAPACITY""}]",,,,,,,,,,,,,,
earlier,ORDINARY_FUTURE_TREND_TRAIL,2026-04-16,2026-04-16T10:00:00+05:30,PE,9411.18,ORDINARY_FUTURE_TREND,NO_AFFORDABLE_LIQUID_CONTRACT,"[{""contract"": ""NSE_FO|63429|21-04-2026"", ""status"": ""UNAFFORDABLE_OR_PAST_CAPACITY""}, {""contract"": ""NSE_FO|63427|21-04-2026"", ""status"": ""UNAFFORDABLE_OR_PAST_CAPACITY""}, {""contract"": ""NSE_FO|63425|21-04-2026"", ""status"": ""UNAFFORDABLE_OR_PAST_CAPACITY""}, {""contract"": ""NSE_FO|63423|21-04-2026"", ""status"": ""UNAFFORDABLE_OR_PAST_CAPACITY""}]",,,,,,,,,,,,,,
earlier,ORDINARY_FUTURE_TREND_TRAIL,2026-04-17,2026-04-17T10:00:00+05:30,CE,9411.18,ORDINARY_FUTURE_TREND,MODELED_EXIT,"[{""contract"": ""NSE_FO|63428|21-04-2026"", ""status"": ""UNAFFORDABLE_OR_PAST_CAPACITY""}, {""contract"": ""NSE_FO|63430|21-04-2026"", ""status"": ""UNAFFORDABLE_OR_PAST_CAPACITY""}, {""contract"": ""NSE_FO|63434|21-04-2026"", ""status"": ""ORDER_CREATED""}]",NSE_FO|63434|21-04-2026,24350.0,65,65,116.25,114.85,2026-04-17T10:01:00+05:30,159.10,2026-04-17T15:25:00+05:30,TIMED_CLOSE,2804.50,71.75,12215.68,1.385285154549412276882890727
earlier,ORDINARY_FUTURE_TREND_TRAIL,2026-04-20,2026-04-20T10:05:00+05:30,CE,12215.68,ORDINARY_FUTURE_TREND,MODELED_EXIT,"[{""contract"": ""NSE_FO|63434|21-04-2026"", ""status"": ""ORDER_CREATED""}]",NSE_FO|63434|21-04-2026,24350.0,65,65,141.60,137.5,2026-04-20T10:06:00+05:30,102.85,2026-04-20T15:19:00+05:30,STOP,-2318.07,65.82,9897.61,0.748
earlier,ORDINARY_FUTURE_TREND_TRAIL,2026-04-22,2026-04-22T10:00:00+05:30,PE,9897.61,ORDINARY_FUTURE_TREND,NO_AFFORDABLE_LIQUID_CONTRACT,"[{""contract"": ""NSE_FO|72322|28-04-2026"", ""status"": ""UNAFFORDABLE_OR_PAST_CAPACITY""}, {""contract"": ""NSE_FO|72316|28-04-2026"", ""status"": ""UNAFFORDABLE_OR_PAST_CAPACITY""}, {""contract"": ""NSE_FO|72311|28-04-2026"", ""status"": ""UNAFFORDABLE_OR_PAST_CAPACITY""}, {""contract"": ""NSE_FO|72278|28-04-2026"", ""status"": ""UNAFFORDABLE_OR_PAST_CAPACITY""}]",,,,,,,,,,,,,,
earlier,ORDINARY_FUTURE_TREND_TRAIL,2026-04-23,2026-04-23T10:00:00+05:30,CE,9897.61,ORDINARY_FUTURE_TREND,MODELED_EXIT,"[{""contract"": ""NSE_FO|72279|28-04-2026"", ""status"": ""UNAFFORDABLE_OR_PAST_CAPACITY""}, {""contract"": ""NSE_FO|72312|28-04-2026"", ""status"": ""UNAFFORDABLE_OR_PAST_CAPACITY""}, {""contract"": ""NSE_FO|72317|28-04-2026"", ""status"": ""UNAFFORDABLE_OR_PAST_CAPACITY""}, {""contract"": ""NSE_FO|72323|28-04-2026"", ""status"": ""ORDER_CREATED""}]",NSE_FO|72323|28-04-2026,24450.0,65,65,131.70,124.30,2026-04-23T10:01:00+05:30,74.70,2026-04-23T15:25:00+05:30,TIMED_CLOSE,-3285.70,61.70,6611.91,0.6009654062751407884151246983
earlier,ORDINARY_FUTURE_TREND_TRAIL,2026-04-24,2026-04-24T10:00:00+05:30,PE,6611.91,ORDINARY_FUTURE_TREND,NO_AFFORDABLE_LIQUID_CONTRACT,"[{""contract"": ""NSE_FO|72262|28-04-2026"", ""status"": ""UNAFFORDABLE_OR_PAST_CAPACITY""}, {""contract"": ""NSE_FO|72260|28-04-2026"", ""status"": ""UNAFFORDABLE_OR_PAST_CAPACITY""}, {""contract"": ""NSE_FO|72258|28-04-2026"", ""status"": ""UNAFFORDABLE_OR_PAST_CAPACITY""}, {""contract"": ""NSE_FO|72256|28-04-2026"", ""status"": ""UNAFFORDABLE_OR_PAST_CAPACITY""}]",,,,,,,,,,,,,,
earlier,ORDINARY_FUTURE_TREND_TRAIL,2026-04-27,2026-04-27T10:00:00+05:30,CE,6611.91,ORDINARY_FUTURE_TREND,MODELED_EXIT,"[{""contract"": ""NSE_FO|72267|28-04-2026"", ""status"": ""UNAFFORDABLE_OR_PAST_CAPACITY""}, {""contract"": ""NSE_FO|72269|28-04-2026"", ""status"": ""UNAFFORDABLE_OR_PAST_CAPACITY""}, {""contract"": ""NSE_FO|72271|28-04-2026"", ""status"": ""ORDER_CREATED""}]",NSE_FO|72271|28-04-2026,24200.0,65,65,77.40,75.85,2026-04-27T10:01:00+05:30,35.75,2026-04-27T11:38:00+05:30,STOP,-2661.82,55.32,3950.09,0.4713249835201054713249835201
earlier,ORDINARY_FUTURE_TREND_TRAIL,2026-04-29,2026-04-29T10:00:00+05:30,CE,3950.09,ORDINARY_FUTURE_TREND,NO_AFFORDABLE_LIQUID_CONTRACT,"[{""contract"": ""NSE_FO|74165|05-05-2026"", ""status"": ""UNAFFORDABLE_OR_PAST_CAPACITY""}, {""contract"": ""NSE_FO|74167|05-05-2026"", ""status"": ""UNAFFORDABLE_OR_PAST_CAPACITY""}, {""contract"": ""NSE_FO|74169|05-05-2026"", ""status"": ""UNAFFORDABLE_OR_PAST_CAPACITY""}, {""contract"": ""NSE_FO|74171|05-05-2026"", ""status"": ""UNAFFORDABLE_OR_PAST_CAPACITY""}]",,,,,,,,,,,,,,
earlier,ORDINARY_FUTURE_TREND_TRAIL,2026-04-30,2026-04-30T10:00:00+05:30,PE,3950.09,ORDINARY_FUTURE_TREND,NO_AFFORDABLE_LIQUID_CONTRACT,"[{""contract"": ""NSE_FO|74134|05-05-2026"", ""status"": ""UNAFFORDABLE_OR_PAST_CAPACITY""}, {""contract"": ""NSE_FO|74132|05-05-2026"", ""status"": ""UNAFFORDABLE_OR_PAST_CAPACITY""}, {""contract"": ""NSE_FO|74130|05-05-2026"", ""status"": ""UNAFFORDABLE_OR_PAST_CAPACITY""}, {""contract"": ""NSE_FO|74128|05-05-2026"", ""status"": ""UNAFFORDABLE_OR_PAST_CAPACITY""}]",,,,,,,,,,,,,,
earlier,ORDINARY_FUTURE_TREND_TRAIL,2026-05-04,2026-05-04T10:05:00+05:30,PE,3950.09,ORDINARY_FUTURE_TREND,MODELED_EXIT,"[{""contract"": ""NSE_FO|74168|05-05-2026"", ""status"": ""UNAFFORDABLE_OR_PAST_CAPACITY""}, {""contract"": ""NSE_FO|74166|05-05-2026"", ""status"": ""UNAFFORDABLE_OR_PAST_CAPACITY""}, {""contract"": ""NSE_FO|74164|05-05-2026"", ""status"": ""UNAFFORDABLE_OR_PAST_CAPACITY""}, {""contract"": ""NSE_FO|74156|05-05-2026"", ""status"": ""ORDER_CREATED""}]",NSE_FO|74156|05-05-2026,24050.0,65,65,51.20,49.75,2026-05-04T10:06:00+05:30,38.25,2026-05-04T11:31:00+05:30,STOP,-802.17,54.67,3147.92,0.7688442211055276381909547739
earlier,ORDINARY_FUTURE_TREND_TRAIL,2026-05-06,2026-05-06T10:05:00+05:30,PE,3147.92,ORDINARY_FUTURE_TREND,NO_AFFORDABLE_LIQUID_CONTRACT,"[{""contract"": ""NSE_FO|41759|12-05-2026"", ""status"": ""UNAFFORDABLE_OR_PAST_CAPACITY""}, {""contract"": ""NSE_FO|41757|12-05-2026"", ""status"": ""UNAFFORDABLE_OR_PAST_CAPACITY""}, {""contract"": ""NSE_FO|41755|12-05-2026"", ""status"": ""UNAFFORDABLE_OR_PAST_CAPACITY""}, {""contract"": ""NSE_FO|41749|12-05-2026"", ""status"": ""UNAFFORDABLE_OR_PAST_CAPACITY""}]",,,,,,,,,,,,,,
earlier,ORDINARY_FUTURE_TREND_TRAIL,2026-05-07,2026-05-07T10:00:00+05:30,PE,3147.92,ORDINARY_FUTURE_TREND,NO_AFFORDABLE_LIQUID_CONTRACT,"[{""contract"": ""NSE_FO|41785|12-05-2026"", ""status"": ""UNAFFORDABLE_OR_PAST_CAPACITY""}, {""contract"": ""NSE_FO|41779|12-05-2026"", ""status"": ""UNAFFORDABLE_OR_PAST_CAPACITY""}, {""contract"": ""NSE_FO|41777|12-05-2026"", ""status"": ""UNAFFORDABLE_OR_PAST_CAPACITY""}, {""contract"": ""NSE_FO|41763|12-05-2026"", ""status"": ""UNAFFORDABLE_OR_PAST_CAPACITY""}]",,,,,,,,,,,,,,
earlier,ORDINARY_FUTURE_TREND_TRAIL,2026-05-08,2026-05-08T10:00:00+05:30,CE,3147.92,ORDINARY_FUTURE_TREND,NO_AFFORDABLE_LIQUID_CONTRACT,"[{""contract"": ""NSE_FO|41762|12-05-2026"", ""status"": ""UNAFFORDABLE_OR_PAST_CAPACITY""}, {""contract"": ""NSE_FO|41774|12-05-2026"", ""status"": ""UNAFFORDABLE_OR_PAST_CAPACITY""}, {""contract"": ""NSE_FO|41778|12-05-2026"", ""status"": ""UNAFFORDABLE_OR_PAST_CAPACITY""}, {""contract"": ""NSE_FO|41784|12-05-2026"", ""status"": ""UNAFFORDABLE_OR_PAST_CAPACITY""}]",,,,,,,,,,,,,,
earlier,ORDINARY_FUTURE_TREND_TRAIL,2026-05-11,2026-05-11T10:20:00+05:30,PE,3147.92,ORDINARY_FUTURE_TREND,NO_AFFORDABLE_LIQUID_CONTRACT,"[{""contract"": ""NSE_FO|41745|12-05-2026"", ""status"": ""UNAFFORDABLE_OR_PAST_CAPACITY""}, {""contract"": ""NSE_FO|41743|12-05-2026"", ""status"": ""UNAFFORDABLE_OR_PAST_CAPACITY""}, {""contract"": ""NSE_FO|41741|12-05-2026"", ""status"": ""UNAFFORDABLE_OR_PAST_CAPACITY""}, {""contract"": ""NSE_FO|41739|12-05-2026"", ""status"": ""UNAFFORDABLE_OR_PAST_CAPACITY""}]",,,,,,,,,,,,,,
earlier,ORDINARY_FUTURE_TREND_TRAIL,2026-05-13,2026-05-13T10:00:00+05:30,CE,3147.92,ORDINARY_FUTURE_TREND,NO_AFFORDABLE_LIQUID_CONTRACT,"[{""contract"": ""NSE_FO|51346|19-05-2026"", ""status"": ""UNAFFORDABLE_OR_PAST_CAPACITY""}, {""contract"": ""NSE_FO|51348|19-05-2026"", ""status"": ""UNAFFORDABLE_OR_PAST_CAPACITY""}, {""contract"": ""NSE_FO|51352|19-05-2026"", ""status"": ""UNAFFORDABLE_OR_PAST_CAPACITY""}, {""contract"": ""NSE_FO|51354|19-05-2026"", ""status"": ""UNAFFORDABLE_OR_PAST_CAPACITY""}]",,,,,,,,,,,,,,
earlier,ORDINARY_FUTURE_TREND_TRAIL,2026-05-14,2026-05-14T10:00:00+05:30,PE,3147.92,ORDINARY_FUTURE_TREND,NO_AFFORDABLE_LIQUID_CONTRACT,"[{""contract"": ""NSE_FO|51353|19-05-2026"", ""status"": ""UNAFFORDABLE_OR_PAST_CAPACITY""}, {""contract"": ""NSE_FO|51349|19-05-2026"", ""status"": ""UNAFFORDABLE_OR_PAST_CAPACITY""}, {""contract"": ""NSE_FO|51347|19-05-2026"", ""status"": ""UNAFFORDABLE_OR_PAST_CAPACITY""}, {""contract"": ""NSE_FO|51325|19-05-2026"", ""status"": ""UNAFFORDABLE_OR_PAST_CAPACITY""}]",,,,,,,,,,,,,,
earlier,ORDINARY_FUTURE_TREND_TRAIL,2026-05-15,2026-05-15T10:25:00+05:30,CE,3147.92,ORDINARY_FUTURE_TREND,NO_AFFORDABLE_LIQUID_CONTRACT,"[{""contract"": ""NSE_FO|51374|19-05-2026"", ""status"": ""UNAFFORDABLE_OR_PAST_CAPACITY""}, {""contract"": ""NSE_FO|51376|19-05-2026"", ""status"": ""UNAFFORDABLE_OR_PAST_CAPACITY""}, {""contract"": ""NSE_FO|51378|19-05-2026"", ""status"": ""UNAFFORDABLE_OR_PAST_CAPACITY""}, {""contract"": ""NSE_FO|51380|19-05-2026"", ""status"": ""UNAFFORDABLE_OR_PAST_CAPACITY""}]",,,,,,,,,,,,,,
earlier,ORDINARY_FUTURE_TREND_TRAIL,2026-05-18,2026-05-18T10:00:00+05:30,PE,3147.92,ORDINARY_FUTURE_TREND,NO_AFFORDABLE_LIQUID_CONTRACT,"[{""contract"": ""NSE_FO|51347|19-05-2026"", ""status"": ""UNAFFORDABLE_OR_PAST_CAPACITY""}, {""contract"": ""NSE_FO|51325|19-05-2026"", ""status"": ""UNAFFORDABLE_OR_PAST_CAPACITY""}, {""contract"": ""NSE_FO|51323|19-05-2026"", ""status"": ""UNAFFORDABLE_OR_PAST_CAPACITY""}, {""contract"": ""NSE_FO|51321|19-05-2026"", ""status"": ""UNAFFORDABLE_OR_PAST_CAPACITY""}]",,,,,,,,,,,,,,
earlier,ORDINARY_FUTURE_TREND_TRAIL,2026-05-20,2026-05-20T10:35:00+05:30,CE,3147.92,ORDINARY_FUTURE_TREND,NO_AFFORDABLE_LIQUID_CONTRACT,"[{""contract"": ""NSE_FO|72141|26-05-2026"", ""status"": ""UNAFFORDABLE_OR_PAST_CAPACITY""}, {""contract"": ""NSE_FO|72143|26-05-2026"", ""status"": ""UNAFFORDABLE_OR_PAST_CAPACITY""}, {""contract"": ""NSE_FO|72165|26-05-2026"", ""status"": ""UNAFFORDABLE_OR_PAST_CAPACITY""}, {""contract"": ""NSE_FO|72167|26-05-2026"", ""status"": ""UNAFFORDABLE_OR_PAST_CAPACITY""}]",,,,,,,,,,,,,,
earlier,ORDINARY_FUTURE_TREND_TRAIL,2026-05-21,2026-05-21T10:00:00+05:30,PE,3147.92,ORDINARY_FUTURE_TREND,NO_AFFORDABLE_LIQUID_CONTRACT,"[{""contract"": ""NSE_FO|72170|26-05-2026"", ""status"": ""UNAFFORDABLE_OR_PAST_CAPACITY""}, {""contract"": ""NSE_FO|72168|26-05-2026"", ""status"": ""UNAFFORDABLE_OR_PAST_CAPACITY""}, {""contract"": ""NSE_FO|72166|26-05-2026"", ""status"": ""UNAFFORDABLE_OR_PAST_CAPACITY""}, {""contract"": ""NSE_FO|72147|26-05-2026"", ""status"": ""UNAFFORDABLE_OR_PAST_CAPACITY""}]",,,,,,,,,,,,,,
earlier,ORDINARY_FUTURE_TREND_TRAIL,2026-05-22,2026-05-22T10:00:00+05:30,CE,3147.92,ORDINARY_FUTURE_TREND,NO_AFFORDABLE_LIQUID_CONTRACT,"[{""contract"": ""NSE_FO|72171|26-05-2026"", ""status"": ""UNAFFORDABLE_OR_PAST_CAPACITY""}, {""contract"": ""NSE_FO|72173|26-05-2026"", ""status"": ""UNAFFORDABLE_OR_PAST_CAPACITY""}, {""contract"": ""NSE_FO|72175|26-05-2026"", ""status"": ""UNAFFORDABLE_OR_PAST_CAPACITY""}, {""contract"": ""NSE_FO|72177|26-05-2026"", ""status"": ""UNAFFORDABLE_OR_PAST_CAPACITY""}]",,,,,,,,,,,,,,
earlier,ORDINARY_FUTURE_TREND_TRAIL,2026-05-25,2026-05-25T10:20:00+05:30,CE,3147.92,ORDINARY_FUTURE_TREND,NO_AFFORDABLE_LIQUID_CONTRACT,"[{""contract"": ""NSE_FO|72177|26-05-2026"", ""status"": ""UNAFFORDABLE_OR_PAST_CAPACITY""}, {""contract"": ""NSE_FO|72179|26-05-2026"", ""status"": ""UNAFFORDABLE_OR_PAST_CAPACITY""}, {""contract"": ""NSE_FO|72181|26-05-2026"", ""status"": ""UNAFFORDABLE_OR_PAST_CAPACITY""}, {""contract"": ""NSE_FO|72183|26-05-2026"", ""status"": ""UNAFFORDABLE_OR_PAST_CAPACITY""}]",,,,,,,,,,,,,,
earlier,ORDINARY_FUTURE_TREND_TRAIL,2026-05-27,2026-05-27T10:00:00+05:30,PE,3147.92,ORDINARY_FUTURE_TREND,NO_AFFORDABLE_LIQUID_CONTRACT,"[{""contract"": ""NSE_FO|57045|02-06-2026"", ""status"": ""UNAFFORDABLE_OR_PAST_CAPACITY""}, {""contract"": ""NSE_FO|57043|02-06-2026"", ""status"": ""UNAFFORDABLE_OR_PAST_CAPACITY""}, {""contract"": ""NSE_FO|57041|02-06-2026"", ""status"": ""UNAFFORDABLE_OR_PAST_CAPACITY""}, {""contract"": ""NSE_FO|57039|02-06-2026"", ""status"": ""UNAFFORDABLE_OR_PAST_CAPACITY""}]",,,,,,,,,,,,,,
earlier,ORDINARY_FUTURE_TREND_TRAIL,2026-05-29,2026-05-29T10:10:00+05:30,CE,3147.92,ORDINARY_FUTURE_TREND,NO_AFFORDABLE_LIQUID_CONTRACT,"[{""contract"": ""NSE_FO|57048|02-06-2026"", ""status"": ""UNAFFORDABLE_OR_PAST_CAPACITY""}, {""contract"": ""NSE_FO|57050|02-06-2026"", ""status"": ""UNAFFORDABLE_OR_PAST_CAPACITY""}, {""contract"": ""NSE_FO|57052|02-06-2026"", ""status"": ""UNAFFORDABLE_OR_PAST_CAPACITY""}, {""contract"": ""NSE_FO|57054|02-06-2026"", ""status"": ""UNAFFORDABLE_OR_PAST_CAPACITY""}]",,,,,,,,,,,,,,
earlier,ORDINARY_FUTURE_TREND_TRAIL,2026-06-01,2026-06-01T10:05:00+05:30,PE,3147.92,ORDINARY_FUTURE_TREND,MODELED_EXIT,"[{""contract"": ""NSE_FO|57033|02-06-2026"", ""status"": ""UNAFFORDABLE_OR_PAST_CAPACITY""}, {""contract"": ""NSE_FO|57031|02-06-2026"", ""status"": ""UNAFFORDABLE_OR_PAST_CAPACITY""}, {""contract"": ""NSE_FO|57029|02-06-2026"", ""status"": ""UNAFFORDABLE_OR_PAST_CAPACITY""}, {""contract"": ""NSE_FO|57027|02-06-2026"", ""status"": ""ORDER_CREATED""}]",NSE_FO|57027|02-06-2026,23400.0,65,65,44.20,40.45,2026-06-01T10:06:00+05:30,22.50,2026-06-01T11:19:00+05:30,STOP,-1219.73,52.98,1928.19,0.5562422744128553770086526576
earlier,ORDINARY_FUTURE_TREND_TRAIL,2026-06-03,2026-06-03T10:35:00+05:30,PE,1928.19,ORDINARY_FUTURE_TREND,NO_AFFORDABLE_LIQUID_CONTRACT,"[{""contract"": ""NSE_FO|42285|09-06-2026"", ""status"": ""UNAFFORDABLE_OR_PAST_CAPACITY""}, {""contract"": ""NSE_FO|42279|09-06-2026"", ""status"": ""UNAFFORDABLE_OR_PAST_CAPACITY""}, {""contract"": ""NSE_FO|42273|09-06-2026"", ""status"": ""UNAFFORDABLE_OR_PAST_CAPACITY""}, {""contract"": ""NSE_FO|42271|09-06-2026"", ""status"": ""UNAFFORDABLE_OR_PAST_CAPACITY""}]",,,,,,,,,,,,,,
earlier,ORDINARY_FUTURE_TREND_TRAIL,2026-06-04,2026-06-04T10:00:00+05:30,CE,1928.19,ORDINARY_FUTURE_TREND,NO_AFFORDABLE_LIQUID_CONTRACT,"[{""contract"": ""NSE_FO|42295|09-06-2026"", ""status"": ""UNAFFORDABLE_OR_PAST_CAPACITY""}, {""contract"": ""NSE_FO|42297|09-06-2026"", ""status"": ""UNAFFORDABLE_OR_PAST_CAPACITY""}, {""contract"": ""NSE_FO|42300|09-06-2026"", ""status"": ""UNAFFORDABLE_OR_PAST_CAPACITY""}, {""contract"": ""NSE_FO|42302|09-06-2026"", ""status"": ""UNAFFORDABLE_OR_PAST_CAPACITY""}]",,,,,,,,,,,,,,
earlier,ORDINARY_FUTURE_TREND_TRAIL,2026-06-05,2026-06-05T10:00:00+05:30,PE,1928.19,ORDINARY_FUTURE_TREND,NO_AFFORDABLE_LIQUID_CONTRACT,"[{""contract"": ""NSE_FO|42299|09-06-2026"", ""status"": ""UNAFFORDABLE_OR_PAST_CAPACITY""}, {""contract"": ""NSE_FO|42296|09-06-2026"", ""status"": ""UNAFFORDABLE_OR_PAST_CAPACITY""}, {""contract"": ""NSE_FO|42293|09-06-2026"", ""status"": ""UNAFFORDABLE_OR_PAST_CAPACITY""}, {""contract"": ""NSE_FO|42289|09-06-2026"", ""status"": ""UNAFFORDABLE_OR_PAST_CAPACITY""}]",,,,,,,,,,,,,,
earlier,ORDINARY_FUTURE_TREND_TRAIL,2026-06-08,2026-06-08T10:00:00+05:30,CE,1928.19,ORDINARY_FUTURE_TREND,NO_AFFORDABLE_LIQUID_CONTRACT,"[{""contract"": ""NSE_FO|42284|09-06-2026"", ""status"": ""UNAFFORDABLE_OR_PAST_CAPACITY""}, {""contract"": ""NSE_FO|42286|09-06-2026"", ""status"": ""UNAFFORDABLE_OR_PAST_CAPACITY""}, {""contract"": ""NSE_FO|42288|09-06-2026"", ""status"": ""UNAFFORDABLE_OR_PAST_CAPACITY""}, {""contract"": ""NSE_FO|42290|09-06-2026"", ""status"": ""UNAFFORDABLE_OR_PAST_CAPACITY""}]",,,,,,,,,,,,,,
earlier,ORDINARY_FUTURE_TREND_TRAIL,2026-06-10,2026-06-10T10:15:00+05:30,PE,1928.19,ORDINARY_FUTURE_TREND,NO_AFFORDABLE_LIQUID_CONTRACT,"[{""contract"": ""NSE_FO|50571|16-06-2026"", ""status"": ""UNAFFORDABLE_OR_PAST_CAPACITY""}, {""contract"": ""NSE_FO|50569|16-06-2026"", ""status"": ""UNAFFORDABLE_OR_PAST_CAPACITY""}, {""contract"": ""NSE_FO|50566|16-06-2026"", ""status"": ""UNAFFORDABLE_OR_PAST_CAPACITY""}, {""contract"": ""NSE_FO|50564|16-06-2026"", ""status"": ""UNAFFORDABLE_OR_PAST_CAPACITY""}]",,,,,,,,,,,,,,
earlier,ORDINARY_FUTURE_TREND_TRAIL,2026-06-11,2026-06-11T10:00:00+05:30,PE,1928.19,ORDINARY_FUTURE_TREND,NO_AFFORDABLE_LIQUID_CONTRACT,"[{""contract"": ""NSE_FO|50562|16-06-2026"", ""status"": ""UNAFFORDABLE_OR_PAST_CAPACITY""}, {""contract"": ""NSE_FO|50553|16-06-2026"", ""status"": ""UNAFFORDABLE_OR_PAST_CAPACITY""}, {""contract"": ""NSE_FO|50550|16-06-2026"", ""status"": ""UNAFFORDABLE_OR_PAST_CAPACITY""}, {""contract"": ""NSE_FO|50543|16-06-2026"", ""status"": ""UNAFFORDABLE_OR_PAST_CAPACITY""}]",,,,,,,,,,,,,,
earlier,ORDINARY_FUTURE_TREND_TRAIL,2026-06-12,2026-06-12T10:00:00+05:30,PE,1928.19,ORDINARY_FUTURE_TREND,NO_AFFORDABLE_LIQUID_CONTRACT,"[{""contract"": ""NSE_FO|50573|16-06-2026"", ""status"": ""UNAFFORDABLE_OR_PAST_CAPACITY""}, {""contract"": ""NSE_FO|50571|16-06-2026"", ""status"": ""UNAFFORDABLE_OR_PAST_CAPACITY""}, {""contract"": ""NSE_FO|50569|16-06-2026"", ""status"": ""UNAFFORDABLE_OR_PAST_CAPACITY""}, {""contract"": ""NSE_FO|50566|16-06-2026"", ""status"": ""UNAFFORDABLE_OR_PAST_CAPACITY""}]",,,,,,,,,,,,,,
earlier,ORDINARY_FUTURE_TREND_TRAIL,2026-06-15,2026-06-15T10:35:00+05:30,CE,1928.19,ORDINARY_FUTURE_TREND,NO_AFFORDABLE_LIQUID_CONTRACT,"[{""contract"": ""NSE_FO|50613|16-06-2026"", ""status"": ""UNAFFORDABLE_OR_PAST_CAPACITY""}, {""contract"": ""NSE_FO|50615|16-06-2026"", ""status"": ""UNAFFORDABLE_OR_PAST_CAPACITY""}, {""contract"": ""NSE_FO|50617|16-06-2026"", ""status"": ""UNAFFORDABLE_OR_PAST_CAPACITY""}, {""contract"": ""NSE_FO|50619|16-06-2026"", ""status"": ""UNAFFORDABLE_OR_PAST_CAPACITY""}]",,,,,,,,,,,,,,
earlier,ORDINARY_FUTURE_TREND_TRAIL,2026-06-17,2026-06-17T12:00:00+05:30,PE,1928.19,ORDINARY_FUTURE_TREND,NO_AFFORDABLE_LIQUID_CONTRACT,"[{""contract"": ""NSE_FO|56375|23-06-2026"", ""status"": ""UNAFFORDABLE_OR_PAST_CAPACITY""}, {""contract"": ""NSE_FO|56373|23-06-2026"", ""status"": ""UNAFFORDABLE_OR_PAST_CAPACITY""}, {""contract"": ""NSE_FO|56371|23-06-2026"", ""status"": ""UNAFFORDABLE_OR_PAST_CAPACITY""}, {""contract"": ""NSE_FO|56359|23-06-2026"", ""status"": ""UNAFFORDABLE_OR_PAST_CAPACITY""}]",,,,,,,,,,,,,,
earlier,ORDINARY_FUTURE_TREND_TRAIL,2026-06-18,2026-06-18T10:40:00+05:30,PE,1928.19,ORDINARY_FUTURE_TREND,NO_AFFORDABLE_LIQUID_CONTRACT,"[{""contract"": ""NSE_FO|56377|23-06-2026"", ""status"": ""UNAFFORDABLE_OR_PAST_CAPACITY""}, {""contract"": ""NSE_FO|56375|23-06-2026"", ""status"": ""UNAFFORDABLE_OR_PAST_CAPACITY""}, {""contract"": ""NSE_FO|56373|23-06-2026"", ""status"": ""UNAFFORDABLE_OR_PAST_CAPACITY""}, {""contract"": ""NSE_FO|56371|23-06-2026"", ""status"": ""UNAFFORDABLE_OR_PAST_CAPACITY""}]",,,,,,,,,,,,,,
earlier,ORDINARY_FUTURE_TREND_TRAIL,2026-06-19,2026-06-19T10:30:00+05:30,PE,1928.19,ORDINARY_FUTURE_TREND,NO_AFFORDABLE_LIQUID_CONTRACT,"[{""contract"": ""NSE_FO|56371|23-06-2026"", ""status"": ""UNAFFORDABLE_OR_PAST_CAPACITY""}, {""contract"": ""NSE_FO|56359|23-06-2026"", ""status"": ""UNAFFORDABLE_OR_PAST_CAPACITY""}, {""contract"": ""NSE_FO|56357|23-06-2026"", ""status"": ""UNAFFORDABLE_OR_PAST_CAPACITY""}, {""contract"": ""NSE_FO|56355|23-06-2026"", ""status"": ""UNAFFORDABLE_OR_PAST_CAPACITY""}]",,,,,,,,,,,,,,
earlier,ORDINARY_FUTURE_OI_TARGET,2026-06-03,2026-06-03T12:45:00+05:30,CE,9411.18,ORDINARY_FUTURE_OI,NO_AFFORDABLE_LIQUID_CONTRACT,"[{""contract"": ""NSE_FO|42288|09-06-2026"", ""status"": ""UNAFFORDABLE_OR_PAST_CAPACITY""}, {""contract"": ""NSE_FO|42290|09-06-2026"", ""status"": ""UNAFFORDABLE_OR_PAST_CAPACITY""}, {""contract"": ""NSE_FO|42295|09-06-2026"", ""status"": ""UNAFFORDABLE_OR_PAST_CAPACITY""}, {""contract"": ""NSE_FO|42297|09-06-2026"", ""status"": ""UNAFFORDABLE_OR_PAST_CAPACITY""}]",,,,,,,,,,,,,,
earlier,ORDINARY_FUTURE_OI_TRAIL,2026-06-03,2026-06-03T12:45:00+05:30,CE,9411.18,ORDINARY_FUTURE_OI,NO_AFFORDABLE_LIQUID_CONTRACT,"[{""contract"": ""NSE_FO|42288|09-06-2026"", ""status"": ""UNAFFORDABLE_OR_PAST_CAPACITY""}, {""contract"": ""NSE_FO|42290|09-06-2026"", ""status"": ""UNAFFORDABLE_OR_PAST_CAPACITY""}, {""contract"": ""NSE_FO|42295|09-06-2026"", ""status"": ""UNAFFORDABLE_OR_PAST_CAPACITY""}, {""contract"": ""NSE_FO|42297|09-06-2026"", ""status"": ""UNAFFORDABLE_OR_PAST_CAPACITY""}]",,,,,,,,,,,,,,
earlier,ORDINARY_BASIS_LEAD_TARGET,2026-03-23,2026-03-23T14:30:00+05:30,PE,9411.18,ORDINARY_BASIS_LEAD,NO_AFFORDABLE_LIQUID_CONTRACT,"[{""contract"": ""NSE_FO|62499|24-03-2026"", ""status"": ""UNAFFORDABLE_OR_PAST_CAPACITY""}, {""contract"": ""NSE_FO|62437|24-03-2026"", ""status"": ""UNAFFORDABLE_OR_PAST_CAPACITY""}, {""contract"": ""NSE_FO|62435|24-03-2026"", ""status"": ""UNAFFORDABLE_OR_PAST_CAPACITY""}, {""contract"": ""NSE_FO|62408|24-03-2026"", ""status"": ""UNAFFORDABLE_OR_PAST_CAPACITY""}]",,,,,,,,,,,,,,
earlier,ORDINARY_BASIS_LEAD_TARGET,2026-03-25,2026-03-25T12:15:00+05:30,CE,9411.18,ORDINARY_BASIS_LEAD,NO_AFFORDABLE_LIQUID_CONTRACT,"[{""contract"": ""NSE_FO|54516|30-03-2026"", ""status"": ""UNAFFORDABLE_OR_PAST_CAPACITY""}, {""contract"": ""NSE_FO|54518|30-03-2026"", ""status"": ""UNAFFORDABLE_OR_PAST_CAPACITY""}, {""contract"": ""NSE_FO|54520|30-03-2026"", ""status"": ""UNAFFORDABLE_OR_PAST_CAPACITY""}, {""contract"": ""NSE_FO|54522|30-03-2026"", ""status"": ""UNAFFORDABLE_OR_PAST_CAPACITY""}]",,,,,,,,,,,,,,
earlier,ORDINARY_BASIS_LEAD_TARGET,2026-04-06,2026-04-06T13:00:00+05:30,CE,9411.18,ORDINARY_BASIS_LEAD,NO_AFFORDABLE_LIQUID_CONTRACT,"[{""contract"": ""NSE_FO|40752|07-04-2026"", ""status"": ""UNAFFORDABLE_OR_PAST_CAPACITY""}, {""contract"": ""NSE_FO|40754|07-04-2026"", ""status"": ""UNAFFORDABLE_OR_PAST_CAPACITY""}, {""contract"": ""NSE_FO|40761|07-04-2026"", ""status"": ""UNAFFORDABLE_OR_PAST_CAPACITY""}, {""contract"": ""NSE_FO|40770|07-04-2026"", ""status"": ""UNAFFORDABLE_OR_PAST_CAPACITY""}]",,,,,,,,,,,,,,
earlier,ORDINARY_BASIS_LEAD_TARGET,2026-04-08,2026-04-08T12:45:00+05:30,CE,9411.18,ORDINARY_BASIS_LEAD,NO_AFFORDABLE_LIQUID_CONTRACT,"[{""contract"": ""NSE_FO|54810|13-04-2026"", ""status"": ""UNAFFORDABLE_OR_PAST_CAPACITY""}, {""contract"": ""NSE_FO|54812|13-04-2026"", ""status"": ""UNAFFORDABLE_OR_PAST_CAPACITY""}, {""contract"": ""NSE_FO|54816|13-04-2026"", ""status"": ""UNAFFORDABLE_OR_PAST_CAPACITY""}, {""contract"": ""NSE_FO|54818|13-04-2026"", ""status"": ""UNAFFORDABLE_OR_PAST_CAPACITY""}]",,,,,,,,,,,,,,
earlier,ORDINARY_BASIS_LEAD_TARGET,2026-04-10,2026-04-10T14:50:00+05:30,CE,9411.18,ORDINARY_BASIS_LEAD,MODELED_EXIT,"[{""contract"": ""NSE_FO|54812|13-04-2026"", ""status"": ""UNAFFORDABLE_OR_PAST_CAPACITY""}, {""contract"": ""NSE_FO|54816|13-04-2026"", ""status"": ""ORDER_CREATED""}]",NSE_FO|54816|13-04-2026,24050.0,65,65,134.70,125.30,2026-04-10T14:51:00+05:30,141.40,2026-04-10T15:25:00+05:30,TIMED_CLOSE,976.96,69.54,10388.14,1.128491620111731843575418994
earlier,ORDINARY_BASIS_LEAD_TARGET,2026-04-22,2026-04-22T12:10:00+05:30,PE,10388.14,ORDINARY_BASIS_LEAD,NO_AFFORDABLE_LIQUID_CONTRACT,"[{""contract"": ""NSE_FO|72322|28-04-2026"", ""status"": ""UNAFFORDABLE_OR_PAST_CAPACITY""}, {""contract"": ""NSE_FO|72316|28-04-2026"", ""status"": ""UNAFFORDABLE_OR_PAST_CAPACITY""}, {""contract"": ""NSE_FO|72311|28-04-2026"", ""status"": ""UNAFFORDABLE_OR_PAST_CAPACITY""}, {""contract"": ""NSE_FO|72278|28-04-2026"", ""status"": ""UNAFFORDABLE_OR_PAST_CAPACITY""}]",,,,,,,,,,,,,,
earlier,ORDINARY_BASIS_LEAD_TARGET,2026-04-30,2026-04-30T14:20:00+05:30,PE,10388.14,ORDINARY_BASIS_LEAD,MODELED_EXIT,"[{""contract"": ""NSE_FO|74154|05-05-2026"", ""status"": ""UNAFFORDABLE_OR_PAST_CAPACITY""}, {""contract"": ""NSE_FO|74146|05-05-2026"", ""status"": ""UNAFFORDABLE_OR_PAST_CAPACITY""}, {""contract"": ""NSE_FO|74134|05-05-2026"", ""status"": ""ORDER_CREATED""}]",NSE_FO|74134|05-05-2026,23900.0,65,65,138.50,136.0,2026-04-30T14:21:00+05:30,114.80,2026-04-30T15:25:00+05:30,TIMED_CLOSE,-1445.12,67.12,8943.02,0.8441176470588235294117647059
earlier,ORDINARY_BASIS_LEAD_TARGET,2026-05-04,2026-05-04T10:40:00+05:30,CE,8943.02,ORDINARY_BASIS_LEAD,MODELED_EXIT,"[{""contract"": ""NSE_FO|74167|05-05-2026"", ""status"": ""UNAFFORDABLE_OR_PAST_CAPACITY""}, {""contract"": ""NSE_FO|74169|05-05-2026"", ""status"": ""ORDER_CREATED""}]",NSE_FO|74169|05-05-2026,24250.0,65,65,124.95,122.60,2026-05-04T10:41:00+05:30,60.05,2026-05-04T13:19:00+05:30,STOP,-4125.00,59.25,4818.02,0.4898042414355628058727569331
earlier,ORDINARY_BASIS_LEAD_TARGET,2026-05-06,2026-05-06T10:15:00+05:30,CE,4818.02,ORDINARY_BASIS_LEAD,NO_AFFORDABLE_LIQUID_CONTRACT,"[{""contract"": ""NSE_FO|41760|12-05-2026"", ""status"": ""UNAFFORDABLE_OR_PAST_CAPACITY""}, {""contract"": ""NSE_FO|41762|12-05-2026"", ""status"": ""UNAFFORDABLE_OR_PAST_CAPACITY""}, {""contract"": ""NSE_FO|41774|12-05-2026"", ""status"": ""UNAFFORDABLE_OR_PAST_CAPACITY""}, {""contract"": ""NSE_FO|41778|12-05-2026"", ""status"": ""UNAFFORDABLE_OR_PAST_CAPACITY""}]",,,,,,,,,,,,,,
earlier,ORDINARY_BASIS_LEAD_TARGET,2026-05-07,2026-05-07T12:30:00+05:30,PE,4818.02,ORDINARY_BASIS_LEAD,NO_AFFORDABLE_LIQUID_CONTRACT,"[{""contract"": ""NSE_FO|41785|12-05-2026"", ""status"": ""UNAFFORDABLE_OR_PAST_CAPACITY""}, {""contract"": ""NSE_FO|41779|12-05-2026"", ""status"": ""UNAFFORDABLE_OR_PAST_CAPACITY""}, {""contract"": ""NSE_FO|41777|12-05-2026"", ""status"": ""UNAFFORDABLE_OR_PAST_CAPACITY""}, {""contract"": ""NSE_FO|41763|12-05-2026"", ""status"": ""UNAFFORDABLE_OR_PAST_CAPACITY""}]",,,,,,,,,,,,,,
earlier,ORDINARY_BASIS_LEAD_TARGET,2026-05-08,2026-05-08T10:15:00+05:30,CE,4818.02,ORDINARY_BASIS_LEAD,NO_AFFORDABLE_LIQUID_CONTRACT,"[{""contract"": ""NSE_FO|41762|12-05-2026"", ""status"": ""UNAFFORDABLE_OR_PAST_CAPACITY""}, {""contract"": ""NSE_FO|41774|12-05-2026"", ""status"": ""UNAFFORDABLE_OR_PAST_CAPACITY""}, {""contract"": ""NSE_FO|41778|12-05-2026"", ""status"": ""UNAFFORDABLE_OR_PAST_CAPACITY""}, {""contract"": ""NSE_FO|41784|12-05-2026"", ""status"": ""UNAFFORDABLE_OR_PAST_CAPACITY""}]",,,,,,,,,,,,,,
earlier,ORDINARY_BASIS_LEAD_TARGET,2026-05-13,2026-05-13T12:55:00+05:30,CE,4818.02,ORDINARY_BASIS_LEAD,NO_AFFORDABLE_LIQUID_CONTRACT,"[{""contract"": ""NSE_FO|51356|19-05-2026"", ""status"": ""UNAFFORDABLE_OR_PAST_CAPACITY""}, {""contract"": ""NSE_FO|51358|19-05-2026"", ""status"": ""UNAFFORDABLE_OR_PAST_CAPACITY""}, {""contract"": ""NSE_FO|51364|19-05-2026"", ""status"": ""UNAFFORDABLE_OR_PAST_CAPACITY""}, {""contract"": ""NSE_FO|51366|19-05-2026"", ""status"": ""UNAFFORDABLE_OR_PAST_CAPACITY""}]",,,,,,,,,,,,,,
earlier,ORDINARY_BASIS_LEAD_TARGET,2026-05-14,2026-05-14T10:35:00+05:30,CE,4818.02,ORDINARY_BASIS_LEAD,NO_AFFORDABLE_LIQUID_CONTRACT,"[{""contract"": ""NSE_FO|51354|19-05-2026"", ""status"": ""UNAFFORDABLE_OR_PAST_CAPACITY""}, {""contract"": ""NSE_FO|51356|19-05-2026"", ""status"": ""UNAFFORDABLE_OR_PAST_CAPACITY""}, {""contract"": ""NSE_FO|51358|19-05-2026"", ""status"": ""UNAFFORDABLE_OR_PAST_CAPACITY""}, {""contract"": ""NSE_FO|51364|19-05-2026"", ""status"": ""UNAFFORDABLE_OR_PAST_CAPACITY""}]",,,,,,,,,,,,,,
earlier,ORDINARY_BASIS_LEAD_TARGET,2026-05-15,2026-05-15T11:40:00+05:30,CE,4818.02,ORDINARY_BASIS_LEAD,NO_AFFORDABLE_LIQUID_CONTRACT,"[{""contract"": ""NSE_FO|51370|19-05-2026"", ""status"": ""UNAFFORDABLE_OR_PAST_CAPACITY""}, {""contract"": ""NSE_FO|51374|19-05-2026"", ""status"": ""UNAFFORDABLE_OR_PAST_CAPACITY""}, {""contract"": ""NSE_FO|51376|19-05-2026"", ""status"": ""UNAFFORDABLE_OR_PAST_CAPACITY""}, {""contract"": ""NSE_FO|51378|19-05-2026"", ""status"": ""UNAFFORDABLE_OR_PAST_CAPACITY""}]",,,,,,,,,,,,,,
earlier,ORDINARY_BASIS_LEAD_TARGET,2026-05-20,2026-05-20T10:50:00+05:30,PE,4818.02,ORDINARY_BASIS_LEAD,NO_AFFORDABLE_LIQUID_CONTRACT,"[{""contract"": ""NSE_FO|72068|26-05-2026"", ""status"": ""UNAFFORDABLE_OR_PAST_CAPACITY""}, {""contract"": ""NSE_FO|72020|26-05-2026"", ""status"": ""UNAFFORDABLE_OR_PAST_CAPACITY""}, {""contract"": ""NSE_FO|72016|26-05-2026"", ""status"": ""UNAFFORDABLE_OR_PAST_CAPACITY""}, {""contract"": ""NSE_FO|72014|26-05-2026"", ""status"": ""UNAFFORDABLE_OR_PAST_CAPACITY""}]",,,,,,,,,,,,,,
earlier,ORDINARY_BASIS_LEAD_TARGET,2026-05-21,2026-05-21T12:40:00+05:30,PE,4818.02,ORDINARY_BASIS_LEAD,NO_AFFORDABLE_LIQUID_CONTRACT,"[{""contract"": ""NSE_FO|72166|26-05-2026"", ""status"": ""UNAFFORDABLE_OR_PAST_CAPACITY""}, {""contract"": ""NSE_FO|72147|26-05-2026"", ""status"": ""UNAFFORDABLE_OR_PAST_CAPACITY""}, {""contract"": ""NSE_FO|72142|26-05-2026"", ""status"": ""UNAFFORDABLE_OR_PAST_CAPACITY""}, {""contract"": ""NSE_FO|72068|26-05-2026"", ""status"": ""UNAFFORDABLE_OR_PAST_CAPACITY""}]",,,,,,,,,,,,,,
earlier,ORDINARY_BASIS_LEAD_TARGET,2026-05-22,2026-05-22T14:05:00+05:30,PE,4818.02,ORDINARY_BASIS_LEAD,NO_AFFORDABLE_LIQUID_CONTRACT,"[{""contract"": ""NSE_FO|72170|26-05-2026"", ""status"": ""UNAFFORDABLE_OR_PAST_CAPACITY""}, {""contract"": ""NSE_FO|72168|26-05-2026"", ""status"": ""UNAFFORDABLE_OR_PAST_CAPACITY""}, {""contract"": ""NSE_FO|72166|26-05-2026"", ""status"": ""UNAFFORDABLE_OR_PAST_CAPACITY""}, {""contract"": ""NSE_FO|72147|26-05-2026"", ""status"": ""UNAFFORDABLE_OR_PAST_CAPACITY""}]",,,,,,,,,,,,,,
earlier,ORDINARY_BASIS_LEAD_TARGET,2026-05-27,2026-05-27T10:15:00+05:30,CE,4818.02,ORDINARY_BASIS_LEAD,NO_AFFORDABLE_LIQUID_CONTRACT,"[{""contract"": ""NSE_FO|57048|02-06-2026"", ""status"": ""UNAFFORDABLE_OR_PAST_CAPACITY""}, {""contract"": ""NSE_FO|57050|02-06-2026"", ""status"": ""UNAFFORDABLE_OR_PAST_CAPACITY""}, {""contract"": ""NSE_FO|57052|02-06-2026"", ""status"": ""UNAFFORDABLE_OR_PAST_CAPACITY""}, {""contract"": ""NSE_FO|57054|02-06-2026"", ""status"": ""UNAFFORDABLE_OR_PAST_CAPACITY""}]",,,,,,,,,,,,,,
earlier,ORDINARY_BASIS_LEAD_TARGET,2026-05-29,2026-05-29T13:15:00+05:30,PE,4818.02,ORDINARY_BASIS_LEAD,MODELED_EXIT,"[{""contract"": ""NSE_FO|57041|02-06-2026"", ""status"": ""UNAFFORDABLE_OR_PAST_CAPACITY""}, {""contract"": ""NSE_FO|57039|02-06-2026"", ""status"": ""UNAFFORDABLE_OR_PAST_CAPACITY""}, {""contract"": ""NSE_FO|57037|02-06-2026"", ""status"": ""UNAFFORDABLE_OR_PAST_CAPACITY""}, {""contract"": ""NSE_FO|57035|02-06-2026"", ""status"": ""ORDER_CREATED""}]",NSE_FO|57035|02-06-2026,23600.0,65,65,61.40,60.85,2026-05-29T13:16:00+05:30,92.55,2026-05-29T15:25:00+05:30,TIMED_CLOSE,1998.06,62.44,6816.08,1.520953163516844700082169269
earlier,ORDINARY_BASIS_LEAD_TARGET,2026-06-05,2026-06-05T14:45:00+05:30,CE,6816.08,ORDINARY_BASIS_LEAD,NO_AFFORDABLE_LIQUID_CONTRACT,"[{""contract"": ""NSE_FO|42295|09-06-2026"", ""status"": ""UNAFFORDABLE_OR_PAST_CAPACITY""}, {""contract"": ""NSE_FO|42297|09-06-2026"", ""status"": ""UNAFFORDABLE_OR_PAST_CAPACITY""}, {""contract"": ""NSE_FO|42300|09-06-2026"", ""status"": ""UNAFFORDABLE_OR_PAST_CAPACITY""}, {""contract"": ""NSE_FO|42302|09-06-2026"", ""status"": ""UNAFFORDABLE_OR_PAST_CAPACITY""}]",,,,,,,,,,,,,,
earlier,ORDINARY_BASIS_LEAD_TARGET,2026-06-08,2026-06-08T12:25:00+05:30,CE,6816.08,ORDINARY_BASIS_LEAD,MODELED_EXIT,"[{""contract"": ""NSE_FO|42286|09-06-2026"", ""status"": ""UNAFFORDABLE_OR_PAST_CAPACITY""}, {""contract"": ""NSE_FO|42288|09-06-2026"", ""status"": ""ORDER_CREATED""}]",NSE_FO|42288|09-06-2026,23300.0,65,65,91.70,85.0,2026-06-08T12:26:00+05:30,41.40,2026-06-08T15:01:00+05:30,STOP,-2890.71,56.71,3925.37,0.4870588235294117647058823529
earlier,ORDINARY_BASIS_LEAD_TARGET,2026-06-12,2026-06-12T13:45:00+05:30,CE,3925.37,ORDINARY_BASIS_LEAD,NO_AFFORDABLE_LIQUID_CONTRACT,"[{""contract"": ""NSE_FO|50576|16-06-2026"", ""status"": ""UNAFFORDABLE_OR_PAST_CAPACITY""}, {""contract"": ""NSE_FO|50585|16-06-2026"", ""status"": ""UNAFFORDABLE_OR_PAST_CAPACITY""}, {""contract"": ""NSE_FO|50591|16-06-2026"", ""status"": ""UNAFFORDABLE_OR_PAST_CAPACITY""}, {""contract"": ""NSE_FO|50593|16-06-2026"", ""status"": ""UNAFFORDABLE_OR_PAST_CAPACITY""}]",,,,,,,,,,,,,,
earlier,ORDINARY_BASIS_LEAD_TARGET,2026-06-15,2026-06-15T13:10:00+05:30,CE,3925.37,ORDINARY_BASIS_LEAD,MODELED_LIMIT_MISS,"[{""contract"": ""NSE_FO|50611|16-06-2026"", ""status"": ""UNAFFORDABLE_OR_PAST_CAPACITY""}, {""contract"": ""NSE_FO|50613|16-06-2026"", ""status"": ""UNAFFORDABLE_OR_PAST_CAPACITY""}, {""contract"": ""NSE_FO|50615|16-06-2026"", ""status"": ""UNAFFORDABLE_OR_PAST_CAPACITY""}, {""contract"": ""NSE_FO|50617|16-06-2026"", ""status"": ""ORDER_CREATED""}]",NSE_FO|50617|16-06-2026,24050.0,65,65,54.40,,,,,,,,,
earlier,ORDINARY_BASIS_LEAD_TRAIL,2026-03-23,2026-03-23T14:30:00+05:30,PE,9411.18,ORDINARY_BASIS_LEAD,NO_AFFORDABLE_LIQUID_CONTRACT,"[{""contract"": ""NSE_FO|62499|24-03-2026"", ""status"": ""UNAFFORDABLE_OR_PAST_CAPACITY""}, {""contract"": ""NSE_FO|62437|24-03-2026"", ""status"": ""UNAFFORDABLE_OR_PAST_CAPACITY""}, {""contract"": ""NSE_FO|62435|24-03-2026"", ""status"": ""UNAFFORDABLE_OR_PAST_CAPACITY""}, {""contract"": ""NSE_FO|62408|24-03-2026"", ""status"": ""UNAFFORDABLE_OR_PAST_CAPACITY""}]",,,,,,,,,,,,,,
earlier,ORDINARY_BASIS_LEAD_TRAIL,2026-03-25,2026-03-25T12:15:00+05:30,CE,9411.18,ORDINARY_BASIS_LEAD,NO_AFFORDABLE_LIQUID_CONTRACT,"[{""contract"": ""NSE_FO|54516|30-03-2026"", ""status"": ""UNAFFORDABLE_OR_PAST_CAPACITY""}, {""contract"": ""NSE_FO|54518|30-03-2026"", ""status"": ""UNAFFORDABLE_OR_PAST_CAPACITY""}, {""contract"": ""NSE_FO|54520|30-03-2026"", ""status"": ""UNAFFORDABLE_OR_PAST_CAPACITY""}, {""contract"": ""NSE_FO|54522|30-03-2026"", ""status"": ""UNAFFORDABLE_OR_PAST_CAPACITY""}]",,,,,,,,,,,,,,
earlier,ORDINARY_BASIS_LEAD_TRAIL,2026-04-06,2026-04-06T13:00:00+05:30,CE,9411.18,ORDINARY_BASIS_LEAD,NO_AFFORDABLE_LIQUID_CONTRACT,"[{""contract"": ""NSE_FO|40752|07-04-2026"", ""status"": ""UNAFFORDABLE_OR_PAST_CAPACITY""}, {""contract"": ""NSE_FO|40754|07-04-2026"", ""status"": ""UNAFFORDABLE_OR_PAST_CAPACITY""}, {""contract"": ""NSE_FO|40761|07-04-2026"", ""status"": ""UNAFFORDABLE_OR_PAST_CAPACITY""}, {""contract"": ""NSE_FO|40770|07-04-2026"", ""status"": ""UNAFFORDABLE_OR_PAST_CAPACITY""}]",,,,,,,,,,,,,,
earlier,ORDINARY_BASIS_LEAD_TRAIL,2026-04-08,2026-04-08T12:45:00+05:30,CE,9411.18,ORDINARY_BASIS_LEAD,NO_AFFORDABLE_LIQUID_CONTRACT,"[{""contract"": ""NSE_FO|54810|13-04-2026"", ""status"": ""UNAFFORDABLE_OR_PAST_CAPACITY""}, {""contract"": ""NSE_FO|54812|13-04-2026"", ""status"": ""UNAFFORDABLE_OR_PAST_CAPACITY""}, {""contract"": ""NSE_FO|54816|13-04-2026"", ""status"": ""UNAFFORDABLE_OR_PAST_CAPACITY""}, {""contract"": ""NSE_FO|54818|13-04-2026"", ""status"": ""UNAFFORDABLE_OR_PAST_CAPACITY""}]",,,,,,,,,,,,,,
earlier,ORDINARY_BASIS_LEAD_TRAIL,2026-04-10,2026-04-10T14:50:00+05:30,CE,9411.18,ORDINARY_BASIS_LEAD,MODELED_EXIT,"[{""contract"": ""NSE_FO|54812|13-04-2026"", ""status"": ""UNAFFORDABLE_OR_PAST_CAPACITY""}, {""contract"": ""NSE_FO|54816|13-04-2026"", ""status"": ""ORDER_CREATED""}]",NSE_FO|54816|13-04-2026,24050.0,65,65,134.70,125.30,2026-04-10T14:51:00+05:30,141.40,2026-04-10T15:25:00+05:30,TIMED_CLOSE,976.96,69.54,10388.14,1.128491620111731843575418994
earlier,ORDINARY_BASIS_LEAD_TRAIL,2026-04-22,2026-04-22T12:10:00+05:30,PE,10388.14,ORDINARY_BASIS_LEAD,NO_AFFORDABLE_LIQUID_CONTRACT,"[{""contract"": ""NSE_FO|72322|28-04-2026"", ""status"": ""UNAFFORDABLE_OR_PAST_CAPACITY""}, {""contract"": ""NSE_FO|72316|28-04-2026"", ""status"": ""UNAFFORDABLE_OR_PAST_CAPACITY""}, {""contract"": ""NSE_FO|72311|28-04-2026"", ""status"": ""UNAFFORDABLE_OR_PAST_CAPACITY""}, {""contract"": ""NSE_FO|72278|28-04-2026"", ""status"": ""UNAFFORDABLE_OR_PAST_CAPACITY""}]",,,,,,,,,,,,,,
earlier,ORDINARY_BASIS_LEAD_TRAIL,2026-04-30,2026-04-30T14:20:00+05:30,PE,10388.14,ORDINARY_BASIS_LEAD,MODELED_EXIT,"[{""contract"": ""NSE_FO|74154|05-05-2026"", ""status"": ""UNAFFORDABLE_OR_PAST_CAPACITY""}, {""contract"": ""NSE_FO|74146|05-05-2026"", ""status"": ""UNAFFORDABLE_OR_PAST_CAPACITY""}, {""contract"": ""NSE_FO|74134|05-05-2026"", ""status"": ""ORDER_CREATED""}]",NSE_FO|74134|05-05-2026,23900.0,65,65,138.50,136.0,2026-04-30T14:21:00+05:30,114.80,2026-04-30T15:25:00+05:30,TIMED_CLOSE,-1445.12,67.12,8943.02,0.8441176470588235294117647059
earlier,ORDINARY_BASIS_LEAD_TRAIL,2026-05-04,2026-05-04T10:40:00+05:30,CE,8943.02,ORDINARY_BASIS_LEAD,MODELED_EXIT,"[{""contract"": ""NSE_FO|74167|05-05-2026"", ""status"": ""UNAFFORDABLE_OR_PAST_CAPACITY""}, {""contract"": ""NSE_FO|74169|05-05-2026"", ""status"": ""ORDER_CREATED""}]",NSE_FO|74169|05-05-2026,24250.0,65,65,124.95,122.60,2026-05-04T10:41:00+05:30,60.05,2026-05-04T13:19:00+05:30,STOP,-4125.00,59.25,4818.02,0.4898042414355628058727569331
earlier,ORDINARY_BASIS_LEAD_TRAIL,2026-05-06,2026-05-06T10:15:00+05:30,CE,4818.02,ORDINARY_BASIS_LEAD,NO_AFFORDABLE_LIQUID_CONTRACT,"[{""contract"": ""NSE_FO|41760|12-05-2026"", ""status"": ""UNAFFORDABLE_OR_PAST_CAPACITY""}, {""contract"": ""NSE_FO|41762|12-05-2026"", ""status"": ""UNAFFORDABLE_OR_PAST_CAPACITY""}, {""contract"": ""NSE_FO|41774|12-05-2026"", ""status"": ""UNAFFORDABLE_OR_PAST_CAPACITY""}, {""contract"": ""NSE_FO|41778|12-05-2026"", ""status"": ""UNAFFORDABLE_OR_PAST_CAPACITY""}]",,,,,,,,,,,,,,
earlier,ORDINARY_BASIS_LEAD_TRAIL,2026-05-07,2026-05-07T12:30:00+05:30,PE,4818.02,ORDINARY_BASIS_LEAD,NO_AFFORDABLE_LIQUID_CONTRACT,"[{""contract"": ""NSE_FO|41785|12-05-2026"", ""status"": ""UNAFFORDABLE_OR_PAST_CAPACITY""}, {""contract"": ""NSE_FO|41779|12-05-2026"", ""status"": ""UNAFFORDABLE_OR_PAST_CAPACITY""}, {""contract"": ""NSE_FO|41777|12-05-2026"", ""status"": ""UNAFFORDABLE_OR_PAST_CAPACITY""}, {""contract"": ""NSE_FO|41763|12-05-2026"", ""status"": ""UNAFFORDABLE_OR_PAST_CAPACITY""}]",,,,,,,,,,,,,,
earlier,ORDINARY_BASIS_LEAD_TRAIL,2026-05-08,2026-05-08T10:15:00+05:30,CE,4818.02,ORDINARY_BASIS_LEAD,NO_AFFORDABLE_LIQUID_CONTRACT,"[{""contract"": ""NSE_FO|41762|12-05-2026"", ""status"": ""UNAFFORDABLE_OR_PAST_CAPACITY""}, {""contract"": ""NSE_FO|41774|12-05-2026"", ""status"": ""UNAFFORDABLE_OR_PAST_CAPACITY""}, {""contract"": ""NSE_FO|41778|12-05-2026"", ""status"": ""UNAFFORDABLE_OR_PAST_CAPACITY""}, {""contract"": ""NSE_FO|41784|12-05-2026"", ""status"": ""UNAFFORDABLE_OR_PAST_CAPACITY""}]",,,,,,,,,,,,,,
earlier,ORDINARY_BASIS_LEAD_TRAIL,2026-05-13,2026-05-13T12:55:00+05:30,CE,4818.02,ORDINARY_BASIS_LEAD,NO_AFFORDABLE_LIQUID_CONTRACT,"[{""contract"": ""NSE_FO|51356|19-05-2026"", ""status"": ""UNAFFORDABLE_OR_PAST_CAPACITY""}, {""contract"": ""NSE_FO|51358|19-05-2026"", ""status"": ""UNAFFORDABLE_OR_PAST_CAPACITY""}, {""contract"": ""NSE_FO|51364|19-05-2026"", ""status"": ""UNAFFORDABLE_OR_PAST_CAPACITY""}, {""contract"": ""NSE_FO|51366|19-05-2026"", ""status"": ""UNAFFORDABLE_OR_PAST_CAPACITY""}]",,,,,,,,,,,,,,
earlier,ORDINARY_BASIS_LEAD_TRAIL,2026-05-14,2026-05-14T10:35:00+05:30,CE,4818.02,ORDINARY_BASIS_LEAD,NO_AFFORDABLE_LIQUID_CONTRACT,"[{""contract"": ""NSE_FO|51354|19-05-2026"", ""status"": ""UNAFFORDABLE_OR_PAST_CAPACITY""}, {""contract"": ""NSE_FO|51356|19-05-2026"", ""status"": ""UNAFFORDABLE_OR_PAST_CAPACITY""}, {""contract"": ""NSE_FO|51358|19-05-2026"", ""status"": ""UNAFFORDABLE_OR_PAST_CAPACITY""}, {""contract"": ""NSE_FO|51364|19-05-2026"", ""status"": ""UNAFFORDABLE_OR_PAST_CAPACITY""}]",,,,,,,,,,,,,,
earlier,ORDINARY_BASIS_LEAD_TRAIL,2026-05-15,2026-05-15T11:40:00+05:30,CE,4818.02,ORDINARY_BASIS_LEAD,NO_AFFORDABLE_LIQUID_CONTRACT,"[{""contract"": ""NSE_FO|51370|19-05-2026"", ""status"": ""UNAFFORDABLE_OR_PAST_CAPACITY""}, {""contract"": ""NSE_FO|51374|19-05-2026"", ""status"": ""UNAFFORDABLE_OR_PAST_CAPACITY""}, {""contract"": ""NSE_FO|51376|19-05-2026"", ""status"": ""UNAFFORDABLE_OR_PAST_CAPACITY""}, {""contract"": ""NSE_FO|51378|19-05-2026"", ""status"": ""UNAFFORDABLE_OR_PAST_CAPACITY""}]",,,,,,,,,,,,,,
earlier,ORDINARY_BASIS_LEAD_TRAIL,2026-05-20,2026-05-20T10:50:00+05:30,PE,4818.02,ORDINARY_BASIS_LEAD,NO_AFFORDABLE_LIQUID_CONTRACT,"[{""contract"": ""NSE_FO|72068|26-05-2026"", ""status"": ""UNAFFORDABLE_OR_PAST_CAPACITY""}, {""contract"": ""NSE_FO|72020|26-05-2026"", ""status"": ""UNAFFORDABLE_OR_PAST_CAPACITY""}, {""contract"": ""NSE_FO|72016|26-05-2026"", ""status"": ""UNAFFORDABLE_OR_PAST_CAPACITY""}, {""contract"": ""NSE_FO|72014|26-05-2026"", ""status"": ""UNAFFORDABLE_OR_PAST_CAPACITY""}]",,,,,,,,,,,,,,
earlier,ORDINARY_BASIS_LEAD_TRAIL,2026-05-21,2026-05-21T12:40:00+05:30,PE,4818.02,ORDINARY_BASIS_LEAD,NO_AFFORDABLE_LIQUID_CONTRACT,"[{""contract"": ""NSE_FO|72166|26-05-2026"", ""status"": ""UNAFFORDABLE_OR_PAST_CAPACITY""}, {""contract"": ""NSE_FO|72147|26-05-2026"", ""status"": ""UNAFFORDABLE_OR_PAST_CAPACITY""}, {""contract"": ""NSE_FO|72142|26-05-2026"", ""status"": ""UNAFFORDABLE_OR_PAST_CAPACITY""}, {""contract"": ""NSE_FO|72068|26-05-2026"", ""status"": ""UNAFFORDABLE_OR_PAST_CAPACITY""}]",,,,,,,,,,,,,,
earlier,ORDINARY_BASIS_LEAD_TRAIL,2026-05-22,2026-05-22T14:05:00+05:30,PE,4818.02,ORDINARY_BASIS_LEAD,NO_AFFORDABLE_LIQUID_CONTRACT,"[{""contract"": ""NSE_FO|72170|26-05-2026"", ""status"": ""UNAFFORDABLE_OR_PAST_CAPACITY""}, {""contract"": ""NSE_FO|72168|26-05-2026"", ""status"": ""UNAFFORDABLE_OR_PAST_CAPACITY""}, {""contract"": ""NSE_FO|72166|26-05-2026"", ""status"": ""UNAFFORDABLE_OR_PAST_CAPACITY""}, {""contract"": ""NSE_FO|72147|26-05-2026"", ""status"": ""UNAFFORDABLE_OR_PAST_CAPACITY""}]",,,,,,,,,,,,,,
earlier,ORDINARY_BASIS_LEAD_TRAIL,2026-05-27,2026-05-27T10:15:00+05:30,CE,4818.02,ORDINARY_BASIS_LEAD,NO_AFFORDABLE_LIQUID_CONTRACT,"[{""contract"": ""NSE_FO|57048|02-06-2026"", ""status"": ""UNAFFORDABLE_OR_PAST_CAPACITY""}, {""contract"": ""NSE_FO|57050|02-06-2026"", ""status"": ""UNAFFORDABLE_OR_PAST_CAPACITY""}, {""contract"": ""NSE_FO|57052|02-06-2026"", ""status"": ""UNAFFORDABLE_OR_PAST_CAPACITY""}, {""contract"": ""NSE_FO|57054|02-06-2026"", ""status"": ""UNAFFORDABLE_OR_PAST_CAPACITY""}]",,,,,,,,,,,,,,
earlier,ORDINARY_BASIS_LEAD_TRAIL,2026-05-29,2026-05-29T13:15:00+05:30,PE,4818.02,ORDINARY_BASIS_LEAD,MODELED_EXIT,"[{""contract"": ""NSE_FO|57041|02-06-2026"", ""status"": ""UNAFFORDABLE_OR_PAST_CAPACITY""}, {""contract"": ""NSE_FO|57039|02-06-2026"", ""status"": ""UNAFFORDABLE_OR_PAST_CAPACITY""}, {""contract"": ""NSE_FO|57037|02-06-2026"", ""status"": ""UNAFFORDABLE_OR_PAST_CAPACITY""}, {""contract"": ""NSE_FO|57035|02-06-2026"", ""status"": ""ORDER_CREATED""}]",NSE_FO|57035|02-06-2026,23600.0,65,65,61.40,60.85,2026-05-29T13:16:00+05:30,92.55,2026-05-29T15:25:00+05:30,TIMED_CLOSE,1998.06,62.44,6816.08,1.520953163516844700082169269
earlier,ORDINARY_BASIS_LEAD_TRAIL,2026-06-05,2026-06-05T14:45:00+05:30,CE,6816.08,ORDINARY_BASIS_LEAD,NO_AFFORDABLE_LIQUID_CONTRACT,"[{""contract"": ""NSE_FO|42295|09-06-2026"", ""status"": ""UNAFFORDABLE_OR_PAST_CAPACITY""}, {""contract"": ""NSE_FO|42297|09-06-2026"", ""status"": ""UNAFFORDABLE_OR_PAST_CAPACITY""}, {""contract"": ""NSE_FO|42300|09-06-2026"", ""status"": ""UNAFFORDABLE_OR_PAST_CAPACITY""}, {""contract"": ""NSE_FO|42302|09-06-2026"", ""status"": ""UNAFFORDABLE_OR_PAST_CAPACITY""}]",,,,,,,,,,,,,,
earlier,ORDINARY_BASIS_LEAD_TRAIL,2026-06-08,2026-06-08T12:25:00+05:30,CE,6816.08,ORDINARY_BASIS_LEAD,MODELED_EXIT,"[{""contract"": ""NSE_FO|42286|09-06-2026"", ""status"": ""UNAFFORDABLE_OR_PAST_CAPACITY""}, {""contract"": ""NSE_FO|42288|09-06-2026"", ""status"": ""ORDER_CREATED""}]",NSE_FO|42288|09-06-2026,23300.0,65,65,91.70,85.0,2026-06-08T12:26:00+05:30,50.80,2026-06-08T14:12:00+05:30,STOP,-2279.97,56.97,4536.11,0.5976470588235294117647058824
earlier,ORDINARY_BASIS_LEAD_TRAIL,2026-06-12,2026-06-12T13:45:00+05:30,CE,4536.11,ORDINARY_BASIS_LEAD,NO_AFFORDABLE_LIQUID_CONTRACT,"[{""contract"": ""NSE_FO|50576|16-06-2026"", ""status"": ""UNAFFORDABLE_OR_PAST_CAPACITY""}, {""contract"": ""NSE_FO|50585|16-06-2026"", ""status"": ""UNAFFORDABLE_OR_PAST_CAPACITY""}, {""contract"": ""NSE_FO|50591|16-06-2026"", ""status"": ""UNAFFORDABLE_OR_PAST_CAPACITY""}, {""contract"": ""NSE_FO|50593|16-06-2026"", ""status"": ""UNAFFORDABLE_OR_PAST_CAPACITY""}]",,,,,,,,,,,,,,
earlier,ORDINARY_BASIS_LEAD_TRAIL,2026-06-15,2026-06-15T13:10:00+05:30,CE,4536.11,ORDINARY_BASIS_LEAD,MODELED_LIMIT_MISS,"[{""contract"": ""NSE_FO|50611|16-06-2026"", ""status"": ""UNAFFORDABLE_OR_PAST_CAPACITY""}, {""contract"": ""NSE_FO|50613|16-06-2026"", ""status"": ""UNAFFORDABLE_OR_PAST_CAPACITY""}, {""contract"": ""NSE_FO|50615|16-06-2026"", ""status"": ""UNAFFORDABLE_OR_PAST_CAPACITY""}, {""contract"": ""NSE_FO|50617|16-06-2026"", ""status"": ""ORDER_CREATED""}]",NSE_FO|50617|16-06-2026,24050.0,65,65,54.40,,,,,,,,,
earlier,ORDINARY_IV_CHEAP_TREND_TARGET,2026-04-10,2026-04-10T14:35:00+05:30,PE,9411.18,ORDINARY_IV_CHEAP_TREND,MODELED_LIMIT_MISS,"[{""contract"": ""NSE_FO|54811|13-04-2026"", ""status"": ""UNAFFORDABLE_OR_PAST_CAPACITY""}, {""contract"": ""NSE_FO|54809|13-04-2026"", ""status"": ""ORDER_CREATED""}]",NSE_FO|54809|13-04-2026,23900.0,65,65,120.45,,,,,,,,,
earlier,ORDINARY_IV_CHEAP_TREND_TARGET,2026-05-06,2026-05-06T14:40:00+05:30,CE,9411.18,ORDINARY_IV_CHEAP_TREND,NO_AFFORDABLE_LIQUID_CONTRACT,"[{""contract"": ""NSE_FO|41778|12-05-2026"", ""status"": ""UNAFFORDABLE_OR_PAST_CAPACITY""}, {""contract"": ""NSE_FO|41784|12-05-2026"", ""status"": ""UNAFFORDABLE_OR_PAST_CAPACITY""}, {""contract"": ""NSE_FO|41788|12-05-2026"", ""status"": ""UNAFFORDABLE_OR_PAST_CAPACITY""}, {""contract"": ""NSE_FO|41790|12-05-2026"", ""status"": ""UNAFFORDABLE_OR_PAST_CAPACITY""}]",,,,,,,,,,,,,,
earlier,ORDINARY_IV_CHEAP_TREND_TARGET,2026-05-07,2026-05-07T12:40:00+05:30,CE,9411.18,ORDINARY_IV_CHEAP_TREND,MODELED_LIMIT_MISS,"[{""contract"": ""NSE_FO|41790|12-05-2026"", ""status"": ""UNAFFORDABLE_OR_PAST_CAPACITY""}, {""contract"": ""NSE_FO|41794|12-05-2026"", ""status"": ""UNAFFORDABLE_OR_PAST_CAPACITY""}, {""contract"": ""NSE_FO|41800|12-05-2026"", ""status"": ""UNAFFORDABLE_OR_PAST_CAPACITY""}, {""contract"": ""NSE_FO|41802|12-05-2026"", ""status"": ""ORDER_CREATED""}]",NSE_FO|41802|12-05-2026,24600.0,65,65,131.25,,,,,,,,,
earlier,ORDINARY_IV_CHEAP_TREND_TARGET,2026-05-29,2026-05-29T15:05:00+05:30,PE,9411.18,ORDINARY_IV_CHEAP_TREND,MODELED_EXIT,"[{""contract"": ""NSE_FO|57033|02-06-2026"", ""status"": ""ORDER_CREATED""}]",NSE_FO|57033|02-06-2026,23550.0,65,65,92.40,90.5,2026-05-29T15:06:00+05:30,75.60,2026-05-29T15:25:00+05:30,TIMED_CLOSE,-1029.30,60.80,8381.88,0.8353591160220994475138121547
earlier,ORDINARY_IV_CHEAP_TREND_TARGET,2026-06-05,2026-06-05T10:35:00+05:30,PE,8381.88,ORDINARY_IV_CHEAP_TREND,MODELED_LIMIT_MISS,"[{""contract"": ""NSE_FO|42299|09-06-2026"", ""status"": ""UNAFFORDABLE_OR_PAST_CAPACITY""}, {""contract"": ""NSE_FO|42296|09-06-2026"", ""status"": ""UNAFFORDABLE_OR_PAST_CAPACITY""}, {""contract"": ""NSE_FO|42293|09-06-2026"", ""status"": ""ORDER_CREATED""}]",NSE_FO|42293|09-06-2026,23350.0,65,65,103.45,,,,,,,,,
earlier,ORDINARY_IV_CHEAP_TREND_TRAIL,2026-04-10,2026-04-10T14:35:00+05:30,PE,9411.18,ORDINARY_IV_CHEAP_TREND,MODELED_LIMIT_MISS,"[{""contract"": ""NSE_FO|54811|13-04-2026"", ""status"": ""UNAFFORDABLE_OR_PAST_CAPACITY""}, {""contract"": ""NSE_FO|54809|13-04-2026"", ""status"": ""ORDER_CREATED""}]",NSE_FO|54809|13-04-2026,23900.0,65,65,120.45,,,,,,,,,
earlier,ORDINARY_IV_CHEAP_TREND_TRAIL,2026-05-06,2026-05-06T14:40:00+05:30,CE,9411.18,ORDINARY_IV_CHEAP_TREND,NO_AFFORDABLE_LIQUID_CONTRACT,"[{""contract"": ""NSE_FO|41778|12-05-2026"", ""status"": ""UNAFFORDABLE_OR_PAST_CAPACITY""}, {""contract"": ""NSE_FO|41784|12-05-2026"", ""status"": ""UNAFFORDABLE_OR_PAST_CAPACITY""}, {""contract"": ""NSE_FO|41788|12-05-2026"", ""status"": ""UNAFFORDABLE_OR_PAST_CAPACITY""}, {""contract"": ""NSE_FO|41790|12-05-2026"", ""status"": ""UNAFFORDABLE_OR_PAST_CAPACITY""}]",,,,,,,,,,,,,,
earlier,ORDINARY_IV_CHEAP_TREND_TRAIL,2026-05-07,2026-05-07T12:40:00+05:30,CE,9411.18,ORDINARY_IV_CHEAP_TREND,MODELED_LIMIT_MISS,"[{""contract"": ""NSE_FO|41790|12-05-2026"", ""status"": ""UNAFFORDABLE_OR_PAST_CAPACITY""}, {""contract"": ""NSE_FO|41794|12-05-2026"", ""status"": ""UNAFFORDABLE_OR_PAST_CAPACITY""}, {""contract"": ""NSE_FO|41800|12-05-2026"", ""status"": ""UNAFFORDABLE_OR_PAST_CAPACITY""}, {""contract"": ""NSE_FO|41802|12-05-2026"", ""status"": ""ORDER_CREATED""}]",NSE_FO|41802|12-05-2026,24600.0,65,65,131.25,,,,,,,,,
earlier,ORDINARY_IV_CHEAP_TREND_TRAIL,2026-05-29,2026-05-29T15:05:00+05:30,PE,9411.18,ORDINARY_IV_CHEAP_TREND,MODELED_EXIT,"[{""contract"": ""NSE_FO|57033|02-06-2026"", ""status"": ""ORDER_CREATED""}]",NSE_FO|57033|02-06-2026,23550.0,65,65,92.40,90.5,2026-05-29T15:06:00+05:30,75.60,2026-05-29T15:25:00+05:30,TIMED_CLOSE,-1029.30,60.80,8381.88,0.8353591160220994475138121547
earlier,ORDINARY_IV_CHEAP_TREND_TRAIL,2026-06-05,2026-06-05T10:35:00+05:30,PE,8381.88,ORDINARY_IV_CHEAP_TREND,MODELED_LIMIT_MISS,"[{""contract"": ""NSE_FO|42299|09-06-2026"", ""status"": ""UNAFFORDABLE_OR_PAST_CAPACITY""}, {""contract"": ""NSE_FO|42296|09-06-2026"", ""status"": ""UNAFFORDABLE_OR_PAST_CAPACITY""}, {""contract"": ""NSE_FO|42293|09-06-2026"", ""status"": ""ORDER_CREATED""}]",NSE_FO|42293|09-06-2026,23350.0,65,65,103.45,,,,,,,,,
earlier,ORDINARY_SKEW_UNWIND_TARGET,2026-06-01,2026-06-01T12:00:00+05:30,PE,9411.18,ORDINARY_SKEW_UNWIND,MODELED_LIMIT_MISS,"[{""contract"": ""NSE_FO|57031|02-06-2026"", ""status"": ""ORDER_CREATED""}]",NSE_FO|57031|02-06-2026,23500.0,65,65,95.75,,,,,,,,,
earlier,ORDINARY_SKEW_UNWIND_TARGET,2026-06-05,2026-06-05T14:45:00+05:30,CE,9411.18,ORDINARY_SKEW_UNWIND,MODELED_LIMIT_MISS,"[{""contract"": ""NSE_FO|42295|09-06-2026"", ""status"": ""UNAFFORDABLE_OR_PAST_CAPACITY""}, {""contract"": ""NSE_FO|42297|09-06-2026"", ""status"": ""UNAFFORDABLE_OR_PAST_CAPACITY""}, {""contract"": ""NSE_FO|42300|09-06-2026"", ""status"": ""ORDER_CREATED""}]",NSE_FO|42300|09-06-2026,23500.0,65,65,133.60,,,,,,,,,
earlier,ORDINARY_SKEW_UNWIND_TRAIL,2026-06-01,2026-06-01T12:00:00+05:30,PE,9411.18,ORDINARY_SKEW_UNWIND,MODELED_LIMIT_MISS,"[{""contract"": ""NSE_FO|57031|02-06-2026"", ""status"": ""ORDER_CREATED""}]",NSE_FO|57031|02-06-2026,23500.0,65,65,95.75,,,,,,,,,
earlier,ORDINARY_SKEW_UNWIND_TRAIL,2026-06-05,2026-06-05T14:45:00+05:30,CE,9411.18,ORDINARY_SKEW_UNWIND,MODELED_LIMIT_MISS,"[{""contract"": ""NSE_FO|42295|09-06-2026"", ""status"": ""UNAFFORDABLE_OR_PAST_CAPACITY""}, {""contract"": ""NSE_FO|42297|09-06-2026"", ""status"": ""UNAFFORDABLE_OR_PAST_CAPACITY""}, {""contract"": ""NSE_FO|42300|09-06-2026"", ""status"": ""ORDER_CREATED""}]",NSE_FO|42300|09-06-2026,23500.0,65,65,133.60,,,,,,,,,
earlier,ORDINARY_SECTOR_CONFIRM_TARGET,2026-03-23,2026-03-23T10:00:00+05:30,PE,9411.18,ORDINARY_SECTOR_CONFIRM,NO_AFFORDABLE_LIQUID_CONTRACT,"[{""contract"": ""NSE_FO|62499|24-03-2026"", ""status"": ""UNAFFORDABLE_OR_PAST_CAPACITY""}, {""contract"": ""NSE_FO|62437|24-03-2026"", ""status"": ""UNAFFORDABLE_OR_PAST_CAPACITY""}, {""contract"": ""NSE_FO|62435|24-03-2026"", ""status"": ""UNAFFORDABLE_OR_PAST_CAPACITY""}, {""contract"": ""NSE_FO|62408|24-03-2026"", ""status"": ""UNAFFORDABLE_OR_PAST_CAPACITY""}]",,,,,,,,,,,,,,
earlier,ORDINARY_SECTOR_CONFIRM_TARGET,2026-03-25,2026-03-25T10:45:00+05:30,CE,9411.18,ORDINARY_SECTOR_CONFIRM,NO_AFFORDABLE_LIQUID_CONTRACT,"[{""contract"": ""NSE_FO|54512|30-03-2026"", ""status"": ""UNAFFORDABLE_OR_PAST_CAPACITY""}, {""contract"": ""NSE_FO|54514|30-03-2026"", ""status"": ""UNAFFORDABLE_OR_PAST_CAPACITY""}, {""contract"": ""NSE_FO|54516|30-03-2026"", ""status"": ""UNAFFORDABLE_OR_PAST_CAPACITY""}, {""contract"": ""NSE_FO|54518|30-03-2026"", ""status"": ""UNAFFORDABLE_OR_PAST_CAPACITY""}]",,,,,,,,,,,,,,
earlier,ORDINARY_SECTOR_CONFIRM_TARGET,2026-03-27,2026-03-27T10:00:00+05:30,PE,9411.18,ORDINARY_SECTOR_CONFIRM,NO_AFFORDABLE_LIQUID_CONTRACT,"[{""contract"": ""NSE_FO|62923|30-03-2026"", ""status"": ""UNAFFORDABLE_OR_PAST_CAPACITY""}, {""contract"": ""NSE_FO|54497|30-03-2026"", ""status"": ""UNAFFORDABLE_OR_PAST_CAPACITY""}, {""contract"": ""NSE_FO|54495|30-03-2026"", ""status"": ""UNAFFORDABLE_OR_PAST_CAPACITY""}, {""contract"": ""NSE_FO|54493|30-03-2026"", ""status"": ""UNAFFORDABLE_OR_PAST_CAPACITY""}]",,,,,,,,,,,,,,
earlier,ORDINARY_SECTOR_CONFIRM_TARGET,2026-04-01,2026-04-01T10:00:00+05:30,CE,9411.18,ORDINARY_SECTOR_CONFIRM,NO_AFFORDABLE_LIQUID_CONTRACT,"[{""contract"": ""NSE_FO|40761|07-04-2026"", ""status"": ""UNAFFORDABLE_OR_PAST_CAPACITY""}, {""contract"": ""NSE_FO|40770|07-04-2026"", ""status"": ""UNAFFORDABLE_OR_PAST_CAPACITY""}, {""contract"": ""NSE_FO|40772|07-04-2026"", ""status"": ""UNAFFORDABLE_OR_PAST_CAPACITY""}, {""contract"": ""NSE_FO|40774|07-04-2026"", ""status"": ""UNAFFORDABLE_OR_PAST_CAPACITY""}]",,,,,,,,,,,,,,
earlier,ORDINARY_SECTOR_CONFIRM_TARGET,2026-04-02,2026-04-02T10:00:00+05:30,PE,9411.18,ORDINARY_SECTOR_CONFIRM,NO_AFFORDABLE_LIQUID_CONTRACT,"[{""contract"": ""NSE_FO|40717|07-04-2026"", ""status"": ""UNAFFORDABLE_OR_PAST_CAPACITY""}, {""contract"": ""NSE_FO|40708|07-04-2026"", ""status"": ""UNAFFORDABLE_OR_PAST_CAPACITY""}, {""contract"": ""NSE_FO|40706|07-04-2026"", ""status"": ""UNAFFORDABLE_OR_PAST_CAPACITY""}, {""contract"": ""NSE_FO|40704|07-04-2026"", ""status"": ""UNAFFORDABLE_OR_PAST_CAPACITY""}]",,,,,,,,,,,,,,
earlier,ORDINARY_SECTOR_CONFIRM_TARGET,2026-04-06,2026-04-06T10:15:00+05:30,CE,9411.18,ORDINARY_SECTOR_CONFIRM,NO_AFFORDABLE_LIQUID_CONTRACT,"[{""contract"": ""NSE_FO|40740|07-04-2026"", ""status"": ""UNAFFORDABLE_OR_PAST_CAPACITY""}, {""contract"": ""NSE_FO|40742|07-04-2026"", ""status"": ""UNAFFORDABLE_OR_PAST_CAPACITY""}, {""contract"": ""NSE_FO|40747|07-04-2026"", ""status"": ""UNAFFORDABLE_OR_PAST_CAPACITY""}, {""contract"": ""NSE_FO|40752|07-04-2026"", ""status"": ""UNAFFORDABLE_OR_PAST_CAPACITY""}]",,,,,,,,,,,,,,
earlier,ORDINARY_SECTOR_CONFIRM_TARGET,2026-04-08,2026-04-08T10:05:00+05:30,PE,9411.18,ORDINARY_SECTOR_CONFIRM,NO_AFFORDABLE_LIQUID_CONTRACT,"[{""contract"": ""NSE_FO|54809|13-04-2026"", ""status"": ""UNAFFORDABLE_OR_PAST_CAPACITY""}, {""contract"": ""NSE_FO|54807|13-04-2026"", ""status"": ""UNAFFORDABLE_OR_PAST_CAPACITY""}, {""contract"": ""NSE_FO|54805|13-04-2026"", ""status"": ""UNAFFORDABLE_OR_PAST_CAPACITY""}, {""contract"": ""NSE_FO|54803|13-04-2026"", ""status"": ""UNAFFORDABLE_OR_PAST_CAPACITY""}]",,,,,,,,,,,,,,
earlier,ORDINARY_SECTOR_CONFIRM_TARGET,2026-04-09,2026-04-09T10:15:00+05:30,CE,9411.18,ORDINARY_SECTOR_CONFIRM,NO_AFFORDABLE_LIQUID_CONTRACT,"[{""contract"": ""NSE_FO|54806|13-04-2026"", ""status"": ""UNAFFORDABLE_OR_PAST_CAPACITY""}, {""contract"": ""NSE_FO|54808|13-04-2026"", ""status"": ""UNAFFORDABLE_OR_PAST_CAPACITY""}, {""contract"": ""NSE_FO|54810|13-04-2026"", ""status"": ""UNAFFORDABLE_OR_PAST_CAPACITY""}, {""contract"": ""NSE_FO|54812|13-04-2026"", ""status"": ""UNAFFORDABLE_OR_PAST_CAPACITY""}]",,,,,,,,,,,,,,
earlier,ORDINARY_SECTOR_CONFIRM_TARGET,2026-04-10,2026-04-10T10:00:00+05:30,CE,9411.18,ORDINARY_SECTOR_CONFIRM,MODELED_LIMIT_MISS,"[{""contract"": ""NSE_FO|54812|13-04-2026"", ""status"": ""UNAFFORDABLE_OR_PAST_CAPACITY""}, {""contract"": ""NSE_FO|54816|13-04-2026"", ""status"": ""ORDER_CREATED""}]",NSE_FO|54816|13-04-2026,24050.0,65,65,130.05,,,,,,,,,
earlier,ORDINARY_SECTOR_CONFIRM_TARGET,2026-04-15,2026-04-15T10:15:00+05:30,CE,9411.18,ORDINARY_SECTOR_CONFIRM,NO_AFFORDABLE_LIQUID_CONTRACT,"[{""contract"": ""NSE_FO|63428|21-04-2026"", ""status"": ""UNAFFORDABLE_OR_PAST_CAPACITY""}, {""contract"": ""NSE_FO|63430|21-04-2026"", ""status"": ""UNAFFORDABLE_OR_PAST_CAPACITY""}, {""contract"": ""NSE_FO|63434|21-04-2026"", ""status"": ""UNAFFORDABLE_OR_PAST_CAPACITY""}, {""contract"": ""NSE_FO|63436|21-04-2026"", ""status"": ""UNAFFORDABLE_OR_PAST_CAPACITY""}]",,,,,,,,,,,,,,
earlier,ORDINARY_SECTOR_CONFIRM_TARGET,2026-04-16,2026-04-16T10:00:00+05:30,PE,9411.18,ORDINARY_SECTOR_CONFIRM,NO_AFFORDABLE_LIQUID_CONTRACT,"[{""contract"": ""NSE_FO|63429|21-04-2026"", ""status"": ""UNAFFORDABLE_OR_PAST_CAPACITY""}, {""contract"": ""NSE_FO|63427|21-04-2026"", ""status"": ""UNAFFORDABLE_OR_PAST_CAPACITY""}, {""contract"": ""NSE_FO|63425|21-04-2026"", ""status"": ""UNAFFORDABLE_OR_PAST_CAPACITY""}, {""contract"": ""NSE_FO|63423|21-04-2026"", ""status"": ""UNAFFORDABLE_OR_PAST_CAPACITY""}]",,,,,,,,,,,,,,
earlier,ORDINARY_SECTOR_CONFIRM_TARGET,2026-04-17,2026-04-17T10:00:00+05:30,CE,9411.18,ORDINARY_SECTOR_CONFIRM,MODELED_EXIT,"[{""contract"": ""NSE_FO|63428|21-04-2026"", ""status"": ""UNAFFORDABLE_OR_PAST_CAPACITY""}, {""contract"": ""NSE_FO|63430|21-04-2026"", ""status"": ""UNAFFORDABLE_OR_PAST_CAPACITY""}, {""contract"": ""NSE_FO|63434|21-04-2026"", ""status"": ""ORDER_CREATED""}]",NSE_FO|63434|21-04-2026,24350.0,65,65,116.25,114.85,2026-04-17T10:01:00+05:30,159.10,2026-04-17T15:25:00+05:30,TIMED_CLOSE,2804.50,71.75,12215.68,1.385285154549412276882890727
earlier,ORDINARY_SECTOR_CONFIRM_TARGET,2026-04-20,2026-04-20T10:05:00+05:30,CE,12215.68,ORDINARY_SECTOR_CONFIRM,MODELED_EXIT,"[{""contract"": ""NSE_FO|63434|21-04-2026"", ""status"": ""ORDER_CREATED""}]",NSE_FO|63434|21-04-2026,24350.0,65,65,141.60,137.5,2026-04-20T10:06:00+05:30,99.00,2026-04-20T15:25:00+05:30,TIMED_CLOSE,-2567.21,64.71,9648.47,0.72
earlier,ORDINARY_SECTOR_CONFIRM_TARGET,2026-04-22,2026-04-22T10:00:00+05:30,PE,9648.47,ORDINARY_SECTOR_CONFIRM,NO_AFFORDABLE_LIQUID_CONTRACT,"[{""contract"": ""NSE_FO|72322|28-04-2026"", ""status"": ""UNAFFORDABLE_OR_PAST_CAPACITY""}, {""contract"": ""NSE_FO|72316|28-04-2026"", ""status"": ""UNAFFORDABLE_OR_PAST_CAPACITY""}, {""contract"": ""NSE_FO|72311|28-04-2026"", ""status"": ""UNAFFORDABLE_OR_PAST_CAPACITY""}, {""contract"": ""NSE_FO|72278|28-04-2026"", ""status"": ""UNAFFORDABLE_OR_PAST_CAPACITY""}]",,,,,,,,,,,,,,
earlier,ORDINARY_SECTOR_CONFIRM_TARGET,2026-04-23,2026-04-23T10:00:00+05:30,CE,9648.47,ORDINARY_SECTOR_CONFIRM,MODELED_EXIT,"[{""contract"": ""NSE_FO|72279|28-04-2026"", ""status"": ""UNAFFORDABLE_OR_PAST_CAPACITY""}, {""contract"": ""NSE_FO|72312|28-04-2026"", ""status"": ""UNAFFORDABLE_OR_PAST_CAPACITY""}, {""contract"": ""NSE_FO|72317|28-04-2026"", ""status"": ""UNAFFORDABLE_OR_PAST_CAPACITY""}, {""contract"": ""NSE_FO|72323|28-04-2026"", ""status"": ""ORDER_CREATED""}]",NSE_FO|72323|28-04-2026,24450.0,65,65,131.70,124.30,2026-04-23T10:01:00+05:30,74.70,2026-04-23T15:25:00+05:30,TIMED_CLOSE,-3285.70,61.70,6362.77,0.6009654062751407884151246983
earlier,ORDINARY_SECTOR_CONFIRM_TARGET,2026-04-24,2026-04-24T10:00:00+05:30,PE,6362.77,ORDINARY_SECTOR_CONFIRM,NO_AFFORDABLE_LIQUID_CONTRACT,"[{""contract"": ""NSE_FO|72262|28-04-2026"", ""status"": ""UNAFFORDABLE_OR_PAST_CAPACITY""}, {""contract"": ""NSE_FO|72260|28-04-2026"", ""status"": ""UNAFFORDABLE_OR_PAST_CAPACITY""}, {""contract"": ""NSE_FO|72258|28-04-2026"", ""status"": ""UNAFFORDABLE_OR_PAST_CAPACITY""}, {""contract"": ""NSE_FO|72256|28-04-2026"", ""status"": ""UNAFFORDABLE_OR_PAST_CAPACITY""}]",,,,,,,,,,,,,,
earlier,ORDINARY_SECTOR_CONFIRM_TARGET,2026-04-27,2026-04-27T11:10:00+05:30,PE,6362.77,ORDINARY_SECTOR_CONFIRM,MODELED_EXIT,"[{""contract"": ""NSE_FO|72266|28-04-2026"", ""status"": ""UNAFFORDABLE_OR_PAST_CAPACITY""}, {""contract"": ""NSE_FO|72264|28-04-2026"", ""status"": ""ORDER_CREATED""}]",NSE_FO|72264|28-04-2026,24000.0,65,65,88.90,81.40,2026-04-27T11:11:00+05:30,40.05,2026-04-27T15:14:00+05:30,STOP,-2743.33,55.58,3619.44,0.4920147420147420147420147420
earlier,ORDINARY_SECTOR_CONFIRM_TARGET,2026-04-29,2026-04-29T10:00:00+05:30,CE,3619.44,ORDINARY_SECTOR_CONFIRM,NO_AFFORDABLE_LIQUID_CONTRACT,"[{""contract"": ""NSE_FO|74165|05-05-2026"", ""status"": ""UNAFFORDABLE_OR_PAST_CAPACITY""}, {""contract"": ""NSE_FO|74167|05-05-2026"", ""status"": ""UNAFFORDABLE_OR_PAST_CAPACITY""}, {""contract"": ""NSE_FO|74169|05-05-2026"", ""status"": ""UNAFFORDABLE_OR_PAST_CAPACITY""}, {""contract"": ""NSE_FO|74171|05-05-2026"", ""status"": ""UNAFFORDABLE_OR_PAST_CAPACITY""}]",,,,,,,,,,,,,,
earlier,ORDINARY_SECTOR_CONFIRM_TARGET,2026-04-30,2026-04-30T10:10:00+05:30,PE,3619.44,ORDINARY_SECTOR_CONFIRM,NO_AFFORDABLE_LIQUID_CONTRACT,"[{""contract"": ""NSE_FO|74132|05-05-2026"", ""status"": ""UNAFFORDABLE_OR_PAST_CAPACITY""}, {""contract"": ""NSE_FO|74130|05-05-2026"", ""status"": ""UNAFFORDABLE_OR_PAST_CAPACITY""}, {""contract"": ""NSE_FO|74128|05-05-2026"", ""status"": ""UNAFFORDABLE_OR_PAST_CAPACITY""}, {""contract"": ""NSE_FO|74122|05-05-2026"", ""status"": ""UNAFFORDABLE_OR_PAST_CAPACITY""}]",,,,,,,,,,,,,,
earlier,ORDINARY_SECTOR_CONFIRM_TARGET,2026-05-04,2026-05-04T10:00:00+05:30,PE,3619.44,ORDINARY_SECTOR_CONFIRM,NO_AFFORDABLE_LIQUID_CONTRACT,"[{""contract"": ""NSE_FO|74170|05-05-2026"", ""status"": ""UNAFFORDABLE_OR_PAST_CAPACITY""}, {""contract"": ""NSE_FO|74168|05-05-2026"", ""status"": ""UNAFFORDABLE_OR_PAST_CAPACITY""}, {""contract"": ""NSE_FO|74166|05-05-2026"", ""status"": ""UNAFFORDABLE_OR_PAST_CAPACITY""}, {""contract"": ""NSE_FO|74164|05-05-2026"", ""status"": ""UNAFFORDABLE_OR_PAST_CAPACITY""}]",,,,,,,,,,,,,,
earlier,ORDINARY_SECTOR_CONFIRM_TARGET,2026-05-06,2026-05-06T10:20:00+05:30,CE,3619.44,ORDINARY_SECTOR_CONFIRM,NO_AFFORDABLE_LIQUID_CONTRACT,"[{""contract"": ""NSE_FO|41760|12-05-2026"", ""status"": ""UNAFFORDABLE_OR_PAST_CAPACITY""}, {""contract"": ""NSE_FO|41762|12-05-2026"", ""status"": ""UNAFFORDABLE_OR_PAST_CAPACITY""}, {""contract"": ""NSE_FO|41774|12-05-2026"", ""status"": ""UNAFFORDABLE_OR_PAST_CAPACITY""}, {""contract"": ""NSE_FO|41778|12-05-2026"", ""status"": ""UNAFFORDABLE_OR_PAST_CAPACITY""}]",,,,,,,,,,,,,,
earlier,ORDINARY_SECTOR_CONFIRM_TARGET,2026-05-07,2026-05-07T10:00:00+05:30,PE,3619.44,ORDINARY_SECTOR_CONFIRM,NO_AFFORDABLE_LIQUID_CONTRACT,"[{""contract"": ""NSE_FO|41785|12-05-2026"", ""status"": ""UNAFFORDABLE_OR_PAST_CAPACITY""}, {""contract"": ""NSE_FO|41779|12-05-2026"", ""status"": ""UNAFFORDABLE_OR_PAST_CAPACITY""}, {""contract"": ""NSE_FO|41777|12-05-2026"", ""status"": ""UNAFFORDABLE_OR_PAST_CAPACITY""}, {""contract"": ""NSE_FO|41763|12-05-2026"", ""status"": ""UNAFFORDABLE_OR_PAST_CAPACITY""}]",,,,,,,,,,,,,,
earlier,ORDINARY_SECTOR_CONFIRM_TARGET,2026-05-08,2026-05-08T10:00:00+05:30,CE,3619.44,ORDINARY_SECTOR_CONFIRM,NO_AFFORDABLE_LIQUID_CONTRACT,"[{""contract"": ""NSE_FO|41762|12-05-2026"", ""status"": ""UNAFFORDABLE_OR_PAST_CAPACITY""}, {""contract"": ""NSE_FO|41774|12-05-2026"", ""status"": ""UNAFFORDABLE_OR_PAST_CAPACITY""}, {""contract"": ""NSE_FO|41778|12-05-2026"", ""status"": ""UNAFFORDABLE_OR_PAST_CAPACITY""}, {""contract"": ""NSE_FO|41784|12-05-2026"", ""status"": ""UNAFFORDABLE_OR_PAST_CAPACITY""}]",,,,,,,,,,,,,,
earlier,ORDINARY_SECTOR_CONFIRM_TARGET,2026-05-11,2026-05-11T10:20:00+05:30,PE,3619.44,ORDINARY_SECTOR_CONFIRM,NO_AFFORDABLE_LIQUID_CONTRACT,"[{""contract"": ""NSE_FO|41745|12-05-2026"", ""status"": ""UNAFFORDABLE_OR_PAST_CAPACITY""}, {""contract"": ""NSE_FO|41743|12-05-2026"", ""status"": ""UNAFFORDABLE_OR_PAST_CAPACITY""}, {""contract"": ""NSE_FO|41741|12-05-2026"", ""status"": ""UNAFFORDABLE_OR_PAST_CAPACITY""}, {""contract"": ""NSE_FO|41739|12-05-2026"", ""status"": ""UNAFFORDABLE_OR_PAST_CAPACITY""}]",,,,,,,,,,,,,,
earlier,ORDINARY_SECTOR_CONFIRM_TARGET,2026-05-13,2026-05-13T10:00:00+05:30,CE,3619.44,ORDINARY_SECTOR_CONFIRM,NO_AFFORDABLE_LIQUID_CONTRACT,"[{""contract"": ""NSE_FO|51346|19-05-2026"", ""status"": ""UNAFFORDABLE_OR_PAST_CAPACITY""}, {""contract"": ""NSE_FO|51348|19-05-2026"", ""status"": ""UNAFFORDABLE_OR_PAST_CAPACITY""}, {""contract"": ""NSE_FO|51352|19-05-2026"", ""status"": ""UNAFFORDABLE_OR_PAST_CAPACITY""}, {""contract"": ""NSE_FO|51354|19-05-2026"", ""status"": ""UNAFFORDABLE_OR_PAST_CAPACITY""}]",,,,,,,,,,,,,,
earlier,ORDINARY_SECTOR_CONFIRM_TARGET,2026-05-14,2026-05-14T10:00:00+05:30,PE,3619.44,ORDINARY_SECTOR_CONFIRM,NO_AFFORDABLE_LIQUID_CONTRACT,"[{""contract"": ""NSE_FO|51353|19-05-2026"", ""status"": ""UNAFFORDABLE_OR_PAST_CAPACITY""}, {""contract"": ""NSE_FO|51349|19-05-2026"", ""status"": ""UNAFFORDABLE_OR_PAST_CAPACITY""}, {""contract"": ""NSE_FO|51347|19-05-2026"", ""status"": ""UNAFFORDABLE_OR_PAST_CAPACITY""}, {""contract"": ""NSE_FO|51325|19-05-2026"", ""status"": ""UNAFFORDABLE_OR_PAST_CAPACITY""}]",,,,,,,,,,,,,,
earlier,ORDINARY_SECTOR_CONFIRM_TARGET,2026-05-15,2026-05-15T10:10:00+05:30,PE,3619.44,ORDINARY_SECTOR_CONFIRM,NO_AFFORDABLE_LIQUID_CONTRACT,"[{""contract"": ""NSE_FO|51375|19-05-2026"", ""status"": ""UNAFFORDABLE_OR_PAST_CAPACITY""}, {""contract"": ""NSE_FO|51371|19-05-2026"", ""status"": ""UNAFFORDABLE_OR_PAST_CAPACITY""}, {""contract"": ""NSE_FO|51367|19-05-2026"", ""status"": ""UNAFFORDABLE_OR_PAST_CAPACITY""}, {""contract"": ""NSE_FO|51365|19-05-2026"", ""status"": ""UNAFFORDABLE_OR_PAST_CAPACITY""}]",,,,,,,,,,,,,,
earlier,ORDINARY_SECTOR_CONFIRM_TARGET,2026-05-18,2026-05-18T10:20:00+05:30,CE,3619.44,ORDINARY_SECTOR_CONFIRM,NO_AFFORDABLE_LIQUID_CONTRACT,"[{""contract"": ""NSE_FO|51348|19-05-2026"", ""status"": ""UNAFFORDABLE_OR_PAST_CAPACITY""}, {""contract"": ""NSE_FO|51352|19-05-2026"", ""status"": ""UNAFFORDABLE_OR_PAST_CAPACITY""}, {""contract"": ""NSE_FO|51354|19-05-2026"", ""status"": ""UNAFFORDABLE_OR_PAST_CAPACITY""}, {""contract"": ""NSE_FO|51356|19-05-2026"", ""status"": ""UNAFFORDABLE_OR_PAST_CAPACITY""}]",,,,,,,,,,,,,,
earlier,ORDINARY_SECTOR_CONFIRM_TARGET,2026-05-20,2026-05-20T10:10:00+05:30,PE,3619.44,ORDINARY_SECTOR_CONFIRM,NO_AFFORDABLE_LIQUID_CONTRACT,"[{""contract"": ""NSE_FO|72068|26-05-2026"", ""status"": ""UNAFFORDABLE_OR_PAST_CAPACITY""}, {""contract"": ""NSE_FO|72020|26-05-2026"", ""status"": ""UNAFFORDABLE_OR_PAST_CAPACITY""}, {""contract"": ""NSE_FO|72016|26-05-2026"", ""status"": ""UNAFFORDABLE_OR_PAST_CAPACITY""}, {""contract"": ""NSE_FO|72014|26-05-2026"", ""status"": ""UNAFFORDABLE_OR_PAST_CAPACITY""}]",,,,,,,,,,,,,,
earlier,ORDINARY_SECTOR_CONFIRM_TARGET,2026-05-21,2026-05-21T10:10:00+05:30,PE,3619.44,ORDINARY_SECTOR_CONFIRM,NO_AFFORDABLE_LIQUID_CONTRACT,"[{""contract"": ""NSE_FO|72170|26-05-2026"", ""status"": ""UNAFFORDABLE_OR_PAST_CAPACITY""}, {""contract"": ""NSE_FO|72168|26-05-2026"", ""status"": ""UNAFFORDABLE_OR_PAST_CAPACITY""}, {""contract"": ""NSE_FO|72166|26-05-2026"", ""status"": ""UNAFFORDABLE_OR_PAST_CAPACITY""}, {""contract"": ""NSE_FO|72147|26-05-2026"", ""status"": ""UNAFFORDABLE_OR_PAST_CAPACITY""}]",,,,,,,,,,,,,,
earlier,ORDINARY_SECTOR_CONFIRM_TARGET,2026-05-22,2026-05-22T10:05:00+05:30,CE,3619.44,ORDINARY_SECTOR_CONFIRM,NO_AFFORDABLE_LIQUID_CONTRACT,"[{""contract"": ""NSE_FO|72169|26-05-2026"", ""status"": ""UNAFFORDABLE_OR_PAST_CAPACITY""}, {""contract"": ""NSE_FO|72171|26-05-2026"", ""status"": ""UNAFFORDABLE_OR_PAST_CAPACITY""}, {""contract"": ""NSE_FO|72173|26-05-2026"", ""status"": ""UNAFFORDABLE_OR_PAST_CAPACITY""}, {""contract"": ""NSE_FO|72175|26-05-2026"", ""status"": ""UNAFFORDABLE_OR_PAST_CAPACITY""}]",,,,,,,,,,,,,,
earlier,ORDINARY_SECTOR_CONFIRM_TARGET,2026-05-25,2026-05-25T10:20:00+05:30,CE,3619.44,ORDINARY_SECTOR_CONFIRM,NO_AFFORDABLE_LIQUID_CONTRACT,"[{""contract"": ""NSE_FO|72177|26-05-2026"", ""status"": ""UNAFFORDABLE_OR_PAST_CAPACITY""}, {""contract"": ""NSE_FO|72179|26-05-2026"", ""status"": ""UNAFFORDABLE_OR_PAST_CAPACITY""}, {""contract"": ""NSE_FO|72181|26-05-2026"", ""status"": ""UNAFFORDABLE_OR_PAST_CAPACITY""}, {""contract"": ""NSE_FO|72183|26-05-2026"", ""status"": ""UNAFFORDABLE_OR_PAST_CAPACITY""}]",,,,,,,,,,,,,,
earlier,ORDINARY_SECTOR_CONFIRM_TARGET,2026-05-27,2026-05-27T10:00:00+05:30,PE,3619.44,ORDINARY_SECTOR_CONFIRM,NO_AFFORDABLE_LIQUID_CONTRACT,"[{""contract"": ""NSE_FO|57045|02-06-2026"", ""status"": ""UNAFFORDABLE_OR_PAST_CAPACITY""}, {""contract"": ""NSE_FO|57043|02-06-2026"", ""status"": ""UNAFFORDABLE_OR_PAST_CAPACITY""}, {""contract"": ""NSE_FO|57041|02-06-2026"", ""status"": ""UNAFFORDABLE_OR_PAST_CAPACITY""}, {""contract"": ""NSE_FO|57039|02-06-2026"", ""status"": ""UNAFFORDABLE_OR_PAST_CAPACITY""}]",,,,,,,,,,,,,,
earlier,ORDINARY_SECTOR_CONFIRM_TARGET,2026-05-29,2026-05-29T10:00:00+05:30,CE,3619.44,ORDINARY_SECTOR_CONFIRM,NO_AFFORDABLE_LIQUID_CONTRACT,"[{""contract"": ""NSE_FO|57046|02-06-2026"", ""status"": ""UNAFFORDABLE_OR_PAST_CAPACITY""}, {""contract"": ""NSE_FO|57048|02-06-2026"", ""status"": ""UNAFFORDABLE_OR_PAST_CAPACITY""}, {""contract"": ""NSE_FO|57050|02-06-2026"", ""status"": ""UNAFFORDABLE_OR_PAST_CAPACITY""}, {""contract"": ""NSE_FO|57052|02-06-2026"", ""status"": ""UNAFFORDABLE_OR_PAST_CAPACITY""}]",,,,,,,,,,,,,,
earlier,ORDINARY_SECTOR_CONFIRM_TARGET,2026-06-01,2026-06-01T10:05:00+05:30,PE,3619.44,ORDINARY_SECTOR_CONFIRM,MODELED_EXIT,"[{""contract"": ""NSE_FO|57033|02-06-2026"", ""status"": ""UNAFFORDABLE_OR_PAST_CAPACITY""}, {""contract"": ""NSE_FO|57031|02-06-2026"", ""status"": ""UNAFFORDABLE_OR_PAST_CAPACITY""}, {""contract"": ""NSE_FO|57029|02-06-2026"", ""status"": ""UNAFFORDABLE_OR_PAST_CAPACITY""}, {""contract"": ""NSE_FO|57027|02-06-2026"", ""status"": ""ORDER_CREATED""}]",NSE_FO|57027|02-06-2026,23400.0,65,65,44.20,40.45,2026-06-01T10:06:00+05:30,80.90,2026-06-01T14:25:00+05:30,TARGET_2X,2569.67,59.58,6189.11,2
earlier,ORDINARY_SECTOR_CONFIRM_TARGET,2026-06-03,2026-06-03T10:50:00+05:30,CE,6189.11,ORDINARY_SECTOR_CONFIRM,NO_AFFORDABLE_LIQUID_CONTRACT,"[{""contract"": ""NSE_FO|42286|09-06-2026"", ""status"": ""UNAFFORDABLE_OR_PAST_CAPACITY""}, {""contract"": ""NSE_FO|42288|09-06-2026"", ""status"": ""UNAFFORDABLE_OR_PAST_CAPACITY""}, {""contract"": ""NSE_FO|42290|09-06-2026"", ""status"": ""UNAFFORDABLE_OR_PAST_CAPACITY""}, {""contract"": ""NSE_FO|42295|09-06-2026"", ""status"": ""UNAFFORDABLE_OR_PAST_CAPACITY""}]",,,,,,,,,,,,,,
earlier,ORDINARY_SECTOR_CONFIRM_TARGET,2026-06-04,2026-06-04T10:00:00+05:30,CE,6189.11,ORDINARY_SECTOR_CONFIRM,NO_AFFORDABLE_LIQUID_CONTRACT,"[{""contract"": ""NSE_FO|42295|09-06-2026"", ""status"": ""UNAFFORDABLE_OR_PAST_CAPACITY""}, {""contract"": ""NSE_FO|42297|09-06-2026"", ""status"": ""UNAFFORDABLE_OR_PAST_CAPACITY""}, {""contract"": ""NSE_FO|42300|09-06-2026"", ""status"": ""UNAFFORDABLE_OR_PAST_CAPACITY""}, {""contract"": ""NSE_FO|42302|09-06-2026"", ""status"": ""UNAFFORDABLE_OR_PAST_CAPACITY""}]",,,,,,,,,,,,,,
earlier,ORDINARY_SECTOR_CONFIRM_TARGET,2026-06-05,2026-06-05T10:35:00+05:30,PE,6189.11,ORDINARY_SECTOR_CONFIRM,MODELED_LIMIT_MISS,"[{""contract"": ""NSE_FO|42299|09-06-2026"", ""status"": ""UNAFFORDABLE_OR_PAST_CAPACITY""}, {""contract"": ""NSE_FO|42296|09-06-2026"", ""status"": ""UNAFFORDABLE_OR_PAST_CAPACITY""}, {""contract"": ""NSE_FO|42293|09-06-2026"", ""status"": ""UNAFFORDABLE_OR_PAST_CAPACITY""}, {""contract"": ""NSE_FO|42289|09-06-2026"", ""status"": ""ORDER_CREATED""}]",NSE_FO|42289|09-06-2026,23300.0,65,65,85.90,,,,,,,,,
earlier,ORDINARY_SECTOR_CONFIRM_TARGET,2026-06-08,2026-06-08T10:40:00+05:30,CE,6189.11,ORDINARY_SECTOR_CONFIRM,MODELED_LIMIT_MISS,"[{""contract"": ""NSE_FO|42284|09-06-2026"", ""status"": ""UNAFFORDABLE_OR_PAST_CAPACITY""}, {""contract"": ""NSE_FO|42286|09-06-2026"", ""status"": ""UNAFFORDABLE_OR_PAST_CAPACITY""}, {""contract"": ""NSE_FO|42288|09-06-2026"", ""status"": ""ORDER_CREATED""}]",NSE_FO|42288|09-06-2026,23300.0,65,65,89.70,,,,,,,,,
earlier,ORDINARY_SECTOR_CONFIRM_TARGET,2026-06-10,2026-06-10T10:05:00+05:30,PE,6189.11,ORDINARY_SECTOR_CONFIRM,NO_AFFORDABLE_LIQUID_CONTRACT,"[{""contract"": ""NSE_FO|50573|16-06-2026"", ""status"": ""UNAFFORDABLE_OR_PAST_CAPACITY""}, {""contract"": ""NSE_FO|50571|16-06-2026"", ""status"": ""UNAFFORDABLE_OR_PAST_CAPACITY""}, {""contract"": ""NSE_FO|50569|16-06-2026"", ""status"": ""UNAFFORDABLE_OR_PAST_CAPACITY""}, {""contract"": ""NSE_FO|50566|16-06-2026"", ""status"": ""UNAFFORDABLE_OR_PAST_CAPACITY""}]",,,,,,,,,,,,,,
earlier,ORDINARY_SECTOR_CONFIRM_TARGET,2026-06-11,2026-06-11T10:00:00+05:30,PE,6189.11,ORDINARY_SECTOR_CONFIRM,NO_AFFORDABLE_LIQUID_CONTRACT,"[{""contract"": ""NSE_FO|50562|16-06-2026"", ""status"": ""UNAFFORDABLE_OR_PAST_CAPACITY""}, {""contract"": ""NSE_FO|50553|16-06-2026"", ""status"": ""UNAFFORDABLE_OR_PAST_CAPACITY""}, {""contract"": ""NSE_FO|50550|16-06-2026"", ""status"": ""UNAFFORDABLE_OR_PAST_CAPACITY""}, {""contract"": ""NSE_FO|50543|16-06-2026"", ""status"": ""UNAFFORDABLE_OR_PAST_CAPACITY""}]",,,,,,,,,,,,,,
earlier,ORDINARY_SECTOR_CONFIRM_TARGET,2026-06-12,2026-06-12T10:05:00+05:30,PE,6189.11,ORDINARY_SECTOR_CONFIRM,MODELED_EXIT,"[{""contract"": ""NSE_FO|50573|16-06-2026"", ""status"": ""UNAFFORDABLE_OR_PAST_CAPACITY""}, {""contract"": ""NSE_FO|50571|16-06-2026"", ""status"": ""UNAFFORDABLE_OR_PAST_CAPACITY""}, {""contract"": ""NSE_FO|50569|16-06-2026"", ""status"": ""UNAFFORDABLE_OR_PAST_CAPACITY""}, {""contract"": ""NSE_FO|50566|16-06-2026"", ""status"": ""ORDER_CREATED""}]",NSE_FO|50566|16-06-2026,23200.0,65,65,81.30,76.65,2026-06-12T10:06:00+05:30,37.00,2026-06-12T13:41:00+05:30,STOP,-2632.62,55.37,3556.49,0.4827136333985649054142204827
earlier,ORDINARY_SECTOR_CONFIRM_TARGET,2026-06-15,2026-06-15T10:35:00+05:30,CE,3556.49,ORDINARY_SECTOR_CONFIRM,MODELED_EXIT,"[{""contract"": ""NSE_FO|50613|16-06-2026"", ""status"": ""UNAFFORDABLE_OR_PAST_CAPACITY""}, {""contract"": ""NSE_FO|50615|16-06-2026"", ""status"": ""UNAFFORDABLE_OR_PAST_CAPACITY""}, {""contract"": ""NSE_FO|50617|16-06-2026"", ""status"": ""UNAFFORDABLE_OR_PAST_CAPACITY""}, {""contract"": ""NSE_FO|50619|16-06-2026"", ""status"": ""ORDER_CREATED""}]",NSE_FO|50619|16-06-2026,24100.0,65,65,46.65,44.35,2026-06-15T10:36:00+05:30,20.70,2026-06-15T15:00:00+05:30,STOP,-1590.28,53.03,1966.21,0.4667418263810597519729425028
earlier,ORDINARY_SECTOR_CONFIRM_TARGET,2026-06-17,2026-06-17T15:05:00+05:30,CE,1966.21,ORDINARY_SECTOR_CONFIRM,NO_AFFORDABLE_LIQUID_CONTRACT,"[{""contract"": ""NSE_FO|56376|23-06-2026"", ""status"": ""UNAFFORDABLE_OR_PAST_CAPACITY""}, {""contract"": ""NSE_FO|56380|23-06-2026"", ""status"": ""UNAFFORDABLE_OR_PAST_CAPACITY""}, {""contract"": ""NSE_FO|56382|23-06-2026"", ""status"": ""UNAFFORDABLE_OR_PAST_CAPACITY""}, {""contract"": ""NSE_FO|56384|23-06-2026"", ""status"": ""UNAFFORDABLE_OR_PAST_CAPACITY""}]",,,,,,,,,,,,,,
earlier,ORDINARY_SECTOR_CONFIRM_TARGET,2026-06-18,2026-06-18T10:45:00+05:30,PE,1966.21,ORDINARY_SECTOR_CONFIRM,NO_AFFORDABLE_LIQUID_CONTRACT,"[{""contract"": ""NSE_FO|56377|23-06-2026"", ""status"": ""UNAFFORDABLE_OR_PAST_CAPACITY""}, {""contract"": ""NSE_FO|56375|23-06-2026"", ""status"": ""UNAFFORDABLE_OR_PAST_CAPACITY""}, {""contract"": ""NSE_FO|56373|23-06-2026"", ""status"": ""UNAFFORDABLE_OR_PAST_CAPACITY""}, {""contract"": ""NSE_FO|56371|23-06-2026"", ""status"": ""UNAFFORDABLE_OR_PAST_CAPACITY""}]",,,,,,,,,,,,,,
earlier,ORDINARY_SECTOR_CONFIRM_TARGET,2026-06-19,2026-06-19T10:30:00+05:30,PE,1966.21,ORDINARY_SECTOR_CONFIRM,NO_AFFORDABLE_LIQUID_CONTRACT,"[{""contract"": ""NSE_FO|56371|23-06-2026"", ""status"": ""UNAFFORDABLE_OR_PAST_CAPACITY""}, {""contract"": ""NSE_FO|56359|23-06-2026"", ""status"": ""UNAFFORDABLE_OR_PAST_CAPACITY""}, {""contract"": ""NSE_FO|56357|23-06-2026"", ""status"": ""UNAFFORDABLE_OR_PAST_CAPACITY""}, {""contract"": ""NSE_FO|56355|23-06-2026"", ""status"": ""UNAFFORDABLE_OR_PAST_CAPACITY""}]",,,,,,,,,,,,,,
earlier,ORDINARY_SECTOR_CONFIRM_TRAIL,2026-03-23,2026-03-23T10:00:00+05:30,PE,9411.18,ORDINARY_SECTOR_CONFIRM,NO_AFFORDABLE_LIQUID_CONTRACT,"[{""contract"": ""NSE_FO|62499|24-03-2026"", ""status"": ""UNAFFORDABLE_OR_PAST_CAPACITY""}, {""contract"": ""NSE_FO|62437|24-03-2026"", ""status"": ""UNAFFORDABLE_OR_PAST_CAPACITY""}, {""contract"": ""NSE_FO|62435|24-03-2026"", ""status"": ""UNAFFORDABLE_OR_PAST_CAPACITY""}, {""contract"": ""NSE_FO|62408|24-03-2026"", ""status"": ""UNAFFORDABLE_OR_PAST_CAPACITY""}]",,,,,,,,,,,,,,
earlier,ORDINARY_SECTOR_CONFIRM_TRAIL,2026-03-25,2026-03-25T10:45:00+05:30,CE,9411.18,ORDINARY_SECTOR_CONFIRM,NO_AFFORDABLE_LIQUID_CONTRACT,"[{""contract"": ""NSE_FO|54512|30-03-2026"", ""status"": ""UNAFFORDABLE_OR_PAST_CAPACITY""}, {""contract"": ""NSE_FO|54514|30-03-2026"", ""status"": ""UNAFFORDABLE_OR_PAST_CAPACITY""}, {""contract"": ""NSE_FO|54516|30-03-2026"", ""status"": ""UNAFFORDABLE_OR_PAST_CAPACITY""}, {""contract"": ""NSE_FO|54518|30-03-2026"", ""status"": ""UNAFFORDABLE_OR_PAST_CAPACITY""}]",,,,,,,,,,,,,,
earlier,ORDINARY_SECTOR_CONFIRM_TRAIL,2026-03-27,2026-03-27T10:00:00+05:30,PE,9411.18,ORDINARY_SECTOR_CONFIRM,NO_AFFORDABLE_LIQUID_CONTRACT,"[{""contract"": ""NSE_FO|62923|30-03-2026"", ""status"": ""UNAFFORDABLE_OR_PAST_CAPACITY""}, {""contract"": ""NSE_FO|54497|30-03-2026"", ""status"": ""UNAFFORDABLE_OR_PAST_CAPACITY""}, {""contract"": ""NSE_FO|54495|30-03-2026"", ""status"": ""UNAFFORDABLE_OR_PAST_CAPACITY""}, {""contract"": ""NSE_FO|54493|30-03-2026"", ""status"": ""UNAFFORDABLE_OR_PAST_CAPACITY""}]",,,,,,,,,,,,,,
earlier,ORDINARY_SECTOR_CONFIRM_TRAIL,2026-04-01,2026-04-01T10:00:00+05:30,CE,9411.18,ORDINARY_SECTOR_CONFIRM,NO_AFFORDABLE_LIQUID_CONTRACT,"[{""contract"": ""NSE_FO|40761|07-04-2026"", ""status"": ""UNAFFORDABLE_OR_PAST_CAPACITY""}, {""contract"": ""NSE_FO|40770|07-04-2026"", ""status"": ""UNAFFORDABLE_OR_PAST_CAPACITY""}, {""contract"": ""NSE_FO|40772|07-04-2026"", ""status"": ""UNAFFORDABLE_OR_PAST_CAPACITY""}, {""contract"": ""NSE_FO|40774|07-04-2026"", ""status"": ""UNAFFORDABLE_OR_PAST_CAPACITY""}]",,,,,,,,,,,,,,
earlier,ORDINARY_SECTOR_CONFIRM_TRAIL,2026-04-02,2026-04-02T10:00:00+05:30,PE,9411.18,ORDINARY_SECTOR_CONFIRM,NO_AFFORDABLE_LIQUID_CONTRACT,"[{""contract"": ""NSE_FO|40717|07-04-2026"", ""status"": ""UNAFFORDABLE_OR_PAST_CAPACITY""}, {""contract"": ""NSE_FO|40708|07-04-2026"", ""status"": ""UNAFFORDABLE_OR_PAST_CAPACITY""}, {""contract"": ""NSE_FO|40706|07-04-2026"", ""status"": ""UNAFFORDABLE_OR_PAST_CAPACITY""}, {""contract"": ""NSE_FO|40704|07-04-2026"", ""status"": ""UNAFFORDABLE_OR_PAST_CAPACITY""}]",,,,,,,,,,,,,,
earlier,ORDINARY_SECTOR_CONFIRM_TRAIL,2026-04-06,2026-04-06T10:15:00+05:30,CE,9411.18,ORDINARY_SECTOR_CONFIRM,NO_AFFORDABLE_LIQUID_CONTRACT,"[{""contract"": ""NSE_FO|40740|07-04-2026"", ""status"": ""UNAFFORDABLE_OR_PAST_CAPACITY""}, {""contract"": ""NSE_FO|40742|07-04-2026"", ""status"": ""UNAFFORDABLE_OR_PAST_CAPACITY""}, {""contract"": ""NSE_FO|40747|07-04-2026"", ""status"": ""UNAFFORDABLE_OR_PAST_CAPACITY""}, {""contract"": ""NSE_FO|40752|07-04-2026"", ""status"": ""UNAFFORDABLE_OR_PAST_CAPACITY""}]",,,,,,,,,,,,,,
earlier,ORDINARY_SECTOR_CONFIRM_TRAIL,2026-04-08,2026-04-08T10:05:00+05:30,PE,9411.18,ORDINARY_SECTOR_CONFIRM,NO_AFFORDABLE_LIQUID_CONTRACT,"[{""contract"": ""NSE_FO|54809|13-04-2026"", ""status"": ""UNAFFORDABLE_OR_PAST_CAPACITY""}, {""contract"": ""NSE_FO|54807|13-04-2026"", ""status"": ""UNAFFORDABLE_OR_PAST_CAPACITY""}, {""contract"": ""NSE_FO|54805|13-04-2026"", ""status"": ""UNAFFORDABLE_OR_PAST_CAPACITY""}, {""contract"": ""NSE_FO|54803|13-04-2026"", ""status"": ""UNAFFORDABLE_OR_PAST_CAPACITY""}]",,,,,,,,,,,,,,
earlier,ORDINARY_SECTOR_CONFIRM_TRAIL,2026-04-09,2026-04-09T10:15:00+05:30,CE,9411.18,ORDINARY_SECTOR_CONFIRM,NO_AFFORDABLE_LIQUID_CONTRACT,"[{""contract"": ""NSE_FO|54806|13-04-2026"", ""status"": ""UNAFFORDABLE_OR_PAST_CAPACITY""}, {""contract"": ""NSE_FO|54808|13-04-2026"", ""status"": ""UNAFFORDABLE_OR_PAST_CAPACITY""}, {""contract"": ""NSE_FO|54810|13-04-2026"", ""status"": ""UNAFFORDABLE_OR_PAST_CAPACITY""}, {""contract"": ""NSE_FO|54812|13-04-2026"", ""status"": ""UNAFFORDABLE_OR_PAST_CAPACITY""}]",,,,,,,,,,,,,,
earlier,ORDINARY_SECTOR_CONFIRM_TRAIL,2026-04-10,2026-04-10T10:00:00+05:30,CE,9411.18,ORDINARY_SECTOR_CONFIRM,MODELED_LIMIT_MISS,"[{""contract"": ""NSE_FO|54812|13-04-2026"", ""status"": ""UNAFFORDABLE_OR_PAST_CAPACITY""}, {""contract"": ""NSE_FO|54816|13-04-2026"", ""status"": ""ORDER_CREATED""}]",NSE_FO|54816|13-04-2026,24050.0,65,65,130.05,,,,,,,,,
earlier,ORDINARY_SECTOR_CONFIRM_TRAIL,2026-04-15,2026-04-15T10:15:00+05:30,CE,9411.18,ORDINARY_SECTOR_CONFIRM,NO_AFFORDABLE_LIQUID_CONTRACT,"[{""contract"": ""NSE_FO|63428|21-04-2026"", ""status"": ""UNAFFORDABLE_OR_PAST_CAPACITY""}, {""contract"": ""NSE_FO|63430|21-04-2026"", ""status"": ""UNAFFORDABLE_OR_PAST_CAPACITY""}, {""contract"": ""NSE_FO|63434|21-04-2026"", ""status"": ""UNAFFORDABLE_OR_PAST_CAPACITY""}, {""contract"": ""NSE_FO|63436|21-04-2026"", ""status"": ""UNAFFORDABLE_OR_PAST_CAPACITY""}]",,,,,,,,,,,,,,
earlier,ORDINARY_SECTOR_CONFIRM_TRAIL,2026-04-16,2026-04-16T10:00:00+05:30,PE,9411.18,ORDINARY_SECTOR_CONFIRM,NO_AFFORDABLE_LIQUID_CONTRACT,"[{""contract"": ""NSE_FO|63429|21-04-2026"", ""status"": ""UNAFFORDABLE_OR_PAST_CAPACITY""}, {""contract"": ""NSE_FO|63427|21-04-2026"", ""status"": ""UNAFFORDABLE_OR_PAST_CAPACITY""}, {""contract"": ""NSE_FO|63425|21-04-2026"", ""status"": ""UNAFFORDABLE_OR_PAST_CAPACITY""}, {""contract"": ""NSE_FO|63423|21-04-2026"", ""status"": ""UNAFFORDABLE_OR_PAST_CAPACITY""}]",,,,,,,,,,,,,,
earlier,ORDINARY_SECTOR_CONFIRM_TRAIL,2026-04-17,2026-04-17T10:00:00+05:30,CE,9411.18,ORDINARY_SECTOR_CONFIRM,MODELED_EXIT,"[{""contract"": ""NSE_FO|63428|21-04-2026"", ""status"": ""UNAFFORDABLE_OR_PAST_CAPACITY""}, {""contract"": ""NSE_FO|63430|21-04-2026"", ""status"": ""UNAFFORDABLE_OR_PAST_CAPACITY""}, {""contract"": ""NSE_FO|63434|21-04-2026"", ""status"": ""ORDER_CREATED""}]",NSE_FO|63434|21-04-2026,24350.0,65,65,116.25,114.85,2026-04-17T10:01:00+05:30,159.10,2026-04-17T15:25:00+05:30,TIMED_CLOSE,2804.50,71.75,12215.68,1.385285154549412276882890727
earlier,ORDINARY_SECTOR_CONFIRM_TRAIL,2026-04-20,2026-04-20T10:05:00+05:30,CE,12215.68,ORDINARY_SECTOR_CONFIRM,MODELED_EXIT,"[{""contract"": ""NSE_FO|63434|21-04-2026"", ""status"": ""ORDER_CREATED""}]",NSE_FO|63434|21-04-2026,24350.0,65,65,141.60,137.5,2026-04-20T10:06:00+05:30,102.85,2026-04-20T15:19:00+05:30,STOP,-2318.07,65.82,9897.61,0.748
earlier,ORDINARY_SECTOR_CONFIRM_TRAIL,2026-04-22,2026-04-22T10:00:00+05:30,PE,9897.61,ORDINARY_SECTOR_CONFIRM,NO_AFFORDABLE_LIQUID_CONTRACT,"[{""contract"": ""NSE_FO|72322|28-04-2026"", ""status"": ""UNAFFORDABLE_OR_PAST_CAPACITY""}, {""contract"": ""NSE_FO|72316|28-04-2026"", ""status"": ""UNAFFORDABLE_OR_PAST_CAPACITY""}, {""contract"": ""NSE_FO|72311|28-04-2026"", ""status"": ""UNAFFORDABLE_OR_PAST_CAPACITY""}, {""contract"": ""NSE_FO|72278|28-04-2026"", ""status"": ""UNAFFORDABLE_OR_PAST_CAPACITY""}]",,,,,,,,,,,,,,
earlier,ORDINARY_SECTOR_CONFIRM_TRAIL,2026-04-23,2026-04-23T10:00:00+05:30,CE,9897.61,ORDINARY_SECTOR_CONFIRM,MODELED_EXIT,"[{""contract"": ""NSE_FO|72279|28-04-2026"", ""status"": ""UNAFFORDABLE_OR_PAST_CAPACITY""}, {""contract"": ""NSE_FO|72312|28-04-2026"", ""status"": ""UNAFFORDABLE_OR_PAST_CAPACITY""}, {""contract"": ""NSE_FO|72317|28-04-2026"", ""status"": ""UNAFFORDABLE_OR_PAST_CAPACITY""}, {""contract"": ""NSE_FO|72323|28-04-2026"", ""status"": ""ORDER_CREATED""}]",NSE_FO|72323|28-04-2026,24450.0,65,65,131.70,124.30,2026-04-23T10:01:00+05:30,74.70,2026-04-23T15:25:00+05:30,TIMED_CLOSE,-3285.70,61.70,6611.91,0.6009654062751407884151246983
earlier,ORDINARY_SECTOR_CONFIRM_TRAIL,2026-04-24,2026-04-24T10:00:00+05:30,PE,6611.91,ORDINARY_SECTOR_CONFIRM,NO_AFFORDABLE_LIQUID_CONTRACT,"[{""contract"": ""NSE_FO|72262|28-04-2026"", ""status"": ""UNAFFORDABLE_OR_PAST_CAPACITY""}, {""contract"": ""NSE_FO|72260|28-04-2026"", ""status"": ""UNAFFORDABLE_OR_PAST_CAPACITY""}, {""contract"": ""NSE_FO|72258|28-04-2026"", ""status"": ""UNAFFORDABLE_OR_PAST_CAPACITY""}, {""contract"": ""NSE_FO|72256|28-04-2026"", ""status"": ""UNAFFORDABLE_OR_PAST_CAPACITY""}]",,,,,,,,,,,,,,
earlier,ORDINARY_SECTOR_CONFIRM_TRAIL,2026-04-27,2026-04-27T11:10:00+05:30,PE,6611.91,ORDINARY_SECTOR_CONFIRM,MODELED_EXIT,"[{""contract"": ""NSE_FO|72266|28-04-2026"", ""status"": ""UNAFFORDABLE_OR_PAST_CAPACITY""}, {""contract"": ""NSE_FO|72264|28-04-2026"", ""status"": ""ORDER_CREATED""}]",NSE_FO|72264|28-04-2026,24000.0,65,65,88.90,81.40,2026-04-27T11:11:00+05:30,54.65,2026-04-27T13:10:00+05:30,STOP,-1796.73,57.98,4815.18,0.6713759213759213759213759214
earlier,ORDINARY_SECTOR_CONFIRM_TRAIL,2026-04-29,2026-04-29T10:00:00+05:30,CE,4815.18,ORDINARY_SECTOR_CONFIRM,NO_AFFORDABLE_LIQUID_CONTRACT,"[{""contract"": ""NSE_FO|74165|05-05-2026"", ""status"": ""UNAFFORDABLE_OR_PAST_CAPACITY""}, {""contract"": ""NSE_FO|74167|05-05-2026"", ""status"": ""UNAFFORDABLE_OR_PAST_CAPACITY""}, {""contract"": ""NSE_FO|74169|05-05-2026"", ""status"": ""UNAFFORDABLE_OR_PAST_CAPACITY""}, {""contract"": ""NSE_FO|74171|05-05-2026"", ""status"": ""UNAFFORDABLE_OR_PAST_CAPACITY""}]",,,,,,,,,,,,,,
earlier,ORDINARY_SECTOR_CONFIRM_TRAIL,2026-04-30,2026-04-30T10:10:00+05:30,PE,4815.18,ORDINARY_SECTOR_CONFIRM,NO_AFFORDABLE_LIQUID_CONTRACT,"[{""contract"": ""NSE_FO|74132|05-05-2026"", ""status"": ""UNAFFORDABLE_OR_PAST_CAPACITY""}, {""contract"": ""NSE_FO|74130|05-05-2026"", ""status"": ""UNAFFORDABLE_OR_PAST_CAPACITY""}, {""contract"": ""NSE_FO|74128|05-05-2026"", ""status"": ""UNAFFORDABLE_OR_PAST_CAPACITY""}, {""contract"": ""NSE_FO|74122|05-05-2026"", ""status"": ""UNAFFORDABLE_OR_PAST_CAPACITY""}]",,,,,,,,,,,,,,
earlier,ORDINARY_SECTOR_CONFIRM_TRAIL,2026-05-04,2026-05-04T10:00:00+05:30,PE,4815.18,ORDINARY_SECTOR_CONFIRM,MODELED_EXIT,"[{""contract"": ""NSE_FO|74170|05-05-2026"", ""status"": ""UNAFFORDABLE_OR_PAST_CAPACITY""}, {""contract"": ""NSE_FO|74168|05-05-2026"", ""status"": ""UNAFFORDABLE_OR_PAST_CAPACITY""}, {""contract"": ""NSE_FO|74166|05-05-2026"", ""status"": ""ORDER_CREATED""}]",NSE_FO|74166|05-05-2026,24150.0,65,65,68.60,65.10,2026-05-04T10:01:00+05:30,57.40,2026-05-04T11:49:00+05:30,STOP,-558.11,57.61,4257.07,0.8817204301075268817204301075
earlier,ORDINARY_SECTOR_CONFIRM_TRAIL,2026-05-06,2026-05-06T10:20:00+05:30,CE,4257.07,ORDINARY_SECTOR_CONFIRM,NO_AFFORDABLE_LIQUID_CONTRACT,"[{""contract"": ""NSE_FO|41760|12-05-2026"", ""status"": ""UNAFFORDABLE_OR_PAST_CAPACITY""}, {""contract"": ""NSE_FO|41762|12-05-2026"", ""status"": ""UNAFFORDABLE_OR_PAST_CAPACITY""}, {""contract"": ""NSE_FO|41774|12-05-2026"", ""status"": ""UNAFFORDABLE_OR_PAST_CAPACITY""}, {""contract"": ""NSE_FO|41778|12-05-2026"", ""status"": ""UNAFFORDABLE_OR_PAST_CAPACITY""}]",,,,,,,,,,,,,,
earlier,ORDINARY_SECTOR_CONFIRM_TRAIL,2026-05-07,2026-05-07T10:00:00+05:30,PE,4257.07,ORDINARY_SECTOR_CONFIRM,NO_AFFORDABLE_LIQUID_CONTRACT,"[{""contract"": ""NSE_FO|41785|12-05-2026"", ""status"": ""UNAFFORDABLE_OR_PAST_CAPACITY""}, {""contract"": ""NSE_FO|41779|12-05-2026"", ""status"": ""UNAFFORDABLE_OR_PAST_CAPACITY""}, {""contract"": ""NSE_FO|41777|12-05-2026"", ""status"": ""UNAFFORDABLE_OR_PAST_CAPACITY""}, {""contract"": ""NSE_FO|41763|12-05-2026"", ""status"": ""UNAFFORDABLE_OR_PAST_CAPACITY""}]",,,,,,,,,,,,,,
earlier,ORDINARY_SECTOR_CONFIRM_TRAIL,2026-05-08,2026-05-08T10:00:00+05:30,CE,4257.07,ORDINARY_SECTOR_CONFIRM,NO_AFFORDABLE_LIQUID_CONTRACT,"[{""contract"": ""NSE_FO|41762|12-05-2026"", ""status"": ""UNAFFORDABLE_OR_PAST_CAPACITY""}, {""contract"": ""NSE_FO|41774|12-05-2026"", ""status"": ""UNAFFORDABLE_OR_PAST_CAPACITY""}, {""contract"": ""NSE_FO|41778|12-05-2026"", ""status"": ""UNAFFORDABLE_OR_PAST_CAPACITY""}, {""contract"": ""NSE_FO|41784|12-05-2026"", ""status"": ""UNAFFORDABLE_OR_PAST_CAPACITY""}]",,,,,,,,,,,,,,
earlier,ORDINARY_SECTOR_CONFIRM_TRAIL,2026-05-11,2026-05-11T10:20:00+05:30,PE,4257.07,ORDINARY_SECTOR_CONFIRM,MODELED_EXIT,"[{""contract"": ""NSE_FO|41745|12-05-2026"", ""status"": ""UNAFFORDABLE_OR_PAST_CAPACITY""}, {""contract"": ""NSE_FO|41743|12-05-2026"", ""status"": ""UNAFFORDABLE_OR_PAST_CAPACITY""}, {""contract"": ""NSE_FO|41741|12-05-2026"", ""status"": ""UNAFFORDABLE_OR_PAST_CAPACITY""}, {""contract"": ""NSE_FO|41739|12-05-2026"", ""status"": ""ORDER_CREATED""}]",NSE_FO|41739|12-05-2026,23700.0,65,65,58.30,54.5,2026-05-11T10:21:00+05:30,26.05,2026-05-11T11:42:00+05:30,STOP,-1902.72,53.47,2354.35,0.4779816513761467889908256881
earlier,ORDINARY_SECTOR_CONFIRM_TRAIL,2026-05-13,2026-05-13T10:00:00+05:30,CE,2354.35,ORDINARY_SECTOR_CONFIRM,NO_AFFORDABLE_LIQUID_CONTRACT,"[{""contract"": ""NSE_FO|51346|19-05-2026"", ""status"": ""UNAFFORDABLE_OR_PAST_CAPACITY""}, {""contract"": ""NSE_FO|51348|19-05-2026"", ""status"": ""UNAFFORDABLE_OR_PAST_CAPACITY""}, {""contract"": ""NSE_FO|51352|19-05-2026"", ""status"": ""UNAFFORDABLE_OR_PAST_CAPACITY""}, {""contract"": ""NSE_FO|51354|19-05-2026"", ""status"": ""UNAFFORDABLE_OR_PAST_CAPACITY""}]",,,,,,,,,,,,,,
earlier,ORDINARY_SECTOR_CONFIRM_TRAIL,2026-05-14,2026-05-14T10:00:00+05:30,PE,2354.35,ORDINARY_SECTOR_CONFIRM,NO_AFFORDABLE_LIQUID_CONTRACT,"[{""contract"": ""NSE_FO|51353|19-05-2026"", ""status"": ""UNAFFORDABLE_OR_PAST_CAPACITY""}, {""contract"": ""NSE_FO|51349|19-05-2026"", ""status"": ""UNAFFORDABLE_OR_PAST_CAPACITY""}, {""contract"": ""NSE_FO|51347|19-05-2026"", ""status"": ""UNAFFORDABLE_OR_PAST_CAPACITY""}, {""contract"": ""NSE_FO|51325|19-05-2026"", ""status"": ""UNAFFORDABLE_OR_PAST_CAPACITY""}]",,,,,,,,,,,,,,
earlier,ORDINARY_SECTOR_CONFIRM_TRAIL,2026-05-15,2026-05-15T10:10:00+05:30,PE,2354.35,ORDINARY_SECTOR_CONFIRM,NO_AFFORDABLE_LIQUID_CONTRACT,"[{""contract"": ""NSE_FO|51375|19-05-2026"", ""status"": ""UNAFFORDABLE_OR_PAST_CAPACITY""}, {""contract"": ""NSE_FO|51371|19-05-2026"", ""status"": ""UNAFFORDABLE_OR_PAST_CAPACITY""}, {""contract"": ""NSE_FO|51367|19-05-2026"", ""status"": ""UNAFFORDABLE_OR_PAST_CAPACITY""}, {""contract"": ""NSE_FO|51365|19-05-2026"", ""status"": ""UNAFFORDABLE_OR_PAST_CAPACITY""}]",,,,,,,,,,,,,,
earlier,ORDINARY_SECTOR_CONFIRM_TRAIL,2026-05-18,2026-05-18T10:20:00+05:30,CE,2354.35,ORDINARY_SECTOR_CONFIRM,NO_AFFORDABLE_LIQUID_CONTRACT,"[{""contract"": ""NSE_FO|51348|19-05-2026"", ""status"": ""UNAFFORDABLE_OR_PAST_CAPACITY""}, {""contract"": ""NSE_FO|51352|19-05-2026"", ""status"": ""UNAFFORDABLE_OR_PAST_CAPACITY""}, {""contract"": ""NSE_FO|51354|19-05-2026"", ""status"": ""UNAFFORDABLE_OR_PAST_CAPACITY""}, {""contract"": ""NSE_FO|51356|19-05-2026"", ""status"": ""UNAFFORDABLE_OR_PAST_CAPACITY""}]",,,,,,,,,,,,,,
earlier,ORDINARY_SECTOR_CONFIRM_TRAIL,2026-05-20,2026-05-20T10:10:00+05:30,PE,2354.35,ORDINARY_SECTOR_CONFIRM,NO_AFFORDABLE_LIQUID_CONTRACT,"[{""contract"": ""NSE_FO|72068|26-05-2026"", ""status"": ""UNAFFORDABLE_OR_PAST_CAPACITY""}, {""contract"": ""NSE_FO|72020|26-05-2026"", ""status"": ""UNAFFORDABLE_OR_PAST_CAPACITY""}, {""contract"": ""NSE_FO|72016|26-05-2026"", ""status"": ""UNAFFORDABLE_OR_PAST_CAPACITY""}, {""contract"": ""NSE_FO|72014|26-05-2026"", ""status"": ""UNAFFORDABLE_OR_PAST_CAPACITY""}]",,,,,,,,,,,,,,
earlier,ORDINARY_SECTOR_CONFIRM_TRAIL,2026-05-21,2026-05-21T10:10:00+05:30,PE,2354.35,ORDINARY_SECTOR_CONFIRM,NO_AFFORDABLE_LIQUID_CONTRACT,"[{""contract"": ""NSE_FO|72170|26-05-2026"", ""status"": ""UNAFFORDABLE_OR_PAST_CAPACITY""}, {""contract"": ""NSE_FO|72168|26-05-2026"", ""status"": ""UNAFFORDABLE_OR_PAST_CAPACITY""}, {""contract"": ""NSE_FO|72166|26-05-2026"", ""status"": ""UNAFFORDABLE_OR_PAST_CAPACITY""}, {""contract"": ""NSE_FO|72147|26-05-2026"", ""status"": ""UNAFFORDABLE_OR_PAST_CAPACITY""}]",,,,,,,,,,,,,,
earlier,ORDINARY_SECTOR_CONFIRM_TRAIL,2026-05-22,2026-05-22T10:05:00+05:30,CE,2354.35,ORDINARY_SECTOR_CONFIRM,NO_AFFORDABLE_LIQUID_CONTRACT,"[{""contract"": ""NSE_FO|72169|26-05-2026"", ""status"": ""UNAFFORDABLE_OR_PAST_CAPACITY""}, {""contract"": ""NSE_FO|72171|26-05-2026"", ""status"": ""UNAFFORDABLE_OR_PAST_CAPACITY""}, {""contract"": ""NSE_FO|72173|26-05-2026"", ""status"": ""UNAFFORDABLE_OR_PAST_CAPACITY""}, {""contract"": ""NSE_FO|72175|26-05-2026"", ""status"": ""UNAFFORDABLE_OR_PAST_CAPACITY""}]",,,,,,,,,,,,,,
earlier,ORDINARY_SECTOR_CONFIRM_TRAIL,2026-05-25,2026-05-25T10:20:00+05:30,CE,2354.35,ORDINARY_SECTOR_CONFIRM,NO_AFFORDABLE_LIQUID_CONTRACT,"[{""contract"": ""NSE_FO|72177|26-05-2026"", ""status"": ""UNAFFORDABLE_OR_PAST_CAPACITY""}, {""contract"": ""NSE_FO|72179|26-05-2026"", ""status"": ""UNAFFORDABLE_OR_PAST_CAPACITY""}, {""contract"": ""NSE_FO|72181|26-05-2026"", ""status"": ""UNAFFORDABLE_OR_PAST_CAPACITY""}, {""contract"": ""NSE_FO|72183|26-05-2026"", ""status"": ""UNAFFORDABLE_OR_PAST_CAPACITY""}]",,,,,,,,,,,,,,
earlier,ORDINARY_SECTOR_CONFIRM_TRAIL,2026-05-27,2026-05-27T10:00:00+05:30,PE,2354.35,ORDINARY_SECTOR_CONFIRM,NO_AFFORDABLE_LIQUID_CONTRACT,"[{""contract"": ""NSE_FO|57045|02-06-2026"", ""status"": ""UNAFFORDABLE_OR_PAST_CAPACITY""}, {""contract"": ""NSE_FO|57043|02-06-2026"", ""status"": ""UNAFFORDABLE_OR_PAST_CAPACITY""}, {""contract"": ""NSE_FO|57041|02-06-2026"", ""status"": ""UNAFFORDABLE_OR_PAST_CAPACITY""}, {""contract"": ""NSE_FO|57039|02-06-2026"", ""status"": ""UNAFFORDABLE_OR_PAST_CAPACITY""}]",,,,,,,,,,,,,,
earlier,ORDINARY_SECTOR_CONFIRM_TRAIL,2026-05-29,2026-05-29T10:00:00+05:30,CE,2354.35,ORDINARY_SECTOR_CONFIRM,NO_AFFORDABLE_LIQUID_CONTRACT,"[{""contract"": ""NSE_FO|57046|02-06-2026"", ""status"": ""UNAFFORDABLE_OR_PAST_CAPACITY""}, {""contract"": ""NSE_FO|57048|02-06-2026"", ""status"": ""UNAFFORDABLE_OR_PAST_CAPACITY""}, {""contract"": ""NSE_FO|57050|02-06-2026"", ""status"": ""UNAFFORDABLE_OR_PAST_CAPACITY""}, {""contract"": ""NSE_FO|57052|02-06-2026"", ""status"": ""UNAFFORDABLE_OR_PAST_CAPACITY""}]",,,,,,,,,,,,,,
earlier,ORDINARY_SECTOR_CONFIRM_TRAIL,2026-06-01,2026-06-01T10:05:00+05:30,PE,2354.35,ORDINARY_SECTOR_CONFIRM,NO_AFFORDABLE_LIQUID_CONTRACT,"[{""contract"": ""NSE_FO|57033|02-06-2026"", ""status"": ""UNAFFORDABLE_OR_PAST_CAPACITY""}, {""contract"": ""NSE_FO|57031|02-06-2026"", ""status"": ""UNAFFORDABLE_OR_PAST_CAPACITY""}, {""contract"": ""NSE_FO|57029|02-06-2026"", ""status"": ""UNAFFORDABLE_OR_PAST_CAPACITY""}, {""contract"": ""NSE_FO|57027|02-06-2026"", ""status"": ""UNAFFORDABLE_OR_PAST_CAPACITY""}]",,,,,,,,,,,,,,
earlier,ORDINARY_SECTOR_CONFIRM_TRAIL,2026-06-03,2026-06-03T10:50:00+05:30,CE,2354.35,ORDINARY_SECTOR_CONFIRM,NO_AFFORDABLE_LIQUID_CONTRACT,"[{""contract"": ""NSE_FO|42286|09-06-2026"", ""status"": ""UNAFFORDABLE_OR_PAST_CAPACITY""}, {""contract"": ""NSE_FO|42288|09-06-2026"", ""status"": ""UNAFFORDABLE_OR_PAST_CAPACITY""}, {""contract"": ""NSE_FO|42290|09-06-2026"", ""status"": ""UNAFFORDABLE_OR_PAST_CAPACITY""}, {""contract"": ""NSE_FO|42295|09-06-2026"", ""status"": ""UNAFFORDABLE_OR_PAST_CAPACITY""}]",,,,,,,,,,,,,,
earlier,ORDINARY_SECTOR_CONFIRM_TRAIL,2026-06-04,2026-06-04T10:00:00+05:30,CE,2354.35,ORDINARY_SECTOR_CONFIRM,NO_AFFORDABLE_LIQUID_CONTRACT,"[{""contract"": ""NSE_FO|42295|09-06-2026"", ""status"": ""UNAFFORDABLE_OR_PAST_CAPACITY""}, {""contract"": ""NSE_FO|42297|09-06-2026"", ""status"": ""UNAFFORDABLE_OR_PAST_CAPACITY""}, {""contract"": ""NSE_FO|42300|09-06-2026"", ""status"": ""UNAFFORDABLE_OR_PAST_CAPACITY""}, {""contract"": ""NSE_FO|42302|09-06-2026"", ""status"": ""UNAFFORDABLE_OR_PAST_CAPACITY""}]",,,,,,,,,,,,,,
earlier,ORDINARY_SECTOR_CONFIRM_TRAIL,2026-06-05,2026-06-05T10:35:00+05:30,PE,2354.35,ORDINARY_SECTOR_CONFIRM,NO_AFFORDABLE_LIQUID_CONTRACT,"[{""contract"": ""NSE_FO|42299|09-06-2026"", ""status"": ""UNAFFORDABLE_OR_PAST_CAPACITY""}, {""contract"": ""NSE_FO|42296|09-06-2026"", ""status"": ""UNAFFORDABLE_OR_PAST_CAPACITY""}, {""contract"": ""NSE_FO|42293|09-06-2026"", ""status"": ""UNAFFORDABLE_OR_PAST_CAPACITY""}, {""contract"": ""NSE_FO|42289|09-06-2026"", ""status"": ""UNAFFORDABLE_OR_PAST_CAPACITY""}]",,,,,,,,,,,,,,
earlier,ORDINARY_SECTOR_CONFIRM_TRAIL,2026-06-08,2026-06-08T10:40:00+05:30,CE,2354.35,ORDINARY_SECTOR_CONFIRM,NO_AFFORDABLE_LIQUID_CONTRACT,"[{""contract"": ""NSE_FO|42284|09-06-2026"", ""status"": ""UNAFFORDABLE_OR_PAST_CAPACITY""}, {""contract"": ""NSE_FO|42286|09-06-2026"", ""status"": ""UNAFFORDABLE_OR_PAST_CAPACITY""}, {""contract"": ""NSE_FO|42288|09-06-2026"", ""status"": ""UNAFFORDABLE_OR_PAST_CAPACITY""}, {""contract"": ""NSE_FO|42290|09-06-2026"", ""status"": ""UNAFFORDABLE_OR_PAST_CAPACITY""}]",,,,,,,,,,,,,,
earlier,ORDINARY_SECTOR_CONFIRM_TRAIL,2026-06-10,2026-06-10T10:05:00+05:30,PE,2354.35,ORDINARY_SECTOR_CONFIRM,NO_AFFORDABLE_LIQUID_CONTRACT,"[{""contract"": ""NSE_FO|50573|16-06-2026"", ""status"": ""UNAFFORDABLE_OR_PAST_CAPACITY""}, {""contract"": ""NSE_FO|50571|16-06-2026"", ""status"": ""UNAFFORDABLE_OR_PAST_CAPACITY""}, {""contract"": ""NSE_FO|50569|16-06-2026"", ""status"": ""UNAFFORDABLE_OR_PAST_CAPACITY""}, {""contract"": ""NSE_FO|50566|16-06-2026"", ""status"": ""UNAFFORDABLE_OR_PAST_CAPACITY""}]",,,,,,,,,,,,,,
earlier,ORDINARY_SECTOR_CONFIRM_TRAIL,2026-06-11,2026-06-11T10:00:00+05:30,PE,2354.35,ORDINARY_SECTOR_CONFIRM,NO_AFFORDABLE_LIQUID_CONTRACT,"[{""contract"": ""NSE_FO|50562|16-06-2026"", ""status"": ""UNAFFORDABLE_OR_PAST_CAPACITY""}, {""contract"": ""NSE_FO|50553|16-06-2026"", ""status"": ""UNAFFORDABLE_OR_PAST_CAPACITY""}, {""contract"": ""NSE_FO|50550|16-06-2026"", ""status"": ""UNAFFORDABLE_OR_PAST_CAPACITY""}, {""contract"": ""NSE_FO|50543|16-06-2026"", ""status"": ""UNAFFORDABLE_OR_PAST_CAPACITY""}]",,,,,,,,,,,,,,
earlier,ORDINARY_SECTOR_CONFIRM_TRAIL,2026-06-12,2026-06-12T10:05:00+05:30,PE,2354.35,ORDINARY_SECTOR_CONFIRM,NO_AFFORDABLE_LIQUID_CONTRACT,"[{""contract"": ""NSE_FO|50573|16-06-2026"", ""status"": ""UNAFFORDABLE_OR_PAST_CAPACITY""}, {""contract"": ""NSE_FO|50571|16-06-2026"", ""status"": ""UNAFFORDABLE_OR_PAST_CAPACITY""}, {""contract"": ""NSE_FO|50569|16-06-2026"", ""status"": ""UNAFFORDABLE_OR_PAST_CAPACITY""}, {""contract"": ""NSE_FO|50566|16-06-2026"", ""status"": ""UNAFFORDABLE_OR_PAST_CAPACITY""}]",,,,,,,,,,,,,,
earlier,ORDINARY_SECTOR_CONFIRM_TRAIL,2026-06-15,2026-06-15T10:35:00+05:30,CE,2354.35,ORDINARY_SECTOR_CONFIRM,NO_AFFORDABLE_LIQUID_CONTRACT,"[{""contract"": ""NSE_FO|50613|16-06-2026"", ""status"": ""UNAFFORDABLE_OR_PAST_CAPACITY""}, {""contract"": ""NSE_FO|50615|16-06-2026"", ""status"": ""UNAFFORDABLE_OR_PAST_CAPACITY""}, {""contract"": ""NSE_FO|50617|16-06-2026"", ""status"": ""UNAFFORDABLE_OR_PAST_CAPACITY""}, {""contract"": ""NSE_FO|50619|16-06-2026"", ""status"": ""UNAFFORDABLE_OR_PAST_CAPACITY""}]",,,,,,,,,,,,,,
earlier,ORDINARY_SECTOR_CONFIRM_TRAIL,2026-06-17,2026-06-17T15:05:00+05:30,CE,2354.35,ORDINARY_SECTOR_CONFIRM,NO_AFFORDABLE_LIQUID_CONTRACT,"[{""contract"": ""NSE_FO|56376|23-06-2026"", ""status"": ""UNAFFORDABLE_OR_PAST_CAPACITY""}, {""contract"": ""NSE_FO|56380|23-06-2026"", ""status"": ""UNAFFORDABLE_OR_PAST_CAPACITY""}, {""contract"": ""NSE_FO|56382|23-06-2026"", ""status"": ""UNAFFORDABLE_OR_PAST_CAPACITY""}, {""contract"": ""NSE_FO|56384|23-06-2026"", ""status"": ""UNAFFORDABLE_OR_PAST_CAPACITY""}]",,,,,,,,,,,,,,
earlier,ORDINARY_SECTOR_CONFIRM_TRAIL,2026-06-18,2026-06-18T10:45:00+05:30,PE,2354.35,ORDINARY_SECTOR_CONFIRM,NO_AFFORDABLE_LIQUID_CONTRACT,"[{""contract"": ""NSE_FO|56377|23-06-2026"", ""status"": ""UNAFFORDABLE_OR_PAST_CAPACITY""}, {""contract"": ""NSE_FO|56375|23-06-2026"", ""status"": ""UNAFFORDABLE_OR_PAST_CAPACITY""}, {""contract"": ""NSE_FO|56373|23-06-2026"", ""status"": ""UNAFFORDABLE_OR_PAST_CAPACITY""}, {""contract"": ""NSE_FO|56371|23-06-2026"", ""status"": ""UNAFFORDABLE_OR_PAST_CAPACITY""}]",,,,,,,,,,,,,,
earlier,ORDINARY_SECTOR_CONFIRM_TRAIL,2026-06-19,2026-06-19T10:30:00+05:30,PE,2354.35,ORDINARY_SECTOR_CONFIRM,NO_AFFORDABLE_LIQUID_CONTRACT,"[{""contract"": ""NSE_FO|56371|23-06-2026"", ""status"": ""UNAFFORDABLE_OR_PAST_CAPACITY""}, {""contract"": ""NSE_FO|56359|23-06-2026"", ""status"": ""UNAFFORDABLE_OR_PAST_CAPACITY""}, {""contract"": ""NSE_FO|56357|23-06-2026"", ""status"": ""UNAFFORDABLE_OR_PAST_CAPACITY""}, {""contract"": ""NSE_FO|56355|23-06-2026"", ""status"": ""UNAFFORDABLE_OR_PAST_CAPACITY""}]",,,,,,,,,,,,,,
earlier,ORDINARY_CHAIN_UNWIND_TARGET,2026-04-01,2026-04-01T13:45:00+05:30,PE,9411.18,ORDINARY_CHAIN_UNWIND,NO_AFFORDABLE_LIQUID_CONTRACT,"[{""contract"": ""NSE_FO|40745|07-04-2026"", ""status"": ""UNAFFORDABLE_OR_PAST_CAPACITY""}, {""contract"": ""NSE_FO|40741|07-04-2026"", ""status"": ""UNAFFORDABLE_OR_PAST_CAPACITY""}, {""contract"": ""NSE_FO|40739|07-04-2026"", ""status"": ""UNAFFORDABLE_OR_PAST_CAPACITY""}, {""contract"": ""NSE_FO|40737|07-04-2026"", ""status"": ""UNAFFORDABLE_OR_PAST_CAPACITY""}]",,,,,,,,,,,,,,
earlier,ORDINARY_CHAIN_UNWIND_TARGET,2026-04-06,2026-04-06T13:15:00+05:30,CE,9411.18,ORDINARY_CHAIN_UNWIND,NO_AFFORDABLE_LIQUID_CONTRACT,"[{""contract"": ""NSE_FO|40754|07-04-2026"", ""status"": ""UNAFFORDABLE_OR_PAST_CAPACITY""}, {""contract"": ""NSE_FO|40761|07-04-2026"", ""status"": ""UNAFFORDABLE_OR_PAST_CAPACITY""}, {""contract"": ""NSE_FO|40770|07-04-2026"", ""status"": ""UNAFFORDABLE_OR_PAST_CAPACITY""}, {""contract"": ""NSE_FO|40772|07-04-2026"", ""status"": ""UNAFFORDABLE_OR_PAST_CAPACITY""}]",,,,,,,,,,,,,,
earlier,ORDINARY_CHAIN_UNWIND_TARGET,2026-04-27,2026-04-27T10:35:00+05:30,PE,9411.18,ORDINARY_CHAIN_UNWIND,MODELED_EXIT,"[{""contract"": ""NSE_FO|72264|28-04-2026"", ""status"": ""ORDER_CREATED""}]",NSE_FO|72264|28-04-2026,24000.0,65,65,97.60,96.65,2026-04-27T10:36:00+05:30,46.85,2026-04-27T13:17:00+05:30,STOP,-3294.18,57.18,6117.00,0.4847387480600103466114847387
earlier,ORDINARY_CHAIN_UNWIND_TARGET,2026-05-06,2026-05-06T14:25:00+05:30,CE,6117.00,ORDINARY_CHAIN_UNWIND,NO_AFFORDABLE_LIQUID_CONTRACT,"[{""contract"": ""NSE_FO|41774|12-05-2026"", ""status"": ""UNAFFORDABLE_OR_PAST_CAPACITY""}, {""contract"": ""NSE_FO|41778|12-05-2026"", ""status"": ""UNAFFORDABLE_OR_PAST_CAPACITY""}, {""contract"": ""NSE_FO|41784|12-05-2026"", ""status"": ""UNAFFORDABLE_OR_PAST_CAPACITY""}, {""contract"": ""NSE_FO|41788|12-05-2026"", ""status"": ""UNAFFORDABLE_OR_PAST_CAPACITY""}]",,,,,,,,,,,,,,
earlier,ORDINARY_CHAIN_UNWIND_TARGET,2026-05-11,2026-05-11T15:05:00+05:30,PE,6117.00,ORDINARY_CHAIN_UNWIND,MODELED_LIMIT_MISS,"[{""contract"": ""NSE_FO|41745|12-05-2026"", ""status"": ""UNAFFORDABLE_OR_PAST_CAPACITY""}, {""contract"": ""NSE_FO|41743|12-05-2026"", ""status"": ""ORDER_CREATED""}]",NSE_FO|41743|12-05-2026,23800.0,65,65,77.10,,,,,,,,,
earlier,ORDINARY_CHAIN_UNWIND_TARGET,2026-05-14,2026-05-14T11:45:00+05:30,CE,6117.00,ORDINARY_CHAIN_UNWIND,NO_AFFORDABLE_LIQUID_CONTRACT,"[{""contract"": ""NSE_FO|51364|19-05-2026"", ""status"": ""UNAFFORDABLE_OR_PAST_CAPACITY""}, {""contract"": ""NSE_FO|51366|19-05-2026"", ""status"": ""UNAFFORDABLE_OR_PAST_CAPACITY""}, {""contract"": ""NSE_FO|51370|19-05-2026"", ""status"": ""UNAFFORDABLE_OR_PAST_CAPACITY""}, {""contract"": ""NSE_FO|51374|19-05-2026"", ""status"": ""UNAFFORDABLE_OR_PAST_CAPACITY""}]",,,,,,,,,,,,,,
earlier,ORDINARY_CHAIN_UNWIND_TARGET,2026-05-15,2026-05-15T13:50:00+05:30,PE,6117.00,ORDINARY_CHAIN_UNWIND,NO_AFFORDABLE_LIQUID_CONTRACT,"[{""contract"": ""NSE_FO|51367|19-05-2026"", ""status"": ""UNAFFORDABLE_OR_PAST_CAPACITY""}, {""contract"": ""NSE_FO|51365|19-05-2026"", ""status"": ""UNAFFORDABLE_OR_PAST_CAPACITY""}, {""contract"": ""NSE_FO|51359|19-05-2026"", ""status"": ""UNAFFORDABLE_OR_PAST_CAPACITY""}, {""contract"": ""NSE_FO|51357|19-05-2026"", ""status"": ""UNAFFORDABLE_OR_PAST_CAPACITY""}]",,,,,,,,,,,,,,
earlier,ORDINARY_CHAIN_UNWIND_TARGET,2026-05-18,2026-05-18T11:40:00+05:30,CE,6117.00,ORDINARY_CHAIN_UNWIND,MODELED_EXIT,"[{""contract"": ""NSE_FO|51356|19-05-2026"", ""status"": ""UNAFFORDABLE_OR_PAST_CAPACITY""}, {""contract"": ""NSE_FO|51358|19-05-2026"", ""status"": ""UNAFFORDABLE_OR_PAST_CAPACITY""}, {""contract"": ""NSE_FO|51364|19-05-2026"", ""status"": ""UNAFFORDABLE_OR_PAST_CAPACITY""}, {""contract"": ""NSE_FO|51366|19-05-2026"", ""status"": ""ORDER_CREATED""}]",NSE_FO|51366|19-05-2026,23700.0,65,65,71.80,60.75,2026-05-18T11:41:00+05:30,75.90,2026-05-18T15:25:00+05:30,TIMED_CLOSE,924.75,60.00,7041.75,1.249382716049382716049382716
earlier,ORDINARY_CHAIN_UNWIND_TARGET,2026-05-29,2026-05-29T12:15:00+05:30,PE,7041.75,ORDINARY_CHAIN_UNWIND,MODELED_LIMIT_MISS,"[{""contract"": ""NSE_FO|57045|02-06-2026"", ""status"": ""UNAFFORDABLE_OR_PAST_CAPACITY""}, {""contract"": ""NSE_FO|57043|02-06-2026"", ""status"": ""ORDER_CREATED""}]",NSE_FO|57043|02-06-2026,23800.0,65,65,102.00,,,,,,,,,
earlier,ORDINARY_CHAIN_UNWIND_TARGET,2026-06-01,2026-06-01T12:00:00+05:30,PE,7041.75,ORDINARY_CHAIN_UNWIND,MODELED_LIMIT_MISS,"[{""contract"": ""NSE_FO|57031|02-06-2026"", ""status"": ""ORDER_CREATED""}]",NSE_FO|57031|02-06-2026,23500.0,65,65,95.75,,,,,,,,,
earlier,ORDINARY_CHAIN_UNWIND_TARGET,2026-06-03,2026-06-03T12:35:00+05:30,CE,7041.75,ORDINARY_CHAIN_UNWIND,NO_AFFORDABLE_LIQUID_CONTRACT,"[{""contract"": ""NSE_FO|42288|09-06-2026"", ""status"": ""UNAFFORDABLE_OR_PAST_CAPACITY""}, {""contract"": ""NSE_FO|42290|09-06-2026"", ""status"": ""UNAFFORDABLE_OR_PAST_CAPACITY""}, {""contract"": ""NSE_FO|42295|09-06-2026"", ""status"": ""UNAFFORDABLE_OR_PAST_CAPACITY""}, {""contract"": ""NSE_FO|42297|09-06-2026"", ""status"": ""UNAFFORDABLE_OR_PAST_CAPACITY""}]",,,,,,,,,,,,,,
earlier,ORDINARY_CHAIN_UNWIND_TARGET,2026-06-05,2026-06-05T10:40:00+05:30,PE,7041.75,ORDINARY_CHAIN_UNWIND,MODELED_LIMIT_MISS,"[{""contract"": ""NSE_FO|42293|09-06-2026"", ""status"": ""UNAFFORDABLE_OR_PAST_CAPACITY""}, {""contract"": ""NSE_FO|42289|09-06-2026"", ""status"": ""UNAFFORDABLE_OR_PAST_CAPACITY""}, {""contract"": ""NSE_FO|42287|09-06-2026"", ""status"": ""ORDER_CREATED""}]",NSE_FO|42287|09-06-2026,23250.0,65,65,90.80,,,,,,,,,
earlier,ORDINARY_CHAIN_UNWIND_TARGET,2026-06-08,2026-06-08T10:35:00+05:30,CE,7041.75,ORDINARY_CHAIN_UNWIND,MODELED_EXIT,"[{""contract"": ""NSE_FO|42284|09-06-2026"", ""status"": ""UNAFFORDABLE_OR_PAST_CAPACITY""}, {""contract"": ""NSE_FO|42286|09-06-2026"", ""status"": ""UNAFFORDABLE_OR_PAST_CAPACITY""}, {""contract"": ""NSE_FO|42288|09-06-2026"", ""status"": ""ORDER_CREATED""}]",NSE_FO|42288|09-06-2026,23300.0,65,65,93.15,87.0,2026-06-08T10:36:00+05:30,41.40,2026-06-08T15:01:00+05:30,STOP,-3020.76,56.76,4020.99,0.4758620689655172413793103448
earlier,ORDINARY_CHAIN_UNWIND_TARGET,2026-06-12,2026-06-12T13:35:00+05:30,CE,4020.99,ORDINARY_CHAIN_UNWIND,NO_AFFORDABLE_LIQUID_CONTRACT,"[{""contract"": ""NSE_FO|50576|16-06-2026"", ""status"": ""UNAFFORDABLE_OR_PAST_CAPACITY""}, {""contract"": ""NSE_FO|50585|16-06-2026"", ""status"": ""UNAFFORDABLE_OR_PAST_CAPACITY""}, {""contract"": ""NSE_FO|50591|16-06-2026"", ""status"": ""UNAFFORDABLE_OR_PAST_CAPACITY""}, {""contract"": ""NSE_FO|50593|16-06-2026"", ""status"": ""UNAFFORDABLE_OR_PAST_CAPACITY""}]",,,,,,,,,,,,,,
earlier,ORDINARY_CHAIN_UNWIND_TARGET,2026-06-15,2026-06-15T12:20:00+05:30,PE,4020.99,ORDINARY_CHAIN_UNWIND,MODELED_EXIT,"[{""contract"": ""NSE_FO|50612|16-06-2026"", ""status"": ""UNAFFORDABLE_OR_PAST_CAPACITY""}, {""contract"": ""NSE_FO|50610|16-06-2026"", ""status"": ""UNAFFORDABLE_OR_PAST_CAPACITY""}, {""contract"": ""NSE_FO|50608|16-06-2026"", ""status"": ""ORDER_CREATED""}]",NSE_FO|50608|16-06-2026,23800.0,65,65,55.30,52.20,2026-06-15T12:21:00+05:30,46.90,2026-06-15T15:25:00+05:30,TIMED_CLOSE,-400.47,55.97,3620.52,0.8984674329501915708812260536
earlier,ORDINARY_CHAIN_UNWIND_TARGET,2026-06-18,2026-06-18T15:05:00+05:30,CE,3620.52,ORDINARY_CHAIN_UNWIND,NO_AFFORDABLE_LIQUID_CONTRACT,"[{""contract"": ""NSE_FO|56380|23-06-2026"", ""status"": ""UNAFFORDABLE_OR_PAST_CAPACITY""}, {""contract"": ""NSE_FO|56382|23-06-2026"", ""status"": ""UNAFFORDABLE_OR_PAST_CAPACITY""}, {""contract"": ""NSE_FO|56384|23-06-2026"", ""status"": ""UNAFFORDABLE_OR_PAST_CAPACITY""}, {""contract"": ""NSE_FO|56386|23-06-2026"", ""status"": ""UNAFFORDABLE_OR_PAST_CAPACITY""}]",,,,,,,,,,,,,,
earlier,ORDINARY_CHAIN_UNWIND_TARGET,2026-06-19,2026-06-19T15:00:00+05:30,PE,3620.52,ORDINARY_CHAIN_UNWIND,MODELED_EXIT,"[{""contract"": ""NSE_FO|56359|23-06-2026"", ""status"": ""UNAFFORDABLE_OR_PAST_CAPACITY""}, {""contract"": ""NSE_FO|56357|23-06-2026"", ""status"": ""UNAFFORDABLE_OR_PAST_CAPACITY""}, {""contract"": ""NSE_FO|56355|23-06-2026"", ""status"": ""UNAFFORDABLE_OR_PAST_CAPACITY""}, {""contract"": ""NSE_FO|56349|23-06-2026"", ""status"": ""ORDER_CREATED""}]",NSE_FO|56349|23-06-2026,23750.0,65,65,47.15,31.0,2026-06-19T15:01:00+05:30,16.35,2026-06-19T15:25:00+05:30,TIMED_CLOSE,-1003.81,51.56,2616.71,0.5274193548387096774193548387
earlier,ORDINARY_CHAIN_UNWIND_TRAIL,2026-04-01,2026-04-01T13:45:00+05:30,PE,9411.18,ORDINARY_CHAIN_UNWIND,NO_AFFORDABLE_LIQUID_CONTRACT,"[{""contract"": ""NSE_FO|40745|07-04-2026"", ""status"": ""UNAFFORDABLE_OR_PAST_CAPACITY""}, {""contract"": ""NSE_FO|40741|07-04-2026"", ""status"": ""UNAFFORDABLE_OR_PAST_CAPACITY""}, {""contract"": ""NSE_FO|40739|07-04-2026"", ""status"": ""UNAFFORDABLE_OR_PAST_CAPACITY""}, {""contract"": ""NSE_FO|40737|07-04-2026"", ""status"": ""UNAFFORDABLE_OR_PAST_CAPACITY""}]",,,,,,,,,,,,,,
earlier,ORDINARY_CHAIN_UNWIND_TRAIL,2026-04-06,2026-04-06T13:15:00+05:30,CE,9411.18,ORDINARY_CHAIN_UNWIND,NO_AFFORDABLE_LIQUID_CONTRACT,"[{""contract"": ""NSE_FO|40754|07-04-2026"", ""status"": ""UNAFFORDABLE_OR_PAST_CAPACITY""}, {""contract"": ""NSE_FO|40761|07-04-2026"", ""status"": ""UNAFFORDABLE_OR_PAST_CAPACITY""}, {""contract"": ""NSE_FO|40770|07-04-2026"", ""status"": ""UNAFFORDABLE_OR_PAST_CAPACITY""}, {""contract"": ""NSE_FO|40772|07-04-2026"", ""status"": ""UNAFFORDABLE_OR_PAST_CAPACITY""}]",,,,,,,,,,,,,,
earlier,ORDINARY_CHAIN_UNWIND_TRAIL,2026-04-27,2026-04-27T10:35:00+05:30,PE,9411.18,ORDINARY_CHAIN_UNWIND,MODELED_EXIT,"[{""contract"": ""NSE_FO|72264|28-04-2026"", ""status"": ""ORDER_CREATED""}]",NSE_FO|72264|28-04-2026,24000.0,65,65,97.60,96.65,2026-04-27T10:36:00+05:30,54.65,2026-04-27T13:10:00+05:30,STOP,-2788.40,58.40,6622.78,0.5654423176409725814795654423
earlier,ORDINARY_CHAIN_UNWIND_TRAIL,2026-05-06,2026-05-06T14:25:00+05:30,CE,6622.78,ORDINARY_CHAIN_UNWIND,NO_AFFORDABLE_LIQUID_CONTRACT,"[{""contract"": ""NSE_FO|41774|12-05-2026"", ""status"": ""UNAFFORDABLE_OR_PAST_CAPACITY""}, {""contract"": ""NSE_FO|41778|12-05-2026"", ""status"": ""UNAFFORDABLE_OR_PAST_CAPACITY""}, {""contract"": ""NSE_FO|41784|12-05-2026"", ""status"": ""UNAFFORDABLE_OR_PAST_CAPACITY""}, {""contract"": ""NSE_FO|41788|12-05-2026"", ""status"": ""UNAFFORDABLE_OR_PAST_CAPACITY""}]",,,,,,,,,,,,,,
earlier,ORDINARY_CHAIN_UNWIND_TRAIL,2026-05-11,2026-05-11T15:05:00+05:30,PE,6622.78,ORDINARY_CHAIN_UNWIND,MODELED_LIMIT_MISS,"[{""contract"": ""NSE_FO|41745|12-05-2026"", ""status"": ""UNAFFORDABLE_OR_PAST_CAPACITY""}, {""contract"": ""NSE_FO|41743|12-05-2026"", ""status"": ""ORDER_CREATED""}]",NSE_FO|41743|12-05-2026,23800.0,65,65,77.10,,,,,,,,,
earlier,ORDINARY_CHAIN_UNWIND_TRAIL,2026-05-14,2026-05-14T11:45:00+05:30,CE,6622.78,ORDINARY_CHAIN_UNWIND,NO_AFFORDABLE_LIQUID_CONTRACT,"[{""contract"": ""NSE_FO|51364|19-05-2026"", ""status"": ""UNAFFORDABLE_OR_PAST_CAPACITY""}, {""contract"": ""NSE_FO|51366|19-05-2026"", ""status"": ""UNAFFORDABLE_OR_PAST_CAPACITY""}, {""contract"": ""NSE_FO|51370|19-05-2026"", ""status"": ""UNAFFORDABLE_OR_PAST_CAPACITY""}, {""contract"": ""NSE_FO|51374|19-05-2026"", ""status"": ""UNAFFORDABLE_OR_PAST_CAPACITY""}]",,,,,,,,,,,,,,
earlier,ORDINARY_CHAIN_UNWIND_TRAIL,2026-05-15,2026-05-15T13:50:00+05:30,PE,6622.78,ORDINARY_CHAIN_UNWIND,NO_AFFORDABLE_LIQUID_CONTRACT,"[{""contract"": ""NSE_FO|51367|19-05-2026"", ""status"": ""UNAFFORDABLE_OR_PAST_CAPACITY""}, {""contract"": ""NSE_FO|51365|19-05-2026"", ""status"": ""UNAFFORDABLE_OR_PAST_CAPACITY""}, {""contract"": ""NSE_FO|51359|19-05-2026"", ""status"": ""UNAFFORDABLE_OR_PAST_CAPACITY""}, {""contract"": ""NSE_FO|51357|19-05-2026"", ""status"": ""UNAFFORDABLE_OR_PAST_CAPACITY""}]",,,,,,,,,,,,,,
earlier,ORDINARY_CHAIN_UNWIND_TRAIL,2026-05-18,2026-05-18T11:40:00+05:30,CE,6622.78,ORDINARY_CHAIN_UNWIND,MODELED_EXIT,"[{""contract"": ""NSE_FO|51356|19-05-2026"", ""status"": ""UNAFFORDABLE_OR_PAST_CAPACITY""}, {""contract"": ""NSE_FO|51358|19-05-2026"", ""status"": ""UNAFFORDABLE_OR_PAST_CAPACITY""}, {""contract"": ""NSE_FO|51364|19-05-2026"", ""status"": ""ORDER_CREATED""}]",NSE_FO|51364|19-05-2026,23650.0,65,65,90.95,77.95,2026-05-18T11:41:00+05:30,99.50,2026-05-18T15:25:00+05:30,TIMED_CLOSE,1337.65,63.10,7960.43,1.276459268762026940346375882
earlier,ORDINARY_CHAIN_UNWIND_TRAIL,2026-05-29,2026-05-29T12:15:00+05:30,PE,7960.43,ORDINARY_CHAIN_UNWIND,MODELED_LIMIT_MISS,"[{""contract"": ""NSE_FO|57045|02-06-2026"", ""status"": ""UNAFFORDABLE_OR_PAST_CAPACITY""}, {""contract"": ""NSE_FO|57043|02-06-2026"", ""status"": ""ORDER_CREATED""}]",NSE_FO|57043|02-06-2026,23800.0,65,65,102.00,,,,,,,,,
earlier,ORDINARY_CHAIN_UNWIND_TRAIL,2026-06-01,2026-06-01T12:00:00+05:30,PE,7960.43,ORDINARY_CHAIN_UNWIND,MODELED_LIMIT_MISS,"[{""contract"": ""NSE_FO|57031|02-06-2026"", ""status"": ""ORDER_CREATED""}]",NSE_FO|57031|02-06-2026,23500.0,65,65,95.75,,,,,,,,,
earlier,ORDINARY_CHAIN_UNWIND_TRAIL,2026-06-03,2026-06-03T12:35:00+05:30,CE,7960.43,ORDINARY_CHAIN_UNWIND,NO_AFFORDABLE_LIQUID_CONTRACT,"[{""contract"": ""NSE_FO|42288|09-06-2026"", ""status"": ""UNAFFORDABLE_OR_PAST_CAPACITY""}, {""contract"": ""NSE_FO|42290|09-06-2026"", ""status"": ""UNAFFORDABLE_OR_PAST_CAPACITY""}, {""contract"": ""NSE_FO|42295|09-06-2026"", ""status"": ""UNAFFORDABLE_OR_PAST_CAPACITY""}, {""contract"": ""NSE_FO|42297|09-06-2026"", ""status"": ""UNAFFORDABLE_OR_PAST_CAPACITY""}]",,,,,,,,,,,,,,
earlier,ORDINARY_CHAIN_UNWIND_TRAIL,2026-06-05,2026-06-05T10:40:00+05:30,PE,7960.43,ORDINARY_CHAIN_UNWIND,MODELED_LIMIT_MISS,"[{""contract"": ""NSE_FO|42293|09-06-2026"", ""status"": ""UNAFFORDABLE_OR_PAST_CAPACITY""}, {""contract"": ""NSE_FO|42289|09-06-2026"", ""status"": ""ORDER_CREATED""}]",NSE_FO|42289|09-06-2026,23300.0,65,65,109.45,,,,,,,,,
earlier,ORDINARY_CHAIN_UNWIND_TRAIL,2026-06-08,2026-06-08T10:35:00+05:30,CE,7960.43,ORDINARY_CHAIN_UNWIND,MODELED_EXIT,"[{""contract"": ""NSE_FO|42284|09-06-2026"", ""status"": ""UNAFFORDABLE_OR_PAST_CAPACITY""}, {""contract"": ""NSE_FO|42286|09-06-2026"", ""status"": ""UNAFFORDABLE_OR_PAST_CAPACITY""}, {""contract"": ""NSE_FO|42288|09-06-2026"", ""status"": ""ORDER_CREATED""}]",NSE_FO|42288|09-06-2026,23300.0,65,65,93.15,87.0,2026-06-08T10:36:00+05:30,50.80,2026-06-08T14:12:00+05:30,STOP,-2410.02,57.02,5550.41,0.5839080459770114942528735632
earlier,ORDINARY_CHAIN_UNWIND_TRAIL,2026-06-12,2026-06-12T13:35:00+05:30,CE,5550.41,ORDINARY_CHAIN_UNWIND,MODELED_LIMIT_MISS,"[{""contract"": ""NSE_FO|50576|16-06-2026"", ""status"": ""UNAFFORDABLE_OR_PAST_CAPACITY""}, {""contract"": ""NSE_FO|50585|16-06-2026"", ""status"": ""UNAFFORDABLE_OR_PAST_CAPACITY""}, {""contract"": ""NSE_FO|50591|16-06-2026"", ""status"": ""ORDER_CREATED""}]",NSE_FO|50591|16-06-2026,23550.0,65,65,80.55,,,,,,,,,
earlier,ORDINARY_CHAIN_UNWIND_TRAIL,2026-06-15,2026-06-15T12:20:00+05:30,PE,5550.41,ORDINARY_CHAIN_UNWIND,MODELED_EXIT,"[{""contract"": ""NSE_FO|50612|16-06-2026"", ""status"": ""UNAFFORDABLE_OR_PAST_CAPACITY""}, {""contract"": ""NSE_FO|50610|16-06-2026"", ""status"": ""ORDER_CREATED""}]",NSE_FO|50610|16-06-2026,23850.0,65,65,74.85,70.35,2026-06-15T12:21:00+05:30,66.45,2026-06-15T15:25:00+05:30,TIMED_CLOSE,-312.50,59.00,5237.91,0.9445628997867803837953091684
earlier,ORDINARY_CHAIN_UNWIND_TRAIL,2026-06-18,2026-06-18T15:05:00+05:30,CE,5237.91,ORDINARY_CHAIN_UNWIND,MODELED_LIMIT_MISS,"[{""contract"": ""NSE_FO|56380|23-06-2026"", ""status"": ""UNAFFORDABLE_OR_PAST_CAPACITY""}, {""contract"": ""NSE_FO|56382|23-06-2026"", ""status"": ""UNAFFORDABLE_OR_PAST_CAPACITY""}, {""contract"": ""NSE_FO|56384|23-06-2026"", ""status"": ""UNAFFORDABLE_OR_PAST_CAPACITY""}, {""contract"": ""NSE_FO|56386|23-06-2026"", ""status"": ""ORDER_CREATED""}]",NSE_FO|56386|23-06-2026,24300.0,65,65,60.00,,,,,,,,,
earlier,ORDINARY_CHAIN_UNWIND_TRAIL,2026-06-19,2026-06-19T15:00:00+05:30,PE,5237.91,ORDINARY_CHAIN_UNWIND,MODELED_EXIT,"[{""contract"": ""NSE_FO|56359|23-06-2026"", ""status"": ""UNAFFORDABLE_OR_PAST_CAPACITY""}, {""contract"": ""NSE_FO|56357|23-06-2026"", ""status"": ""UNAFFORDABLE_OR_PAST_CAPACITY""}, {""contract"": ""NSE_FO|56355|23-06-2026"", ""status"": ""ORDER_CREATED""}]",NSE_FO|56355|23-06-2026,23800.0,65,65,61.60,41.45,2026-06-19T15:01:00+05:30,22.25,2026-06-19T15:25:00+05:30,TIMED_CLOSE,-1301.00,53.00,3936.91,0.5367913148371531966224366707
earlier,ORDINARY_PUBLISHED_PCR_TARGET,2026-03-23,2026-03-23T14:05:00+05:30,CE,9411.18,ORDINARY_PUBLISHED_PCR,NO_AFFORDABLE_LIQUID_CONTRACT,"[{""contract"": ""NSE_FO|62508|24-03-2026"", ""status"": ""UNAFFORDABLE_OR_PAST_CAPACITY""}, {""contract"": ""NSE_FO|62555|24-03-2026"", ""status"": ""UNAFFORDABLE_OR_PAST_CAPACITY""}, {""contract"": ""NSE_FO|62557|24-03-2026"", ""status"": ""UNAFFORDABLE_OR_PAST_CAPACITY""}, {""contract"": ""NSE_FO|62562|24-03-2026"", ""status"": ""UNAFFORDABLE_OR_PAST_CAPACITY""}]",,,,,,,,,,,,,,
earlier,ORDINARY_PUBLISHED_PCR_TARGET,2026-04-01,2026-04-01T10:25:00+05:30,PE,9411.18,ORDINARY_PUBLISHED_PCR,NO_AFFORDABLE_LIQUID_CONTRACT,"[{""contract"": ""NSE_FO|40760|07-04-2026"", ""status"": ""UNAFFORDABLE_OR_PAST_CAPACITY""}, {""contract"": ""NSE_FO|40753|07-04-2026"", ""status"": ""UNAFFORDABLE_OR_PAST_CAPACITY""}, {""contract"": ""NSE_FO|40751|07-04-2026"", ""status"": ""UNAFFORDABLE_OR_PAST_CAPACITY""}, {""contract"": ""NSE_FO|40745|07-04-2026"", ""status"": ""UNAFFORDABLE_OR_PAST_CAPACITY""}]",,,,,,,,,,,,,,
earlier,ORDINARY_PUBLISHED_PCR_TARGET,2026-04-06,2026-04-06T10:15:00+05:30,CE,9411.18,ORDINARY_PUBLISHED_PCR,NO_AFFORDABLE_LIQUID_CONTRACT,"[{""contract"": ""NSE_FO|40740|07-04-2026"", ""status"": ""UNAFFORDABLE_OR_PAST_CAPACITY""}, {""contract"": ""NSE_FO|40742|07-04-2026"", ""status"": ""UNAFFORDABLE_OR_PAST_CAPACITY""}, {""contract"": ""NSE_FO|40747|07-04-2026"", ""status"": ""UNAFFORDABLE_OR_PAST_CAPACITY""}, {""contract"": ""NSE_FO|40752|07-04-2026"", ""status"": ""UNAFFORDABLE_OR_PAST_CAPACITY""}]",,,,,,,,,,,,,,
earlier,ORDINARY_PUBLISHED_PCR_TARGET,2026-04-08,2026-04-08T10:30:00+05:30,CE,9411.18,ORDINARY_PUBLISHED_PCR,NO_AFFORDABLE_LIQUID_CONTRACT,"[{""contract"": ""NSE_FO|54808|13-04-2026"", ""status"": ""UNAFFORDABLE_OR_PAST_CAPACITY""}, {""contract"": ""NSE_FO|54810|13-04-2026"", ""status"": ""UNAFFORDABLE_OR_PAST_CAPACITY""}, {""contract"": ""NSE_FO|54812|13-04-2026"", ""status"": ""UNAFFORDABLE_OR_PAST_CAPACITY""}, {""contract"": ""NSE_FO|54816|13-04-2026"", ""status"": ""UNAFFORDABLE_OR_PAST_CAPACITY""}]",,,,,,,,,,,,,,
earlier,ORDINARY_PUBLISHED_PCR_TARGET,2026-04-10,2026-04-10T11:50:00+05:30,PE,9411.18,ORDINARY_PUBLISHED_PCR,MODELED_EXIT,"[{""contract"": ""NSE_FO|54811|13-04-2026"", ""status"": ""UNAFFORDABLE_OR_PAST_CAPACITY""}, {""contract"": ""NSE_FO|54809|13-04-2026"", ""status"": ""ORDER_CREATED""}]",NSE_FO|54809|13-04-2026,23900.0,65,65,126.85,113.70,2026-04-10T11:51:00+05:30,81.50,2026-04-10T15:25:00+05:30,TIMED_CLOSE,-2154.59,61.59,7256.59,0.7167985927880386983289357960
earlier,ORDINARY_PUBLISHED_PCR_TARGET,2026-04-15,2026-04-15T10:05:00+05:30,CE,7256.59,ORDINARY_PUBLISHED_PCR,NO_AFFORDABLE_LIQUID_CONTRACT,"[{""contract"": ""NSE_FO|63428|21-04-2026"", ""status"": ""UNAFFORDABLE_OR_PAST_CAPACITY""}, {""contract"": ""NSE_FO|63430|21-04-2026"", ""status"": ""UNAFFORDABLE_OR_PAST_CAPACITY""}, {""contract"": ""NSE_FO|63434|21-04-2026"", ""status"": ""UNAFFORDABLE_OR_PAST_CAPACITY""}, {""contract"": ""NSE_FO|63436|21-04-2026"", ""status"": ""UNAFFORDABLE_OR_PAST_CAPACITY""}]",,,,,,,,,,,,,,
earlier,ORDINARY_PUBLISHED_PCR_TARGET,2026-04-20,2026-04-20T10:05:00+05:30,CE,7256.59,ORDINARY_PUBLISHED_PCR,MODELED_EXIT,"[{""contract"": ""NSE_FO|63434|21-04-2026"", ""status"": ""UNAFFORDABLE_OR_PAST_CAPACITY""}, {""contract"": ""NSE_FO|63436|21-04-2026"", ""status"": ""UNAFFORDABLE_OR_PAST_CAPACITY""}, {""contract"": ""NSE_FO|63444|21-04-2026"", ""status"": ""ORDER_CREATED""}]",NSE_FO|63444|21-04-2026,24450.0,65,65,94.30,91.90,2026-04-20T10:06:00+05:30,61.45,2026-04-20T15:25:00+05:30,TIMED_CLOSE,-2037.69,58.44,5218.90,0.6686615886833514689880304679
earlier,ORDINARY_PUBLISHED_PCR_TARGET,2026-04-23,2026-04-23T10:40:00+05:30,PE,5218.90,ORDINARY_PUBLISHED_PCR,NO_AFFORDABLE_LIQUID_CONTRACT,"[{""contract"": ""NSE_FO|72278|28-04-2026"", ""status"": ""UNAFFORDABLE_OR_PAST_CAPACITY""}, {""contract"": ""NSE_FO|72272|28-04-2026"", ""status"": ""UNAFFORDABLE_OR_PAST_CAPACITY""}, {""contract"": ""NSE_FO|72270|28-04-2026"", ""status"": ""UNAFFORDABLE_OR_PAST_CAPACITY""}, {""contract"": ""NSE_FO|72268|28-04-2026"", ""status"": ""UNAFFORDABLE_OR_PAST_CAPACITY""}]",,,,,,,,,,,,,,
earlier,ORDINARY_PUBLISHED_PCR_TARGET,2026-04-24,2026-04-24T10:00:00+05:30,PE,5218.90,ORDINARY_PUBLISHED_PCR,NO_AFFORDABLE_LIQUID_CONTRACT,"[{""contract"": ""NSE_FO|72262|28-04-2026"", ""status"": ""UNAFFORDABLE_OR_PAST_CAPACITY""}, {""contract"": ""NSE_FO|72260|28-04-2026"", ""status"": ""UNAFFORDABLE_OR_PAST_CAPACITY""}, {""contract"": ""NSE_FO|72258|28-04-2026"", ""status"": ""UNAFFORDABLE_OR_PAST_CAPACITY""}, {""contract"": ""NSE_FO|72256|28-04-2026"", ""status"": ""UNAFFORDABLE_OR_PAST_CAPACITY""}]",,,,,,,,,,,,,,
earlier,ORDINARY_PUBLISHED_PCR_TARGET,2026-04-27,2026-04-27T10:35:00+05:30,PE,5218.90,ORDINARY_PUBLISHED_PCR,MODELED_EXIT,"[{""contract"": ""NSE_FO|72264|28-04-2026"", ""status"": ""UNAFFORDABLE_OR_PAST_CAPACITY""}, {""contract"": ""NSE_FO|72262|28-04-2026"", ""status"": ""UNAFFORDABLE_OR_PAST_CAPACITY""}, {""contract"": ""NSE_FO|72260|28-04-2026"", ""status"": ""ORDER_CREATED""}]",NSE_FO|72260|28-04-2026,23900.0,65,65,60.25,59.80,2026-04-27T10:36:00+05:30,29.00,2026-04-27T13:15:00+05:30,STOP,-2055.69,53.69,3163.21,0.4849498327759197324414715719
earlier,ORDINARY_PUBLISHED_PCR_TARGET,2026-04-30,2026-04-30T12:15:00+05:30,CE,3163.21,ORDINARY_PUBLISHED_PCR,NO_AFFORDABLE_LIQUID_CONTRACT,"[{""contract"": ""NSE_FO|74133|05-05-2026"", ""status"": ""UNAFFORDABLE_OR_PAST_CAPACITY""}, {""contract"": ""NSE_FO|74135|05-05-2026"", ""status"": ""UNAFFORDABLE_OR_PAST_CAPACITY""}, {""contract"": ""NSE_FO|74147|05-05-2026"", ""status"": ""UNAFFORDABLE_OR_PAST_CAPACITY""}, {""contract"": ""NSE_FO|74155|05-05-2026"", ""status"": ""UNAFFORDABLE_OR_PAST_CAPACITY""}]",,,,,,,,,,,,,,
earlier,ORDINARY_PUBLISHED_PCR_TARGET,2026-05-07,2026-05-07T10:30:00+05:30,CE,3163.21,ORDINARY_PUBLISHED_PCR,NO_AFFORDABLE_LIQUID_CONTRACT,"[{""contract"": ""NSE_FO|41784|12-05-2026"", ""status"": ""UNAFFORDABLE_OR_PAST_CAPACITY""}, {""contract"": ""NSE_FO|41788|12-05-2026"", ""status"": ""UNAFFORDABLE_OR_PAST_CAPACITY""}, {""contract"": ""NSE_FO|41790|12-05-2026"", ""status"": ""UNAFFORDABLE_OR_PAST_CAPACITY""}, {""contract"": ""NSE_FO|41794|12-05-2026"", ""status"": ""UNAFFORDABLE_OR_PAST_CAPACITY""}]",,,,,,,,,,,,,,
earlier,ORDINARY_PUBLISHED_PCR_TARGET,2026-05-08,2026-05-08T11:30:00+05:30,PE,3163.21,ORDINARY_PUBLISHED_PCR,NO_AFFORDABLE_LIQUID_CONTRACT,"[{""contract"": ""NSE_FO|41763|12-05-2026"", ""status"": ""UNAFFORDABLE_OR_PAST_CAPACITY""}, {""contract"": ""NSE_FO|41761|12-05-2026"", ""status"": ""UNAFFORDABLE_OR_PAST_CAPACITY""}, {""contract"": ""NSE_FO|41759|12-05-2026"", ""status"": ""UNAFFORDABLE_OR_PAST_CAPACITY""}, {""contract"": ""NSE_FO|41757|12-05-2026"", ""status"": ""UNAFFORDABLE_OR_PAST_CAPACITY""}]",,,,,,,,,,,,,,
earlier,ORDINARY_PUBLISHED_PCR_TARGET,2026-05-11,2026-05-11T10:20:00+05:30,PE,3163.21,ORDINARY_PUBLISHED_PCR,NO_AFFORDABLE_LIQUID_CONTRACT,"[{""contract"": ""NSE_FO|41745|12-05-2026"", ""status"": ""UNAFFORDABLE_OR_PAST_CAPACITY""}, {""contract"": ""NSE_FO|41743|12-05-2026"", ""status"": ""UNAFFORDABLE_OR_PAST_CAPACITY""}, {""contract"": ""NSE_FO|41741|12-05-2026"", ""status"": ""UNAFFORDABLE_OR_PAST_CAPACITY""}, {""contract"": ""NSE_FO|41739|12-05-2026"", ""status"": ""UNAFFORDABLE_OR_PAST_CAPACITY""}]",,,,,,,,,,,,,,
earlier,ORDINARY_PUBLISHED_PCR_TARGET,2026-05-13,2026-05-13T11:00:00+05:30,PE,3163.21,ORDINARY_PUBLISHED_PCR,NO_AFFORDABLE_LIQUID_CONTRACT,"[{""contract"": ""NSE_FO|51347|19-05-2026"", ""status"": ""UNAFFORDABLE_OR_PAST_CAPACITY""}, {""contract"": ""NSE_FO|51325|19-05-2026"", ""status"": ""UNAFFORDABLE_OR_PAST_CAPACITY""}, {""contract"": ""NSE_FO|51323|19-05-2026"", ""status"": ""UNAFFORDABLE_OR_PAST_CAPACITY""}, {""contract"": ""NSE_FO|51321|19-05-2026"", ""status"": ""UNAFFORDABLE_OR_PAST_CAPACITY""}]",,,,,,,,,,,,,,
earlier,ORDINARY_PUBLISHED_PCR_TARGET,2026-05-14,2026-05-14T11:25:00+05:30,CE,3163.21,ORDINARY_PUBLISHED_PCR,NO_AFFORDABLE_LIQUID_CONTRACT,"[{""contract"": ""NSE_FO|51356|19-05-2026"", ""status"": ""UNAFFORDABLE_OR_PAST_CAPACITY""}, {""contract"": ""NSE_FO|51358|19-05-2026"", ""status"": ""UNAFFORDABLE_OR_PAST_CAPACITY""}, {""contract"": ""NSE_FO|51364|19-05-2026"", ""status"": ""UNAFFORDABLE_OR_PAST_CAPACITY""}, {""contract"": ""NSE_FO|51366|19-05-2026"", ""status"": ""UNAFFORDABLE_OR_PAST_CAPACITY""}]",,,,,,,,,,,,,,
earlier,ORDINARY_PUBLISHED_PCR_TARGET,2026-05-15,2026-05-15T10:25:00+05:30,CE,3163.21,ORDINARY_PUBLISHED_PCR,NO_AFFORDABLE_LIQUID_CONTRACT,"[{""contract"": ""NSE_FO|51374|19-05-2026"", ""status"": ""UNAFFORDABLE_OR_PAST_CAPACITY""}, {""contract"": ""NSE_FO|51376|19-05-2026"", ""status"": ""UNAFFORDABLE_OR_PAST_CAPACITY""}, {""contract"": ""NSE_FO|51378|19-05-2026"", ""status"": ""UNAFFORDABLE_OR_PAST_CAPACITY""}, {""contract"": ""NSE_FO|51380|19-05-2026"", ""status"": ""UNAFFORDABLE_OR_PAST_CAPACITY""}]",,,,,,,,,,,,,,
earlier,ORDINARY_PUBLISHED_PCR_TARGET,2026-05-18,2026-05-18T10:00:00+05:30,PE,3163.21,ORDINARY_PUBLISHED_PCR,NO_AFFORDABLE_LIQUID_CONTRACT,"[{""contract"": ""NSE_FO|51347|19-05-2026"", ""status"": ""UNAFFORDABLE_OR_PAST_CAPACITY""}, {""contract"": ""NSE_FO|51325|19-05-2026"", ""status"": ""UNAFFORDABLE_OR_PAST_CAPACITY""}, {""contract"": ""NSE_FO|51323|19-05-2026"", ""status"": ""UNAFFORDABLE_OR_PAST_CAPACITY""}, {""contract"": ""NSE_FO|51321|19-05-2026"", ""status"": ""UNAFFORDABLE_OR_PAST_CAPACITY""}]",,,,,,,,,,,,,,
earlier,ORDINARY_PUBLISHED_PCR_TARGET,2026-05-22,2026-05-22T14:05:00+05:30,PE,3163.21,ORDINARY_PUBLISHED_PCR,NO_AFFORDABLE_LIQUID_CONTRACT,"[{""contract"": ""NSE_FO|72170|26-05-2026"", ""status"": ""UNAFFORDABLE_OR_PAST_CAPACITY""}, {""contract"": ""NSE_FO|72168|26-05-2026"", ""status"": ""UNAFFORDABLE_OR_PAST_CAPACITY""}, {""contract"": ""NSE_FO|72166|26-05-2026"", ""status"": ""UNAFFORDABLE_OR_PAST_CAPACITY""}, {""contract"": ""NSE_FO|72147|26-05-2026"", ""status"": ""UNAFFORDABLE_OR_PAST_CAPACITY""}]",,,,,,,,,,,,,,
earlier,ORDINARY_PUBLISHED_PCR_TARGET,2026-05-27,2026-05-27T10:00:00+05:30,PE,3163.21,ORDINARY_PUBLISHED_PCR,NO_AFFORDABLE_LIQUID_CONTRACT,"[{""contract"": ""NSE_FO|57045|02-06-2026"", ""status"": ""UNAFFORDABLE_OR_PAST_CAPACITY""}, {""contract"": ""NSE_FO|57043|02-06-2026"", ""status"": ""UNAFFORDABLE_OR_PAST_CAPACITY""}, {""contract"": ""NSE_FO|57041|02-06-2026"", ""status"": ""UNAFFORDABLE_OR_PAST_CAPACITY""}, {""contract"": ""NSE_FO|57039|02-06-2026"", ""status"": ""UNAFFORDABLE_OR_PAST_CAPACITY""}]",,,,,,,,,,,,,,
earlier,ORDINARY_PUBLISHED_PCR_TARGET,2026-06-01,2026-06-01T10:05:00+05:30,PE,3163.21,ORDINARY_PUBLISHED_PCR,MODELED_EXIT,"[{""contract"": ""NSE_FO|57033|02-06-2026"", ""status"": ""UNAFFORDABLE_OR_PAST_CAPACITY""}, {""contract"": ""NSE_FO|57031|02-06-2026"", ""status"": ""UNAFFORDABLE_OR_PAST_CAPACITY""}, {""contract"": ""NSE_FO|57029|02-06-2026"", ""status"": ""UNAFFORDABLE_OR_PAST_CAPACITY""}, {""contract"": ""NSE_FO|57027|02-06-2026"", ""status"": ""ORDER_CREATED""}]",NSE_FO|57027|02-06-2026,23400.0,65,65,44.20,40.45,2026-06-01T10:06:00+05:30,80.90,2026-06-01T14:25:00+05:30,TARGET_2X,2569.67,59.58,5732.88,2
earlier,ORDINARY_PUBLISHED_PCR_TARGET,2026-06-03,2026-06-03T12:35:00+05:30,CE,5732.88,ORDINARY_PUBLISHED_PCR,NO_AFFORDABLE_LIQUID_CONTRACT,"[{""contract"": ""NSE_FO|42288|09-06-2026"", ""status"": ""UNAFFORDABLE_OR_PAST_CAPACITY""}, {""contract"": ""NSE_FO|42290|09-06-2026"", ""status"": ""UNAFFORDABLE_OR_PAST_CAPACITY""}, {""contract"": ""NSE_FO|42295|09-06-2026"", ""status"": ""UNAFFORDABLE_OR_PAST_CAPACITY""}, {""contract"": ""NSE_FO|42297|09-06-2026"", ""status"": ""UNAFFORDABLE_OR_PAST_CAPACITY""}]",,,,,,,,,,,,,,
earlier,ORDINARY_PUBLISHED_PCR_TARGET,2026-06-08,2026-06-08T13:45:00+05:30,PE,5732.88,ORDINARY_PUBLISHED_PCR,MODELED_LIMIT_MISS,"[{""contract"": ""NSE_FO|42279|09-06-2026"", ""status"": ""UNAFFORDABLE_OR_PAST_CAPACITY""}, {""contract"": ""NSE_FO|42273|09-06-2026"", ""status"": ""ORDER_CREATED""}]",NSE_FO|42273|09-06-2026,23100.0,65,65,75.80,,,,,,,,,
earlier,ORDINARY_PUBLISHED_PCR_TARGET,2026-06-10,2026-06-10T10:45:00+05:30,CE,5732.88,ORDINARY_PUBLISHED_PCR,NO_AFFORDABLE_LIQUID_CONTRACT,"[{""contract"": ""NSE_FO|50572|16-06-2026"", ""status"": ""UNAFFORDABLE_OR_PAST_CAPACITY""}, {""contract"": ""NSE_FO|50574|16-06-2026"", ""status"": ""UNAFFORDABLE_OR_PAST_CAPACITY""}, {""contract"": ""NSE_FO|50576|16-06-2026"", ""status"": ""UNAFFORDABLE_OR_PAST_CAPACITY""}, {""contract"": ""NSE_FO|50585|16-06-2026"", ""status"": ""UNAFFORDABLE_OR_PAST_CAPACITY""}]",,,,,,,,,,,,,,
earlier,ORDINARY_PUBLISHED_PCR_TARGET,2026-06-11,2026-06-11T10:00:00+05:30,PE,5732.88,ORDINARY_PUBLISHED_PCR,NO_AFFORDABLE_LIQUID_CONTRACT,"[{""contract"": ""NSE_FO|50562|16-06-2026"", ""status"": ""UNAFFORDABLE_OR_PAST_CAPACITY""}, {""contract"": ""NSE_FO|50553|16-06-2026"", ""status"": ""UNAFFORDABLE_OR_PAST_CAPACITY""}, {""contract"": ""NSE_FO|50550|16-06-2026"", ""status"": ""UNAFFORDABLE_OR_PAST_CAPACITY""}, {""contract"": ""NSE_FO|50543|16-06-2026"", ""status"": ""UNAFFORDABLE_OR_PAST_CAPACITY""}]",,,,,,,,,,,,,,
earlier,ORDINARY_PUBLISHED_PCR_TARGET,2026-06-12,2026-06-12T13:30:00+05:30,CE,5732.88,ORDINARY_PUBLISHED_PCR,MODELED_LIMIT_MISS,"[{""contract"": ""NSE_FO|50574|16-06-2026"", ""status"": ""UNAFFORDABLE_OR_PAST_CAPACITY""}, {""contract"": ""NSE_FO|50576|16-06-2026"", ""status"": ""UNAFFORDABLE_OR_PAST_CAPACITY""}, {""contract"": ""NSE_FO|50585|16-06-2026"", ""status"": ""UNAFFORDABLE_OR_PAST_CAPACITY""}, {""contract"": ""NSE_FO|50591|16-06-2026"", ""status"": ""ORDER_CREATED""}]",NSE_FO|50591|16-06-2026,23550.0,65,65,66.55,,,,,,,,,
earlier,ORDINARY_PUBLISHED_PCR_TARGET,2026-06-15,2026-06-15T10:35:00+05:30,CE,5732.88,ORDINARY_PUBLISHED_PCR,MODELED_EXIT,"[{""contract"": ""NSE_FO|50613|16-06-2026"", ""status"": ""UNAFFORDABLE_OR_PAST_CAPACITY""}, {""contract"": ""NSE_FO|50615|16-06-2026"", ""status"": ""ORDER_CREATED""}]",NSE_FO|50615|16-06-2026,24000.0,65,65,82.95,79.20,2026-06-15T10:36:00+05:30,37.10,2026-06-15T15:01:00+05:30,STOP,-2791.93,55.43,2940.95,0.4684343434343434343434343434
earlier,ORDINARY_PUBLISHED_PCR_TARGET,2026-06-17,2026-06-17T15:00:00+05:30,CE,2940.95,ORDINARY_PUBLISHED_PCR,NO_AFFORDABLE_LIQUID_CONTRACT,"[{""contract"": ""NSE_FO|56376|23-06-2026"", ""status"": ""UNAFFORDABLE_OR_PAST_CAPACITY""}, {""contract"": ""NSE_FO|56380|23-06-2026"", ""status"": ""UNAFFORDABLE_OR_PAST_CAPACITY""}, {""contract"": ""NSE_FO|56382|23-06-2026"", ""status"": ""UNAFFORDABLE_OR_PAST_CAPACITY""}, {""contract"": ""NSE_FO|56384|23-06-2026"", ""status"": ""UNAFFORDABLE_OR_PAST_CAPACITY""}]",,,,,,,,,,,,,,
earlier,ORDINARY_PUBLISHED_PCR_TRAIL,2026-03-23,2026-03-23T14:05:00+05:30,CE,9411.18,ORDINARY_PUBLISHED_PCR,NO_AFFORDABLE_LIQUID_CONTRACT,"[{""contract"": ""NSE_FO|62508|24-03-2026"", ""status"": ""UNAFFORDABLE_OR_PAST_CAPACITY""}, {""contract"": ""NSE_FO|62555|24-03-2026"", ""status"": ""UNAFFORDABLE_OR_PAST_CAPACITY""}, {""contract"": ""NSE_FO|62557|24-03-2026"", ""status"": ""UNAFFORDABLE_OR_PAST_CAPACITY""}, {""contract"": ""NSE_FO|62562|24-03-2026"", ""status"": ""UNAFFORDABLE_OR_PAST_CAPACITY""}]",,,,,,,,,,,,,,
earlier,ORDINARY_PUBLISHED_PCR_TRAIL,2026-04-01,2026-04-01T10:25:00+05:30,PE,9411.18,ORDINARY_PUBLISHED_PCR,NO_AFFORDABLE_LIQUID_CONTRACT,"[{""contract"": ""NSE_FO|40760|07-04-2026"", ""status"": ""UNAFFORDABLE_OR_PAST_CAPACITY""}, {""contract"": ""NSE_FO|40753|07-04-2026"", ""status"": ""UNAFFORDABLE_OR_PAST_CAPACITY""}, {""contract"": ""NSE_FO|40751|07-04-2026"", ""status"": ""UNAFFORDABLE_OR_PAST_CAPACITY""}, {""contract"": ""NSE_FO|40745|07-04-2026"", ""status"": ""UNAFFORDABLE_OR_PAST_CAPACITY""}]",,,,,,,,,,,,,,
earlier,ORDINARY_PUBLISHED_PCR_TRAIL,2026-04-06,2026-04-06T10:15:00+05:30,CE,9411.18,ORDINARY_PUBLISHED_PCR,NO_AFFORDABLE_LIQUID_CONTRACT,"[{""contract"": ""NSE_FO|40740|07-04-2026"", ""status"": ""UNAFFORDABLE_OR_PAST_CAPACITY""}, {""contract"": ""NSE_FO|40742|07-04-2026"", ""status"": ""UNAFFORDABLE_OR_PAST_CAPACITY""}, {""contract"": ""NSE_FO|40747|07-04-2026"", ""status"": ""UNAFFORDABLE_OR_PAST_CAPACITY""}, {""contract"": ""NSE_FO|40752|07-04-2026"", ""status"": ""UNAFFORDABLE_OR_PAST_CAPACITY""}]",,,,,,,,,,,,,,
earlier,ORDINARY_PUBLISHED_PCR_TRAIL,2026-04-08,2026-04-08T10:30:00+05:30,CE,9411.18,ORDINARY_PUBLISHED_PCR,NO_AFFORDABLE_LIQUID_CONTRACT,"[{""contract"": ""NSE_FO|54808|13-04-2026"", ""status"": ""UNAFFORDABLE_OR_PAST_CAPACITY""}, {""contract"": ""NSE_FO|54810|13-04-2026"", ""status"": ""UNAFFORDABLE_OR_PAST_CAPACITY""}, {""contract"": ""NSE_FO|54812|13-04-2026"", ""status"": ""UNAFFORDABLE_OR_PAST_CAPACITY""}, {""contract"": ""NSE_FO|54816|13-04-2026"", ""status"": ""UNAFFORDABLE_OR_PAST_CAPACITY""}]",,,,,,,,,,,,,,
earlier,ORDINARY_PUBLISHED_PCR_TRAIL,2026-04-10,2026-04-10T11:50:00+05:30,PE,9411.18,ORDINARY_PUBLISHED_PCR,MODELED_EXIT,"[{""contract"": ""NSE_FO|54811|13-04-2026"", ""status"": ""UNAFFORDABLE_OR_PAST_CAPACITY""}, {""contract"": ""NSE_FO|54809|13-04-2026"", ""status"": ""ORDER_CREATED""}]",NSE_FO|54809|13-04-2026,23900.0,65,65,126.85,113.70,2026-04-10T11:51:00+05:30,81.50,2026-04-10T15:25:00+05:30,TIMED_CLOSE,-2154.59,61.59,7256.59,0.7167985927880386983289357960
earlier,ORDINARY_PUBLISHED_PCR_TRAIL,2026-04-15,2026-04-15T10:05:00+05:30,CE,7256.59,ORDINARY_PUBLISHED_PCR,NO_AFFORDABLE_LIQUID_CONTRACT,"[{""contract"": ""NSE_FO|63428|21-04-2026"", ""status"": ""UNAFFORDABLE_OR_PAST_CAPACITY""}, {""contract"": ""NSE_FO|63430|21-04-2026"", ""status"": ""UNAFFORDABLE_OR_PAST_CAPACITY""}, {""contract"": ""NSE_FO|63434|21-04-2026"", ""status"": ""UNAFFORDABLE_OR_PAST_CAPACITY""}, {""contract"": ""NSE_FO|63436|21-04-2026"", ""status"": ""UNAFFORDABLE_OR_PAST_CAPACITY""}]",,,,,,,,,,,,,,
earlier,ORDINARY_PUBLISHED_PCR_TRAIL,2026-04-20,2026-04-20T10:05:00+05:30,CE,7256.59,ORDINARY_PUBLISHED_PCR,MODELED_EXIT,"[{""contract"": ""NSE_FO|63434|21-04-2026"", ""status"": ""UNAFFORDABLE_OR_PAST_CAPACITY""}, {""contract"": ""NSE_FO|63436|21-04-2026"", ""status"": ""UNAFFORDABLE_OR_PAST_CAPACITY""}, {""contract"": ""NSE_FO|63444|21-04-2026"", ""status"": ""ORDER_CREATED""}]",NSE_FO|63444|21-04-2026,24450.0,65,65,94.30,91.90,2026-04-20T10:06:00+05:30,71.75,2026-04-20T15:18:00+05:30,STOP,-1369.48,59.73,5887.11,0.7807399347116430903155603917
earlier,ORDINARY_PUBLISHED_PCR_TRAIL,2026-04-23,2026-04-23T10:40:00+05:30,PE,5887.11,ORDINARY_PUBLISHED_PCR,NO_AFFORDABLE_LIQUID_CONTRACT,"[{""contract"": ""NSE_FO|72278|28-04-2026"", ""status"": ""UNAFFORDABLE_OR_PAST_CAPACITY""}, {""contract"": ""NSE_FO|72272|28-04-2026"", ""status"": ""UNAFFORDABLE_OR_PAST_CAPACITY""}, {""contract"": ""NSE_FO|72270|28-04-2026"", ""status"": ""UNAFFORDABLE_OR_PAST_CAPACITY""}, {""contract"": ""NSE_FO|72268|28-04-2026"", ""status"": ""UNAFFORDABLE_OR_PAST_CAPACITY""}]",,,,,,,,,,,,,,
earlier,ORDINARY_PUBLISHED_PCR_TRAIL,2026-04-24,2026-04-24T10:00:00+05:30,PE,5887.11,ORDINARY_PUBLISHED_PCR,NO_AFFORDABLE_LIQUID_CONTRACT,"[{""contract"": ""NSE_FO|72262|28-04-2026"", ""status"": ""UNAFFORDABLE_OR_PAST_CAPACITY""}, {""contract"": ""NSE_FO|72260|28-04-2026"", ""status"": ""UNAFFORDABLE_OR_PAST_CAPACITY""}, {""contract"": ""NSE_FO|72258|28-04-2026"", ""status"": ""UNAFFORDABLE_OR_PAST_CAPACITY""}, {""contract"": ""NSE_FO|72256|28-04-2026"", ""status"": ""UNAFFORDABLE_OR_PAST_CAPACITY""}]",,,,,,,,,,,,,,
earlier,ORDINARY_PUBLISHED_PCR_TRAIL,2026-04-27,2026-04-27T10:35:00+05:30,PE,5887.11,ORDINARY_PUBLISHED_PCR,MODELED_EXIT,"[{""contract"": ""NSE_FO|72264|28-04-2026"", ""status"": ""UNAFFORDABLE_OR_PAST_CAPACITY""}, {""contract"": ""NSE_FO|72262|28-04-2026"", ""status"": ""ORDER_CREATED""}]",NSE_FO|72262|28-04-2026,23950.0,65,65,77.20,76.35,2026-04-27T10:36:00+05:30,43.65,2026-04-27T13:04:00+05:30,STOP,-2182.04,56.54,3705.07,0.5717092337917485265225933202
earlier,ORDINARY_PUBLISHED_PCR_TRAIL,2026-04-30,2026-04-30T12:15:00+05:30,CE,3705.07,ORDINARY_PUBLISHED_PCR,NO_AFFORDABLE_LIQUID_CONTRACT,"[{""contract"": ""NSE_FO|74133|05-05-2026"", ""status"": ""UNAFFORDABLE_OR_PAST_CAPACITY""}, {""contract"": ""NSE_FO|74135|05-05-2026"", ""status"": ""UNAFFORDABLE_OR_PAST_CAPACITY""}, {""contract"": ""NSE_FO|74147|05-05-2026"", ""status"": ""UNAFFORDABLE_OR_PAST_CAPACITY""}, {""contract"": ""NSE_FO|74155|05-05-2026"", ""status"": ""UNAFFORDABLE_OR_PAST_CAPACITY""}]",,,,,,,,,,,,,,
earlier,ORDINARY_PUBLISHED_PCR_TRAIL,2026-05-07,2026-05-07T10:30:00+05:30,CE,3705.07,ORDINARY_PUBLISHED_PCR,NO_AFFORDABLE_LIQUID_CONTRACT,"[{""contract"": ""NSE_FO|41784|12-05-2026"", ""status"": ""UNAFFORDABLE_OR_PAST_CAPACITY""}, {""contract"": ""NSE_FO|41788|12-05-2026"", ""status"": ""UNAFFORDABLE_OR_PAST_CAPACITY""}, {""contract"": ""NSE_FO|41790|12-05-2026"", ""status"": ""UNAFFORDABLE_OR_PAST_CAPACITY""}, {""contract"": ""NSE_FO|41794|12-05-2026"", ""status"": ""UNAFFORDABLE_OR_PAST_CAPACITY""}]",,,,,,,,,,,,,,
earlier,ORDINARY_PUBLISHED_PCR_TRAIL,2026-05-08,2026-05-08T11:30:00+05:30,PE,3705.07,ORDINARY_PUBLISHED_PCR,NO_AFFORDABLE_LIQUID_CONTRACT,"[{""contract"": ""NSE_FO|41763|12-05-2026"", ""status"": ""UNAFFORDABLE_OR_PAST_CAPACITY""}, {""contract"": ""NSE_FO|41761|12-05-2026"", ""status"": ""UNAFFORDABLE_OR_PAST_CAPACITY""}, {""contract"": ""NSE_FO|41759|12-05-2026"", ""status"": ""UNAFFORDABLE_OR_PAST_CAPACITY""}, {""contract"": ""NSE_FO|41757|12-05-2026"", ""status"": ""UNAFFORDABLE_OR_PAST_CAPACITY""}]",,,,,,,,,,,,,,
earlier,ORDINARY_PUBLISHED_PCR_TRAIL,2026-05-11,2026-05-11T10:20:00+05:30,PE,3705.07,ORDINARY_PUBLISHED_PCR,NO_AFFORDABLE_LIQUID_CONTRACT,"[{""contract"": ""NSE_FO|41745|12-05-2026"", ""status"": ""UNAFFORDABLE_OR_PAST_CAPACITY""}, {""contract"": ""NSE_FO|41743|12-05-2026"", ""status"": ""UNAFFORDABLE_OR_PAST_CAPACITY""}, {""contract"": ""NSE_FO|41741|12-05-2026"", ""status"": ""UNAFFORDABLE_OR_PAST_CAPACITY""}, {""contract"": ""NSE_FO|41739|12-05-2026"", ""status"": ""UNAFFORDABLE_OR_PAST_CAPACITY""}]",,,,,,,,,,,,,,
earlier,ORDINARY_PUBLISHED_PCR_TRAIL,2026-05-13,2026-05-13T11:00:00+05:30,PE,3705.07,ORDINARY_PUBLISHED_PCR,NO_AFFORDABLE_LIQUID_CONTRACT,"[{""contract"": ""NSE_FO|51347|19-05-2026"", ""status"": ""UNAFFORDABLE_OR_PAST_CAPACITY""}, {""contract"": ""NSE_FO|51325|19-05-2026"", ""status"": ""UNAFFORDABLE_OR_PAST_CAPACITY""}, {""contract"": ""NSE_FO|51323|19-05-2026"", ""status"": ""UNAFFORDABLE_OR_PAST_CAPACITY""}, {""contract"": ""NSE_FO|51321|19-05-2026"", ""status"": ""UNAFFORDABLE_OR_PAST_CAPACITY""}]",,,,,,,,,,,,,,
earlier,ORDINARY_PUBLISHED_PCR_TRAIL,2026-05-14,2026-05-14T11:25:00+05:30,CE,3705.07,ORDINARY_PUBLISHED_PCR,NO_AFFORDABLE_LIQUID_CONTRACT,"[{""contract"": ""NSE_FO|51356|19-05-2026"", ""status"": ""UNAFFORDABLE_OR_PAST_CAPACITY""}, {""contract"": ""NSE_FO|51358|19-05-2026"", ""status"": ""UNAFFORDABLE_OR_PAST_CAPACITY""}, {""contract"": ""NSE_FO|51364|19-05-2026"", ""status"": ""UNAFFORDABLE_OR_PAST_CAPACITY""}, {""contract"": ""NSE_FO|51366|19-05-2026"", ""status"": ""UNAFFORDABLE_OR_PAST_CAPACITY""}]",,,,,,,,,,,,,,
earlier,ORDINARY_PUBLISHED_PCR_TRAIL,2026-05-15,2026-05-15T10:25:00+05:30,CE,3705.07,ORDINARY_PUBLISHED_PCR,NO_AFFORDABLE_LIQUID_CONTRACT,"[{""contract"": ""NSE_FO|51374|19-05-2026"", ""status"": ""UNAFFORDABLE_OR_PAST_CAPACITY""}, {""contract"": ""NSE_FO|51376|19-05-2026"", ""status"": ""UNAFFORDABLE_OR_PAST_CAPACITY""}, {""contract"": ""NSE_FO|51378|19-05-2026"", ""status"": ""UNAFFORDABLE_OR_PAST_CAPACITY""}, {""contract"": ""NSE_FO|51380|19-05-2026"", ""status"": ""UNAFFORDABLE_OR_PAST_CAPACITY""}]",,,,,,,,,,,,,,
earlier,ORDINARY_PUBLISHED_PCR_TRAIL,2026-05-18,2026-05-18T10:00:00+05:30,PE,3705.07,ORDINARY_PUBLISHED_PCR,NO_AFFORDABLE_LIQUID_CONTRACT,"[{""contract"": ""NSE_FO|51347|19-05-2026"", ""status"": ""UNAFFORDABLE_OR_PAST_CAPACITY""}, {""contract"": ""NSE_FO|51325|19-05-2026"", ""status"": ""UNAFFORDABLE_OR_PAST_CAPACITY""}, {""contract"": ""NSE_FO|51323|19-05-2026"", ""status"": ""UNAFFORDABLE_OR_PAST_CAPACITY""}, {""contract"": ""NSE_FO|51321|19-05-2026"", ""status"": ""UNAFFORDABLE_OR_PAST_CAPACITY""}]",,,,,,,,,,,,,,
earlier,ORDINARY_PUBLISHED_PCR_TRAIL,2026-05-22,2026-05-22T14:05:00+05:30,PE,3705.07,ORDINARY_PUBLISHED_PCR,NO_AFFORDABLE_LIQUID_CONTRACT,"[{""contract"": ""NSE_FO|72170|26-05-2026"", ""status"": ""UNAFFORDABLE_OR_PAST_CAPACITY""}, {""contract"": ""NSE_FO|72168|26-05-2026"", ""status"": ""UNAFFORDABLE_OR_PAST_CAPACITY""}, {""contract"": ""NSE_FO|72166|26-05-2026"", ""status"": ""UNAFFORDABLE_OR_PAST_CAPACITY""}, {""contract"": ""NSE_FO|72147|26-05-2026"", ""status"": ""UNAFFORDABLE_OR_PAST_CAPACITY""}]",,,,,,,,,,,,,,
earlier,ORDINARY_PUBLISHED_PCR_TRAIL,2026-05-27,2026-05-27T10:00:00+05:30,PE,3705.07,ORDINARY_PUBLISHED_PCR,NO_AFFORDABLE_LIQUID_CONTRACT,"[{""contract"": ""NSE_FO|57045|02-06-2026"", ""status"": ""UNAFFORDABLE_OR_PAST_CAPACITY""}, {""contract"": ""NSE_FO|57043|02-06-2026"", ""status"": ""UNAFFORDABLE_OR_PAST_CAPACITY""}, {""contract"": ""NSE_FO|57041|02-06-2026"", ""status"": ""UNAFFORDABLE_OR_PAST_CAPACITY""}, {""contract"": ""NSE_FO|57039|02-06-2026"", ""status"": ""UNAFFORDABLE_OR_PAST_CAPACITY""}]",,,,,,,,,,,,,,
earlier,ORDINARY_PUBLISHED_PCR_TRAIL,2026-06-01,2026-06-01T10:05:00+05:30,PE,3705.07,ORDINARY_PUBLISHED_PCR,MODELED_EXIT,"[{""contract"": ""NSE_FO|57033|02-06-2026"", ""status"": ""UNAFFORDABLE_OR_PAST_CAPACITY""}, {""contract"": ""NSE_FO|57031|02-06-2026"", ""status"": ""UNAFFORDABLE_OR_PAST_CAPACITY""}, {""contract"": ""NSE_FO|57029|02-06-2026"", ""status"": ""UNAFFORDABLE_OR_PAST_CAPACITY""}, {""contract"": ""NSE_FO|57027|02-06-2026"", ""status"": ""ORDER_CREATED""}]",NSE_FO|57027|02-06-2026,23400.0,65,65,44.20,40.45,2026-06-01T10:06:00+05:30,22.50,2026-06-01T11:19:00+05:30,STOP,-1219.73,52.98,2485.34,0.5562422744128553770086526576
earlier,ORDINARY_PUBLISHED_PCR_TRAIL,2026-06-03,2026-06-03T12:35:00+05:30,CE,2485.34,ORDINARY_PUBLISHED_PCR,NO_AFFORDABLE_LIQUID_CONTRACT,"[{""contract"": ""NSE_FO|42288|09-06-2026"", ""status"": ""UNAFFORDABLE_OR_PAST_CAPACITY""}, {""contract"": ""NSE_FO|42290|09-06-2026"", ""status"": ""UNAFFORDABLE_OR_PAST_CAPACITY""}, {""contract"": ""NSE_FO|42295|09-06-2026"", ""status"": ""UNAFFORDABLE_OR_PAST_CAPACITY""}, {""contract"": ""NSE_FO|42297|09-06-2026"", ""status"": ""UNAFFORDABLE_OR_PAST_CAPACITY""}]",,,,,,,,,,,,,,
earlier,ORDINARY_PUBLISHED_PCR_TRAIL,2026-06-08,2026-06-08T13:45:00+05:30,PE,2485.34,ORDINARY_PUBLISHED_PCR,NO_AFFORDABLE_LIQUID_CONTRACT,"[{""contract"": ""NSE_FO|42279|09-06-2026"", ""status"": ""UNAFFORDABLE_OR_PAST_CAPACITY""}, {""contract"": ""NSE_FO|42273|09-06-2026"", ""status"": ""UNAFFORDABLE_OR_PAST_CAPACITY""}, {""contract"": ""NSE_FO|42271|09-06-2026"", ""status"": ""UNAFFORDABLE_OR_PAST_CAPACITY""}, {""contract"": ""NSE_FO|42269|09-06-2026"", ""status"": ""UNAFFORDABLE_OR_PAST_CAPACITY""}]",,,,,,,,,,,,,,
earlier,ORDINARY_PUBLISHED_PCR_TRAIL,2026-06-10,2026-06-10T10:45:00+05:30,CE,2485.34,ORDINARY_PUBLISHED_PCR,NO_AFFORDABLE_LIQUID_CONTRACT,"[{""contract"": ""NSE_FO|50572|16-06-2026"", ""status"": ""UNAFFORDABLE_OR_PAST_CAPACITY""}, {""contract"": ""NSE_FO|50574|16-06-2026"", ""status"": ""UNAFFORDABLE_OR_PAST_CAPACITY""}, {""contract"": ""NSE_FO|50576|16-06-2026"", ""status"": ""UNAFFORDABLE_OR_PAST_CAPACITY""}, {""contract"": ""NSE_FO|50585|16-06-2026"", ""status"": ""UNAFFORDABLE_OR_PAST_CAPACITY""}]",,,,,,,,,,,,,,
earlier,ORDINARY_PUBLISHED_PCR_TRAIL,2026-06-11,2026-06-11T10:00:00+05:30,PE,2485.34,ORDINARY_PUBLISHED_PCR,NO_AFFORDABLE_LIQUID_CONTRACT,"[{""contract"": ""NSE_FO|50562|16-06-2026"", ""status"": ""UNAFFORDABLE_OR_PAST_CAPACITY""}, {""contract"": ""NSE_FO|50553|16-06-2026"", ""status"": ""UNAFFORDABLE_OR_PAST_CAPACITY""}, {""contract"": ""NSE_FO|50550|16-06-2026"", ""status"": ""UNAFFORDABLE_OR_PAST_CAPACITY""}, {""contract"": ""NSE_FO|50543|16-06-2026"", ""status"": ""UNAFFORDABLE_OR_PAST_CAPACITY""}]",,,,,,,,,,,,,,
earlier,ORDINARY_PUBLISHED_PCR_TRAIL,2026-06-12,2026-06-12T13:30:00+05:30,CE,2485.34,ORDINARY_PUBLISHED_PCR,NO_AFFORDABLE_LIQUID_CONTRACT,"[{""contract"": ""NSE_FO|50574|16-06-2026"", ""status"": ""UNAFFORDABLE_OR_PAST_CAPACITY""}, {""contract"": ""NSE_FO|50576|16-06-2026"", ""status"": ""UNAFFORDABLE_OR_PAST_CAPACITY""}, {""contract"": ""NSE_FO|50585|16-06-2026"", ""status"": ""UNAFFORDABLE_OR_PAST_CAPACITY""}, {""contract"": ""NSE_FO|50591|16-06-2026"", ""status"": ""UNAFFORDABLE_OR_PAST_CAPACITY""}]",,,,,,,,,,,,,,
earlier,ORDINARY_PUBLISHED_PCR_TRAIL,2026-06-15,2026-06-15T10:35:00+05:30,CE,2485.34,ORDINARY_PUBLISHED_PCR,NO_AFFORDABLE_LIQUID_CONTRACT,"[{""contract"": ""NSE_FO|50613|16-06-2026"", ""status"": ""UNAFFORDABLE_OR_PAST_CAPACITY""}, {""contract"": ""NSE_FO|50615|16-06-2026"", ""status"": ""UNAFFORDABLE_OR_PAST_CAPACITY""}, {""contract"": ""NSE_FO|50617|16-06-2026"", ""status"": ""UNAFFORDABLE_OR_PAST_CAPACITY""}, {""contract"": ""NSE_FO|50619|16-06-2026"", ""status"": ""UNAFFORDABLE_OR_PAST_CAPACITY""}]",,,,,,,,,,,,,,
earlier,ORDINARY_PUBLISHED_PCR_TRAIL,2026-06-17,2026-06-17T15:00:00+05:30,CE,2485.34,ORDINARY_PUBLISHED_PCR,NO_AFFORDABLE_LIQUID_CONTRACT,"[{""contract"": ""NSE_FO|56376|23-06-2026"", ""status"": ""UNAFFORDABLE_OR_PAST_CAPACITY""}, {""contract"": ""NSE_FO|56380|23-06-2026"", ""status"": ""UNAFFORDABLE_OR_PAST_CAPACITY""}, {""contract"": ""NSE_FO|56382|23-06-2026"", ""status"": ""UNAFFORDABLE_OR_PAST_CAPACITY""}, {""contract"": ""NSE_FO|56384|23-06-2026"", ""status"": ""UNAFFORDABLE_OR_PAST_CAPACITY""}]",,,,,,,,,,,,,,
earlier,ORDINARY_PUBLISHED_PAIN_TARGET,2026-06-05,2026-06-05T10:00:00+05:30,PE,9411.18,ORDINARY_PUBLISHED_PAIN,MODELED_LIMIT_MISS,"[{""contract"": ""NSE_FO|42299|09-06-2026"", ""status"": ""UNAFFORDABLE_OR_PAST_CAPACITY""}, {""contract"": ""NSE_FO|42296|09-06-2026"", ""status"": ""ORDER_CREATED""}]",NSE_FO|42296|09-06-2026,23400.0,65,65,124.70,,,,,,,,,
earlier,ORDINARY_PUBLISHED_PAIN_TARGET,2026-06-10,2026-06-10T14:40:00+05:30,PE,9411.18,ORDINARY_PUBLISHED_PAIN,MODELED_EXIT,"[{""contract"": ""NSE_FO|50571|16-06-2026"", ""status"": ""UNAFFORDABLE_OR_PAST_CAPACITY""}, {""contract"": ""NSE_FO|50569|16-06-2026"", ""status"": ""UNAFFORDABLE_OR_PAST_CAPACITY""}, {""contract"": ""NSE_FO|50566|16-06-2026"", ""status"": ""UNAFFORDABLE_OR_PAST_CAPACITY""}, {""contract"": ""NSE_FO|50564|16-06-2026"", ""status"": ""ORDER_CREATED""}]",NSE_FO|50564|16-06-2026,23150.0,65,65,127.25,121.05,2026-06-10T14:41:00+05:30,131.05,2026-06-10T15:25:00+05:30,TIMED_CLOSE,581.87,68.13,9993.05,1.082610491532424617926476663
earlier,ORDINARY_PUBLISHED_PAIN_TRAIL,2026-06-05,2026-06-05T10:00:00+05:30,PE,9411.18,ORDINARY_PUBLISHED_PAIN,MODELED_LIMIT_MISS,"[{""contract"": ""NSE_FO|42299|09-06-2026"", ""status"": ""UNAFFORDABLE_OR_PAST_CAPACITY""}, {""contract"": ""NSE_FO|42296|09-06-2026"", ""status"": ""ORDER_CREATED""}]",NSE_FO|42296|09-06-2026,23400.0,65,65,124.70,,,,,,,,,
earlier,ORDINARY_PUBLISHED_PAIN_TRAIL,2026-06-10,2026-06-10T14:40:00+05:30,PE,9411.18,ORDINARY_PUBLISHED_PAIN,MODELED_EXIT,"[{""contract"": ""NSE_FO|50571|16-06-2026"", ""status"": ""UNAFFORDABLE_OR_PAST_CAPACITY""}, {""contract"": ""NSE_FO|50569|16-06-2026"", ""status"": ""UNAFFORDABLE_OR_PAST_CAPACITY""}, {""contract"": ""NSE_FO|50566|16-06-2026"", ""status"": ""UNAFFORDABLE_OR_PAST_CAPACITY""}, {""contract"": ""NSE_FO|50564|16-06-2026"", ""status"": ""ORDER_CREATED""}]",NSE_FO|50564|16-06-2026,23150.0,65,65,127.25,121.05,2026-06-10T14:41:00+05:30,131.05,2026-06-10T15:25:00+05:30,TIMED_CLOSE,581.87,68.13,9993.05,1.082610491532424617926476663
recent,EXPIRY_ORB30_TARGET,2026-06-23,2026-06-23T11:50:00+05:30,PE,9411.18,EXPIRY_ORB30,MODELED_LIMIT_MISS,"[{""contract"": ""NSE_FO|56373|23-06-2026"", ""status"": ""ORDER_CREATED""}]",NSE_FO|56373|23-06-2026,24000.0,65,325,23.55,,,,,,,,,
recent,EXPIRY_ORB30_TARGET,2026-06-30,2026-06-30T09:49:00+05:30,PE,9411.18,EXPIRY_ORB30,MODELED_LIMIT_MISS,"[{""contract"": ""NSE_FO|79714|30-06-2026"", ""status"": ""ORDER_CREATED""}]",NSE_FO|79714|30-06-2026,23850.0,65,130,63.35,,,,,,,,,
recent,EXPIRY_ORB30_TARGET,2026-07-07,2026-07-07T10:23:00+05:30,CE,9411.18,EXPIRY_ORB30,MODELED_EXIT,"[{""contract"": ""NSE_FO|44662|07-07-2026"", ""status"": ""ORDER_CREATED""}]",NSE_FO|44662|07-07-2026,24500.0,65,195,36.05,32.30,2026-07-07T10:24:00+05:30,15.80,2026-07-07T12:32:00+05:30,STOP,-3274.70,57.20,6136.48,0.4891640866873065015479876161
recent,EXPIRY_ORB30_TARGET,2026-07-21,2026-07-21T10:24:00+05:30,PE,6136.48,EXPIRY_ORB30,MODELED_EXIT,"[{""contract"": ""NSE_FO|57349|21-07-2026"", ""status"": ""ORDER_CREATED""}]",NSE_FO|57349|21-07-2026,24200.0,65,65,50.60,48.20,2026-07-21T10:25:00+05:30,18.00,2026-07-21T14:57:00+05:30,STOP,-2015.07,52.07,4121.41,0.3734439834024896265560165975
recent,EXPIRY_ORB30_TARGET,2026-08-04,2026-08-04T10:34:00+05:30,PE,4121.41,EXPIRY_ORB30,MODELED_LIMIT_MISS,"[{""contract"": ""NSE_FO|65872|04-08-2026"", ""status"": ""ORDER_CREATED""}]",NSE_FO|65872|04-08-2026,24600.0,65,65,49.45,,,,,,,,,
recent,EXPIRY_ORB30_TARGET,2026-08-11,2026-08-11T11:04:00+05:30,PE,4121.41,EXPIRY_ORB30,MODELED_EXIT,"[{""contract"": ""NSE_FO|41010|11-08-2026"", ""status"": ""ORDER_CREATED""}]",NSE_FO|41010|11-08-2026,24450.0,65,65,46.75,46.5,2026-08-11T11:05:00+05:30,22.15,2026-08-11T14:18:00+05:30,STOP,-1635.89,53.14,2485.52,0.4763440860215053763440860215
recent,EXPIRY_ORB30_TARGET,2026-08-18,2026-08-18T10:48:00+05:30,PE,2485.52,EXPIRY_ORB30,MODELED_EXIT,"[{""contract"": ""NSE_FO|45099|18-08-2026"", ""status"": ""ORDER_CREATED""}]",NSE_FO|45099|18-08-2026,24200.0,65,65,31.90,29.40,2026-08-18T10:49:00+05:30,13.85,2026-08-18T14:31:00+05:30,STOP,-1062.19,51.44,1423.33,0.4710884353741496598639455782
recent,EXPIRY_ORB30_TARGET,2026-08-25,2026-08-25T10:25:00+05:30,PE,1423.33,EXPIRY_ORB30,MODELED_LIMIT_MISS,"[{""contract"": ""NSE_FO|61622|25-08-2026"", ""status"": ""UNAFFORDABLE_OR_PAST_CAPACITY""}, {""contract"": ""NSE_FO|61609|25-08-2026"", ""status"": ""ORDER_CREATED""}]",NSE_FO|61609|25-08-2026,24050.0,65,130,9.55,,,,,,,,,
recent,EXPIRY_ORB30_TARGET,2026-09-01,2026-09-01T09:49:00+05:30,PE,1423.33,EXPIRY_ORB30,MODELED_LIMIT_MISS,"[{""contract"": ""NSE_FO|46986|01-09-2026"", ""status"": ""UNAFFORDABLE_OR_PAST_CAPACITY""}, {""contract"": ""NSE_FO|46984|01-09-2026"", ""status"": ""ORDER_CREATED""}]",NSE_FO|46984|01-09-2026,23950.0,65,65,13.55,,,,,,,,,
recent,EXPIRY_ORB30_TARGET,2026-09-08,2026-09-08T10:05:00+05:30,PE,1423.33,EXPIRY_ORB30,MODELED_EXIT,"[{""contract"": ""NSE_FO|42626|08-09-2026"", ""status"": ""UNAFFORDABLE_OR_PAST_CAPACITY""}, {""contract"": ""NSE_FO|42624|08-09-2026"", ""status"": ""ORDER_CREATED""}]",NSE_FO|42624|08-09-2026,23600.0,65,65,19.00,18.35,2026-09-08T10:06:00+05:30,6.30,2026-09-08T15:17:00+05:30,STOP,-833.20,49.95,590.13,0.3433242506811989100817438692
recent,EXPIRY_ORB30_TARGET,2026-09-15,2026-09-15T09:49:00+05:30,PE,590.13,EXPIRY_ORB30,NO_AFFORDABLE_LIQUID_CONTRACT,"[{""contract"": ""NSE_FO|47296|15-09-2026"", ""status"": ""UNAFFORDABLE_OR_PAST_CAPACITY""}, {""contract"": ""NSE_FO|47294|15-09-2026"", ""status"": ""UNAFFORDABLE_OR_PAST_CAPACITY""}, {""contract"": ""NSE_FO|47292|15-09-2026"", ""status"": ""UNAFFORDABLE_OR_PAST_CAPACITY""}, {""contract"": ""NSE_FO|47290|15-09-2026"", ""status"": ""UNAFFORDABLE_OR_PAST_CAPACITY""}]",,,,,,,,,,,,,,
recent,EXPIRY_ORB30_TRAIL,2026-06-23,2026-06-23T11:50:00+05:30,PE,9411.18,EXPIRY_ORB30,MODELED_LIMIT_MISS,"[{""contract"": ""NSE_FO|56373|23-06-2026"", ""status"": ""ORDER_CREATED""}]",NSE_FO|56373|23-06-2026,24000.0,65,325,23.55,,,,,,,,,
recent,EXPIRY_ORB30_TRAIL,2026-06-30,2026-06-30T09:49:00+05:30,PE,9411.18,EXPIRY_ORB30,MODELED_LIMIT_MISS,"[{""contract"": ""NSE_FO|79714|30-06-2026"", ""status"": ""ORDER_CREATED""}]",NSE_FO|79714|30-06-2026,23850.0,65,130,63.35,,,,,,,,,
recent,EXPIRY_ORB30_TRAIL,2026-07-07,2026-07-07T10:23:00+05:30,CE,9411.18,EXPIRY_ORB30,MODELED_EXIT,"[{""contract"": ""NSE_FO|44662|07-07-2026"", ""status"": ""ORDER_CREATED""}]",NSE_FO|44662|07-07-2026,24500.0,65,195,36.05,32.30,2026-07-07T10:24:00+05:30,20.75,2026-07-07T12:17:00+05:30,STOP,-2311.85,59.60,7099.33,0.6424148606811145510835913313
recent,EXPIRY_ORB30_TRAIL,2026-07-21,2026-07-21T10:24:00+05:30,PE,7099.33,EXPIRY_ORB30,MODELED_EXIT,"[{""contract"": ""NSE_FO|57349|21-07-2026"", ""status"": ""ORDER_CREATED""}]",NSE_FO|57349|21-07-2026,24200.0,65,130,50.60,48.20,2026-07-21T10:25:00+05:30,35.60,2026-07-21T13:34:00+05:30,STOP,-1697.84,59.84,5401.49,0.7385892116182572614107883817
recent,EXPIRY_ORB30_TRAIL,2026-08-04,2026-08-04T10:34:00+05:30,PE,5401.49,EXPIRY_ORB30,MODELED_LIMIT_MISS,"[{""contract"": ""NSE_FO|65872|04-08-2026"", ""status"": ""ORDER_CREATED""}]",NSE_FO|65872|04-08-2026,24600.0,65,65,49.45,,,,,,,,,
recent,EXPIRY_ORB30_TRAIL,2026-08-11,2026-08-11T11:04:00+05:30,PE,5401.49,EXPIRY_ORB30,MODELED_EXIT,"[{""contract"": ""NSE_FO|41010|11-08-2026"", ""status"": ""ORDER_CREATED""}]",NSE_FO|41010|11-08-2026,24450.0,65,65,46.75,46.5,2026-08-11T11:05:00+05:30,23.65,2026-08-11T14:09:00+05:30,STOP,-1538.43,53.18,3863.06,0.5086021505376344086021505376
recent,EXPIRY_ORB30_TRAIL,2026-08-18,2026-08-18T10:48:00+05:30,PE,3863.06,EXPIRY_ORB30,MODELED_EXIT,"[{""contract"": ""NSE_FO|45099|18-08-2026"", ""status"": ""ORDER_CREATED""}]",NSE_FO|45099|18-08-2026,24200.0,65,65,31.90,29.40,2026-08-18T10:49:00+05:30,24.05,2026-08-18T11:52:00+05:30,STOP,-400.47,52.72,3462.59,0.8180272108843537414965986395
recent,EXPIRY_ORB30_TRAIL,2026-08-25,2026-08-25T10:25:00+05:30,PE,3462.59,EXPIRY_ORB30,MODELED_EXIT,"[{""contract"": ""NSE_FO|61622|25-08-2026"", ""status"": ""ORDER_CREATED""}]",NSE_FO|61622|25-08-2026,24100.0,65,130,21.75,21.70,2026-08-25T10:26:00+05:30,10.40,2026-08-25T10:50:00+05:30,STOP,-1522.03,53.03,1940.56,0.4792626728110599078341013825
recent,EXPIRY_ORB30_TRAIL,2026-09-01,2026-09-01T09:49:00+05:30,PE,1940.56,EXPIRY_ORB30,MODELED_LIMIT_MISS,"[{""contract"": ""NSE_FO|46986|01-09-2026"", ""status"": ""UNAFFORDABLE_OR_PAST_CAPACITY""}, {""contract"": ""NSE_FO|46984|01-09-2026"", ""status"": ""ORDER_CREATED""}]",NSE_FO|46984|01-09-2026,23950.0,65,130,13.55,,,,,,,,,
recent,EXPIRY_ORB30_TRAIL,2026-09-08,2026-09-08T10:05:00+05:30,PE,1940.56,EXPIRY_ORB30,MODELED_EXIT,"[{""contract"": ""NSE_FO|42626|08-09-2026"", ""status"": ""UNAFFORDABLE_OR_PAST_CAPACITY""}, {""contract"": ""NSE_FO|42624|08-09-2026"", ""status"": ""ORDER_CREATED""}]",NSE_FO|42624|08-09-2026,23600.0,65,65,19.00,18.35,2026-09-08T10:06:00+05:30,6.30,2026-09-08T15:17:00+05:30,STOP,-833.20,49.95,1107.36,0.3433242506811989100817438692
recent,EXPIRY_ORB30_TRAIL,2026-09-15,2026-09-15T09:49:00+05:30,PE,1107.36,EXPIRY_ORB30,NO_AFFORDABLE_LIQUID_CONTRACT,"[{""contract"": ""NSE_FO|47296|15-09-2026"", ""status"": ""UNAFFORDABLE_OR_PAST_CAPACITY""}, {""contract"": ""NSE_FO|47294|15-09-2026"", ""status"": ""UNAFFORDABLE_OR_PAST_CAPACITY""}, {""contract"": ""NSE_FO|47292|15-09-2026"", ""status"": ""UNAFFORDABLE_OR_PAST_CAPACITY""}, {""contract"": ""NSE_FO|47290|15-09-2026"", ""status"": ""UNAFFORDABLE_OR_PAST_CAPACITY""}]",,,,,,,,,,,,,,
recent,EXPIRY_LATE_BREAK_TARGET,2026-06-23,2026-06-23T14:44:00+05:30,CE,9411.18,EXPIRY_LATE_BREAK,MODELED_EXIT,"[{""contract"": ""NSE_FO|56370|23-06-2026"", ""status"": ""ORDER_CREATED""}]",NSE_FO|56370|23-06-2026,23950.0,65,520,15.40,14.25,2026-06-23T14:45:00+05:30,5.80,2026-06-23T14:47:00+05:30,STOP,-4451.64,57.64,4959.54,0.4070175438596491228070175439
recent,EXPIRY_LATE_BREAK_TARGET,2026-06-30,2026-06-30T15:02:00+05:30,PE,4959.54,EXPIRY_LATE_BREAK,MODELED_EXIT,"[{""contract"": ""NSE_FO|79714|30-06-2026"", ""status"": ""ORDER_CREATED""}]",NSE_FO|79714|30-06-2026,23850.0,65,130,27.85,20.0,2026-06-30T15:03:00+05:30,9.85,2026-06-30T15:04:00+05:30,STOP,-1371.40,51.90,3588.14,0.4925
recent,EXPIRY_LATE_BREAK_TARGET,2026-07-07,2026-07-07T15:02:00+05:30,PE,3588.14,EXPIRY_LATE_BREAK,MODELED_LIMIT_MISS,"[{""contract"": ""NSE_FO|44661|07-07-2026"", ""status"": ""ORDER_CREATED""}]",NSE_FO|44661|07-07-2026,24450.0,65,65,29.35,,,,,,,,,
recent,EXPIRY_LATE_BREAK_TARGET,2026-07-14,2026-07-14T14:49:00+05:30,PE,3588.14,EXPIRY_LATE_BREAK,MODELED_LIMIT_MISS,"[{""contract"": ""NSE_FO|51374|14-07-2026"", ""status"": ""ORDER_CREATED""}]",NSE_FO|51374|14-07-2026,24050.0,65,65,42.15,,,,,,,,,
recent,EXPIRY_LATE_BREAK_TARGET,2026-07-21,2026-07-21T14:58:00+05:30,CE,3588.14,EXPIRY_LATE_BREAK,MODELED_EXIT,"[{""contract"": ""NSE_FO|57348|21-07-2026"", ""status"": ""ORDER_CREATED""}]",NSE_FO|57348|21-07-2026,24200.0,65,195,14.55,13.80,2026-07-21T14:59:00+05:30,5.60,2026-07-21T15:01:00+05:30,STOP,-1650.85,51.85,1937.29,0.4057971014492753623188405797
recent,EXPIRY_LATE_BREAK_TARGET,2026-07-28,2026-07-28T14:33:00+05:30,PE,1937.29,EXPIRY_LATE_BREAK,MODELED_LIMIT_MISS,"[{""contract"": ""NSE_FO|63938|28-07-2026"", ""status"": ""ORDER_CREATED""}]",NSE_FO|63938|28-07-2026,23950.0,65,195,7.90,,,,,,,,,
recent,EXPIRY_LATE_BREAK_TARGET,2026-08-04,2026-08-04T15:03:00+05:30,PE,1937.29,EXPIRY_LATE_BREAK,MODELED_EXIT,"[{""contract"": ""NSE_FO|65859|04-08-2026"", ""status"": ""UNAFFORDABLE_OR_PAST_CAPACITY""}, {""contract"": ""NSE_FO|65855|04-08-2026"", ""status"": ""ORDER_CREATED""}]",NSE_FO|65855|04-08-2026,24400.0,65,65,23.20,21.70,2026-08-04T15:04:00+05:30,9.90,2026-08-04T15:20:00+05:30,STOP,-817.13,50.13,1120.16,0.4562211981566820276497695853
recent,EXPIRY_LATE_BREAK_TARGET,2026-08-11,2026-08-11T14:41:00+05:30,PE,1120.16,EXPIRY_LATE_BREAK,MODELED_EXIT,"[{""contract"": ""NSE_FO|41010|11-08-2026"", ""status"": ""UNAFFORDABLE_OR_PAST_CAPACITY""}, {""contract"": ""NSE_FO|41008|11-08-2026"", ""status"": ""ORDER_CREATED""}]",NSE_FO|41008|11-08-2026,24400.0,65,65,13.65,12.05,2026-08-11T14:42:00+05:30,4.60,2026-08-11T15:01:00+05:30,STOP,-533.97,49.72,586.19,0.3817427385892116182572614108
recent,EXPIRY_LATE_BREAK_TARGET,2026-08-18,2026-08-18T14:52:00+05:30,CE,586.19,EXPIRY_LATE_BREAK,MODELED_EXIT,"[{""contract"": ""NSE_FO|45098|18-08-2026"", ""status"": ""UNAFFORDABLE_OR_PAST_CAPACITY""}, {""contract"": ""NSE_FO|45100|18-08-2026"", ""status"": ""UNAFFORDABLE_OR_PAST_CAPACITY""}, {""contract"": ""NSE_FO|45102|18-08-2026"", ""status"": ""ORDER_CREATED""}]",NSE_FO|45102|18-08-2026,24300.0,65,65,4.95,3.35,2026-08-18T14:53:00+05:30,6.70,2026-08-18T15:02:00+05:30,TARGET_2X,168.21,49.54,754.40,2
recent,EXPIRY_LATE_BREAK_TARGET,2026-08-25,2026-08-25T14:33:00+05:30,CE,754.40,EXPIRY_LATE_BREAK,MODELED_EXIT,"[{""contract"": ""NSE_FO|61647|25-08-2026"", ""status"": ""UNAFFORDABLE_OR_PAST_CAPACITY""}, {""contract"": ""NSE_FO|61671|25-08-2026"", ""status"": ""UNAFFORDABLE_OR_PAST_CAPACITY""}, {""contract"": ""NSE_FO|61685|25-08-2026"", ""status"": ""ORDER_CREATED""}]",NSE_FO|61685|25-08-2026,24300.0,65,65,7.00,6.25,2026-08-25T14:34:00+05:30,2.85,2026-08-25T14:38:00+05:30,STOP,-270.52,49.52,483.88,0.456
recent,EXPIRY_LATE_BREAK_TARGET,2026-09-15,2026-09-15T14:49:00+05:30,PE,483.88,EXPIRY_LATE_BREAK,MODELED_EXIT,"[{""contract"": ""NSE_FO|47284|15-09-2026"", ""status"": ""UNAFFORDABLE_OR_PAST_CAPACITY""}, {""contract"": ""NSE_FO|47282|15-09-2026"", ""status"": ""UNAFFORDABLE_OR_PAST_CAPACITY""}, {""contract"": ""NSE_FO|47280|15-09-2026"", ""status"": ""UNAFFORDABLE_OR_PAST_CAPACITY""}, {""contract"": ""NSE_FO|47278|15-09-2026"", ""status"": ""ORDER_CREATED""}]",NSE_FO|47278|15-09-2026,23000.0,65,65,5.85,5.70,2026-09-15T14:50:00+05:30,2.60,2026-09-15T15:12:00+05:30,STOP,-251.00,49.50,232.88,0.4561403508771929824561403509
recent,EXPIRY_LATE_BREAK_TRAIL,2026-06-23,2026-06-23T14:44:00+05:30,CE,9411.18,EXPIRY_LATE_BREAK,MODELED_EXIT,"[{""contract"": ""NSE_FO|56370|23-06-2026"", ""status"": ""ORDER_CREATED""}]",NSE_FO|56370|23-06-2026,23950.0,65,520,15.40,14.25,2026-06-23T14:45:00+05:30,5.80,2026-06-23T14:47:00+05:30,STOP,-4451.64,57.64,4959.54,0.4070175438596491228070175439
recent,EXPIRY_LATE_BREAK_TRAIL,2026-06-30,2026-06-30T15:02:00+05:30,PE,4959.54,EXPIRY_LATE_BREAK,MODELED_EXIT,"[{""contract"": ""NSE_FO|79714|30-06-2026"", ""status"": ""ORDER_CREATED""}]",NSE_FO|79714|30-06-2026,23850.0,65,130,27.85,20.0,2026-06-30T15:03:00+05:30,9.85,2026-06-30T15:04:00+05:30,STOP,-1371.40,51.90,3588.14,0.4925
recent,EXPIRY_LATE_BREAK_TRAIL,2026-07-07,2026-07-07T15:02:00+05:30,PE,3588.14,EXPIRY_LATE_BREAK,MODELED_LIMIT_MISS,"[{""contract"": ""NSE_FO|44661|07-07-2026"", ""status"": ""ORDER_CREATED""}]",NSE_FO|44661|07-07-2026,24450.0,65,65,29.35,,,,,,,,,
recent,EXPIRY_LATE_BREAK_TRAIL,2026-07-14,2026-07-14T14:49:00+05:30,PE,3588.14,EXPIRY_LATE_BREAK,MODELED_LIMIT_MISS,"[{""contract"": ""NSE_FO|51374|14-07-2026"", ""status"": ""ORDER_CREATED""}]",NSE_FO|51374|14-07-2026,24050.0,65,65,42.15,,,,,,,,,
recent,EXPIRY_LATE_BREAK_TRAIL,2026-07-21,2026-07-21T14:58:00+05:30,CE,3588.14,EXPIRY_LATE_BREAK,MODELED_EXIT,"[{""contract"": ""NSE_FO|57348|21-07-2026"", ""status"": ""ORDER_CREATED""}]",NSE_FO|57348|21-07-2026,24200.0,65,195,14.55,13.80,2026-07-21T14:59:00+05:30,5.60,2026-07-21T15:01:00+05:30,STOP,-1650.85,51.85,1937.29,0.4057971014492753623188405797
recent,EXPIRY_LATE_BREAK_TRAIL,2026-07-28,2026-07-28T14:33:00+05:30,PE,1937.29,EXPIRY_LATE_BREAK,MODELED_LIMIT_MISS,"[{""contract"": ""NSE_FO|63938|28-07-2026"", ""status"": ""ORDER_CREATED""}]",NSE_FO|63938|28-07-2026,23950.0,65,195,7.90,,,,,,,,,
recent,EXPIRY_LATE_BREAK_TRAIL,2026-08-04,2026-08-04T15:03:00+05:30,PE,1937.29,EXPIRY_LATE_BREAK,MODELED_EXIT,"[{""contract"": ""NSE_FO|65859|04-08-2026"", ""status"": ""UNAFFORDABLE_OR_PAST_CAPACITY""}, {""contract"": ""NSE_FO|65855|04-08-2026"", ""status"": ""ORDER_CREATED""}]",NSE_FO|65855|04-08-2026,24400.0,65,65,23.20,21.70,2026-08-04T15:04:00+05:30,9.90,2026-08-04T15:20:00+05:30,STOP,-817.13,50.13,1120.16,0.4562211981566820276497695853
recent,EXPIRY_LATE_BREAK_TRAIL,2026-08-11,2026-08-11T14:41:00+05:30,PE,1120.16,EXPIRY_LATE_BREAK,MODELED_EXIT,"[{""contract"": ""NSE_FO|41010|11-08-2026"", ""status"": ""UNAFFORDABLE_OR_PAST_CAPACITY""}, {""contract"": ""NSE_FO|41008|11-08-2026"", ""status"": ""ORDER_CREATED""}]",NSE_FO|41008|11-08-2026,24400.0,65,65,13.65,12.05,2026-08-11T14:42:00+05:30,4.60,2026-08-11T15:01:00+05:30,STOP,-533.97,49.72,586.19,0.3817427385892116182572614108
recent,EXPIRY_LATE_BREAK_TRAIL,2026-08-18,2026-08-18T14:52:00+05:30,CE,586.19,EXPIRY_LATE_BREAK,MODELED_EXIT,"[{""contract"": ""NSE_FO|45098|18-08-2026"", ""status"": ""UNAFFORDABLE_OR_PAST_CAPACITY""}, {""contract"": ""NSE_FO|45100|18-08-2026"", ""status"": ""UNAFFORDABLE_OR_PAST_CAPACITY""}, {""contract"": ""NSE_FO|45102|18-08-2026"", ""status"": ""ORDER_CREATED""}]",NSE_FO|45102|18-08-2026,24300.0,65,65,4.95,3.35,2026-08-18T14:53:00+05:30,1.75,2026-08-18T15:04:00+05:30,STOP,-153.41,49.41,432.78,0.5223880597014925373134328358
recent,EXPIRY_LATE_BREAK_TRAIL,2026-08-25,2026-08-25T14:33:00+05:30,CE,432.78,EXPIRY_LATE_BREAK,MODELED_EXIT,"[{""contract"": ""NSE_FO|61647|25-08-2026"", ""status"": ""UNAFFORDABLE_OR_PAST_CAPACITY""}, {""contract"": ""NSE_FO|61671|25-08-2026"", ""status"": ""UNAFFORDABLE_OR_PAST_CAPACITY""}, {""contract"": ""NSE_FO|61685|25-08-2026"", ""status"": ""UNAFFORDABLE_OR_PAST_CAPACITY""}, {""contract"": ""NSE_FO|61717|25-08-2026"", ""status"": ""ORDER_CREATED""}]",NSE_FO|61717|25-08-2026,24350.0,65,130,2.50,2.25,2026-08-25T14:34:00+05:30,1.00,2026-08-25T14:39:00+05:30,STOP,-211.95,49.45,220.83,0.4444444444444444444444444444
recent,EXPIRY_LATE_BREAK_TRAIL,2026-09-15,2026-09-15T14:49:00+05:30,PE,220.83,EXPIRY_LATE_BREAK,NO_AFFORDABLE_LIQUID_CONTRACT,"[{""contract"": ""NSE_FO|47284|15-09-2026"", ""status"": ""UNAFFORDABLE_OR_PAST_CAPACITY""}, {""contract"": ""NSE_FO|47282|15-09-2026"", ""status"": ""UNAFFORDABLE_OR_PAST_CAPACITY""}, {""contract"": ""NSE_FO|47280|15-09-2026"", ""status"": ""UNAFFORDABLE_OR_PAST_CAPACITY""}, {""contract"": ""NSE_FO|47278|15-09-2026"", ""status"": ""UNAFFORDABLE_OR_PAST_CAPACITY""}]",,,,,,,,,,,,,,
recent,EXPIRY_LATE_FADE_TARGET,2026-06-23,2026-06-23T14:48:00+05:30,PE,9411.18,EXPIRY_LATE_FADE,MODELED_LIMIT_MISS,"[{""contract"": ""NSE_FO|56359|23-06-2026"", ""status"": ""ORDER_CREATED""}]",NSE_FO|56359|23-06-2026,23900.0,65,975,9.05,,,,,,,,,
recent,EXPIRY_LATE_FADE_TARGET,2026-06-30,2026-06-30T15:12:00+05:30,CE,9411.18,EXPIRY_LATE_FADE,MODELED_LIMIT_MISS,"[{""contract"": ""NSE_FO|79713|30-06-2026"", ""status"": ""ORDER_CREATED""}]",NSE_FO|79713|30-06-2026,23850.0,65,455,18.70,,,,,,,,,
recent,EXPIRY_LATE_FADE_TARGET,2026-07-14,2026-07-14T14:57:00+05:30,CE,9411.18,EXPIRY_LATE_FADE,MODELED_LIMIT_MISS,"[{""contract"": ""NSE_FO|51373|14-07-2026"", ""status"": ""ORDER_CREATED""}]",NSE_FO|51373|14-07-2026,24050.0,65,715,11.55,,,,,,,,,
recent,EXPIRY_LATE_FADE_TARGET,2026-07-28,2026-07-28T14:38:00+05:30,CE,9411.18,EXPIRY_LATE_FADE,MODELED_LIMIT_MISS,"[{""contract"": ""NSE_FO|63939|28-07-2026"", ""status"": ""ORDER_CREATED""}]",NSE_FO|63939|28-07-2026,24000.0,65,780,11.05,,,,,,,,,
recent,EXPIRY_LATE_FADE_TARGET,2026-08-11,2026-08-11T14:45:00+05:30,CE,9411.18,EXPIRY_LATE_FADE,MODELED_LIMIT_MISS,"[{""contract"": ""NSE_FO|41009|11-08-2026"", ""status"": ""ORDER_CREATED""}]",NSE_FO|41009|11-08-2026,24450.0,65,195,38.75,,,,,,,,,
recent,EXPIRY_LATE_FADE_TARGET,2026-08-18,2026-08-18T15:08:00+05:30,PE,9411.18,EXPIRY_LATE_FADE,MODELED_LIMIT_MISS,"[{""contract"": ""NSE_FO|45099|18-08-2026"", ""status"": ""ORDER_CREATED""}]",NSE_FO|45099|18-08-2026,24200.0,65,650,13.25,,,,,,,,,
recent,EXPIRY_LATE_FADE_TRAIL,2026-06-23,2026-06-23T14:48:00+05:30,PE,9411.18,EXPIRY_LATE_FADE,MODELED_LIMIT_MISS,"[{""contract"": ""NSE_FO|56359|23-06-2026"", ""status"": ""ORDER_CREATED""}]",NSE_FO|56359|23-06-2026,23900.0,65,975,9.05,,,,,,,,,
recent,EXPIRY_LATE_FADE_TRAIL,2026-06-30,2026-06-30T15:12:00+05:30,CE,9411.18,EXPIRY_LATE_FADE,MODELED_LIMIT_MISS,"[{""contract"": ""NSE_FO|79713|30-06-2026"", ""status"": ""ORDER_CREATED""}]",NSE_FO|79713|30-06-2026,23850.0,65,455,18.70,,,,,,,,,
recent,EXPIRY_LATE_FADE_TRAIL,2026-07-14,2026-07-14T14:57:00+05:30,CE,9411.18,EXPIRY_LATE_FADE,MODELED_LIMIT_MISS,"[{""contract"": ""NSE_FO|51373|14-07-2026"", ""status"": ""ORDER_CREATED""}]",NSE_FO|51373|14-07-2026,24050.0,65,715,11.55,,,,,,,,,
recent,EXPIRY_LATE_FADE_TRAIL,2026-07-28,2026-07-28T14:38:00+05:30,CE,9411.18,EXPIRY_LATE_FADE,MODELED_LIMIT_MISS,"[{""contract"": ""NSE_FO|63939|28-07-2026"", ""status"": ""ORDER_CREATED""}]",NSE_FO|63939|28-07-2026,24000.0,65,780,11.05,,,,,,,,,
recent,EXPIRY_LATE_FADE_TRAIL,2026-08-11,2026-08-11T14:45:00+05:30,CE,9411.18,EXPIRY_LATE_FADE,MODELED_LIMIT_MISS,"[{""contract"": ""NSE_FO|41009|11-08-2026"", ""status"": ""ORDER_CREATED""}]",NSE_FO|41009|11-08-2026,24450.0,65,195,38.75,,,,,,,,,
recent,EXPIRY_LATE_FADE_TRAIL,2026-08-18,2026-08-18T15:08:00+05:30,PE,9411.18,EXPIRY_LATE_FADE,MODELED_LIMIT_MISS,"[{""contract"": ""NSE_FO|45099|18-08-2026"", ""status"": ""ORDER_CREATED""}]",NSE_FO|45099|18-08-2026,24200.0,65,650,13.25,,,,,,,,,
recent,EXPIRY_OPTION_ACCEL_TARGET,2026-06-23,2026-06-23T14:45:00+05:30,CE,9411.18,EXPIRY_OPTION_ACCEL,MODELED_LIMIT_MISS,"[{""contract"": ""NSE_FO|56370|23-06-2026"", ""status"": ""ORDER_CREATED""}]",NSE_FO|56370|23-06-2026,23950.0,65,715,12.30,,,,,,,,,
recent,EXPIRY_OPTION_ACCEL_TARGET,2026-06-30,2026-06-30T15:01:00+05:30,PE,9411.18,EXPIRY_OPTION_ACCEL,MODELED_LIMIT_MISS,"[{""contract"": ""NSE_FO|79729|30-06-2026"", ""status"": ""ORDER_CREATED""}]",NSE_FO|79729|30-06-2026,23950.0,65,65,100.55,,,,,,,,,
recent,EXPIRY_OPTION_ACCEL_TARGET,2026-07-07,2026-07-07T15:01:00+05:30,PE,9411.18,EXPIRY_OPTION_ACCEL,MODELED_LIMIT_MISS,"[{""contract"": ""NSE_FO|44661|07-07-2026"", ""status"": ""ORDER_CREATED""}]",NSE_FO|44661|07-07-2026,24450.0,65,390,20.90,,,,,,,,,
recent,EXPIRY_OPTION_ACCEL_TARGET,2026-07-14,2026-07-14T14:49:00+05:30,PE,9411.18,EXPIRY_OPTION_ACCEL,MODELED_LIMIT_MISS,"[{""contract"": ""NSE_FO|51374|14-07-2026"", ""status"": ""ORDER_CREATED""}]",NSE_FO|51374|14-07-2026,24050.0,65,195,42.15,,,,,,,,,
recent,EXPIRY_OPTION_ACCEL_TARGET,2026-07-28,2026-07-28T15:02:00+05:30,PE,9411.18,EXPIRY_OPTION_ACCEL,MODELED_EXIT,"[{""contract"": ""NSE_FO|63940|28-07-2026"", ""status"": ""ORDER_CREATED""}]",NSE_FO|63940|28-07-2026,24000.0,65,195,45.15,44.15,2026-07-28T15:03:00+05:30,20.90,2026-07-28T15:19:00+05:30,STOP,-4594.33,60.58,4816.85,0.4733861834654586636466591166
recent,EXPIRY_OPTION_ACCEL_TARGET,2026-08-11,2026-08-11T15:23:00+05:30,CE,4816.85,EXPIRY_OPTION_ACCEL,MODELED_EXIT,"[{""contract"": ""NSE_FO|41009|11-08-2026"", ""status"": ""ORDER_CREATED""}]",NSE_FO|41009|11-08-2026,24450.0,65,130,34.35,33.0,2026-08-11T15:24:00+05:30,13.05,2026-08-11T15:27:00+05:30,STOP,-2647.28,53.78,2169.57,0.3954545454545454545454545455
recent,EXPIRY_OPTION_ACCEL_TARGET,2026-08-18,2026-08-18T15:05:00+05:30,PE,2169.57,EXPIRY_OPTION_ACCEL,MODELED_LIMIT_MISS,"[{""contract"": ""NSE_FO|45099|18-08-2026"", ""status"": ""ORDER_CREATED""}]",NSE_FO|45099|18-08-2026,24200.0,65,130,13.35,,,,,,,,,
recent,EXPIRY_OPTION_ACCEL_TARGET,2026-09-08,2026-09-08T15:14:00+05:30,PE,2169.57,EXPIRY_OPTION_ACCEL,MODELED_LIMIT_MISS,"[{""contract"": ""NSE_FO|42626|08-09-2026"", ""status"": ""UNAFFORDABLE_OR_PAST_CAPACITY""}, {""contract"": ""NSE_FO|42624|08-09-2026"", ""status"": ""ORDER_CREATED""}]",NSE_FO|42624|08-09-2026,23600.0,65,65,20.15,,,,,,,,,
recent,EXPIRY_OPTION_ACCEL_TARGET,2026-09-15,2026-09-15T14:48:00+05:30,PE,2169.57,EXPIRY_OPTION_ACCEL,MODELED_LIMIT_MISS,"[{""contract"": ""NSE_FO|47286|15-09-2026"", ""status"": ""UNAFFORDABLE_OR_PAST_CAPACITY""}, {""contract"": ""NSE_FO|47284|15-09-2026"", ""status"": ""UNAFFORDABLE_OR_PAST_CAPACITY""}, {""contract"": ""NSE_FO|47282|15-09-2026"", ""status"": ""ORDER_CREATED""}]",NSE_FO|47282|15-09-2026,23100.0,65,65,18.55,,,,,,,,,
recent,EXPIRY_OPTION_ACCEL_TRAIL,2026-06-23,2026-06-23T14:45:00+05:30,CE,9411.18,EXPIRY_OPTION_ACCEL,MODELED_LIMIT_MISS,"[{""contract"": ""NSE_FO|56370|23-06-2026"", ""status"": ""ORDER_CREATED""}]",NSE_FO|56370|23-06-2026,23950.0,65,715,12.30,,,,,,,,,
recent,EXPIRY_OPTION_ACCEL_TRAIL,2026-06-30,2026-06-30T15:01:00+05:30,PE,9411.18,EXPIRY_OPTION_ACCEL,MODELED_LIMIT_MISS,"[{""contract"": ""NSE_FO|79729|30-06-2026"", ""status"": ""ORDER_CREATED""}]",NSE_FO|79729|30-06-2026,23950.0,65,65,100.55,,,,,,,,,
recent,EXPIRY_OPTION_ACCEL_TRAIL,2026-07-07,2026-07-07T15:01:00+05:30,PE,9411.18,EXPIRY_OPTION_ACCEL,MODELED_LIMIT_MISS,"[{""contract"": ""NSE_FO|44661|07-07-2026"", ""status"": ""ORDER_CREATED""}]",NSE_FO|44661|07-07-2026,24450.0,65,390,20.90,,,,,,,,,
recent,EXPIRY_OPTION_ACCEL_TRAIL,2026-07-14,2026-07-14T14:49:00+05:30,PE,9411.18,EXPIRY_OPTION_ACCEL,MODELED_LIMIT_MISS,"[{""contract"": ""NSE_FO|51374|14-07-2026"", ""status"": ""ORDER_CREATED""}]",NSE_FO|51374|14-07-2026,24050.0,65,195,42.15,,,,,,,,,
recent,EXPIRY_OPTION_ACCEL_TRAIL,2026-07-28,2026-07-28T15:02:00+05:30,PE,9411.18,EXPIRY_OPTION_ACCEL,MODELED_EXIT,"[{""contract"": ""NSE_FO|63940|28-07-2026"", ""status"": ""ORDER_CREATED""}]",NSE_FO|63940|28-07-2026,24000.0,65,195,45.15,44.15,2026-07-28T15:03:00+05:30,20.90,2026-07-28T15:19:00+05:30,STOP,-4594.33,60.58,4816.85,0.4733861834654586636466591166
recent,EXPIRY_OPTION_ACCEL_TRAIL,2026-08-11,2026-08-11T15:23:00+05:30,CE,4816.85,EXPIRY_OPTION_ACCEL,MODELED_EXIT,"[{""contract"": ""NSE_FO|41009|11-08-2026"", ""status"": ""ORDER_CREATED""}]",NSE_FO|41009|11-08-2026,24450.0,65,130,34.35,33.0,2026-08-11T15:24:00+05:30,13.05,2026-08-11T15:27:00+05:30,STOP,-2647.28,53.78,2169.57,0.3954545454545454545454545455
recent,EXPIRY_OPTION_ACCEL_TRAIL,2026-08-18,2026-08-18T15:05:00+05:30,PE,2169.57,EXPIRY_OPTION_ACCEL,MODELED_LIMIT_MISS,"[{""contract"": ""NSE_FO|45099|18-08-2026"", ""status"": ""ORDER_CREATED""}]",NSE_FO|45099|18-08-2026,24200.0,65,130,13.35,,,,,,,,,
recent,EXPIRY_OPTION_ACCEL_TRAIL,2026-09-08,2026-09-08T15:14:00+05:30,PE,2169.57,EXPIRY_OPTION_ACCEL,MODELED_LIMIT_MISS,"[{""contract"": ""NSE_FO|42626|08-09-2026"", ""status"": ""UNAFFORDABLE_OR_PAST_CAPACITY""}, {""contract"": ""NSE_FO|42624|08-09-2026"", ""status"": ""ORDER_CREATED""}]",NSE_FO|42624|08-09-2026,23600.0,65,65,20.15,,,,,,,,,
recent,EXPIRY_OPTION_ACCEL_TRAIL,2026-09-15,2026-09-15T14:48:00+05:30,PE,2169.57,EXPIRY_OPTION_ACCEL,MODELED_LIMIT_MISS,"[{""contract"": ""NSE_FO|47286|15-09-2026"", ""status"": ""UNAFFORDABLE_OR_PAST_CAPACITY""}, {""contract"": ""NSE_FO|47284|15-09-2026"", ""status"": ""UNAFFORDABLE_OR_PAST_CAPACITY""}, {""contract"": ""NSE_FO|47282|15-09-2026"", ""status"": ""ORDER_CREATED""}]",NSE_FO|47282|15-09-2026,23100.0,65,65,18.55,,,,,,,,,
recent,EXPIRY_OPTION_ACCEL_OI_TARGET,2026-06-23,2026-06-23T14:45:00+05:30,CE,9411.18,EXPIRY_OPTION_ACCEL_OI,MODELED_LIMIT_MISS,"[{""contract"": ""NSE_FO|56370|23-06-2026"", ""status"": ""ORDER_CREATED""}]",NSE_FO|56370|23-06-2026,23950.0,65,715,12.30,,,,,,,,,
recent,EXPIRY_OPTION_ACCEL_OI_TARGET,2026-06-30,2026-06-30T15:01:00+05:30,PE,9411.18,EXPIRY_OPTION_ACCEL_OI,MODELED_LIMIT_MISS,"[{""contract"": ""NSE_FO|79729|30-06-2026"", ""status"": ""ORDER_CREATED""}]",NSE_FO|79729|30-06-2026,23950.0,65,65,100.55,,,,,,,,,
recent,EXPIRY_OPTION_ACCEL_OI_TARGET,2026-07-07,2026-07-07T15:01:00+05:30,PE,9411.18,EXPIRY_OPTION_ACCEL_OI,MODELED_LIMIT_MISS,"[{""contract"": ""NSE_FO|44661|07-07-2026"", ""status"": ""ORDER_CREATED""}]",NSE_FO|44661|07-07-2026,24450.0,65,390,20.90,,,,,,,,,
recent,EXPIRY_OPTION_ACCEL_OI_TARGET,2026-07-14,2026-07-14T14:49:00+05:30,PE,9411.18,EXPIRY_OPTION_ACCEL_OI,MODELED_LIMIT_MISS,"[{""contract"": ""NSE_FO|51374|14-07-2026"", ""status"": ""ORDER_CREATED""}]",NSE_FO|51374|14-07-2026,24050.0,65,195,42.15,,,,,,,,,
recent,EXPIRY_OPTION_ACCEL_OI_TARGET,2026-07-28,2026-07-28T15:02:00+05:30,PE,9411.18,EXPIRY_OPTION_ACCEL_OI,MODELED_EXIT,"[{""contract"": ""NSE_FO|63940|28-07-2026"", ""status"": ""ORDER_CREATED""}]",NSE_FO|63940|28-07-2026,24000.0,65,195,45.15,44.15,2026-07-28T15:03:00+05:30,20.90,2026-07-28T15:19:00+05:30,STOP,-4594.33,60.58,4816.85,0.4733861834654586636466591166
recent,EXPIRY_OPTION_ACCEL_OI_TARGET,2026-08-11,2026-08-11T15:23:00+05:30,CE,4816.85,EXPIRY_OPTION_ACCEL_OI,MODELED_EXIT,"[{""contract"": ""NSE_FO|41009|11-08-2026"", ""status"": ""ORDER_CREATED""}]",NSE_FO|41009|11-08-2026,24450.0,65,130,34.35,33.0,2026-08-11T15:24:00+05:30,13.05,2026-08-11T15:27:00+05:30,STOP,-2647.28,53.78,2169.57,0.3954545454545454545454545455
recent,EXPIRY_OPTION_ACCEL_OI_TARGET,2026-08-18,2026-08-18T15:16:00+05:30,PE,2169.57,EXPIRY_OPTION_ACCEL_OI,MODELED_LIMIT_MISS,"[{""contract"": ""NSE_FO|45099|18-08-2026"", ""status"": ""ORDER_CREATED""}]",NSE_FO|45099|18-08-2026,24200.0,65,65,21.95,,,,,,,,,
recent,EXPIRY_OPTION_ACCEL_OI_TARGET,2026-09-08,2026-09-08T15:14:00+05:30,PE,2169.57,EXPIRY_OPTION_ACCEL_OI,MODELED_LIMIT_MISS,"[{""contract"": ""NSE_FO|42626|08-09-2026"", ""status"": ""UNAFFORDABLE_OR_PAST_CAPACITY""}, {""contract"": ""NSE_FO|42624|08-09-2026"", ""status"": ""ORDER_CREATED""}]",NSE_FO|42624|08-09-2026,23600.0,65,65,20.15,,,,,,,,,
recent,EXPIRY_OPTION_ACCEL_OI_TARGET,2026-09-15,2026-09-15T14:48:00+05:30,PE,2169.57,EXPIRY_OPTION_ACCEL_OI,MODELED_LIMIT_MISS,"[{""contract"": ""NSE_FO|47286|15-09-2026"", ""status"": ""UNAFFORDABLE_OR_PAST_CAPACITY""}, {""contract"": ""NSE_FO|47284|15-09-2026"", ""status"": ""UNAFFORDABLE_OR_PAST_CAPACITY""}, {""contract"": ""NSE_FO|47282|15-09-2026"", ""status"": ""ORDER_CREATED""}]",NSE_FO|47282|15-09-2026,23100.0,65,65,18.55,,,,,,,,,
recent,EXPIRY_OPTION_ACCEL_OI_TRAIL,2026-06-23,2026-06-23T14:45:00+05:30,CE,9411.18,EXPIRY_OPTION_ACCEL_OI,MODELED_LIMIT_MISS,"[{""contract"": ""NSE_FO|56370|23-06-2026"", ""status"": ""ORDER_CREATED""}]",NSE_FO|56370|23-06-2026,23950.0,65,715,12.30,,,,,,,,,
recent,EXPIRY_OPTION_ACCEL_OI_TRAIL,2026-06-30,2026-06-30T15:01:00+05:30,PE,9411.18,EXPIRY_OPTION_ACCEL_OI,MODELED_LIMIT_MISS,"[{""contract"": ""NSE_FO|79729|30-06-2026"", ""status"": ""ORDER_CREATED""}]",NSE_FO|79729|30-06-2026,23950.0,65,65,100.55,,,,,,,,,
recent,EXPIRY_OPTION_ACCEL_OI_TRAIL,2026-07-07,2026-07-07T15:01:00+05:30,PE,9411.18,EXPIRY_OPTION_ACCEL_OI,MODELED_LIMIT_MISS,"[{""contract"": ""NSE_FO|44661|07-07-2026"", ""status"": ""ORDER_CREATED""}]",NSE_FO|44661|07-07-2026,24450.0,65,390,20.90,,,,,,,,,
recent,EXPIRY_OPTION_ACCEL_OI_TRAIL,2026-07-14,2026-07-14T14:49:00+05:30,PE,9411.18,EXPIRY_OPTION_ACCEL_OI,MODELED_LIMIT_MISS,"[{""contract"": ""NSE_FO|51374|14-07-2026"", ""status"": ""ORDER_CREATED""}]",NSE_FO|51374|14-07-2026,24050.0,65,195,42.15,,,,,,,,,
recent,EXPIRY_OPTION_ACCEL_OI_TRAIL,2026-07-28,2026-07-28T15:02:00+05:30,PE,9411.18,EXPIRY_OPTION_ACCEL_OI,MODELED_EXIT,"[{""contract"": ""NSE_FO|63940|28-07-2026"", ""status"": ""ORDER_CREATED""}]",NSE_FO|63940|28-07-2026,24000.0,65,195,45.15,44.15,2026-07-28T15:03:00+05:30,20.90,2026-07-28T15:19:00+05:30,STOP,-4594.33,60.58,4816.85,0.4733861834654586636466591166
recent,EXPIRY_OPTION_ACCEL_OI_TRAIL,2026-08-11,2026-08-11T15:23:00+05:30,CE,4816.85,EXPIRY_OPTION_ACCEL_OI,MODELED_EXIT,"[{""contract"": ""NSE_FO|41009|11-08-2026"", ""status"": ""ORDER_CREATED""}]",NSE_FO|41009|11-08-2026,24450.0,65,130,34.35,33.0,2026-08-11T15:24:00+05:30,13.05,2026-08-11T15:27:00+05:30,STOP,-2647.28,53.78,2169.57,0.3954545454545454545454545455
recent,EXPIRY_OPTION_ACCEL_OI_TRAIL,2026-08-18,2026-08-18T15:16:00+05:30,PE,2169.57,EXPIRY_OPTION_ACCEL_OI,MODELED_LIMIT_MISS,"[{""contract"": ""NSE_FO|45099|18-08-2026"", ""status"": ""ORDER_CREATED""}]",NSE_FO|45099|18-08-2026,24200.0,65,65,21.95,,,,,,,,,
recent,EXPIRY_OPTION_ACCEL_OI_TRAIL,2026-09-08,2026-09-08T15:14:00+05:30,PE,2169.57,EXPIRY_OPTION_ACCEL_OI,MODELED_LIMIT_MISS,"[{""contract"": ""NSE_FO|42626|08-09-2026"", ""status"": ""UNAFFORDABLE_OR_PAST_CAPACITY""}, {""contract"": ""NSE_FO|42624|08-09-2026"", ""status"": ""ORDER_CREATED""}]",NSE_FO|42624|08-09-2026,23600.0,65,65,20.15,,,,,,,,,
recent,EXPIRY_OPTION_ACCEL_OI_TRAIL,2026-09-15,2026-09-15T14:48:00+05:30,PE,2169.57,EXPIRY_OPTION_ACCEL_OI,MODELED_LIMIT_MISS,"[{""contract"": ""NSE_FO|47286|15-09-2026"", ""status"": ""UNAFFORDABLE_OR_PAST_CAPACITY""}, {""contract"": ""NSE_FO|47284|15-09-2026"", ""status"": ""UNAFFORDABLE_OR_PAST_CAPACITY""}, {""contract"": ""NSE_FO|47282|15-09-2026"", ""status"": ""ORDER_CREATED""}]",NSE_FO|47282|15-09-2026,23100.0,65,65,18.55,,,,,,,,,
recent,EXPIRY_FUTURE_TREND_TARGET,2026-06-23,2026-06-23T11:20:00+05:30,CE,9411.18,EXPIRY_FUTURE_TREND,MODELED_LIMIT_MISS,"[{""contract"": ""NSE_FO|56380|23-06-2026"", ""status"": ""ORDER_CREATED""}]",NSE_FO|56380|23-06-2026,24150.0,65,390,21.80,,,,,,,,,
recent,EXPIRY_FUTURE_TREND_TARGET,2026-06-30,2026-06-30T10:05:00+05:30,CE,9411.18,EXPIRY_FUTURE_TREND,MODELED_EXIT,"[{""contract"": ""NSE_FO|79722|30-06-2026"", ""status"": ""ORDER_CREATED""}]",NSE_FO|79722|30-06-2026,23900.0,65,65,79.15,72.85,2026-06-30T10:06:00+05:30,28.85,2026-06-30T14:04:00+05:30,STOP,-2914.04,54.04,6497.14,0.3960192175703500343170899108
recent,EXPIRY_FUTURE_TREND_TARGET,2026-07-07,2026-07-07T10:10:00+05:30,CE,6497.14,EXPIRY_FUTURE_TREND,MODELED_LIMIT_MISS,"[{""contract"": ""NSE_FO|44662|07-07-2026"", ""status"": ""ORDER_CREATED""}]",NSE_FO|44662|07-07-2026,24500.0,65,195,30.95,,,,,,,,,
recent,EXPIRY_FUTURE_TREND_TARGET,2026-07-14,2026-07-14T10:20:00+05:30,PE,6497.14,EXPIRY_FUTURE_TREND,MODELED_EXIT,"[{""contract"": ""NSE_FO|51374|14-07-2026"", ""status"": ""ORDER_CREATED""}]",NSE_FO|51374|14-07-2026,24050.0,65,65,60.75,46.80,2026-07-14T10:21:00+05:30,22.40,2026-07-14T10:52:00+05:30,STOP,-1639.15,53.15,4857.99,0.4786324786324786324786324786
recent,EXPIRY_FUTURE_TREND_TARGET,2026-07-21,2026-07-21T10:25:00+05:30,PE,4857.99,EXPIRY_FUTURE_TREND,MODELED_LIMIT_MISS,"[{""contract"": ""NSE_FO|57349|21-07-2026"", ""status"": ""ORDER_CREATED""}]",NSE_FO|57349|21-07-2026,24200.0,65,65,49.65,,,,,,,,,
recent,EXPIRY_FUTURE_TREND_TARGET,2026-07-28,2026-07-28T10:05:00+05:30,PE,4857.99,EXPIRY_FUTURE_TREND,MODELED_LIMIT_MISS,"[{""contract"": ""NSE_FO|63938|28-07-2026"", ""status"": ""ORDER_CREATED""}]",NSE_FO|63938|28-07-2026,23950.0,65,130,29.10,,,,,,,,,
recent,EXPIRY_FUTURE_TREND_TARGET,2026-08-04,2026-08-04T10:35:00+05:30,PE,4857.99,EXPIRY_FUTURE_TREND,MODELED_EXIT,"[{""contract"": ""NSE_FO|65872|04-08-2026"", ""status"": ""ORDER_CREATED""}]",NSE_FO|65872|04-08-2026,24600.0,65,65,49.55,49.45,2026-08-04T10:36:00+05:30,98.90,2026-08-04T12:01:00+05:30,TARGET_2X,3151.93,62.32,8009.92,2
recent,EXPIRY_FUTURE_TREND_TARGET,2026-08-11,2026-08-11T11:10:00+05:30,PE,8009.92,EXPIRY_FUTURE_TREND,MODELED_EXIT,"[{""contract"": ""NSE_FO|41010|11-08-2026"", ""status"": ""ORDER_CREATED""}]",NSE_FO|41010|11-08-2026,24450.0,65,130,51.85,49.05,2026-08-11T11:11:00+05:30,23.65,2026-08-11T14:09:00+05:30,STOP,-3359.24,57.24,4650.68,0.4821610601427115188583078491
recent,EXPIRY_FUTURE_TREND_TARGET,2026-08-18,2026-08-18T10:50:00+05:30,PE,4650.68,EXPIRY_FUTURE_TREND,MODELED_LIMIT_MISS,"[{""contract"": ""NSE_FO|45099|18-08-2026"", ""status"": ""ORDER_CREATED""}]",NSE_FO|45099|18-08-2026,24200.0,65,130,28.95,,,,,,,,,
recent,EXPIRY_FUTURE_TREND_TARGET,2026-08-25,2026-08-25T12:00:00+05:30,CE,4650.68,EXPIRY_FUTURE_TREND,MODELED_EXIT,"[{""contract"": ""NSE_FO|61647|25-08-2026"", ""status"": ""ORDER_CREATED""}]",NSE_FO|61647|25-08-2026,24200.0,65,130,30.00,25.40,2026-08-25T12:01:00+05:30,12.25,2026-08-25T12:59:00+05:30,STOP,-1762.82,53.32,2887.86,0.4822834645669291338582677165
recent,EXPIRY_FUTURE_TREND_TARGET,2026-09-01,2026-09-01T10:25:00+05:30,CE,2887.86,EXPIRY_FUTURE_TREND,MODELED_EXIT,"[{""contract"": ""NSE_FO|46987|01-09-2026"", ""status"": ""UNAFFORDABLE_OR_PAST_CAPACITY""}, {""contract"": ""NSE_FO|46989|01-09-2026"", ""status"": ""ORDER_CREATED""}]",NSE_FO|46989|01-09-2026,24100.0,65,65,24.70,23.5,2026-09-01T10:26:00+05:30,47.0,2026-09-01T11:12:00+05:30,TARGET_2X,1472.31,55.19,4360.17,2
recent,EXPIRY_FUTURE_TREND_TARGET,2026-09-08,2026-09-08T10:05:00+05:30,PE,4360.17,EXPIRY_FUTURE_TREND,MODELED_EXIT,"[{""contract"": ""NSE_FO|42626|08-09-2026"", ""status"": ""ORDER_CREATED""}]",NSE_FO|42626|08-09-2026,23650.0,65,65,35.90,34.5,2026-09-08T10:06:00+05:30,11.00,2026-09-08T15:18:00+05:30,STOP,-1579.01,51.51,2781.16,0.3188405797101449275362318841
recent,EXPIRY_FUTURE_TREND_TARGET,2026-09-15,2026-09-15T10:00:00+05:30,PE,2781.16,EXPIRY_FUTURE_TREND,MODELED_LIMIT_MISS,"[{""contract"": ""NSE_FO|47294|15-09-2026"", ""status"": ""UNAFFORDABLE_OR_PAST_CAPACITY""}, {""contract"": ""NSE_FO|47292|15-09-2026"", ""status"": ""UNAFFORDABLE_OR_PAST_CAPACITY""}, {""contract"": ""NSE_FO|47290|15-09-2026"", ""status"": ""ORDER_CREATED""}]",NSE_FO|47290|15-09-2026,23300.0,65,65,30.25,,,,,,,,,
recent,EXPIRY_FUTURE_TREND_TRAIL,2026-06-23,2026-06-23T11:20:00+05:30,CE,9411.18,EXPIRY_FUTURE_TREND,MODELED_LIMIT_MISS,"[{""contract"": ""NSE_FO|56380|23-06-2026"", ""status"": ""ORDER_CREATED""}]",NSE_FO|56380|23-06-2026,24150.0,65,390,21.80,,,,,,,,,
recent,EXPIRY_FUTURE_TREND_TRAIL,2026-06-30,2026-06-30T10:05:00+05:30,CE,9411.18,EXPIRY_FUTURE_TREND,MODELED_EXIT,"[{""contract"": ""NSE_FO|79722|30-06-2026"", ""status"": ""ORDER_CREATED""}]",NSE_FO|79722|30-06-2026,23900.0,65,65,79.15,72.85,2026-06-30T10:06:00+05:30,64.00,2026-06-30T11:36:00+05:30,STOP,-634.24,58.99,8776.94,0.8785175017158544955387783116
recent,EXPIRY_FUTURE_TREND_TRAIL,2026-07-07,2026-07-07T10:10:00+05:30,CE,8776.94,EXPIRY_FUTURE_TREND,MODELED_LIMIT_MISS,"[{""contract"": ""NSE_FO|44662|07-07-2026"", ""status"": ""ORDER_CREATED""}]",NSE_FO|44662|07-07-2026,24500.0,65,260,30.95,,,,,,,,,
recent,EXPIRY_FUTURE_TREND_TRAIL,2026-07-14,2026-07-14T10:20:00+05:30,PE,8776.94,EXPIRY_FUTURE_TREND,MODELED_EXIT,"[{""contract"": ""NSE_FO|51374|14-07-2026"", ""status"": ""ORDER_CREATED""}]",NSE_FO|51374|14-07-2026,24050.0,65,130,60.75,46.80,2026-07-14T10:21:00+05:30,23.40,2026-07-14T10:50:00+05:30,STOP,-3099.10,57.10,5677.84,0.5
recent,EXPIRY_FUTURE_TREND_TRAIL,2026-07-21,2026-07-21T10:25:00+05:30,PE,5677.84,EXPIRY_FUTURE_TREND,MODELED_LIMIT_MISS,"[{""contract"": ""NSE_FO|57349|21-07-2026"", ""status"": ""ORDER_CREATED""}]",NSE_FO|57349|21-07-2026,24200.0,65,65,49.65,,,,,,,,,
recent,EXPIRY_FUTURE_TREND_TRAIL,2026-07-28,2026-07-28T10:05:00+05:30,PE,5677.84,EXPIRY_FUTURE_TREND,MODELED_LIMIT_MISS,"[{""contract"": ""NSE_FO|63938|28-07-2026"", ""status"": ""ORDER_CREATED""}]",NSE_FO|63938|28-07-2026,23950.0,65,130,29.10,,,,,,,,,
recent,EXPIRY_FUTURE_TREND_TRAIL,2026-08-04,2026-08-04T10:35:00+05:30,PE,5677.84,EXPIRY_FUTURE_TREND,MODELED_EXIT,"[{""contract"": ""NSE_FO|65872|04-08-2026"", ""status"": ""ORDER_CREATED""}]",NSE_FO|65872|04-08-2026,24600.0,65,65,49.55,49.45,2026-08-04T10:36:00+05:30,64.35,2026-08-04T15:26:00+05:30,STOP,910.12,58.38,6587.96,1.301314459049544994944388271
recent,EXPIRY_FUTURE_TREND_TRAIL,2026-08-11,2026-08-11T11:10:00+05:30,PE,6587.96,EXPIRY_FUTURE_TREND,MODELED_EXIT,"[{""contract"": ""NSE_FO|41010|11-08-2026"", ""status"": ""ORDER_CREATED""}]",NSE_FO|41010|11-08-2026,24450.0,65,65,51.85,49.05,2026-08-11T11:11:00+05:30,23.65,2026-08-11T14:09:00+05:30,STOP,-1704.25,53.25,4883.71,0.4821610601427115188583078491
recent,EXPIRY_FUTURE_TREND_TRAIL,2026-08-18,2026-08-18T10:50:00+05:30,PE,4883.71,EXPIRY_FUTURE_TREND,MODELED_LIMIT_MISS,"[{""contract"": ""NSE_FO|45099|18-08-2026"", ""status"": ""ORDER_CREATED""}]",NSE_FO|45099|18-08-2026,24200.0,65,130,28.95,,,,,,,,,
recent,EXPIRY_FUTURE_TREND_TRAIL,2026-08-25,2026-08-25T12:00:00+05:30,CE,4883.71,EXPIRY_FUTURE_TREND,MODELED_EXIT,"[{""contract"": ""NSE_FO|61647|25-08-2026"", ""status"": ""ORDER_CREATED""}]",NSE_FO|61647|25-08-2026,24200.0,65,130,30.00,25.40,2026-08-25T12:01:00+05:30,13.85,2026-08-25T12:44:00+05:30,STOP,-1554.90,53.40,3328.81,0.5452755905511811023622047244
recent,EXPIRY_FUTURE_TREND_TRAIL,2026-09-01,2026-09-01T10:25:00+05:30,CE,3328.81,EXPIRY_FUTURE_TREND,MODELED_EXIT,"[{""contract"": ""NSE_FO|46987|01-09-2026"", ""status"": ""ORDER_CREATED""}]",NSE_FO|46987|01-09-2026,24050.0,65,65,46.95,44.60,2026-09-01T10:26:00+05:30,53.60,2026-09-01T13:02:00+05:30,STOP,528.05,56.95,3856.86,1.201793721973094170403587444
recent,EXPIRY_FUTURE_TREND_TRAIL,2026-09-08,2026-09-08T10:05:00+05:30,PE,3856.86,EXPIRY_FUTURE_TREND,MODELED_EXIT,"[{""contract"": ""NSE_FO|42626|08-09-2026"", ""status"": ""ORDER_CREATED""}]",NSE_FO|42626|08-09-2026,23650.0,65,65,35.90,34.5,2026-09-08T10:06:00+05:30,19.45,2026-09-08T15:17:00+05:30,STOP,-1029.98,51.73,2826.88,0.5637681159420289855072463768
recent,EXPIRY_FUTURE_TREND_TRAIL,2026-09-15,2026-09-15T10:00:00+05:30,PE,2826.88,EXPIRY_FUTURE_TREND,MODELED_LIMIT_MISS,"[{""contract"": ""NSE_FO|47294|15-09-2026"", ""status"": ""UNAFFORDABLE_OR_PAST_CAPACITY""}, {""contract"": ""NSE_FO|47292|15-09-2026"", ""status"": ""UNAFFORDABLE_OR_PAST_CAPACITY""}, {""contract"": ""NSE_FO|47290|15-09-2026"", ""status"": ""ORDER_CREATED""}]",NSE_FO|47290|15-09-2026,23300.0,65,65,30.25,,,,,,,,,
recent,EXPIRY_BASIS_LEAD_TARGET,2026-08-04,2026-08-04T11:50:00+05:30,PE,9411.18,EXPIRY_BASIS_LEAD,MODELED_EXIT,"[{""contract"": ""NSE_FO|65868|04-08-2026"", ""status"": ""ORDER_CREATED""}]",NSE_FO|65868|04-08-2026,24550.0,65,130,56.95,55.75,2026-08-04T11:51:00+05:30,111.50,2026-08-04T13:58:00+05:30,TARGET_2X,7168.10,79.40,16579.28,2
recent,EXPIRY_BASIS_LEAD_TARGET,2026-08-11,2026-08-11T11:05:00+05:30,PE,16579.28,EXPIRY_BASIS_LEAD,MODELED_EXIT,"[{""contract"": ""NSE_FO|41010|11-08-2026"", ""status"": ""ORDER_CREATED""}]",NSE_FO|41010|11-08-2026,24450.0,65,325,47.20,44.55,2026-08-11T11:06:00+05:30,21.05,2026-08-11T14:54:00+05:30,STOP,-7705.73,68.23,8873.55,0.4725028058361391694725028058
recent,EXPIRY_BASIS_LEAD_TRAIL,2026-08-04,2026-08-04T11:50:00+05:30,PE,9411.18,EXPIRY_BASIS_LEAD,MODELED_EXIT,"[{""contract"": ""NSE_FO|65868|04-08-2026"", ""status"": ""ORDER_CREATED""}]",NSE_FO|65868|04-08-2026,24550.0,65,130,56.95,55.75,2026-08-04T11:51:00+05:30,52.55,2026-08-04T15:24:00+05:30,STOP,-481.17,65.17,8930.01,0.9426008968609865470852017937
recent,EXPIRY_BASIS_LEAD_TRAIL,2026-08-11,2026-08-11T11:05:00+05:30,PE,8930.01,EXPIRY_BASIS_LEAD,MODELED_EXIT,"[{""contract"": ""NSE_FO|41010|11-08-2026"", ""status"": ""ORDER_CREATED""}]",NSE_FO|41010|11-08-2026,24450.0,65,130,47.20,44.55,2026-08-11T11:06:00+05:30,23.65,2026-08-11T14:09:00+05:30,STOP,-2773.99,56.99,6156.02,0.5308641975308641975308641975
recent,EXPIRY_IV_CHEAP_TREND_TARGET,2026-06-23,2026-06-23T15:05:00+05:30,PE,9411.18,EXPIRY_IV_CHEAP_TREND,MODELED_EXIT,"[{""contract"": ""NSE_FO|56357|23-06-2026"", ""status"": ""ORDER_CREATED""}]",NSE_FO|56357|23-06-2026,23850.0,65,390,22.15,12.75,2026-06-23T15:06:00+05:30,6.10,2026-06-23T15:07:00+05:30,STOP,-2648.85,55.35,6762.33,0.4784313725490196078431372549
recent,EXPIRY_IV_CHEAP_TREND_TARGET,2026-06-30,2026-06-30T15:00:00+05:30,PE,6762.33,EXPIRY_IV_CHEAP_TREND,MODELED_LIMIT_MISS,"[{""contract"": ""NSE_FO|79723|30-06-2026"", ""status"": ""ORDER_CREATED""}]",NSE_FO|79723|30-06-2026,23900.0,65,325,18.35,,,,,,,,,
recent,EXPIRY_IV_CHEAP_TREND_TRAIL,2026-06-23,2026-06-23T15:05:00+05:30,PE,9411.18,EXPIRY_IV_CHEAP_TREND,MODELED_EXIT,"[{""contract"": ""NSE_FO|56357|23-06-2026"", ""status"": ""ORDER_CREATED""}]",NSE_FO|56357|23-06-2026,23850.0,65,390,22.15,12.75,2026-06-23T15:06:00+05:30,6.10,2026-06-23T15:07:00+05:30,STOP,-2648.85,55.35,6762.33,0.4784313725490196078431372549
recent,EXPIRY_IV_CHEAP_TREND_TRAIL,2026-06-30,2026-06-30T15:00:00+05:30,PE,6762.33,EXPIRY_IV_CHEAP_TREND,MODELED_LIMIT_MISS,"[{""contract"": ""NSE_FO|79723|30-06-2026"", ""status"": ""ORDER_CREATED""}]",NSE_FO|79723|30-06-2026,23900.0,65,325,18.35,,,,,,,,,
recent,EXPIRY_SKEW_UNWIND_TARGET,2026-06-23,2026-06-23T14:45:00+05:30,CE,9411.18,EXPIRY_SKEW_UNWIND,MODELED_LIMIT_MISS,"[{""contract"": ""NSE_FO|56370|23-06-2026"", ""status"": ""ORDER_CREATED""}]",NSE_FO|56370|23-06-2026,23950.0,65,715,12.30,,,,,,,,,
recent,EXPIRY_SKEW_UNWIND_TARGET,2026-06-30,2026-06-30T11:25:00+05:30,CE,9411.18,EXPIRY_SKEW_UNWIND,MODELED_EXIT,"[{""contract"": ""NSE_FO|71472|30-06-2026"", ""status"": ""ORDER_CREATED""}]",NSE_FO|71472|30-06-2026,24000.0,65,130,62.50,56.5,2026-06-30T11:26:00+05:30,23.30,2026-06-30T11:36:00+05:30,STOP,-4373.61,57.61,5037.57,0.4123893805309734513274336283
recent,EXPIRY_SKEW_UNWIND_TARGET,2026-07-14,2026-07-14T10:20:00+05:30,PE,5037.57,EXPIRY_SKEW_UNWIND,MODELED_EXIT,"[{""contract"": ""NSE_FO|51374|14-07-2026"", ""status"": ""ORDER_CREATED""}]",NSE_FO|51374|14-07-2026,24050.0,65,65,60.75,46.80,2026-07-14T10:21:00+05:30,22.40,2026-07-14T10:52:00+05:30,STOP,-1639.15,53.15,3398.42,0.4786324786324786324786324786
recent,EXPIRY_SKEW_UNWIND_TARGET,2026-07-28,2026-07-28T10:05:00+05:30,PE,3398.42,EXPIRY_SKEW_UNWIND,MODELED_LIMIT_MISS,"[{""contract"": ""NSE_FO|63938|28-07-2026"", ""status"": ""ORDER_CREATED""}]",NSE_FO|63938|28-07-2026,23950.0,65,65,29.10,,,,,,,,,
recent,EXPIRY_SKEW_UNWIND_TARGET,2026-08-04,2026-08-04T11:50:00+05:30,PE,3398.42,EXPIRY_SKEW_UNWIND,MODELED_EXIT,"[{""contract"": ""NSE_FO|65868|04-08-2026"", ""status"": ""UNAFFORDABLE_OR_PAST_CAPACITY""}, {""contract"": ""NSE_FO|65861|04-08-2026"", ""status"": ""ORDER_CREATED""}]",NSE_FO|65861|04-08-2026,24500.0,65,65,32.50,32.40,2026-08-04T11:51:00+05:30,64.80,2026-08-04T13:54:00+05:30,TARGET_2X,2048.09,57.91,5446.51,2
recent,EXPIRY_SKEW_UNWIND_TARGET,2026-08-25,2026-08-25T13:55:00+05:30,CE,5446.51,EXPIRY_SKEW_UNWIND,MODELED_EXIT,"[{""contract"": ""NSE_FO|61647|25-08-2026"", ""status"": ""ORDER_CREATED""}]",NSE_FO|61647|25-08-2026,24200.0,65,195,22.40,18.25,2026-08-25T13:56:00+05:30,8.15,2026-08-25T14:01:00+05:30,STOP,-2022.93,53.43,3423.58,0.4465753424657534246575342466
recent,EXPIRY_SKEW_UNWIND_TARGET,2026-09-01,2026-09-01T11:10:00+05:30,CE,3423.58,EXPIRY_SKEW_UNWIND,MODELED_LIMIT_MISS,"[{""contract"": ""NSE_FO|46989|01-09-2026"", ""status"": ""ORDER_CREATED""}]",NSE_FO|46989|01-09-2026,24100.0,65,65,41.60,,,,,,,,,
recent,EXPIRY_SKEW_UNWIND_TARGET,2026-09-15,2026-09-15T14:50:00+05:30,PE,3423.58,EXPIRY_SKEW_UNWIND,MODELED_EXIT,"[{""contract"": ""NSE_FO|47284|15-09-2026"", ""status"": ""ORDER_CREATED""}]",NSE_FO|47284|15-09-2026,23150.0,65,65,40.95,32.5,2026-09-15T14:51:00+05:30,12.95,2026-09-15T15:20:00+05:30,STOP,-1322.26,51.51,2101.32,0.3984615384615384615384615385
recent,EXPIRY_SKEW_UNWIND_TRAIL,2026-06-23,2026-06-23T14:45:00+05:30,CE,9411.18,EXPIRY_SKEW_UNWIND,MODELED_LIMIT_MISS,"[{""contract"": ""NSE_FO|56370|23-06-2026"", ""status"": ""ORDER_CREATED""}]",NSE_FO|56370|23-06-2026,23950.0,65,715,12.30,,,,,,,,,
recent,EXPIRY_SKEW_UNWIND_TRAIL,2026-06-30,2026-06-30T11:25:00+05:30,CE,9411.18,EXPIRY_SKEW_UNWIND,MODELED_EXIT,"[{""contract"": ""NSE_FO|71472|30-06-2026"", ""status"": ""ORDER_CREATED""}]",NSE_FO|71472|30-06-2026,24000.0,65,130,62.50,56.5,2026-06-30T11:26:00+05:30,23.30,2026-06-30T11:36:00+05:30,STOP,-4373.61,57.61,5037.57,0.4123893805309734513274336283
recent,EXPIRY_SKEW_UNWIND_TRAIL,2026-07-14,2026-07-14T10:20:00+05:30,PE,5037.57,EXPIRY_SKEW_UNWIND,MODELED_EXIT,"[{""contract"": ""NSE_FO|51374|14-07-2026"", ""status"": ""ORDER_CREATED""}]",NSE_FO|51374|14-07-2026,24050.0,65,65,60.75,46.80,2026-07-14T10:21:00+05:30,23.40,2026-07-14T10:50:00+05:30,STOP,-1574.19,53.19,3463.38,0.5
recent,EXPIRY_SKEW_UNWIND_TRAIL,2026-07-28,2026-07-28T10:05:00+05:30,PE,3463.38,EXPIRY_SKEW_UNWIND,MODELED_LIMIT_MISS,"[{""contract"": ""NSE_FO|63938|28-07-2026"", ""status"": ""ORDER_CREATED""}]",NSE_FO|63938|28-07-2026,23950.0,65,65,29.10,,,,,,,,,
recent,EXPIRY_SKEW_UNWIND_TRAIL,2026-08-04,2026-08-04T11:50:00+05:30,PE,3463.38,EXPIRY_SKEW_UNWIND,MODELED_EXIT,"[{""contract"": ""NSE_FO|65868|04-08-2026"", ""status"": ""UNAFFORDABLE_OR_PAST_CAPACITY""}, {""contract"": ""NSE_FO|65861|04-08-2026"", ""status"": ""ORDER_CREATED""}]",NSE_FO|65861|04-08-2026,24500.0,65,65,32.50,32.40,2026-08-04T11:51:00+05:30,37.70,2026-08-04T15:21:00+05:30,STOP,290.32,54.18,3753.70,1.163580246913580246913580247
recent,EXPIRY_SKEW_UNWIND_TRAIL,2026-08-25,2026-08-25T13:55:00+05:30,CE,3753.70,EXPIRY_SKEW_UNWIND,MODELED_EXIT,"[{""contract"": ""NSE_FO|61647|25-08-2026"", ""status"": ""ORDER_CREATED""}]",NSE_FO|61647|25-08-2026,24200.0,65,130,22.40,18.25,2026-08-25T13:56:00+05:30,8.15,2026-08-25T14:01:00+05:30,STOP,-1364.71,51.71,2388.99,0.4465753424657534246575342466
recent,EXPIRY_SKEW_UNWIND_TRAIL,2026-09-01,2026-09-01T11:10:00+05:30,CE,2388.99,EXPIRY_SKEW_UNWIND,MODELED_LIMIT_MISS,"[{""contract"": ""NSE_FO|46989|01-09-2026"", ""status"": ""UNAFFORDABLE_OR_PAST_CAPACITY""}, {""contract"": ""NSE_FO|46991|01-09-2026"", ""status"": ""ORDER_CREATED""}]",NSE_FO|46991|01-09-2026,24150.0,65,65,21.10,,,,,,,,,
recent,EXPIRY_SKEW_UNWIND_TRAIL,2026-09-15,2026-09-15T14:50:00+05:30,PE,2388.99,EXPIRY_SKEW_UNWIND,MODELED_EXIT,"[{""contract"": ""NSE_FO|47284|15-09-2026"", ""status"": ""UNAFFORDABLE_OR_PAST_CAPACITY""}, {""contract"": ""NSE_FO|47282|15-09-2026"", ""status"": ""ORDER_CREATED""}]",NSE_FO|47282|15-09-2026,23100.0,65,65,22.35,17.30,2026-09-15T14:51:00+05:30,7.90,2026-09-15T15:17:00+05:30,STOP,-660.95,49.95,1728.04,0.4566473988439306358381502890
recent,EXPIRY_SECTOR_CONFIRM_TARGET,2026-06-23,2026-06-23T11:35:00+05:30,PE,9411.18,EXPIRY_SECTOR_CONFIRM,MODELED_LIMIT_MISS,"[{""contract"": ""NSE_FO|56377|23-06-2026"", ""status"": ""ORDER_CREATED""}]",NSE_FO|56377|23-06-2026,24100.0,65,325,26.00,,,,,,,,,
recent,EXPIRY_SECTOR_CONFIRM_TARGET,2026-06-30,2026-06-30T10:05:00+05:30,CE,9411.18,EXPIRY_SECTOR_CONFIRM,MODELED_EXIT,"[{""contract"": ""NSE_FO|79722|30-06-2026"", ""status"": ""ORDER_CREATED""}]",NSE_FO|79722|30-06-2026,23900.0,65,65,79.15,72.85,2026-06-30T10:06:00+05:30,28.85,2026-06-30T14:04:00+05:30,STOP,-2914.04,54.04,6497.14,0.3960192175703500343170899108
recent,EXPIRY_SECTOR_CONFIRM_TARGET,2026-07-07,2026-07-07T11:10:00+05:30,CE,6497.14,EXPIRY_SECTOR_CONFIRM,MODELED_LIMIT_MISS,"[{""contract"": ""NSE_FO|44662|07-07-2026"", ""status"": ""ORDER_CREATED""}]",NSE_FO|44662|07-07-2026,24500.0,65,130,33.30,,,,,,,,,
recent,EXPIRY_SECTOR_CONFIRM_TARGET,2026-07-14,2026-07-14T10:20:00+05:30,PE,6497.14,EXPIRY_SECTOR_CONFIRM,MODELED_EXIT,"[{""contract"": ""NSE_FO|51374|14-07-2026"", ""status"": ""ORDER_CREATED""}]",NSE_FO|51374|14-07-2026,24050.0,65,65,60.75,46.80,2026-07-14T10:21:00+05:30,22.40,2026-07-14T10:52:00+05:30,STOP,-1639.15,53.15,4857.99,0.4786324786324786324786324786
recent,EXPIRY_SECTOR_CONFIRM_TARGET,2026-07-21,2026-07-21T10:25:00+05:30,PE,4857.99,EXPIRY_SECTOR_CONFIRM,MODELED_LIMIT_MISS,"[{""contract"": ""NSE_FO|57349|21-07-2026"", ""status"": ""ORDER_CREATED""}]",NSE_FO|57349|21-07-2026,24200.0,65,65,49.65,,,,,,,,,
recent,EXPIRY_SECTOR_CONFIRM_TARGET,2026-07-28,2026-07-28T10:50:00+05:30,CE,4857.99,EXPIRY_SECTOR_CONFIRM,MODELED_LIMIT_MISS,"[{""contract"": ""NSE_FO|63941|28-07-2026"", ""status"": ""ORDER_CREATED""}]",NSE_FO|63941|28-07-2026,24050.0,65,130,27.25,,,,,,,,,
recent,EXPIRY_SECTOR_CONFIRM_TARGET,2026-08-04,2026-08-04T11:50:00+05:30,PE,4857.99,EXPIRY_SECTOR_CONFIRM,MODELED_EXIT,"[{""contract"": ""NSE_FO|65868|04-08-2026"", ""status"": ""ORDER_CREATED""}]",NSE_FO|65868|04-08-2026,24550.0,65,65,56.95,55.75,2026-08-04T11:51:00+05:30,111.50,2026-08-04T13:58:00+05:30,TARGET_2X,3559.93,63.82,8417.92,2
recent,EXPIRY_SECTOR_CONFIRM_TARGET,2026-08-18,2026-08-18T10:50:00+05:30,PE,8417.92,EXPIRY_SECTOR_CONFIRM,MODELED_LIMIT_MISS,"[{""contract"": ""NSE_FO|45099|18-08-2026"", ""status"": ""ORDER_CREATED""}]",NSE_FO|45099|18-08-2026,24200.0,65,260,28.95,,,,,,,,,
recent,EXPIRY_SECTOR_CONFIRM_TARGET,2026-08-25,2026-08-25T10:50:00+05:30,CE,8417.92,EXPIRY_SECTOR_CONFIRM,MODELED_LIMIT_MISS,"[{""contract"": ""NSE_FO|61623|25-08-2026"", ""status"": ""ORDER_CREATED""}]",NSE_FO|61623|25-08-2026,24150.0,65,130,42.80,,,,,,,,,
recent,EXPIRY_SECTOR_CONFIRM_TARGET,2026-09-01,2026-09-01T10:25:00+05:30,CE,8417.92,EXPIRY_SECTOR_CONFIRM,MODELED_EXIT,"[{""contract"": ""NSE_FO|46987|01-09-2026"", ""status"": ""ORDER_CREATED""}]",NSE_FO|46987|01-09-2026,24050.0,65,130,46.95,44.60,2026-09-01T10:26:00+05:30,89.20,2026-09-01T11:13:00+05:30,TARGET_2X,5724.42,73.58,14142.34,2
recent,EXPIRY_SECTOR_CONFIRM_TARGET,2026-09-08,2026-09-08T10:05:00+05:30,PE,14142.34,EXPIRY_SECTOR_CONFIRM,MODELED_EXIT,"[{""contract"": ""NSE_FO|42626|08-09-2026"", ""status"": ""ORDER_CREATED""}]",NSE_FO|42626|08-09-2026,23650.0,65,325,35.90,34.5,2026-09-08T10:06:00+05:30,11.00,2026-09-08T15:18:00+05:30,STOP,-7697.99,60.49,6444.35,0.3188405797101449275362318841
recent,EXPIRY_SECTOR_CONFIRM_TARGET,2026-09-15,2026-09-15T10:00:00+05:30,PE,6444.35,EXPIRY_SECTOR_CONFIRM,MODELED_LIMIT_MISS,"[{""contract"": ""NSE_FO|47294|15-09-2026"", ""status"": ""ORDER_CREATED""}]",NSE_FO|47294|15-09-2026,23400.0,65,65,69.80,,,,,,,,,
recent,EXPIRY_SECTOR_CONFIRM_TRAIL,2026-06-23,2026-06-23T11:35:00+05:30,PE,9411.18,EXPIRY_SECTOR_CONFIRM,MODELED_LIMIT_MISS,"[{""contract"": ""NSE_FO|56377|23-06-2026"", ""status"": ""ORDER_CREATED""}]",NSE_FO|56377|23-06-2026,24100.0,65,325,26.00,,,,,,,,,
recent,EXPIRY_SECTOR_CONFIRM_TRAIL,2026-06-30,2026-06-30T10:05:00+05:30,CE,9411.18,EXPIRY_SECTOR_CONFIRM,MODELED_EXIT,"[{""contract"": ""NSE_FO|79722|30-06-2026"", ""status"": ""ORDER_CREATED""}]",NSE_FO|79722|30-06-2026,23900.0,65,65,79.15,72.85,2026-06-30T10:06:00+05:30,64.00,2026-06-30T11:36:00+05:30,STOP,-634.24,58.99,8776.94,0.8785175017158544955387783116
recent,EXPIRY_SECTOR_CONFIRM_TRAIL,2026-07-07,2026-07-07T11:10:00+05:30,CE,8776.94,EXPIRY_SECTOR_CONFIRM,MODELED_LIMIT_MISS,"[{""contract"": ""NSE_FO|44662|07-07-2026"", ""status"": ""ORDER_CREATED""}]",NSE_FO|44662|07-07-2026,24500.0,65,195,33.30,,,,,,,,,
recent,EXPIRY_SECTOR_CONFIRM_TRAIL,2026-07-14,2026-07-14T10:20:00+05:30,PE,8776.94,EXPIRY_SECTOR_CONFIRM,MODELED_EXIT,"[{""contract"": ""NSE_FO|51374|14-07-2026"", ""status"": ""ORDER_CREATED""}]",NSE_FO|51374|14-07-2026,24050.0,65,130,60.75,46.80,2026-07-14T10:21:00+05:30,23.40,2026-07-14T10:50:00+05:30,STOP,-3099.10,57.10,5677.84,0.5
recent,EXPIRY_SECTOR_CONFIRM_TRAIL,2026-07-21,2026-07-21T10:25:00+05:30,PE,5677.84,EXPIRY_SECTOR_CONFIRM,MODELED_LIMIT_MISS,"[{""contract"": ""NSE_FO|57349|21-07-2026"", ""status"": ""ORDER_CREATED""}]",NSE_FO|57349|21-07-2026,24200.0,65,65,49.65,,,,,,,,,
recent,EXPIRY_SECTOR_CONFIRM_TRAIL,2026-07-28,2026-07-28T10:50:00+05:30,CE,5677.84,EXPIRY_SECTOR_CONFIRM,MODELED_LIMIT_MISS,"[{""contract"": ""NSE_FO|63941|28-07-2026"", ""status"": ""ORDER_CREATED""}]",NSE_FO|63941|28-07-2026,24050.0,65,195,27.25,,,,,,,,,
recent,EXPIRY_SECTOR_CONFIRM_TRAIL,2026-08-04,2026-08-04T11:50:00+05:30,PE,5677.84,EXPIRY_SECTOR_CONFIRM,MODELED_EXIT,"[{""contract"": ""NSE_FO|65868|04-08-2026"", ""status"": ""ORDER_CREATED""}]",NSE_FO|65868|04-08-2026,24550.0,65,65,56.95,55.75,2026-08-04T11:51:00+05:30,52.55,2026-08-04T15:24:00+05:30,STOP,-265.22,57.22,5412.62,0.9426008968609865470852017937
recent,EXPIRY_SECTOR_CONFIRM_TRAIL,2026-08-18,2026-08-18T10:50:00+05:30,PE,5412.62,EXPIRY_SECTOR_CONFIRM,MODELED_LIMIT_MISS,"[{""contract"": ""NSE_FO|45099|18-08-2026"", ""status"": ""ORDER_CREATED""}]",NSE_FO|45099|18-08-2026,24200.0,65,130,28.95,,,,,,,,,
recent,EXPIRY_SECTOR_CONFIRM_TRAIL,2026-08-25,2026-08-25T10:50:00+05:30,CE,5412.62,EXPIRY_SECTOR_CONFIRM,MODELED_LIMIT_MISS,"[{""contract"": ""NSE_FO|61623|25-08-2026"", ""status"": ""ORDER_CREATED""}]",NSE_FO|61623|25-08-2026,24150.0,65,65,42.80,,,,,,,,,
recent,EXPIRY_SECTOR_CONFIRM_TRAIL,2026-09-01,2026-09-01T10:25:00+05:30,CE,5412.62,EXPIRY_SECTOR_CONFIRM,MODELED_EXIT,"[{""contract"": ""NSE_FO|46987|01-09-2026"", ""status"": ""ORDER_CREATED""}]",NSE_FO|46987|01-09-2026,24050.0,65,65,46.95,44.60,2026-09-01T10:26:00+05:30,53.60,2026-09-01T13:02:00+05:30,STOP,528.05,56.95,5940.67,1.201793721973094170403587444
recent,EXPIRY_SECTOR_CONFIRM_TRAIL,2026-09-08,2026-09-08T10:05:00+05:30,PE,5940.67,EXPIRY_SECTOR_CONFIRM,MODELED_EXIT,"[{""contract"": ""NSE_FO|42626|08-09-2026"", ""status"": ""ORDER_CREATED""}]",NSE_FO|42626|08-09-2026,23650.0,65,130,35.90,34.5,2026-09-08T10:06:00+05:30,19.45,2026-09-08T15:17:00+05:30,STOP,-2011.71,55.21,3928.96,0.5637681159420289855072463768
recent,EXPIRY_SECTOR_CONFIRM_TRAIL,2026-09-15,2026-09-15T10:00:00+05:30,PE,3928.96,EXPIRY_SECTOR_CONFIRM,MODELED_LIMIT_MISS,"[{""contract"": ""NSE_FO|47294|15-09-2026"", ""status"": ""UNAFFORDABLE_OR_PAST_CAPACITY""}, {""contract"": ""NSE_FO|47292|15-09-2026"", ""status"": ""ORDER_CREATED""}]",NSE_FO|47292|15-09-2026,23350.0,65,65,47.05,,,,,,,,,
recent,EXPIRY_CHAIN_UNWIND_TARGET,2026-06-23,2026-06-23T11:45:00+05:30,PE,9411.18,EXPIRY_CHAIN_UNWIND,MODELED_LIMIT_MISS,"[{""contract"": ""NSE_FO|56377|23-06-2026"", ""status"": ""ORDER_CREATED""}]",NSE_FO|56377|23-06-2026,24100.0,65,195,35.20,,,,,,,,,
recent,EXPIRY_CHAIN_UNWIND_TARGET,2026-06-30,2026-06-30T11:15:00+05:30,CE,9411.18,EXPIRY_CHAIN_UNWIND,MODELED_EXIT,"[{""contract"": ""NSE_FO|79728|30-06-2026"", ""status"": ""ORDER_CREATED""}]",NSE_FO|79728|30-06-2026,23950.0,65,130,51.80,47.85,2026-06-30T11:16:00+05:30,21.40,2026-06-30T13:22:00+05:30,STOP,-3495.55,57.05,5915.63,0.4472309299895506792058516196
recent,EXPIRY_CHAIN_UNWIND_TARGET,2026-07-07,2026-07-07T11:05:00+05:30,CE,5915.63,EXPIRY_CHAIN_UNWIND,MODELED_LIMIT_MISS,"[{""contract"": ""NSE_FO|44662|07-07-2026"", ""status"": ""ORDER_CREATED""}]",NSE_FO|44662|07-07-2026,24500.0,65,130,29.25,,,,,,,,,
recent,EXPIRY_CHAIN_UNWIND_TARGET,2026-07-14,2026-07-14T10:20:00+05:30,PE,5915.63,EXPIRY_CHAIN_UNWIND,MODELED_EXIT,"[{""contract"": ""NSE_FO|51374|14-07-2026"", ""status"": ""ORDER_CREATED""}]",NSE_FO|51374|14-07-2026,24050.0,65,65,60.75,46.80,2026-07-14T10:21:00+05:30,22.40,2026-07-14T10:52:00+05:30,STOP,-1639.15,53.15,4276.48,0.4786324786324786324786324786
recent,EXPIRY_CHAIN_UNWIND_TARGET,2026-07-21,2026-07-21T10:25:00+05:30,PE,4276.48,EXPIRY_CHAIN_UNWIND,MODELED_LIMIT_MISS,"[{""contract"": ""NSE_FO|57349|21-07-2026"", ""status"": ""ORDER_CREATED""}]",NSE_FO|57349|21-07-2026,24200.0,65,65,49.65,,,,,,,,,
recent,EXPIRY_CHAIN_UNWIND_TARGET,2026-07-28,2026-07-28T10:05:00+05:30,PE,4276.48,EXPIRY_CHAIN_UNWIND,MODELED_LIMIT_MISS,"[{""contract"": ""NSE_FO|63938|28-07-2026"", ""status"": ""ORDER_CREATED""}]",NSE_FO|63938|28-07-2026,23950.0,65,130,29.10,,,,,,,,,
recent,EXPIRY_CHAIN_UNWIND_TARGET,2026-08-04,2026-08-04T11:50:00+05:30,PE,4276.48,EXPIRY_CHAIN_UNWIND,MODELED_EXIT,"[{""contract"": ""NSE_FO|65868|04-08-2026"", ""status"": ""ORDER_CREATED""}]",NSE_FO|65868|04-08-2026,24550.0,65,65,56.95,55.75,2026-08-04T11:51:00+05:30,111.50,2026-08-04T13:58:00+05:30,TARGET_2X,3559.93,63.82,7836.41,2
recent,EXPIRY_CHAIN_UNWIND_TARGET,2026-08-18,2026-08-18T10:55:00+05:30,PE,7836.41,EXPIRY_CHAIN_UNWIND,MODELED_LIMIT_MISS,"[{""contract"": ""NSE_FO|45099|18-08-2026"", ""status"": ""ORDER_CREATED""}]",NSE_FO|45099|18-08-2026,24200.0,65,195,35.40,,,,,,,,,
recent,EXPIRY_CHAIN_UNWIND_TARGET,2026-08-25,2026-08-25T10:25:00+05:30,PE,7836.41,EXPIRY_CHAIN_UNWIND,MODELED_EXIT,"[{""contract"": ""NSE_FO|61622|25-08-2026"", ""status"": ""ORDER_CREATED""}]",NSE_FO|61622|25-08-2026,24100.0,65,325,21.75,21.70,2026-08-25T10:26:00+05:30,10.40,2026-08-25T10:50:00+05:30,STOP,-3731.15,58.65,4105.26,0.4792626728110599078341013825
recent,EXPIRY_CHAIN_UNWIND_TARGET,2026-09-01,2026-09-01T10:20:00+05:30,CE,4105.26,EXPIRY_CHAIN_UNWIND,MODELED_EXIT,"[{""contract"": ""NSE_FO|46987|01-09-2026"", ""status"": ""ORDER_CREATED""}]",NSE_FO|46987|01-09-2026,24050.0,65,65,42.35,41.70,2026-09-01T10:21:00+05:30,83.40,2026-09-01T11:12:00+05:30,TARGET_2X,2649.82,60.68,6755.08,2
recent,EXPIRY_CHAIN_UNWIND_TARGET,2026-09-08,2026-09-08T10:15:00+05:30,CE,6755.08,EXPIRY_CHAIN_UNWIND,MODELED_EXIT,"[{""contract"": ""NSE_FO|42627|08-09-2026"", ""status"": ""ORDER_CREATED""}]",NSE_FO|42627|08-09-2026,23700.0,65,65,61.20,57.45,2026-09-08T10:16:00+05:30,26.25,2026-09-08T12:01:00+05:30,STOP,-2081.55,53.55,4673.53,0.4569190600522193211488250653
recent,EXPIRY_CHAIN_UNWIND_TARGET,2026-09-15,2026-09-15T14:15:00+05:30,PE,4673.53,EXPIRY_CHAIN_UNWIND,MODELED_LIMIT_MISS,"[{""contract"": ""NSE_FO|47288|15-09-2026"", ""status"": ""ORDER_CREATED""}]",NSE_FO|47288|15-09-2026,23250.0,65,65,58.70,,,,,,,,,
recent,EXPIRY_CHAIN_UNWIND_TRAIL,2026-06-23,2026-06-23T11:45:00+05:30,PE,9411.18,EXPIRY_CHAIN_UNWIND,MODELED_LIMIT_MISS,"[{""contract"": ""NSE_FO|56377|23-06-2026"", ""status"": ""ORDER_CREATED""}]",NSE_FO|56377|23-06-2026,24100.0,65,195,35.20,,,,,,,,,
recent,EXPIRY_CHAIN_UNWIND_TRAIL,2026-06-30,2026-06-30T11:15:00+05:30,CE,9411.18,EXPIRY_CHAIN_UNWIND,MODELED_EXIT,"[{""contract"": ""NSE_FO|79728|30-06-2026"", ""status"": ""ORDER_CREATED""}]",NSE_FO|79728|30-06-2026,23950.0,65,130,51.80,47.85,2026-06-30T11:16:00+05:30,39.60,2026-06-30T11:36:00+05:30,STOP,-1133.54,61.04,8277.64,0.8275862068965517241379310345
recent,EXPIRY_CHAIN_UNWIND_TRAIL,2026-07-07,2026-07-07T11:05:00+05:30,CE,8277.64,EXPIRY_CHAIN_UNWIND,MODELED_LIMIT_MISS,"[{""contract"": ""NSE_FO|44662|07-07-2026"", ""status"": ""ORDER_CREATED""}]",NSE_FO|44662|07-07-2026,24500.0,65,260,29.25,,,,,,,,,
recent,EXPIRY_CHAIN_UNWIND_TRAIL,2026-07-14,2026-07-14T10:20:00+05:30,PE,8277.64,EXPIRY_CHAIN_UNWIND,MODELED_EXIT,"[{""contract"": ""NSE_FO|51374|14-07-2026"", ""status"": ""ORDER_CREATED""}]",NSE_FO|51374|14-07-2026,24050.0,65,65,60.75,46.80,2026-07-14T10:21:00+05:30,23.40,2026-07-14T10:50:00+05:30,STOP,-1574.19,53.19,6703.45,0.5
recent,EXPIRY_CHAIN_UNWIND_TRAIL,2026-07-21,2026-07-21T10:25:00+05:30,PE,6703.45,EXPIRY_CHAIN_UNWIND,MODELED_LIMIT_MISS,"[{""contract"": ""NSE_FO|57349|21-07-2026"", ""status"": ""ORDER_CREATED""}]",NSE_FO|57349|21-07-2026,24200.0,65,65,49.65,,,,,,,,,
recent,EXPIRY_CHAIN_UNWIND_TRAIL,2026-07-28,2026-07-28T10:05:00+05:30,PE,6703.45,EXPIRY_CHAIN_UNWIND,MODELED_LIMIT_MISS,"[{""contract"": ""NSE_FO|63938|28-07-2026"", ""status"": ""ORDER_CREATED""}]",NSE_FO|63938|28-07-2026,23950.0,65,195,29.10,,,,,,,,,
recent,EXPIRY_CHAIN_UNWIND_TRAIL,2026-08-04,2026-08-04T11:50:00+05:30,PE,6703.45,EXPIRY_CHAIN_UNWIND,MODELED_EXIT,"[{""contract"": ""NSE_FO|65868|04-08-2026"", ""status"": ""ORDER_CREATED""}]",NSE_FO|65868|04-08-2026,24550.0,65,65,56.95,55.75,2026-08-04T11:51:00+05:30,52.55,2026-08-04T15:24:00+05:30,STOP,-265.22,57.22,6438.23,0.9426008968609865470852017937
recent,EXPIRY_CHAIN_UNWIND_TRAIL,2026-08-18,2026-08-18T10:55:00+05:30,PE,6438.23,EXPIRY_CHAIN_UNWIND,MODELED_LIMIT_MISS,"[{""contract"": ""NSE_FO|45099|18-08-2026"", ""status"": ""ORDER_CREATED""}]",NSE_FO|45099|18-08-2026,24200.0,65,130,35.40,,,,,,,,,
recent,EXPIRY_CHAIN_UNWIND_TRAIL,2026-08-25,2026-08-25T10:25:00+05:30,PE,6438.23,EXPIRY_CHAIN_UNWIND,MODELED_EXIT,"[{""contract"": ""NSE_FO|61622|25-08-2026"", ""status"": ""ORDER_CREATED""}]",NSE_FO|61622|25-08-2026,24100.0,65,260,21.75,21.70,2026-08-25T10:26:00+05:30,10.40,2026-08-25T10:50:00+05:30,STOP,-2994.77,56.77,3443.46,0.4792626728110599078341013825
recent,EXPIRY_CHAIN_UNWIND_TRAIL,2026-09-01,2026-09-01T10:20:00+05:30,CE,3443.46,EXPIRY_CHAIN_UNWIND,MODELED_EXIT,"[{""contract"": ""NSE_FO|46987|01-09-2026"", ""status"": ""ORDER_CREATED""}]",NSE_FO|46987|01-09-2026,24050.0,65,65,42.35,41.70,2026-09-01T10:21:00+05:30,53.60,2026-09-01T13:02:00+05:30,STOP,716.64,56.86,4160.10,1.285371702637889688249400480
recent,EXPIRY_CHAIN_UNWIND_TRAIL,2026-09-08,2026-09-08T10:15:00+05:30,CE,4160.10,EXPIRY_CHAIN_UNWIND,MODELED_EXIT,"[{""contract"": ""NSE_FO|42627|08-09-2026"", ""status"": ""UNAFFORDABLE_OR_PAST_CAPACITY""}, {""contract"": ""NSE_FO|42629|08-09-2026"", ""status"": ""ORDER_CREATED""}]",NSE_FO|42629|08-09-2026,23750.0,65,65,36.75,34.45,2026-09-08T10:16:00+05:30,16.95,2026-09-08T11:50:00+05:30,STOP,-1189.17,51.67,2970.93,0.4920174165457184325108853411
recent,EXPIRY_CHAIN_UNWIND_TRAIL,2026-09-15,2026-09-15T14:15:00+05:30,PE,2970.93,EXPIRY_CHAIN_UNWIND,MODELED_LIMIT_MISS,"[{""contract"": ""NSE_FO|47288|15-09-2026"", ""status"": ""UNAFFORDABLE_OR_PAST_CAPACITY""}, {""contract"": ""NSE_FO|47286|15-09-2026"", ""status"": ""ORDER_CREATED""}]",NSE_FO|47286|15-09-2026,23200.0,65,65,34.00,,,,,,,,,
recent,EXPIRY_INSTITUTIONAL_ALIGN_TARGET,2026-06-23,2026-06-23T11:35:00+05:30,PE,9411.18,EXPIRY_INSTITUTIONAL_ALIGN,MODELED_LIMIT_MISS,"[{""contract"": ""NSE_FO|56377|23-06-2026"", ""status"": ""ORDER_CREATED""}]",NSE_FO|56377|23-06-2026,24100.0,65,325,26.00,,,,,,,,,
recent,EXPIRY_INSTITUTIONAL_ALIGN_TARGET,2026-06-30,2026-06-30T10:05:00+05:30,CE,9411.18,EXPIRY_INSTITUTIONAL_ALIGN,MODELED_EXIT,"[{""contract"": ""NSE_FO|79722|30-06-2026"", ""status"": ""ORDER_CREATED""}]",NSE_FO|79722|30-06-2026,23900.0,65,65,79.15,72.85,2026-06-30T10:06:00+05:30,28.85,2026-06-30T14:04:00+05:30,STOP,-2914.04,54.04,6497.14,0.3960192175703500343170899108
recent,EXPIRY_INSTITUTIONAL_ALIGN_TARGET,2026-07-14,2026-07-14T10:35:00+05:30,CE,6497.14,EXPIRY_INSTITUTIONAL_ALIGN,MODELED_EXIT,"[{""contract"": ""NSE_FO|51375|14-07-2026"", ""status"": ""ORDER_CREATED""}]",NSE_FO|51375|14-07-2026,24100.0,65,65,47.50,43.20,2026-07-14T10:36:00+05:30,20.60,2026-07-14T12:16:00+05:30,STOP,-1522.00,53.00,4975.14,0.4768518518518518518518518519
recent,EXPIRY_INSTITUTIONAL_ALIGN_TARGET,2026-08-25,2026-08-25T12:00:00+05:30,CE,4975.14,EXPIRY_INSTITUTIONAL_ALIGN,MODELED_EXIT,"[{""contract"": ""NSE_FO|61647|25-08-2026"", ""status"": ""ORDER_CREATED""}]",NSE_FO|61647|25-08-2026,24200.0,65,130,30.00,25.40,2026-08-25T12:01:00+05:30,12.25,2026-08-25T12:59:00+05:30,STOP,-1762.82,53.32,3212.32,0.4822834645669291338582677165
recent,EXPIRY_INSTITUTIONAL_ALIGN_TRAIL,2026-06-23,2026-06-23T11:35:00+05:30,PE,9411.18,EXPIRY_INSTITUTIONAL_ALIGN,MODELED_LIMIT_MISS,"[{""contract"": ""NSE_FO|56377|23-06-2026"", ""status"": ""ORDER_CREATED""}]",NSE_FO|56377|23-06-2026,24100.0,65,325,26.00,,,,,,,,,
recent,EXPIRY_INSTITUTIONAL_ALIGN_TRAIL,2026-06-30,2026-06-30T10:05:00+05:30,CE,9411.18,EXPIRY_INSTITUTIONAL_ALIGN,MODELED_EXIT,"[{""contract"": ""NSE_FO|79722|30-06-2026"", ""status"": ""ORDER_CREATED""}]",NSE_FO|79722|30-06-2026,23900.0,65,65,79.15,72.85,2026-06-30T10:06:00+05:30,64.00,2026-06-30T11:36:00+05:30,STOP,-634.24,58.99,8776.94,0.8785175017158544955387783116
recent,EXPIRY_INSTITUTIONAL_ALIGN_TRAIL,2026-07-14,2026-07-14T10:35:00+05:30,CE,8776.94,EXPIRY_INSTITUTIONAL_ALIGN,MODELED_EXIT,"[{""contract"": ""NSE_FO|51375|14-07-2026"", ""status"": ""ORDER_CREATED""}]",NSE_FO|51375|14-07-2026,24100.0,65,130,47.50,43.20,2026-07-14T10:36:00+05:30,32.75,2026-07-14T11:44:00+05:30,STOP,-1417.91,59.41,7359.03,0.7581018518518518518518518519
recent,EXPIRY_INSTITUTIONAL_ALIGN_TRAIL,2026-08-25,2026-08-25T12:00:00+05:30,CE,7359.03,EXPIRY_INSTITUTIONAL_ALIGN,MODELED_EXIT,"[{""contract"": ""NSE_FO|61647|25-08-2026"", ""status"": ""ORDER_CREATED""}]",NSE_FO|61647|25-08-2026,24200.0,65,195,30.00,25.40,2026-08-25T12:01:00+05:30,13.85,2026-08-25T12:44:00+05:30,STOP,-2308.72,56.47,5050.31,0.5452755905511811023622047244
recent,EXPIRY_PUBLISHED_PCR_TARGET,2026-06-23,2026-06-23T11:20:00+05:30,CE,9411.18,EXPIRY_PUBLISHED_PCR,MODELED_LIMIT_MISS,"[{""contract"": ""NSE_FO|56380|23-06-2026"", ""status"": ""ORDER_CREATED""}]",NSE_FO|56380|23-06-2026,24150.0,65,390,21.80,,,,,,,,,
recent,EXPIRY_PUBLISHED_PCR_TARGET,2026-06-30,2026-06-30T10:20:00+05:30,PE,9411.18,EXPIRY_PUBLISHED_PCR,MODELED_LIMIT_MISS,"[{""contract"": ""NSE_FO|79723|30-06-2026"", ""status"": ""ORDER_CREATED""}]",NSE_FO|79723|30-06-2026,23900.0,65,130,63.35,,,,,,,,,
recent,EXPIRY_PUBLISHED_PCR_TARGET,2026-07-07,2026-07-07T10:10:00+05:30,CE,9411.18,EXPIRY_PUBLISHED_PCR,MODELED_LIMIT_MISS,"[{""contract"": ""NSE_FO|44662|07-07-2026"", ""status"": ""ORDER_CREATED""}]",NSE_FO|44662|07-07-2026,24500.0,65,260,30.95,,,,,,,,,
recent,EXPIRY_PUBLISHED_PCR_TARGET,2026-07-14,2026-07-14T10:35:00+05:30,CE,9411.18,EXPIRY_PUBLISHED_PCR,MODELED_EXIT,"[{""contract"": ""NSE_FO|51375|14-07-2026"", ""status"": ""ORDER_CREATED""}]",NSE_FO|51375|14-07-2026,24100.0,65,130,47.50,43.20,2026-07-14T10:36:00+05:30,20.60,2026-07-14T12:16:00+05:30,STOP,-2994.75,56.75,6416.43,0.4768518518518518518518518519
recent,EXPIRY_PUBLISHED_PCR_TARGET,2026-07-21,2026-07-21T10:25:00+05:30,PE,6416.43,EXPIRY_PUBLISHED_PCR,MODELED_LIMIT_MISS,"[{""contract"": ""NSE_FO|57349|21-07-2026"", ""status"": ""ORDER_CREATED""}]",NSE_FO|57349|21-07-2026,24200.0,65,65,49.65,,,,,,,,,
recent,EXPIRY_PUBLISHED_PCR_TARGET,2026-07-28,2026-07-28T10:45:00+05:30,CE,6416.43,EXPIRY_PUBLISHED_PCR,MODELED_LIMIT_MISS,"[{""contract"": ""NSE_FO|63939|28-07-2026"", ""status"": ""ORDER_CREATED""}]",NSE_FO|63939|28-07-2026,24000.0,65,65,48.55,,,,,,,,,
recent,EXPIRY_PUBLISHED_PCR_TARGET,2026-08-25,2026-08-25T13:15:00+05:30,PE,6416.43,EXPIRY_PUBLISHED_PCR,MODELED_EXIT,"[{""contract"": ""NSE_FO|61646|25-08-2026"", ""status"": ""ORDER_CREATED""}]",NSE_FO|61646|25-08-2026,24150.0,65,130,33.55,30.40,2026-08-25T13:16:00+05:30,11.45,2026-08-25T13:54:00+05:30,STOP,-2517.04,53.54,3899.39,0.3766447368421052631578947368
recent,EXPIRY_PUBLISHED_PCR_TARGET,2026-09-08,2026-09-08T10:05:00+05:30,PE,3899.39,EXPIRY_PUBLISHED_PCR,MODELED_EXIT,"[{""contract"": ""NSE_FO|42626|08-09-2026"", ""status"": ""ORDER_CREATED""}]",NSE_FO|42626|08-09-2026,23650.0,65,65,35.90,34.5,2026-09-08T10:06:00+05:30,11.00,2026-09-08T15:18:00+05:30,STOP,-1579.01,51.51,2320.38,0.3188405797101449275362318841
recent,EXPIRY_PUBLISHED_PCR_TRAIL,2026-06-23,2026-06-23T11:20:00+05:30,CE,9411.18,EXPIRY_PUBLISHED_PCR,MODELED_LIMIT_MISS,"[{""contract"": ""NSE_FO|56380|23-06-2026"", ""status"": ""ORDER_CREATED""}]",NSE_FO|56380|23-06-2026,24150.0,65,390,21.80,,,,,,,,,
recent,EXPIRY_PUBLISHED_PCR_TRAIL,2026-06-30,2026-06-30T10:20:00+05:30,PE,9411.18,EXPIRY_PUBLISHED_PCR,MODELED_LIMIT_MISS,"[{""contract"": ""NSE_FO|79723|30-06-2026"", ""status"": ""ORDER_CREATED""}]",NSE_FO|79723|30-06-2026,23900.0,65,130,63.35,,,,,,,,,
recent,EXPIRY_PUBLISHED_PCR_TRAIL,2026-07-07,2026-07-07T10:10:00+05:30,CE,9411.18,EXPIRY_PUBLISHED_PCR,MODELED_LIMIT_MISS,"[{""contract"": ""NSE_FO|44662|07-07-2026"", ""status"": ""ORDER_CREATED""}]",NSE_FO|44662|07-07-2026,24500.0,65,260,30.95,,,,,,,,,
recent,EXPIRY_PUBLISHED_PCR_TRAIL,2026-07-14,2026-07-14T10:35:00+05:30,CE,9411.18,EXPIRY_PUBLISHED_PCR,MODELED_EXIT,"[{""contract"": ""NSE_FO|51375|14-07-2026"", ""status"": ""ORDER_CREATED""}]",NSE_FO|51375|14-07-2026,24100.0,65,130,47.50,43.20,2026-07-14T10:36:00+05:30,32.75,2026-07-14T11:44:00+05:30,STOP,-1417.91,59.41,7993.27,0.7581018518518518518518518519
recent,EXPIRY_PUBLISHED_PCR_TRAIL,2026-07-21,2026-07-21T10:25:00+05:30,PE,7993.27,EXPIRY_PUBLISHED_PCR,MODELED_LIMIT_MISS,"[{""contract"": ""NSE_FO|57349|21-07-2026"", ""status"": ""ORDER_CREATED""}]",NSE_FO|57349|21-07-2026,24200.0,65,130,49.65,,,,,,,,,
recent,EXPIRY_PUBLISHED_PCR_TRAIL,2026-07-28,2026-07-28T10:45:00+05:30,CE,7993.27,EXPIRY_PUBLISHED_PCR,MODELED_LIMIT_MISS,"[{""contract"": ""NSE_FO|63939|28-07-2026"", ""status"": ""ORDER_CREATED""}]",NSE_FO|63939|28-07-2026,24000.0,65,130,48.55,,,,,,,,,
recent,EXPIRY_PUBLISHED_PCR_TRAIL,2026-08-25,2026-08-25T13:15:00+05:30,PE,7993.27,EXPIRY_PUBLISHED_PCR,MODELED_EXIT,"[{""contract"": ""NSE_FO|61646|25-08-2026"", ""status"": ""ORDER_CREATED""}]",NSE_FO|61646|25-08-2026,24150.0,65,195,33.55,30.40,2026-08-25T13:16:00+05:30,11.45,2026-08-25T13:54:00+05:30,STOP,-3750.94,55.69,4242.33,0.3766447368421052631578947368
recent,EXPIRY_PUBLISHED_PCR_TRAIL,2026-09-08,2026-09-08T10:05:00+05:30,PE,4242.33,EXPIRY_PUBLISHED_PCR,MODELED_EXIT,"[{""contract"": ""NSE_FO|42626|08-09-2026"", ""status"": ""ORDER_CREATED""}]",NSE_FO|42626|08-09-2026,23650.0,65,65,35.90,34.5,2026-09-08T10:06:00+05:30,19.45,2026-09-08T15:17:00+05:30,STOP,-1029.98,51.73,3212.35,0.5637681159420289855072463768
recent,EXPIRY_PUBLISHED_PAIN_TARGET,2026-08-04,2026-08-04T11:50:00+05:30,PE,9411.18,EXPIRY_PUBLISHED_PAIN,MODELED_EXIT,"[{""contract"": ""NSE_FO|65868|04-08-2026"", ""status"": ""ORDER_CREATED""}]",NSE_FO|65868|04-08-2026,24550.0,65,130,56.95,55.75,2026-08-04T11:51:00+05:30,111.50,2026-08-04T13:58:00+05:30,TARGET_2X,7168.10,79.40,16579.28,2
recent,EXPIRY_PUBLISHED_PAIN_TRAIL,2026-08-04,2026-08-04T11:50:00+05:30,PE,9411.18,EXPIRY_PUBLISHED_PAIN,MODELED_EXIT,"[{""contract"": ""NSE_FO|65868|04-08-2026"", ""status"": ""ORDER_CREATED""}]",NSE_FO|65868|04-08-2026,24550.0,65,130,56.95,55.75,2026-08-04T11:51:00+05:30,52.55,2026-08-04T15:24:00+05:30,STOP,-481.17,65.17,8930.01,0.9426008968609865470852017937
recent,ORDINARY_FUTURE_TREND_TARGET,2026-06-22,2026-06-22T10:00:00+05:30,CE,9411.18,ORDINARY_FUTURE_TREND,MODELED_EXIT,"[{""contract"": ""NSE_FO|56380|23-06-2026"", ""status"": ""ORDER_CREATED""}]",NSE_FO|56380|23-06-2026,24150.0,65,65,75.15,72.0,2026-06-22T10:01:00+05:30,40.90,2026-06-22T15:25:00+05:30,TIMED_CLOSE,-2076.85,55.35,7334.33,0.5680555555555555555555555556
recent,ORDINARY_FUTURE_TREND_TARGET,2026-06-24,2026-06-24T10:00:00+05:30,PE,7334.33,ORDINARY_FUTURE_TREND,MODELED_EXIT,"[{""contract"": ""NSE_FO|79714|30-06-2026"", ""status"": ""UNAFFORDABLE_OR_PAST_CAPACITY""}, {""contract"": ""NSE_FO|79712|30-06-2026"", ""status"": ""UNAFFORDABLE_OR_PAST_CAPACITY""}, {""contract"": ""NSE_FO|79710|30-06-2026"", ""status"": ""UNAFFORDABLE_OR_PAST_CAPACITY""}, {""contract"": ""NSE_FO|79708|30-06-2026"", ""status"": ""ORDER_CREATED""}]",NSE_FO|79708|30-06-2026,23700.0,65,65,96.50,83.0,2026-06-24T10:01:00+05:30,40.95,2026-06-24T13:14:00+05:30,STOP,-2788.89,55.64,4545.44,0.4933734939759036144578313253
recent,ORDINARY_FUTURE_TREND_TARGET,2026-06-25,2026-06-25T10:00:00+05:30,CE,4545.44,ORDINARY_FUTURE_TREND,MODELED_EXIT,"[{""contract"": ""NSE_FO|79736|30-06-2026"", ""status"": ""UNAFFORDABLE_OR_PAST_CAPACITY""}, {""contract"": ""NSE_FO|79738|30-06-2026"", ""status"": ""UNAFFORDABLE_OR_PAST_CAPACITY""}, {""contract"": ""NSE_FO|79740|30-06-2026"", ""status"": ""ORDER_CREATED""}]",NSE_FO|79740|30-06-2026,24300.0,65,65,64.35,59.95,2026-06-25T10:01:00+05:30,29.00,2026-06-25T15:01:00+05:30,STOP,-2065.44,53.69,2480.00,0.4837364470391993327773144287
recent,ORDINARY_FUTURE_TREND_TARGET,2026-06-29,2026-06-29T10:05:00+05:30,PE,2480.00,ORDINARY_FUTURE_TREND,MODELED_EXIT,"[{""contract"": ""NSE_FO|79731|30-06-2026"", ""status"": ""UNAFFORDABLE_OR_PAST_CAPACITY""}, {""contract"": ""NSE_FO|71473|30-06-2026"", ""status"": ""UNAFFORDABLE_OR_PAST_CAPACITY""}, {""contract"": ""NSE_FO|79729|30-06-2026"", ""status"": ""UNAFFORDABLE_OR_PAST_CAPACITY""}, {""contract"": ""NSE_FO|79723|30-06-2026"", ""status"": ""ORDER_CREATED""}]",NSE_FO|79723|30-06-2026,23900.0,65,65,35.50,31.75,2026-06-29T10:06:00+05:30,63.50,2026-06-29T12:33:00+05:30,TARGET_2X,2005.89,57.86,4485.89,2
recent,ORDINARY_FUTURE_TREND_TARGET,2026-07-01,2026-07-01T10:00:00+05:30,CE,4485.89,ORDINARY_FUTURE_TREND,NO_AFFORDABLE_LIQUID_CONTRACT,"[{""contract"": ""NSE_FO|44620|07-07-2026"", ""status"": ""UNAFFORDABLE_OR_PAST_CAPACITY""}, {""contract"": ""NSE_FO|44622|07-07-2026"", ""status"": ""UNAFFORDABLE_OR_PAST_CAPACITY""}, {""contract"": ""NSE_FO|44633|07-07-2026"", ""status"": ""UNAFFORDABLE_OR_PAST_CAPACITY""}, {""contract"": ""NSE_FO|44635|07-07-2026"", ""status"": ""UNAFFORDABLE_OR_PAST_CAPACITY""}]",,,,,,,,,,,,,,
recent,ORDINARY_FUTURE_TREND_TARGET,2026-07-02,2026-07-02T10:05:00+05:30,PE,4485.89,ORDINARY_FUTURE_TREND,MODELED_LIMIT_MISS,"[{""contract"": ""NSE_FO|44634|07-07-2026"", ""status"": ""UNAFFORDABLE_OR_PAST_CAPACITY""}, {""contract"": ""NSE_FO|44623|07-07-2026"", ""status"": ""UNAFFORDABLE_OR_PAST_CAPACITY""}, {""contract"": ""NSE_FO|44621|07-07-2026"", ""status"": ""UNAFFORDABLE_OR_PAST_CAPACITY""}, {""contract"": ""NSE_FO|44619|07-07-2026"", ""status"": ""ORDER_CREATED""}]",NSE_FO|44619|07-07-2026,23950.0,65,65,59.15,,,,,,,,,
recent,ORDINARY_FUTURE_TREND_TARGET,2026-07-03,2026-07-03T13:10:00+05:30,PE,4485.89,ORDINARY_FUTURE_TREND,MODELED_EXIT,"[{""contract"": ""NSE_FO|44646|07-07-2026"", ""status"": ""UNAFFORDABLE_OR_PAST_CAPACITY""}, {""contract"": ""NSE_FO|44643|07-07-2026"", ""status"": ""UNAFFORDABLE_OR_PAST_CAPACITY""}, {""contract"": ""NSE_FO|44641|07-07-2026"", ""status"": ""ORDER_CREATED""}]",NSE_FO|44641|07-07-2026,24200.0,65,65,53.75,51.15,2026-07-03T13:11:00+05:30,52.80,2026-07-03T15:25:00+05:30,TIMED_CLOSE,50.15,57.10,4536.04,1.032258064516129032258064516
recent,ORDINARY_FUTURE_TREND_TARGET,2026-07-06,2026-07-06T10:30:00+05:30,CE,4536.04,ORDINARY_FUTURE_TREND,MODELED_EXIT,"[{""contract"": ""NSE_FO|44654|07-07-2026"", ""status"": ""UNAFFORDABLE_OR_PAST_CAPACITY""}, {""contract"": ""NSE_FO|44660|07-07-2026"", ""status"": ""ORDER_CREATED""}]",NSE_FO|44660|07-07-2026,24450.0,65,65,53.50,52.20,2026-07-06T10:31:00+05:30,41.05,2026-07-06T15:25:00+05:30,TIMED_CLOSE,-780.56,55.81,3755.48,0.7863984674329501915708812261
recent,ORDINARY_FUTURE_TREND_TARGET,2026-07-08,2026-07-08T10:00:00+05:30,CE,3755.48,ORDINARY_FUTURE_TREND,NO_AFFORDABLE_LIQUID_CONTRACT,"[{""contract"": ""NSE_FO|51381|14-07-2026"", ""status"": ""UNAFFORDABLE_OR_PAST_CAPACITY""}, {""contract"": ""NSE_FO|51385|14-07-2026"", ""status"": ""UNAFFORDABLE_OR_PAST_CAPACITY""}, {""contract"": ""NSE_FO|51387|14-07-2026"", ""status"": ""UNAFFORDABLE_OR_PAST_CAPACITY""}, {""contract"": ""NSE_FO|51389|14-07-2026"", ""status"": ""UNAFFORDABLE_OR_PAST_CAPACITY""}]",,,,,,,,,,,,,,
recent,ORDINARY_FUTURE_TREND_TARGET,2026-07-09,2026-07-09T10:45:00+05:30,CE,3755.48,ORDINARY_FUTURE_TREND,NO_AFFORDABLE_LIQUID_CONTRACT,"[{""contract"": ""NSE_FO|51375|14-07-2026"", ""status"": ""UNAFFORDABLE_OR_PAST_CAPACITY""}, {""contract"": ""NSE_FO|51377|14-07-2026"", ""status"": ""UNAFFORDABLE_OR_PAST_CAPACITY""}, {""contract"": ""NSE_FO|51379|14-07-2026"", ""status"": ""UNAFFORDABLE_OR_PAST_CAPACITY""}, {""contract"": ""NSE_FO|51381|14-07-2026"", ""status"": ""UNAFFORDABLE_OR_PAST_CAPACITY""}]",,,,,,,,,,,,,,
recent,ORDINARY_FUTURE_TREND_TARGET,2026-07-10,2026-07-10T12:30:00+05:30,CE,3755.48,ORDINARY_FUTURE_TREND,MODELED_EXIT,"[{""contract"": ""NSE_FO|51379|14-07-2026"", ""status"": ""UNAFFORDABLE_OR_PAST_CAPACITY""}, {""contract"": ""NSE_FO|51381|14-07-2026"", ""status"": ""UNAFFORDABLE_OR_PAST_CAPACITY""}, {""contract"": ""NSE_FO|51385|14-07-2026"", ""status"": ""UNAFFORDABLE_OR_PAST_CAPACITY""}, {""contract"": ""NSE_FO|51387|14-07-2026"", ""status"": ""ORDER_CREATED""}]",NSE_FO|51387|14-07-2026,24350.0,65,65,45.40,43.45,2026-07-10T12:31:00+05:30,38.40,2026-07-10T15:25:00+05:30,TIMED_CLOSE,-382.75,54.50,3372.73,0.8837744533947065592635212888
recent,ORDINARY_FUTURE_TREND_TARGET,2026-07-13,2026-07-13T10:00:00+05:30,CE,3372.73,ORDINARY_FUTURE_TREND,MODELED_EXIT,"[{""contract"": ""NSE_FO|51375|14-07-2026"", ""status"": ""UNAFFORDABLE_OR_PAST_CAPACITY""}, {""contract"": ""NSE_FO|51377|14-07-2026"", ""status"": ""UNAFFORDABLE_OR_PAST_CAPACITY""}, {""contract"": ""NSE_FO|51379|14-07-2026"", ""status"": ""UNAFFORDABLE_OR_PAST_CAPACITY""}, {""contract"": ""NSE_FO|51381|14-07-2026"", ""status"": ""ORDER_CREATED""}]",NSE_FO|51381|14-07-2026,24250.0,65,65,38.10,37.90,2026-07-13T10:01:00+05:30,75.80,2026-07-13T12:52:00+05:30,TARGET_2X,2404.12,59.38,5776.85,2
recent,ORDINARY_FUTURE_TREND_TARGET,2026-07-15,2026-07-15T10:20:00+05:30,CE,5776.85,ORDINARY_FUTURE_TREND,NO_AFFORDABLE_LIQUID_CONTRACT,"[{""contract"": ""NSE_FO|57348|21-07-2026"", ""status"": ""UNAFFORDABLE_OR_PAST_CAPACITY""}, {""contract"": ""NSE_FO|57350|21-07-2026"", ""status"": ""UNAFFORDABLE_OR_PAST_CAPACITY""}, {""contract"": ""NSE_FO|57352|21-07-2026"", ""status"": ""UNAFFORDABLE_OR_PAST_CAPACITY""}, {""contract"": ""NSE_FO|57354|21-07-2026"", ""status"": ""UNAFFORDABLE_OR_PAST_CAPACITY""}]",,,,,,,,,,,,,,
recent,ORDINARY_FUTURE_TREND_TARGET,2026-07-16,2026-07-16T10:50:00+05:30,CE,5776.85,ORDINARY_FUTURE_TREND,MODELED_LIMIT_MISS,"[{""contract"": ""NSE_FO|57346|21-07-2026"", ""status"": ""UNAFFORDABLE_OR_PAST_CAPACITY""}, {""contract"": ""NSE_FO|57348|21-07-2026"", ""status"": ""UNAFFORDABLE_OR_PAST_CAPACITY""}, {""contract"": ""NSE_FO|57350|21-07-2026"", ""status"": ""UNAFFORDABLE_OR_PAST_CAPACITY""}, {""contract"": ""NSE_FO|57352|21-07-2026"", ""status"": ""ORDER_CREATED""}]",NSE_FO|57352|21-07-2026,24300.0,65,65,71.30,,,,,,,,,
recent,ORDINARY_FUTURE_TREND_TARGET,2026-07-17,2026-07-17T10:20:00+05:30,CE,5776.85,ORDINARY_FUTURE_TREND,MODELED_EXIT,"[{""contract"": ""NSE_FO|57350|21-07-2026"", ""status"": ""UNAFFORDABLE_OR_PAST_CAPACITY""}, {""contract"": ""NSE_FO|57352|21-07-2026"", ""status"": ""UNAFFORDABLE_OR_PAST_CAPACITY""}, {""contract"": ""NSE_FO|57354|21-07-2026"", ""status"": ""UNAFFORDABLE_OR_PAST_CAPACITY""}, {""contract"": ""NSE_FO|57356|21-07-2026"", ""status"": ""ORDER_CREATED""}]",NSE_FO|57356|21-07-2026,24400.0,65,65,71.00,66.5,2026-07-17T10:21:00+05:30,78.55,2026-07-17T15:25:00+05:30,TIMED_CLOSE,723.02,60.23,6499.87,1.181203007518796992481203008
recent,ORDINARY_FUTURE_TREND_TARGET,2026-07-20,2026-07-20T10:20:00+05:30,CE,6499.87,ORDINARY_FUTURE_TREND,MODELED_EXIT,"[{""contract"": ""NSE_FO|57350|21-07-2026"", ""status"": ""ORDER_CREATED""}]",NSE_FO|57350|21-07-2026,24250.0,65,65,73.65,67.40,2026-07-20T10:21:00+05:30,32.65,2026-07-20T12:48:00+05:30,STOP,-2313.75,55.00,4186.12,0.4844213649851632047477744807
recent,ORDINARY_FUTURE_TREND_TARGET,2026-07-22,2026-07-22T10:25:00+05:30,PE,4186.12,ORDINARY_FUTURE_TREND,NO_AFFORDABLE_LIQUID_CONTRACT,"[{""contract"": ""NSE_FO|63940|28-07-2026"", ""status"": ""UNAFFORDABLE_OR_PAST_CAPACITY""}, {""contract"": ""NSE_FO|63938|28-07-2026"", ""status"": ""UNAFFORDABLE_OR_PAST_CAPACITY""}, {""contract"": ""NSE_FO|63936|28-07-2026"", ""status"": ""UNAFFORDABLE_OR_PAST_CAPACITY""}, {""contract"": ""NSE_FO|63934|28-07-2026"", ""status"": ""UNAFFORDABLE_OR_PAST_CAPACITY""}]",,,,,,,,,,,,,,
recent,ORDINARY_FUTURE_TREND_TARGET,2026-07-23,2026-07-23T10:00:00+05:30,CE,4186.12,ORDINARY_FUTURE_TREND,NO_AFFORDABLE_LIQUID_CONTRACT,"[{""contract"": ""NSE_FO|63937|28-07-2026"", ""status"": ""UNAFFORDABLE_OR_PAST_CAPACITY""}, {""contract"": ""NSE_FO|63939|28-07-2026"", ""status"": ""UNAFFORDABLE_OR_PAST_CAPACITY""}, {""contract"": ""NSE_FO|63941|28-07-2026"", ""status"": ""UNAFFORDABLE_OR_PAST_CAPACITY""}, {""contract"": ""NSE_FO|63943|28-07-2026"", ""status"": ""UNAFFORDABLE_OR_PAST_CAPACITY""}]",,,,,,,,,,,,,,
recent,ORDINARY_FUTURE_TREND_TARGET,2026-07-24,2026-07-24T10:05:00+05:30,PE,4186.12,ORDINARY_FUTURE_TREND,NO_AFFORDABLE_LIQUID_CONTRACT,"[{""contract"": ""NSE_FO|63921|28-07-2026"", ""status"": ""UNAFFORDABLE_OR_PAST_CAPACITY""}, {""contract"": ""NSE_FO|63918|28-07-2026"", ""status"": ""UNAFFORDABLE_OR_PAST_CAPACITY""}, {""contract"": ""NSE_FO|63916|28-07-2026"", ""status"": ""UNAFFORDABLE_OR_PAST_CAPACITY""}, {""contract"": ""NSE_FO|63914|28-07-2026"", ""status"": ""UNAFFORDABLE_OR_PAST_CAPACITY""}]",,,,,,,,,,,,,,
recent,ORDINARY_FUTURE_TREND_TARGET,2026-07-27,2026-07-27T10:05:00+05:30,PE,4186.12,ORDINARY_FUTURE_TREND,MODELED_LIMIT_MISS,"[{""contract"": ""NSE_FO|63936|28-07-2026"", ""status"": ""UNAFFORDABLE_OR_PAST_CAPACITY""}, {""contract"": ""NSE_FO|63934|28-07-2026"", ""status"": ""ORDER_CREATED""}]",NSE_FO|63934|28-07-2026,23850.0,65,65,46.75,,,,,,,,,
recent,ORDINARY_FUTURE_TREND_TARGET,2026-07-29,2026-07-29T10:00:00+05:30,PE,4186.12,ORDINARY_FUTURE_TREND,NO_AFFORDABLE_LIQUID_CONTRACT,"[{""contract"": ""NSE_FO|65776|04-08-2026"", ""status"": ""UNAFFORDABLE_OR_PAST_CAPACITY""}, {""contract"": ""NSE_FO|65700|04-08-2026"", ""status"": ""UNAFFORDABLE_OR_PAST_CAPACITY""}, {""contract"": ""NSE_FO|65698|04-08-2026"", ""status"": ""UNAFFORDABLE_OR_PAST_CAPACITY""}, {""contract"": ""NSE_FO|65696|04-08-2026"", ""status"": ""UNAFFORDABLE_OR_PAST_CAPACITY""}]",,,,,,,,,,,,,,
recent,ORDINARY_FUTURE_TREND_TARGET,2026-07-30,2026-07-30T10:15:00+05:30,PE,4186.12,ORDINARY_FUTURE_TREND,NO_AFFORDABLE_LIQUID_CONTRACT,"[{""contract"": ""NSE_FO|65807|04-08-2026"", ""status"": ""UNAFFORDABLE_OR_PAST_CAPACITY""}, {""contract"": ""NSE_FO|65776|04-08-2026"", ""status"": ""UNAFFORDABLE_OR_PAST_CAPACITY""}, {""contract"": ""NSE_FO|65700|04-08-2026"", ""status"": ""UNAFFORDABLE_OR_PAST_CAPACITY""}, {""contract"": ""NSE_FO|65698|04-08-2026"", ""status"": ""UNAFFORDABLE_OR_PAST_CAPACITY""}]",,,,,,,,,,,,,,
recent,ORDINARY_FUTURE_TREND_TARGET,2026-07-31,2026-07-31T11:25:00+05:30,CE,4186.12,ORDINARY_FUTURE_TREND,MODELED_EXIT,"[{""contract"": ""NSE_FO|65852|04-08-2026"", ""status"": ""UNAFFORDABLE_OR_PAST_CAPACITY""}, {""contract"": ""NSE_FO|65854|04-08-2026"", ""status"": ""UNAFFORDABLE_OR_PAST_CAPACITY""}, {""contract"": ""NSE_FO|65858|04-08-2026"", ""status"": ""ORDER_CREATED""}]",NSE_FO|65858|04-08-2026,24450.0,65,65,56.60,55.35,2026-07-31T11:26:00+05:30,52.45,2026-07-31T15:25:00+05:30,TIMED_CLOSE,-245.71,57.21,3940.41,0.9476061427280939476061427281
recent,ORDINARY_FUTURE_TREND_TARGET,2026-08-05,2026-08-05T10:00:00+05:30,PE,3940.41,ORDINARY_FUTURE_TREND,NO_AFFORDABLE_LIQUID_CONTRACT,"[{""contract"": ""NSE_FO|41016|11-08-2026"", ""status"": ""UNAFFORDABLE_OR_PAST_CAPACITY""}, {""contract"": ""NSE_FO|41014|11-08-2026"", ""status"": ""UNAFFORDABLE_OR_PAST_CAPACITY""}, {""contract"": ""NSE_FO|41012|11-08-2026"", ""status"": ""UNAFFORDABLE_OR_PAST_CAPACITY""}, {""contract"": ""NSE_FO|41010|11-08-2026"", ""status"": ""UNAFFORDABLE_OR_PAST_CAPACITY""}]",,,,,,,,,,,,,,
recent,ORDINARY_FUTURE_TREND_TARGET,2026-08-06,2026-08-06T10:05:00+05:30,PE,3940.41,ORDINARY_FUTURE_TREND,NO_AFFORDABLE_LIQUID_CONTRACT,"[{""contract"": ""NSE_FO|41016|11-08-2026"", ""status"": ""UNAFFORDABLE_OR_PAST_CAPACITY""}, {""contract"": ""NSE_FO|41014|11-08-2026"", ""status"": ""UNAFFORDABLE_OR_PAST_CAPACITY""}, {""contract"": ""NSE_FO|41012|11-08-2026"", ""status"": ""UNAFFORDABLE_OR_PAST_CAPACITY""}, {""contract"": ""NSE_FO|41010|11-08-2026"", ""status"": ""UNAFFORDABLE_OR_PAST_CAPACITY""}]",,,,,,,,,,,,,,
recent,ORDINARY_FUTURE_TREND_TARGET,2026-08-07,2026-08-07T10:15:00+05:30,PE,3940.41,ORDINARY_FUTURE_TREND,NO_AFFORDABLE_LIQUID_CONTRACT,"[{""contract"": ""NSE_FO|41016|11-08-2026"", ""status"": ""UNAFFORDABLE_OR_PAST_CAPACITY""}, {""contract"": ""NSE_FO|41014|11-08-2026"", ""status"": ""UNAFFORDABLE_OR_PAST_CAPACITY""}, {""contract"": ""NSE_FO|41012|11-08-2026"", ""status"": ""UNAFFORDABLE_OR_PAST_CAPACITY""}, {""contract"": ""NSE_FO|41010|11-08-2026"", ""status"": ""UNAFFORDABLE_OR_PAST_CAPACITY""}]",,,,,,,,,,,,,,
recent,ORDINARY_FUTURE_TREND_TARGET,2026-08-10,2026-08-10T10:20:00+05:30,CE,3940.41,ORDINARY_FUTURE_TREND,MODELED_LIMIT_MISS,"[{""contract"": ""NSE_FO|41013|11-08-2026"", ""status"": ""UNAFFORDABLE_OR_PAST_CAPACITY""}, {""contract"": ""NSE_FO|41015|11-08-2026"", ""status"": ""UNAFFORDABLE_OR_PAST_CAPACITY""}, {""contract"": ""NSE_FO|41017|11-08-2026"", ""status"": ""UNAFFORDABLE_OR_PAST_CAPACITY""}, {""contract"": ""NSE_FO|41020|11-08-2026"", ""status"": ""ORDER_CREATED""}]",NSE_FO|41020|11-08-2026,24700.0,65,65,47.15,,,,,,,,,
recent,ORDINARY_FUTURE_TREND_TARGET,2026-08-12,2026-08-12T10:00:00+05:30,PE,3940.41,ORDINARY_FUTURE_TREND,NO_AFFORDABLE_LIQUID_CONTRACT,"[{""contract"": ""NSE_FO|45107|18-08-2026"", ""status"": ""UNAFFORDABLE_OR_PAST_CAPACITY""}, {""contract"": ""NSE_FO|45105|18-08-2026"", ""status"": ""UNAFFORDABLE_OR_PAST_CAPACITY""}, {""contract"": ""NSE_FO|45103|18-08-2026"", ""status"": ""UNAFFORDABLE_OR_PAST_CAPACITY""}, {""contract"": ""NSE_FO|45101|18-08-2026"", ""status"": ""UNAFFORDABLE_OR_PAST_CAPACITY""}]",,,,,,,,,,,,,,
recent,ORDINARY_FUTURE_TREND_TARGET,2026-08-13,2026-08-13T10:30:00+05:30,PE,3940.41,ORDINARY_FUTURE_TREND,MODELED_EXIT,"[{""contract"": ""NSE_FO|45103|18-08-2026"", ""status"": ""UNAFFORDABLE_OR_PAST_CAPACITY""}, {""contract"": ""NSE_FO|45101|18-08-2026"", ""status"": ""UNAFFORDABLE_OR_PAST_CAPACITY""}, {""contract"": ""NSE_FO|45099|18-08-2026"", ""status"": ""ORDER_CREATED""}]",NSE_FO|45099|18-08-2026,24200.0,65,65,50.65,49.5,2026-08-13T10:31:00+05:30,24.25,2026-08-13T13:44:00+05:30,STOP,-1694.54,53.29,2245.87,0.4898989898989898989898989899
recent,ORDINARY_FUTURE_TREND_TARGET,2026-08-14,2026-08-14T10:10:00+05:30,CE,2245.87,ORDINARY_FUTURE_TREND,NO_AFFORDABLE_LIQUID_CONTRACT,"[{""contract"": ""NSE_FO|45104|18-08-2026"", ""status"": ""UNAFFORDABLE_OR_PAST_CAPACITY""}, {""contract"": ""NSE_FO|45106|18-08-2026"", ""status"": ""UNAFFORDABLE_OR_PAST_CAPACITY""}, {""contract"": ""NSE_FO|45108|18-08-2026"", ""status"": ""UNAFFORDABLE_OR_PAST_CAPACITY""}, {""contract"": ""NSE_FO|45110|18-08-2026"", ""status"": ""UNAFFORDABLE_OR_PAST_CAPACITY""}]",,,,,,,,,,,,,,
recent,ORDINARY_FUTURE_TREND_TARGET,2026-08-17,2026-08-17T10:20:00+05:30,PE,2245.87,ORDINARY_FUTURE_TREND,MODELED_LIMIT_MISS,"[{""contract"": ""NSE_FO|45101|18-08-2026"", ""status"": ""UNAFFORDABLE_OR_PAST_CAPACITY""}, {""contract"": ""NSE_FO|45099|18-08-2026"", ""status"": ""UNAFFORDABLE_OR_PAST_CAPACITY""}, {""contract"": ""NSE_FO|45097|18-08-2026"", ""status"": ""ORDER_CREATED""}]",NSE_FO|45097|18-08-2026,24150.0,65,65,20.10,,,,,,,,,
recent,ORDINARY_FUTURE_TREND_TARGET,2026-08-19,2026-08-19T10:20:00+05:30,PE,2245.87,ORDINARY_FUTURE_TREND,NO_AFFORDABLE_LIQUID_CONTRACT,"[{""contract"": ""NSE_FO|61609|25-08-2026"", ""status"": ""UNAFFORDABLE_OR_PAST_CAPACITY""}, {""contract"": ""NSE_FO|61604|25-08-2026"", ""status"": ""UNAFFORDABLE_OR_PAST_CAPACITY""}, {""contract"": ""NSE_FO|61588|25-08-2026"", ""status"": ""UNAFFORDABLE_OR_PAST_CAPACITY""}, {""contract"": ""NSE_FO|61586|25-08-2026"", ""status"": ""UNAFFORDABLE_OR_PAST_CAPACITY""}]",,,,,,,,,,,,,,
recent,ORDINARY_FUTURE_TREND_TARGET,2026-08-20,2026-08-20T12:50:00+05:30,CE,2245.87,ORDINARY_FUTURE_TREND,NO_AFFORDABLE_LIQUID_CONTRACT,"[{""contract"": ""NSE_FO|61671|25-08-2026"", ""status"": ""UNAFFORDABLE_OR_PAST_CAPACITY""}, {""contract"": ""NSE_FO|61685|25-08-2026"", ""status"": ""UNAFFORDABLE_OR_PAST_CAPACITY""}, {""contract"": ""NSE_FO|61717|25-08-2026"", ""status"": ""UNAFFORDABLE_OR_PAST_CAPACITY""}, {""contract"": ""NSE_FO|61720|25-08-2026"", ""status"": ""UNAFFORDABLE_OR_PAST_CAPACITY""}]",,,,,,,,,,,,,,
recent,ORDINARY_FUTURE_TREND_TARGET,2026-08-21,2026-08-21T10:10:00+05:30,PE,2245.87,ORDINARY_FUTURE_TREND,MODELED_EXIT,"[{""contract"": ""NSE_FO|61684|25-08-2026"", ""status"": ""UNAFFORDABLE_OR_PAST_CAPACITY""}, {""contract"": ""NSE_FO|61670|25-08-2026"", ""status"": ""UNAFFORDABLE_OR_PAST_CAPACITY""}, {""contract"": ""NSE_FO|61646|25-08-2026"", ""status"": ""UNAFFORDABLE_OR_PAST_CAPACITY""}, {""contract"": ""NSE_FO|61622|25-08-2026"", ""status"": ""ORDER_CREATED""}]",NSE_FO|61622|25-08-2026,24100.0,65,65,30.35,28.15,2026-08-21T10:11:00+05:30,21.75,2026-08-21T15:35:00+05:30,TIMED_CLOSE,-468.64,52.64,1777.23,0.7726465364120781527531083481
recent,ORDINARY_FUTURE_TREND_TARGET,2026-08-24,2026-08-24T11:00:00+05:30,PE,1777.23,ORDINARY_FUTURE_TREND,MODELED_EXIT,"[{""contract"": ""NSE_FO|61684|25-08-2026"", ""status"": ""UNAFFORDABLE_OR_PAST_CAPACITY""}, {""contract"": ""NSE_FO|61670|25-08-2026"", ""status"": ""UNAFFORDABLE_OR_PAST_CAPACITY""}, {""contract"": ""NSE_FO|61646|25-08-2026"", ""status"": ""UNAFFORDABLE_OR_PAST_CAPACITY""}, {""contract"": ""NSE_FO|61622|25-08-2026"", ""status"": ""ORDER_CREATED""}]",NSE_FO|61622|25-08-2026,24100.0,65,65,18.55,15.30,2026-08-24T11:01:00+05:30,30.60,2026-08-24T11:32:00+05:30,TARGET_2X,941.98,52.52,2719.21,2
recent,ORDINARY_FUTURE_TREND_TARGET,2026-08-26,2026-08-26T10:20:00+05:30,PE,2719.21,ORDINARY_FUTURE_TREND,MODELED_LIMIT_MISS,"[{""contract"": ""NSE_FO|46998|01-09-2026"", ""status"": ""UNAFFORDABLE_OR_PAST_CAPACITY""}, {""contract"": ""NSE_FO|46996|01-09-2026"", ""status"": ""UNAFFORDABLE_OR_PAST_CAPACITY""}, {""contract"": ""NSE_FO|46994|01-09-2026"", ""status"": ""UNAFFORDABLE_OR_PAST_CAPACITY""}, {""contract"": ""NSE_FO|46992|01-09-2026"", ""status"": ""ORDER_CREATED""}]",NSE_FO|46992|01-09-2026,24150.0,65,65,34.55,,,,,,,,,
recent,ORDINARY_FUTURE_TREND_TARGET,2026-08-27,2026-08-27T10:05:00+05:30,PE,2719.21,ORDINARY_FUTURE_TREND,MODELED_LIMIT_MISS,"[{""contract"": ""NSE_FO|46994|01-09-2026"", ""status"": ""UNAFFORDABLE_OR_PAST_CAPACITY""}, {""contract"": ""NSE_FO|46992|01-09-2026"", ""status"": ""UNAFFORDABLE_OR_PAST_CAPACITY""}, {""contract"": ""NSE_FO|46990|01-09-2026"", ""status"": ""UNAFFORDABLE_OR_PAST_CAPACITY""}, {""contract"": ""NSE_FO|46988|01-09-2026"", ""status"": ""ORDER_CREATED""}]",NSE_FO|46988|01-09-2026,24050.0,65,65,38.40,,,,,,,,,
recent,ORDINARY_FUTURE_TREND_TARGET,2026-08-28,2026-08-28T11:30:00+05:30,PE,2719.21,ORDINARY_FUTURE_TREND,MODELED_EXIT,"[{""contract"": ""NSE_FO|46990|01-09-2026"", ""status"": ""UNAFFORDABLE_OR_PAST_CAPACITY""}, {""contract"": ""NSE_FO|46988|01-09-2026"", ""status"": ""UNAFFORDABLE_OR_PAST_CAPACITY""}, {""contract"": ""NSE_FO|46986|01-09-2026"", ""status"": ""ORDER_CREATED""}]",NSE_FO|46986|01-09-2026,24000.0,65,65,33.60,32.35,2026-08-28T11:31:00+05:30,15.35,2026-08-28T15:22:00+05:30,STOP,-1156.56,51.56,1562.65,0.4744976816074188562596599691
recent,ORDINARY_FUTURE_TREND_TARGET,2026-08-31,2026-08-31T11:55:00+05:30,CE,1562.65,ORDINARY_FUTURE_TREND,NO_AFFORDABLE_LIQUID_CONTRACT,"[{""contract"": ""NSE_FO|46987|01-09-2026"", ""status"": ""UNAFFORDABLE_OR_PAST_CAPACITY""}, {""contract"": ""NSE_FO|46989|01-09-2026"", ""status"": ""UNAFFORDABLE_OR_PAST_CAPACITY""}, {""contract"": ""NSE_FO|46991|01-09-2026"", ""status"": ""UNAFFORDABLE_OR_PAST_CAPACITY""}, {""contract"": ""NSE_FO|46993|01-09-2026"", ""status"": ""UNAFFORDABLE_OR_PAST_CAPACITY""}]",,,,,,,,,,,,,,
recent,ORDINARY_FUTURE_TREND_TARGET,2026-09-02,2026-09-02T10:25:00+05:30,CE,1562.65,ORDINARY_FUTURE_TREND,NO_AFFORDABLE_LIQUID_CONTRACT,"[{""contract"": ""NSE_FO|42635|08-09-2026"", ""status"": ""UNAFFORDABLE_OR_PAST_CAPACITY""}, {""contract"": ""NSE_FO|42637|08-09-2026"", ""status"": ""UNAFFORDABLE_OR_PAST_CAPACITY""}, {""contract"": ""NSE_FO|42639|08-09-2026"", ""status"": ""UNAFFORDABLE_OR_PAST_CAPACITY""}, {""contract"": ""NSE_FO|42641|08-09-2026"", ""status"": ""UNAFFORDABLE_OR_PAST_CAPACITY""}]",,,,,,,,,,,,,,
recent,ORDINARY_FUTURE_TREND_TARGET,2026-09-03,2026-09-03T10:40:00+05:30,PE,1562.65,ORDINARY_FUTURE_TREND,NO_AFFORDABLE_LIQUID_CONTRACT,"[{""contract"": ""NSE_FO|42638|08-09-2026"", ""status"": ""UNAFFORDABLE_OR_PAST_CAPACITY""}, {""contract"": ""NSE_FO|42636|08-09-2026"", ""status"": ""UNAFFORDABLE_OR_PAST_CAPACITY""}, {""contract"": ""NSE_FO|42634|08-09-2026"", ""status"": ""UNAFFORDABLE_OR_PAST_CAPACITY""}, {""contract"": ""NSE_FO|42632|08-09-2026"", ""status"": ""UNAFFORDABLE_OR_PAST_CAPACITY""}]",,,,,,,,,,,,,,
recent,ORDINARY_FUTURE_TREND_TARGET,2026-09-04,2026-09-04T10:00:00+05:30,CE,1562.65,ORDINARY_FUTURE_TREND,NO_AFFORDABLE_LIQUID_CONTRACT,"[{""contract"": ""NSE_FO|42637|08-09-2026"", ""status"": ""UNAFFORDABLE_OR_PAST_CAPACITY""}, {""contract"": ""NSE_FO|42639|08-09-2026"", ""status"": ""UNAFFORDABLE_OR_PAST_CAPACITY""}, {""contract"": ""NSE_FO|42641|08-09-2026"", ""status"": ""UNAFFORDABLE_OR_PAST_CAPACITY""}, {""contract"": ""NSE_FO|42643|08-09-2026"", ""status"": ""UNAFFORDABLE_OR_PAST_CAPACITY""}]",,,,,,,,,,,,,,
recent,ORDINARY_FUTURE_TREND_TARGET,2026-09-07,2026-09-07T10:20:00+05:30,PE,1562.65,ORDINARY_FUTURE_TREND,MODELED_EXIT,"[{""contract"": ""NSE_FO|42632|08-09-2026"", ""status"": ""UNAFFORDABLE_OR_PAST_CAPACITY""}, {""contract"": ""NSE_FO|42630|08-09-2026"", ""status"": ""UNAFFORDABLE_OR_PAST_CAPACITY""}, {""contract"": ""NSE_FO|42628|08-09-2026"", ""status"": ""UNAFFORDABLE_OR_PAST_CAPACITY""}, {""contract"": ""NSE_FO|42626|08-09-2026"", ""status"": ""ORDER_CREATED""}]",NSE_FO|42626|08-09-2026,23650.0,65,65,20.25,18.30,2026-09-07T10:21:00+05:30,14.65,2026-09-07T15:35:00+05:30,TIMED_CLOSE,-288.42,51.17,1274.23,0.8005464480874316939890710383
recent,ORDINARY_FUTURE_TREND_TARGET,2026-09-09,2026-09-09T10:00:00+05:30,PE,1274.23,ORDINARY_FUTURE_TREND,NO_AFFORDABLE_LIQUID_CONTRACT,"[{""contract"": ""NSE_FO|47298|15-09-2026"", ""status"": ""UNAFFORDABLE_OR_PAST_CAPACITY""}, {""contract"": ""NSE_FO|47296|15-09-2026"", ""status"": ""UNAFFORDABLE_OR_PAST_CAPACITY""}, {""contract"": ""NSE_FO|47294|15-09-2026"", ""status"": ""UNAFFORDABLE_OR_PAST_CAPACITY""}, {""contract"": ""NSE_FO|47292|15-09-2026"", ""status"": ""UNAFFORDABLE_OR_PAST_CAPACITY""}]",,,,,,,,,,,,,,
recent,ORDINARY_FUTURE_TREND_TARGET,2026-09-10,2026-09-10T10:10:00+05:30,PE,1274.23,ORDINARY_FUTURE_TREND,NO_AFFORDABLE_LIQUID_CONTRACT,"[{""contract"": ""NSE_FO|47294|15-09-2026"", ""status"": ""UNAFFORDABLE_OR_PAST_CAPACITY""}, {""contract"": ""NSE_FO|47292|15-09-2026"", ""status"": ""UNAFFORDABLE_OR_PAST_CAPACITY""}, {""contract"": ""NSE_FO|47290|15-09-2026"", ""status"": ""UNAFFORDABLE_OR_PAST_CAPACITY""}, {""contract"": ""NSE_FO|47288|15-09-2026"", ""status"": ""UNAFFORDABLE_OR_PAST_CAPACITY""}]",,,,,,,,,,,,,,
recent,ORDINARY_FUTURE_TREND_TARGET,2026-09-11,2026-09-11T10:05:00+05:30,CE,1274.23,ORDINARY_FUTURE_TREND,NO_AFFORDABLE_LIQUID_CONTRACT,"[{""contract"": ""NSE_FO|47287|15-09-2026"", ""status"": ""UNAFFORDABLE_OR_PAST_CAPACITY""}, {""contract"": ""NSE_FO|47289|15-09-2026"", ""status"": ""UNAFFORDABLE_OR_PAST_CAPACITY""}, {""contract"": ""NSE_FO|47291|15-09-2026"", ""status"": ""UNAFFORDABLE_OR_PAST_CAPACITY""}, {""contract"": ""NSE_FO|47293|15-09-2026"", ""status"": ""UNAFFORDABLE_OR_PAST_CAPACITY""}]",,,,,,,,,,,,,,
recent,ORDINARY_FUTURE_TREND_TARGET,2026-09-16,2026-09-16T10:00:00+05:30,CE,1274.23,ORDINARY_FUTURE_TREND,NO_AFFORDABLE_LIQUID_CONTRACT,"[{""contract"": ""NSE_FO|56980"", ""status"": ""UNAFFORDABLE_OR_PAST_CAPACITY""}, {""contract"": ""NSE_FO|56983"", ""status"": ""UNAFFORDABLE_OR_PAST_CAPACITY""}, {""contract"": ""NSE_FO|56985"", ""status"": ""UNAFFORDABLE_OR_PAST_CAPACITY""}, {""contract"": ""NSE_FO|56995"", ""status"": ""UNAFFORDABLE_OR_PAST_CAPACITY""}]",,,,,,,,,,,,,,
recent,ORDINARY_FUTURE_TREND_TARGET,2026-09-17,2026-09-17T10:00:00+05:30,CE,1274.23,ORDINARY_FUTURE_TREND,NO_AFFORDABLE_LIQUID_CONTRACT,"[{""contract"": ""NSE_FO|56985"", ""status"": ""UNAFFORDABLE_OR_PAST_CAPACITY""}, {""contract"": ""NSE_FO|56995"", ""status"": ""UNAFFORDABLE_OR_PAST_CAPACITY""}, {""contract"": ""NSE_FO|56999"", ""status"": ""UNAFFORDABLE_OR_PAST_CAPACITY""}, {""contract"": ""NSE_FO|57003"", ""status"": ""UNAFFORDABLE_OR_PAST_CAPACITY""}]",,,,,,,,,,,,,,
recent,ORDINARY_FUTURE_TREND_TARGET,2026-09-18,2026-09-18T14:10:00+05:30,CE,1274.23,ORDINARY_FUTURE_TREND,NO_AFFORDABLE_LIQUID_CONTRACT,"[{""contract"": ""NSE_FO|56995"", ""status"": ""UNAFFORDABLE_OR_PAST_CAPACITY""}, {""contract"": ""NSE_FO|56999"", ""status"": ""UNAFFORDABLE_OR_PAST_CAPACITY""}, {""contract"": ""NSE_FO|57003"", ""status"": ""UNAFFORDABLE_OR_PAST_CAPACITY""}, {""contract"": ""NSE_FO|57007"", ""status"": ""UNAFFORDABLE_OR_PAST_CAPACITY""}]",,,,,,,,,,,,,,
recent,ORDINARY_FUTURE_TREND_TRAIL,2026-06-22,2026-06-22T10:00:00+05:30,CE,9411.18,ORDINARY_FUTURE_TREND,MODELED_EXIT,"[{""contract"": ""NSE_FO|56380|23-06-2026"", ""status"": ""ORDER_CREATED""}]",NSE_FO|56380|23-06-2026,24150.0,65,65,75.15,72.0,2026-06-22T10:01:00+05:30,40.90,2026-06-22T15:25:00+05:30,TIMED_CLOSE,-2076.85,55.35,7334.33,0.5680555555555555555555555556
recent,ORDINARY_FUTURE_TREND_TRAIL,2026-06-24,2026-06-24T10:00:00+05:30,PE,7334.33,ORDINARY_FUTURE_TREND,MODELED_EXIT,"[{""contract"": ""NSE_FO|79714|30-06-2026"", ""status"": ""UNAFFORDABLE_OR_PAST_CAPACITY""}, {""contract"": ""NSE_FO|79712|30-06-2026"", ""status"": ""UNAFFORDABLE_OR_PAST_CAPACITY""}, {""contract"": ""NSE_FO|79710|30-06-2026"", ""status"": ""UNAFFORDABLE_OR_PAST_CAPACITY""}, {""contract"": ""NSE_FO|79708|30-06-2026"", ""status"": ""ORDER_CREATED""}]",NSE_FO|79708|30-06-2026,23700.0,65,65,96.50,83.0,2026-06-24T10:01:00+05:30,40.95,2026-06-24T13:14:00+05:30,STOP,-2788.89,55.64,4545.44,0.4933734939759036144578313253
recent,ORDINARY_FUTURE_TREND_TRAIL,2026-06-25,2026-06-25T10:00:00+05:30,CE,4545.44,ORDINARY_FUTURE_TREND,MODELED_EXIT,"[{""contract"": ""NSE_FO|79736|30-06-2026"", ""status"": ""UNAFFORDABLE_OR_PAST_CAPACITY""}, {""contract"": ""NSE_FO|79738|30-06-2026"", ""status"": ""UNAFFORDABLE_OR_PAST_CAPACITY""}, {""contract"": ""NSE_FO|79740|30-06-2026"", ""status"": ""ORDER_CREATED""}]",NSE_FO|79740|30-06-2026,24300.0,65,65,64.35,59.95,2026-06-25T10:01:00+05:30,47.70,2026-06-25T14:13:00+05:30,STOP,-852.46,56.21,3692.98,0.7956630525437864887406171810
recent,ORDINARY_FUTURE_TREND_TRAIL,2026-06-29,2026-06-29T10:05:00+05:30,PE,3692.98,ORDINARY_FUTURE_TREND,MODELED_EXIT,"[{""contract"": ""NSE_FO|79731|30-06-2026"", ""status"": ""UNAFFORDABLE_OR_PAST_CAPACITY""}, {""contract"": ""NSE_FO|71473|30-06-2026"", ""status"": ""UNAFFORDABLE_OR_PAST_CAPACITY""}, {""contract"": ""NSE_FO|79729|30-06-2026"", ""status"": ""ORDER_CREATED""}]",NSE_FO|79729|30-06-2026,23950.0,65,65,47.95,43.25,2026-06-29T10:06:00+05:30,65.20,2026-06-29T15:25:00+05:30,TIMED_CLOSE,1368.53,58.22,5061.51,1.507514450867052023121387283
recent,ORDINARY_FUTURE_TREND_TRAIL,2026-07-01,2026-07-01T10:00:00+05:30,CE,5061.51,ORDINARY_FUTURE_TREND,NO_AFFORDABLE_LIQUID_CONTRACT,"[{""contract"": ""NSE_FO|44620|07-07-2026"", ""status"": ""UNAFFORDABLE_OR_PAST_CAPACITY""}, {""contract"": ""NSE_FO|44622|07-07-2026"", ""status"": ""UNAFFORDABLE_OR_PAST_CAPACITY""}, {""contract"": ""NSE_FO|44633|07-07-2026"", ""status"": ""UNAFFORDABLE_OR_PAST_CAPACITY""}, {""contract"": ""NSE_FO|44635|07-07-2026"", ""status"": ""UNAFFORDABLE_OR_PAST_CAPACITY""}]",,,,,,,,,,,,,,
recent,ORDINARY_FUTURE_TREND_TRAIL,2026-07-02,2026-07-02T10:05:00+05:30,PE,5061.51,ORDINARY_FUTURE_TREND,MODELED_LIMIT_MISS,"[{""contract"": ""NSE_FO|44634|07-07-2026"", ""status"": ""UNAFFORDABLE_OR_PAST_CAPACITY""}, {""contract"": ""NSE_FO|44623|07-07-2026"", ""status"": ""UNAFFORDABLE_OR_PAST_CAPACITY""}, {""contract"": ""NSE_FO|44621|07-07-2026"", ""status"": ""UNAFFORDABLE_OR_PAST_CAPACITY""}, {""contract"": ""NSE_FO|44619|07-07-2026"", ""status"": ""ORDER_CREATED""}]",NSE_FO|44619|07-07-2026,23950.0,65,65,59.15,,,,,,,,,
recent,ORDINARY_FUTURE_TREND_TRAIL,2026-07-03,2026-07-03T13:10:00+05:30,PE,5061.51,ORDINARY_FUTURE_TREND,MODELED_EXIT,"[{""contract"": ""NSE_FO|44646|07-07-2026"", ""status"": ""UNAFFORDABLE_OR_PAST_CAPACITY""}, {""contract"": ""NSE_FO|44643|07-07-2026"", ""status"": ""ORDER_CREATED""}]",NSE_FO|44643|07-07-2026,24250.0,65,65,70.45,67.15,2026-07-03T13:11:00+05:30,71.70,2026-07-03T15:25:00+05:30,TIMED_CLOSE,236.69,59.06,5298.20,1.067758749069247952345495160
recent,ORDINARY_FUTURE_TREND_TRAIL,2026-07-06,2026-07-06T10:30:00+05:30,CE,5298.20,ORDINARY_FUTURE_TREND,MODELED_EXIT,"[{""contract"": ""NSE_FO|44654|07-07-2026"", ""status"": ""UNAFFORDABLE_OR_PAST_CAPACITY""}, {""contract"": ""NSE_FO|44660|07-07-2026"", ""status"": ""ORDER_CREATED""}]",NSE_FO|44660|07-07-2026,24450.0,65,65,53.50,52.20,2026-07-06T10:31:00+05:30,30.85,2026-07-06T14:49:00+05:30,STOP,-1442.29,54.54,3855.91,0.5909961685823754789272030651
recent,ORDINARY_FUTURE_TREND_TRAIL,2026-07-08,2026-07-08T10:00:00+05:30,CE,3855.91,ORDINARY_FUTURE_TREND,NO_AFFORDABLE_LIQUID_CONTRACT,"[{""contract"": ""NSE_FO|51381|14-07-2026"", ""status"": ""UNAFFORDABLE_OR_PAST_CAPACITY""}, {""contract"": ""NSE_FO|51385|14-07-2026"", ""status"": ""UNAFFORDABLE_OR_PAST_CAPACITY""}, {""contract"": ""NSE_FO|51387|14-07-2026"", ""status"": ""UNAFFORDABLE_OR_PAST_CAPACITY""}, {""contract"": ""NSE_FO|51389|14-07-2026"", ""status"": ""UNAFFORDABLE_OR_PAST_CAPACITY""}]",,,,,,,,,,,,,,
recent,ORDINARY_FUTURE_TREND_TRAIL,2026-07-09,2026-07-09T10:45:00+05:30,CE,3855.91,ORDINARY_FUTURE_TREND,NO_AFFORDABLE_LIQUID_CONTRACT,"[{""contract"": ""NSE_FO|51375|14-07-2026"", ""status"": ""UNAFFORDABLE_OR_PAST_CAPACITY""}, {""contract"": ""NSE_FO|51377|14-07-2026"", ""status"": ""UNAFFORDABLE_OR_PAST_CAPACITY""}, {""contract"": ""NSE_FO|51379|14-07-2026"", ""status"": ""UNAFFORDABLE_OR_PAST_CAPACITY""}, {""contract"": ""NSE_FO|51381|14-07-2026"", ""status"": ""UNAFFORDABLE_OR_PAST_CAPACITY""}]",,,,,,,,,,,,,,
recent,ORDINARY_FUTURE_TREND_TRAIL,2026-07-10,2026-07-10T12:30:00+05:30,CE,3855.91,ORDINARY_FUTURE_TREND,MODELED_EXIT,"[{""contract"": ""NSE_FO|51379|14-07-2026"", ""status"": ""UNAFFORDABLE_OR_PAST_CAPACITY""}, {""contract"": ""NSE_FO|51381|14-07-2026"", ""status"": ""UNAFFORDABLE_OR_PAST_CAPACITY""}, {""contract"": ""NSE_FO|51385|14-07-2026"", ""status"": ""UNAFFORDABLE_OR_PAST_CAPACITY""}, {""contract"": ""NSE_FO|51387|14-07-2026"", ""status"": ""ORDER_CREATED""}]",NSE_FO|51387|14-07-2026,24350.0,65,65,45.40,43.45,2026-07-10T12:31:00+05:30,38.40,2026-07-10T15:25:00+05:30,TIMED_CLOSE,-382.75,54.50,3473.16,0.8837744533947065592635212888
recent,ORDINARY_FUTURE_TREND_TRAIL,2026-07-13,2026-07-13T10:00:00+05:30,CE,3473.16,ORDINARY_FUTURE_TREND,MODELED_EXIT,"[{""contract"": ""NSE_FO|51375|14-07-2026"", ""status"": ""UNAFFORDABLE_OR_PAST_CAPACITY""}, {""contract"": ""NSE_FO|51377|14-07-2026"", ""status"": ""UNAFFORDABLE_OR_PAST_CAPACITY""}, {""contract"": ""NSE_FO|51379|14-07-2026"", ""status"": ""UNAFFORDABLE_OR_PAST_CAPACITY""}, {""contract"": ""NSE_FO|51381|14-07-2026"", ""status"": ""ORDER_CREATED""}]",NSE_FO|51381|14-07-2026,24250.0,65,65,38.10,37.90,2026-07-13T10:01:00+05:30,49.70,2026-07-13T13:29:00+05:30,STOP,711.34,55.66,4184.50,1.311345646437994722955145119
recent,ORDINARY_FUTURE_TREND_TRAIL,2026-07-15,2026-07-15T10:20:00+05:30,CE,4184.50,ORDINARY_FUTURE_TREND,NO_AFFORDABLE_LIQUID_CONTRACT,"[{""contract"": ""NSE_FO|57348|21-07-2026"", ""status"": ""UNAFFORDABLE_OR_PAST_CAPACITY""}, {""contract"": ""NSE_FO|57350|21-07-2026"", ""status"": ""UNAFFORDABLE_OR_PAST_CAPACITY""}, {""contract"": ""NSE_FO|57352|21-07-2026"", ""status"": ""UNAFFORDABLE_OR_PAST_CAPACITY""}, {""contract"": ""NSE_FO|57354|21-07-2026"", ""status"": ""UNAFFORDABLE_OR_PAST_CAPACITY""}]",,,,,,,,,,,,,,
recent,ORDINARY_FUTURE_TREND_TRAIL,2026-07-16,2026-07-16T10:50:00+05:30,CE,4184.50,ORDINARY_FUTURE_TREND,NO_AFFORDABLE_LIQUID_CONTRACT,"[{""contract"": ""NSE_FO|57346|21-07-2026"", ""status"": ""UNAFFORDABLE_OR_PAST_CAPACITY""}, {""contract"": ""NSE_FO|57348|21-07-2026"", ""status"": ""UNAFFORDABLE_OR_PAST_CAPACITY""}, {""contract"": ""NSE_FO|57350|21-07-2026"", ""status"": ""UNAFFORDABLE_OR_PAST_CAPACITY""}, {""contract"": ""NSE_FO|57352|21-07-2026"", ""status"": ""UNAFFORDABLE_OR_PAST_CAPACITY""}]",,,,,,,,,,,,,,
recent,ORDINARY_FUTURE_TREND_TRAIL,2026-07-17,2026-07-17T10:20:00+05:30,CE,4184.50,ORDINARY_FUTURE_TREND,NO_AFFORDABLE_LIQUID_CONTRACT,"[{""contract"": ""NSE_FO|57350|21-07-2026"", ""status"": ""UNAFFORDABLE_OR_PAST_CAPACITY""}, {""contract"": ""NSE_FO|57352|21-07-2026"", ""status"": ""UNAFFORDABLE_OR_PAST_CAPACITY""}, {""contract"": ""NSE_FO|57354|21-07-2026"", ""status"": ""UNAFFORDABLE_OR_PAST_CAPACITY""}, {""contract"": ""NSE_FO|57356|21-07-2026"", ""status"": ""UNAFFORDABLE_OR_PAST_CAPACITY""}]",,,,,,,,,,,,,,
recent,ORDINARY_FUTURE_TREND_TRAIL,2026-07-20,2026-07-20T10:20:00+05:30,CE,4184.50,ORDINARY_FUTURE_TREND,MODELED_EXIT,"[{""contract"": ""NSE_FO|57350|21-07-2026"", ""status"": ""UNAFFORDABLE_OR_PAST_CAPACITY""}, {""contract"": ""NSE_FO|57352|21-07-2026"", ""status"": ""ORDER_CREATED""}]",NSE_FO|57352|21-07-2026,24300.0,65,65,53.30,48.5,2026-07-20T10:21:00+05:30,25.60,2026-07-20T12:39:00+05:30,STOP,-1541.80,53.30,2642.70,0.5278350515463917525773195876
recent,ORDINARY_FUTURE_TREND_TRAIL,2026-07-22,2026-07-22T10:25:00+05:30,PE,2642.70,ORDINARY_FUTURE_TREND,NO_AFFORDABLE_LIQUID_CONTRACT,"[{""contract"": ""NSE_FO|63940|28-07-2026"", ""status"": ""UNAFFORDABLE_OR_PAST_CAPACITY""}, {""contract"": ""NSE_FO|63938|28-07-2026"", ""status"": ""UNAFFORDABLE_OR_PAST_CAPACITY""}, {""contract"": ""NSE_FO|63936|28-07-2026"", ""status"": ""UNAFFORDABLE_OR_PAST_CAPACITY""}, {""contract"": ""NSE_FO|63934|28-07-2026"", ""status"": ""UNAFFORDABLE_OR_PAST_CAPACITY""}]",,,,,,,,,,,,,,
recent,ORDINARY_FUTURE_TREND_TRAIL,2026-07-23,2026-07-23T10:00:00+05:30,CE,2642.70,ORDINARY_FUTURE_TREND,NO_AFFORDABLE_LIQUID_CONTRACT,"[{""contract"": ""NSE_FO|63937|28-07-2026"", ""status"": ""UNAFFORDABLE_OR_PAST_CAPACITY""}, {""contract"": ""NSE_FO|63939|28-07-2026"", ""status"": ""UNAFFORDABLE_OR_PAST_CAPACITY""}, {""contract"": ""NSE_FO|63941|28-07-2026"", ""status"": ""UNAFFORDABLE_OR_PAST_CAPACITY""}, {""contract"": ""NSE_FO|63943|28-07-2026"", ""status"": ""UNAFFORDABLE_OR_PAST_CAPACITY""}]",,,,,,,,,,,,,,
recent,ORDINARY_FUTURE_TREND_TRAIL,2026-07-24,2026-07-24T10:05:00+05:30,PE,2642.70,ORDINARY_FUTURE_TREND,NO_AFFORDABLE_LIQUID_CONTRACT,"[{""contract"": ""NSE_FO|63921|28-07-2026"", ""status"": ""UNAFFORDABLE_OR_PAST_CAPACITY""}, {""contract"": ""NSE_FO|63918|28-07-2026"", ""status"": ""UNAFFORDABLE_OR_PAST_CAPACITY""}, {""contract"": ""NSE_FO|63916|28-07-2026"", ""status"": ""UNAFFORDABLE_OR_PAST_CAPACITY""}, {""contract"": ""NSE_FO|63914|28-07-2026"", ""status"": ""UNAFFORDABLE_OR_PAST_CAPACITY""}]",,,,,,,,,,,,,,
recent,ORDINARY_FUTURE_TREND_TRAIL,2026-07-27,2026-07-27T10:05:00+05:30,PE,2642.70,ORDINARY_FUTURE_TREND,MODELED_LIMIT_MISS,"[{""contract"": ""NSE_FO|63936|28-07-2026"", ""status"": ""UNAFFORDABLE_OR_PAST_CAPACITY""}, {""contract"": ""NSE_FO|63934|28-07-2026"", ""status"": ""UNAFFORDABLE_OR_PAST_CAPACITY""}, {""contract"": ""NSE_FO|63930|28-07-2026"", ""status"": ""ORDER_CREATED""}]",NSE_FO|63930|28-07-2026,23800.0,65,65,33.30,,,,,,,,,
recent,ORDINARY_FUTURE_TREND_TRAIL,2026-07-29,2026-07-29T10:00:00+05:30,PE,2642.70,ORDINARY_FUTURE_TREND,NO_AFFORDABLE_LIQUID_CONTRACT,"[{""contract"": ""NSE_FO|65776|04-08-2026"", ""status"": ""UNAFFORDABLE_OR_PAST_CAPACITY""}, {""contract"": ""NSE_FO|65700|04-08-2026"", ""status"": ""UNAFFORDABLE_OR_PAST_CAPACITY""}, {""contract"": ""NSE_FO|65698|04-08-2026"", ""status"": ""UNAFFORDABLE_OR_PAST_CAPACITY""}, {""contract"": ""NSE_FO|65696|04-08-2026"", ""status"": ""UNAFFORDABLE_OR_PAST_CAPACITY""}]",,,,,,,,,,,,,,
recent,ORDINARY_FUTURE_TREND_TRAIL,2026-07-30,2026-07-30T10:15:00+05:30,PE,2642.70,ORDINARY_FUTURE_TREND,NO_AFFORDABLE_LIQUID_CONTRACT,"[{""contract"": ""NSE_FO|65807|04-08-2026"", ""status"": ""UNAFFORDABLE_OR_PAST_CAPACITY""}, {""contract"": ""NSE_FO|65776|04-08-2026"", ""status"": ""UNAFFORDABLE_OR_PAST_CAPACITY""}, {""contract"": ""NSE_FO|65700|04-08-2026"", ""status"": ""UNAFFORDABLE_OR_PAST_CAPACITY""}, {""contract"": ""NSE_FO|65698|04-08-2026"", ""status"": ""UNAFFORDABLE_OR_PAST_CAPACITY""}]",,,,,,,,,,,,,,
recent,ORDINARY_FUTURE_TREND_TRAIL,2026-07-31,2026-07-31T11:25:00+05:30,CE,2642.70,ORDINARY_FUTURE_TREND,NO_AFFORDABLE_LIQUID_CONTRACT,"[{""contract"": ""NSE_FO|65852|04-08-2026"", ""status"": ""UNAFFORDABLE_OR_PAST_CAPACITY""}, {""contract"": ""NSE_FO|65854|04-08-2026"", ""status"": ""UNAFFORDABLE_OR_PAST_CAPACITY""}, {""contract"": ""NSE_FO|65858|04-08-2026"", ""status"": ""UNAFFORDABLE_OR_PAST_CAPACITY""}, {""contract"": ""NSE_FO|65860|04-08-2026"", ""status"": ""UNAFFORDABLE_OR_PAST_CAPACITY""}]",,,,,,,,,,,,,,
recent,ORDINARY_FUTURE_TREND_TRAIL,2026-08-05,2026-08-05T10:00:00+05:30,PE,2642.70,ORDINARY_FUTURE_TREND,NO_AFFORDABLE_LIQUID_CONTRACT,"[{""contract"": ""NSE_FO|41016|11-08-2026"", ""status"": ""UNAFFORDABLE_OR_PAST_CAPACITY""}, {""contract"": ""NSE_FO|41014|11-08-2026"", ""status"": ""UNAFFORDABLE_OR_PAST_CAPACITY""}, {""contract"": ""NSE_FO|41012|11-08-2026"", ""status"": ""UNAFFORDABLE_OR_PAST_CAPACITY""}, {""contract"": ""NSE_FO|41010|11-08-2026"", ""status"": ""UNAFFORDABLE_OR_PAST_CAPACITY""}]",,,,,,,,,,,,,,
recent,ORDINARY_FUTURE_TREND_TRAIL,2026-08-06,2026-08-06T10:05:00+05:30,PE,2642.70,ORDINARY_FUTURE_TREND,NO_AFFORDABLE_LIQUID_CONTRACT,"[{""contract"": ""NSE_FO|41016|11-08-2026"", ""status"": ""UNAFFORDABLE_OR_PAST_CAPACITY""}, {""contract"": ""NSE_FO|41014|11-08-2026"", ""status"": ""UNAFFORDABLE_OR_PAST_CAPACITY""}, {""contract"": ""NSE_FO|41012|11-08-2026"", ""status"": ""UNAFFORDABLE_OR_PAST_CAPACITY""}, {""contract"": ""NSE_FO|41010|11-08-2026"", ""status"": ""UNAFFORDABLE_OR_PAST_CAPACITY""}]",,,,,,,,,,,,,,
recent,ORDINARY_FUTURE_TREND_TRAIL,2026-08-07,2026-08-07T10:15:00+05:30,PE,2642.70,ORDINARY_FUTURE_TREND,NO_AFFORDABLE_LIQUID_CONTRACT,"[{""contract"": ""NSE_FO|41016|11-08-2026"", ""status"": ""UNAFFORDABLE_OR_PAST_CAPACITY""}, {""contract"": ""NSE_FO|41014|11-08-2026"", ""status"": ""UNAFFORDABLE_OR_PAST_CAPACITY""}, {""contract"": ""NSE_FO|41012|11-08-2026"", ""status"": ""UNAFFORDABLE_OR_PAST_CAPACITY""}, {""contract"": ""NSE_FO|41010|11-08-2026"", ""status"": ""UNAFFORDABLE_OR_PAST_CAPACITY""}]",,,,,,,,,,,,,,
recent,ORDINARY_FUTURE_TREND_TRAIL,2026-08-10,2026-08-10T10:20:00+05:30,CE,2642.70,ORDINARY_FUTURE_TREND,NO_AFFORDABLE_LIQUID_CONTRACT,"[{""contract"": ""NSE_FO|41013|11-08-2026"", ""status"": ""UNAFFORDABLE_OR_PAST_CAPACITY""}, {""contract"": ""NSE_FO|41015|11-08-2026"", ""status"": ""UNAFFORDABLE_OR_PAST_CAPACITY""}, {""contract"": ""NSE_FO|41017|11-08-2026"", ""status"": ""UNAFFORDABLE_OR_PAST_CAPACITY""}, {""contract"": ""NSE_FO|41020|11-08-2026"", ""status"": ""UNAFFORDABLE_OR_PAST_CAPACITY""}]",,,,,,,,,,,,,,
recent,ORDINARY_FUTURE_TREND_TRAIL,2026-08-12,2026-08-12T10:00:00+05:30,PE,2642.70,ORDINARY_FUTURE_TREND,NO_AFFORDABLE_LIQUID_CONTRACT,"[{""contract"": ""NSE_FO|45107|18-08-2026"", ""status"": ""UNAFFORDABLE_OR_PAST_CAPACITY""}, {""contract"": ""NSE_FO|45105|18-08-2026"", ""status"": ""UNAFFORDABLE_OR_PAST_CAPACITY""}, {""contract"": ""NSE_FO|45103|18-08-2026"", ""status"": ""UNAFFORDABLE_OR_PAST_CAPACITY""}, {""contract"": ""NSE_FO|45101|18-08-2026"", ""status"": ""UNAFFORDABLE_OR_PAST_CAPACITY""}]",,,,,,,,,,,,,,
recent,ORDINARY_FUTURE_TREND_TRAIL,2026-08-13,2026-08-13T10:30:00+05:30,PE,2642.70,ORDINARY_FUTURE_TREND,NO_AFFORDABLE_LIQUID_CONTRACT,"[{""contract"": ""NSE_FO|45103|18-08-2026"", ""status"": ""UNAFFORDABLE_OR_PAST_CAPACITY""}, {""contract"": ""NSE_FO|45101|18-08-2026"", ""status"": ""UNAFFORDABLE_OR_PAST_CAPACITY""}, {""contract"": ""NSE_FO|45099|18-08-2026"", ""status"": ""UNAFFORDABLE_OR_PAST_CAPACITY""}, {""contract"": ""NSE_FO|45097|18-08-2026"", ""status"": ""UNAFFORDABLE_OR_PAST_CAPACITY""}]",,,,,,,,,,,,,,
recent,ORDINARY_FUTURE_TREND_TRAIL,2026-08-14,2026-08-14T10:10:00+05:30,CE,2642.70,ORDINARY_FUTURE_TREND,NO_AFFORDABLE_LIQUID_CONTRACT,"[{""contract"": ""NSE_FO|45104|18-08-2026"", ""status"": ""UNAFFORDABLE_OR_PAST_CAPACITY""}, {""contract"": ""NSE_FO|45106|18-08-2026"", ""status"": ""UNAFFORDABLE_OR_PAST_CAPACITY""}, {""contract"": ""NSE_FO|45108|18-08-2026"", ""status"": ""UNAFFORDABLE_OR_PAST_CAPACITY""}, {""contract"": ""NSE_FO|45110|18-08-2026"", ""status"": ""UNAFFORDABLE_OR_PAST_CAPACITY""}]",,,,,,,,,,,,,,
recent,ORDINARY_FUTURE_TREND_TRAIL,2026-08-17,2026-08-17T10:20:00+05:30,PE,2642.70,ORDINARY_FUTURE_TREND,MODELED_LIMIT_MISS,"[{""contract"": ""NSE_FO|45101|18-08-2026"", ""status"": ""UNAFFORDABLE_OR_PAST_CAPACITY""}, {""contract"": ""NSE_FO|45099|18-08-2026"", ""status"": ""ORDER_CREATED""}]",NSE_FO|45099|18-08-2026,24200.0,65,65,33.00,,,,,,,,,
recent,ORDINARY_FUTURE_TREND_TRAIL,2026-08-19,2026-08-19T10:20:00+05:30,PE,2642.70,ORDINARY_FUTURE_TREND,NO_AFFORDABLE_LIQUID_CONTRACT,"[{""contract"": ""NSE_FO|61609|25-08-2026"", ""status"": ""UNAFFORDABLE_OR_PAST_CAPACITY""}, {""contract"": ""NSE_FO|61604|25-08-2026"", ""status"": ""UNAFFORDABLE_OR_PAST_CAPACITY""}, {""contract"": ""NSE_FO|61588|25-08-2026"", ""status"": ""UNAFFORDABLE_OR_PAST_CAPACITY""}, {""contract"": ""NSE_FO|61586|25-08-2026"", ""status"": ""UNAFFORDABLE_OR_PAST_CAPACITY""}]",,,,,,,,,,,,,,
recent,ORDINARY_FUTURE_TREND_TRAIL,2026-08-20,2026-08-20T12:50:00+05:30,CE,2642.70,ORDINARY_FUTURE_TREND,NO_AFFORDABLE_LIQUID_CONTRACT,"[{""contract"": ""NSE_FO|61671|25-08-2026"", ""status"": ""UNAFFORDABLE_OR_PAST_CAPACITY""}, {""contract"": ""NSE_FO|61685|25-08-2026"", ""status"": ""UNAFFORDABLE_OR_PAST_CAPACITY""}, {""contract"": ""NSE_FO|61717|25-08-2026"", ""status"": ""UNAFFORDABLE_OR_PAST_CAPACITY""}, {""contract"": ""NSE_FO|61720|25-08-2026"", ""status"": ""UNAFFORDABLE_OR_PAST_CAPACITY""}]",,,,,,,,,,,,,,
recent,ORDINARY_FUTURE_TREND_TRAIL,2026-08-21,2026-08-21T10:10:00+05:30,PE,2642.70,ORDINARY_FUTURE_TREND,MODELED_EXIT,"[{""contract"": ""NSE_FO|61684|25-08-2026"", ""status"": ""UNAFFORDABLE_OR_PAST_CAPACITY""}, {""contract"": ""NSE_FO|61670|25-08-2026"", ""status"": ""UNAFFORDABLE_OR_PAST_CAPACITY""}, {""contract"": ""NSE_FO|61646|25-08-2026"", ""status"": ""UNAFFORDABLE_OR_PAST_CAPACITY""}, {""contract"": ""NSE_FO|61622|25-08-2026"", ""status"": ""ORDER_CREATED""}]",NSE_FO|61622|25-08-2026,24100.0,65,65,30.35,28.15,2026-08-21T10:11:00+05:30,21.75,2026-08-21T15:35:00+05:30,TIMED_CLOSE,-468.64,52.64,2174.06,0.7726465364120781527531083481
recent,ORDINARY_FUTURE_TREND_TRAIL,2026-08-24,2026-08-24T11:00:00+05:30,PE,2174.06,ORDINARY_FUTURE_TREND,MODELED_EXIT,"[{""contract"": ""NSE_FO|61684|25-08-2026"", ""status"": ""UNAFFORDABLE_OR_PAST_CAPACITY""}, {""contract"": ""NSE_FO|61670|25-08-2026"", ""status"": ""UNAFFORDABLE_OR_PAST_CAPACITY""}, {""contract"": ""NSE_FO|61646|25-08-2026"", ""status"": ""ORDER_CREATED""}]",NSE_FO|61646|25-08-2026,24150.0,65,65,27.85,23.35,2026-08-24T11:01:00+05:30,35.30,2026-08-24T15:35:00+05:30,TIMED_CLOSE,722.88,53.87,2896.94,1.511777301927194860813704497
recent,ORDINARY_FUTURE_TREND_TRAIL,2026-08-26,2026-08-26T10:20:00+05:30,PE,2896.94,ORDINARY_FUTURE_TREND,MODELED_LIMIT_MISS,"[{""contract"": ""NSE_FO|46998|01-09-2026"", ""status"": ""UNAFFORDABLE_OR_PAST_CAPACITY""}, {""contract"": ""NSE_FO|46996|01-09-2026"", ""status"": ""UNAFFORDABLE_OR_PAST_CAPACITY""}, {""contract"": ""NSE_FO|46994|01-09-2026"", ""status"": ""UNAFFORDABLE_OR_PAST_CAPACITY""}, {""contract"": ""NSE_FO|46992|01-09-2026"", ""status"": ""ORDER_CREATED""}]",NSE_FO|46992|01-09-2026,24150.0,65,65,34.55,,,,,,,,,
recent,ORDINARY_FUTURE_TREND_TRAIL,2026-08-27,2026-08-27T10:05:00+05:30,PE,2896.94,ORDINARY_FUTURE_TREND,MODELED_LIMIT_MISS,"[{""contract"": ""NSE_FO|46994|01-09-2026"", ""status"": ""UNAFFORDABLE_OR_PAST_CAPACITY""}, {""contract"": ""NSE_FO|46992|01-09-2026"", ""status"": ""UNAFFORDABLE_OR_PAST_CAPACITY""}, {""contract"": ""NSE_FO|46990|01-09-2026"", ""status"": ""UNAFFORDABLE_OR_PAST_CAPACITY""}, {""contract"": ""NSE_FO|46988|01-09-2026"", ""status"": ""ORDER_CREATED""}]",NSE_FO|46988|01-09-2026,24050.0,65,65,38.40,,,,,,,,,
recent,ORDINARY_FUTURE_TREND_TRAIL,2026-08-28,2026-08-28T11:30:00+05:30,PE,2896.94,ORDINARY_FUTURE_TREND,MODELED_EXIT,"[{""contract"": ""NSE_FO|46990|01-09-2026"", ""status"": ""UNAFFORDABLE_OR_PAST_CAPACITY""}, {""contract"": ""NSE_FO|46988|01-09-2026"", ""status"": ""UNAFFORDABLE_OR_PAST_CAPACITY""}, {""contract"": ""NSE_FO|46986|01-09-2026"", ""status"": ""ORDER_CREATED""}]",NSE_FO|46986|01-09-2026,24000.0,65,65,33.60,32.35,2026-08-28T11:31:00+05:30,20.00,2026-08-28T15:12:00+05:30,STOP,-854.44,51.69,2042.50,0.6182380216383307573415765070
recent,ORDINARY_FUTURE_TREND_TRAIL,2026-08-31,2026-08-31T11:55:00+05:30,CE,2042.50,ORDINARY_FUTURE_TREND,NO_AFFORDABLE_LIQUID_CONTRACT,"[{""contract"": ""NSE_FO|46987|01-09-2026"", ""status"": ""UNAFFORDABLE_OR_PAST_CAPACITY""}, {""contract"": ""NSE_FO|46989|01-09-2026"", ""status"": ""UNAFFORDABLE_OR_PAST_CAPACITY""}, {""contract"": ""NSE_FO|46991|01-09-2026"", ""status"": ""UNAFFORDABLE_OR_PAST_CAPACITY""}, {""contract"": ""NSE_FO|46993|01-09-2026"", ""status"": ""UNAFFORDABLE_OR_PAST_CAPACITY""}]",,,,,,,,,,,,,,
recent,ORDINARY_FUTURE_TREND_TRAIL,2026-09-02,2026-09-02T10:25:00+05:30,CE,2042.50,ORDINARY_FUTURE_TREND,NO_AFFORDABLE_LIQUID_CONTRACT,"[{""contract"": ""NSE_FO|42635|08-09-2026"", ""status"": ""UNAFFORDABLE_OR_PAST_CAPACITY""}, {""contract"": ""NSE_FO|42637|08-09-2026"", ""status"": ""UNAFFORDABLE_OR_PAST_CAPACITY""}, {""contract"": ""NSE_FO|42639|08-09-2026"", ""status"": ""UNAFFORDABLE_OR_PAST_CAPACITY""}, {""contract"": ""NSE_FO|42641|08-09-2026"", ""status"": ""UNAFFORDABLE_OR_PAST_CAPACITY""}]",,,,,,,,,,,,,,
recent,ORDINARY_FUTURE_TREND_TRAIL,2026-09-03,2026-09-03T10:40:00+05:30,PE,2042.50,ORDINARY_FUTURE_TREND,NO_AFFORDABLE_LIQUID_CONTRACT,"[{""contract"": ""NSE_FO|42638|08-09-2026"", ""status"": ""UNAFFORDABLE_OR_PAST_CAPACITY""}, {""contract"": ""NSE_FO|42636|08-09-2026"", ""status"": ""UNAFFORDABLE_OR_PAST_CAPACITY""}, {""contract"": ""NSE_FO|42634|08-09-2026"", ""status"": ""UNAFFORDABLE_OR_PAST_CAPACITY""}, {""contract"": ""NSE_FO|42632|08-09-2026"", ""status"": ""UNAFFORDABLE_OR_PAST_CAPACITY""}]",,,,,,,,,,,,,,
recent,ORDINARY_FUTURE_TREND_TRAIL,2026-09-04,2026-09-04T10:00:00+05:30,CE,2042.50,ORDINARY_FUTURE_TREND,NO_AFFORDABLE_LIQUID_CONTRACT,"[{""contract"": ""NSE_FO|42637|08-09-2026"", ""status"": ""UNAFFORDABLE_OR_PAST_CAPACITY""}, {""contract"": ""NSE_FO|42639|08-09-2026"", ""status"": ""UNAFFORDABLE_OR_PAST_CAPACITY""}, {""contract"": ""NSE_FO|42641|08-09-2026"", ""status"": ""UNAFFORDABLE_OR_PAST_CAPACITY""}, {""contract"": ""NSE_FO|42643|08-09-2026"", ""status"": ""UNAFFORDABLE_OR_PAST_CAPACITY""}]",,,,,,,,,,,,,,
recent,ORDINARY_FUTURE_TREND_TRAIL,2026-09-07,2026-09-07T10:20:00+05:30,PE,2042.50,ORDINARY_FUTURE_TREND,MODELED_EXIT,"[{""contract"": ""NSE_FO|42632|08-09-2026"", ""status"": ""UNAFFORDABLE_OR_PAST_CAPACITY""}, {""contract"": ""NSE_FO|42630|08-09-2026"", ""status"": ""UNAFFORDABLE_OR_PAST_CAPACITY""}, {""contract"": ""NSE_FO|42628|08-09-2026"", ""status"": ""UNAFFORDABLE_OR_PAST_CAPACITY""}, {""contract"": ""NSE_FO|42626|08-09-2026"", ""status"": ""ORDER_CREATED""}]",NSE_FO|42626|08-09-2026,23650.0,65,65,20.25,18.30,2026-09-07T10:21:00+05:30,11.65,2026-09-07T13:54:00+05:30,STOP,-483.34,51.09,1559.16,0.6366120218579234972677595628
recent,ORDINARY_FUTURE_TREND_TRAIL,2026-09-09,2026-09-09T10:00:00+05:30,PE,1559.16,ORDINARY_FUTURE_TREND,NO_AFFORDABLE_LIQUID_CONTRACT,"[{""contract"": ""NSE_FO|47298|15-09-2026"", ""status"": ""UNAFFORDABLE_OR_PAST_CAPACITY""}, {""contract"": ""NSE_FO|47296|15-09-2026"", ""status"": ""UNAFFORDABLE_OR_PAST_CAPACITY""}, {""contract"": ""NSE_FO|47294|15-09-2026"", ""status"": ""UNAFFORDABLE_OR_PAST_CAPACITY""}, {""contract"": ""NSE_FO|47292|15-09-2026"", ""status"": ""UNAFFORDABLE_OR_PAST_CAPACITY""}]",,,,,,,,,,,,,,
recent,ORDINARY_FUTURE_TREND_TRAIL,2026-09-10,2026-09-10T10:10:00+05:30,PE,1559.16,ORDINARY_FUTURE_TREND,NO_AFFORDABLE_LIQUID_CONTRACT,"[{""contract"": ""NSE_FO|47294|15-09-2026"", ""status"": ""UNAFFORDABLE_OR_PAST_CAPACITY""}, {""contract"": ""NSE_FO|47292|15-09-2026"", ""status"": ""UNAFFORDABLE_OR_PAST_CAPACITY""}, {""contract"": ""NSE_FO|47290|15-09-2026"", ""status"": ""UNAFFORDABLE_OR_PAST_CAPACITY""}, {""contract"": ""NSE_FO|47288|15-09-2026"", ""status"": ""UNAFFORDABLE_OR_PAST_CAPACITY""}]",,,,,,,,,,,,,,
recent,ORDINARY_FUTURE_TREND_TRAIL,2026-09-11,2026-09-11T10:05:00+05:30,CE,1559.16,ORDINARY_FUTURE_TREND,NO_AFFORDABLE_LIQUID_CONTRACT,"[{""contract"": ""NSE_FO|47287|15-09-2026"", ""status"": ""UNAFFORDABLE_OR_PAST_CAPACITY""}, {""contract"": ""NSE_FO|47289|15-09-2026"", ""status"": ""UNAFFORDABLE_OR_PAST_CAPACITY""}, {""contract"": ""NSE_FO|47291|15-09-2026"", ""status"": ""UNAFFORDABLE_OR_PAST_CAPACITY""}, {""contract"": ""NSE_FO|47293|15-09-2026"", ""status"": ""UNAFFORDABLE_OR_PAST_CAPACITY""}]",,,,,,,,,,,,,,
recent,ORDINARY_FUTURE_TREND_TRAIL,2026-09-16,2026-09-16T10:00:00+05:30,CE,1559.16,ORDINARY_FUTURE_TREND,NO_AFFORDABLE_LIQUID_CONTRACT,"[{""contract"": ""NSE_FO|56980"", ""status"": ""UNAFFORDABLE_OR_PAST_CAPACITY""}, {""contract"": ""NSE_FO|56983"", ""status"": ""UNAFFORDABLE_OR_PAST_CAPACITY""}, {""contract"": ""NSE_FO|56985"", ""status"": ""UNAFFORDABLE_OR_PAST_CAPACITY""}, {""contract"": ""NSE_FO|56995"", ""status"": ""UNAFFORDABLE_OR_PAST_CAPACITY""}]",,,,,,,,,,,,,,
recent,ORDINARY_FUTURE_TREND_TRAIL,2026-09-17,2026-09-17T10:00:00+05:30,CE,1559.16,ORDINARY_FUTURE_TREND,NO_AFFORDABLE_LIQUID_CONTRACT,"[{""contract"": ""NSE_FO|56985"", ""status"": ""UNAFFORDABLE_OR_PAST_CAPACITY""}, {""contract"": ""NSE_FO|56995"", ""status"": ""UNAFFORDABLE_OR_PAST_CAPACITY""}, {""contract"": ""NSE_FO|56999"", ""status"": ""UNAFFORDABLE_OR_PAST_CAPACITY""}, {""contract"": ""NSE_FO|57003"", ""status"": ""UNAFFORDABLE_OR_PAST_CAPACITY""}]",,,,,,,,,,,,,,
recent,ORDINARY_FUTURE_TREND_TRAIL,2026-09-18,2026-09-18T14:10:00+05:30,CE,1559.16,ORDINARY_FUTURE_TREND,NO_AFFORDABLE_LIQUID_CONTRACT,"[{""contract"": ""NSE_FO|56995"", ""status"": ""UNAFFORDABLE_OR_PAST_CAPACITY""}, {""contract"": ""NSE_FO|56999"", ""status"": ""UNAFFORDABLE_OR_PAST_CAPACITY""}, {""contract"": ""NSE_FO|57003"", ""status"": ""UNAFFORDABLE_OR_PAST_CAPACITY""}, {""contract"": ""NSE_FO|57007"", ""status"": ""UNAFFORDABLE_OR_PAST_CAPACITY""}]",,,,,,,,,,,,,,
recent,ORDINARY_FUTURE_OI_TARGET,2026-08-05,2026-08-05T10:15:00+05:30,CE,9411.18,ORDINARY_FUTURE_OI,MODELED_EXIT,"[{""contract"": ""NSE_FO|41015|11-08-2026"", ""status"": ""UNAFFORDABLE_OR_PAST_CAPACITY""}, {""contract"": ""NSE_FO|41017|11-08-2026"", ""status"": ""UNAFFORDABLE_OR_PAST_CAPACITY""}, {""contract"": ""NSE_FO|41020|11-08-2026"", ""status"": ""ORDER_CREATED""}]",NSE_FO|41020|11-08-2026,24700.0,65,65,123.85,115.0,2026-08-05T10:16:00+05:30,92.10,2026-08-05T15:35:00+05:30,TIMED_CLOSE,-1551.41,62.91,7859.77,0.8008695652173913043478260870
recent,ORDINARY_FUTURE_OI_TRAIL,2026-08-05,2026-08-05T10:15:00+05:30,CE,9411.18,ORDINARY_FUTURE_OI,MODELED_EXIT,"[{""contract"": ""NSE_FO|41015|11-08-2026"", ""status"": ""UNAFFORDABLE_OR_PAST_CAPACITY""}, {""contract"": ""NSE_FO|41017|11-08-2026"", ""status"": ""UNAFFORDABLE_OR_PAST_CAPACITY""}, {""contract"": ""NSE_FO|41020|11-08-2026"", ""status"": ""ORDER_CREATED""}]",NSE_FO|41020|11-08-2026,24700.0,65,65,123.85,115.0,2026-08-05T10:16:00+05:30,92.10,2026-08-05T15:35:00+05:30,TIMED_CLOSE,-1551.41,62.91,7859.77,0.8008695652173913043478260870
recent,ORDINARY_BASIS_LEAD_TARGET,2026-07-01,2026-07-01T10:20:00+05:30,CE,9411.18,ORDINARY_BASIS_LEAD,MODELED_EXIT,"[{""contract"": ""NSE_FO|44620|07-07-2026"", ""status"": ""UNAFFORDABLE_OR_PAST_CAPACITY""}, {""contract"": ""NSE_FO|44622|07-07-2026"", ""status"": ""UNAFFORDABLE_OR_PAST_CAPACITY""}, {""contract"": ""NSE_FO|44633|07-07-2026"", ""status"": ""UNAFFORDABLE_OR_PAST_CAPACITY""}, {""contract"": ""NSE_FO|44635|07-07-2026"", ""status"": ""ORDER_CREATED""}]",NSE_FO|44635|07-07-2026,24150.0,65,65,118.55,117.0,2026-07-01T10:21:00+05:30,88.65,2026-07-01T15:25:00+05:30,TIMED_CLOSE,-1905.63,62.88,7505.55,0.7576923076923076923076923077
recent,ORDINARY_BASIS_LEAD_TARGET,2026-07-09,2026-07-09T11:20:00+05:30,CE,7505.55,ORDINARY_BASIS_LEAD,MODELED_EXIT,"[{""contract"": ""NSE_FO|51373|14-07-2026"", ""status"": ""UNAFFORDABLE_OR_PAST_CAPACITY""}, {""contract"": ""NSE_FO|51375|14-07-2026"", ""status"": ""UNAFFORDABLE_OR_PAST_CAPACITY""}, {""contract"": ""NSE_FO|51377|14-07-2026"", ""status"": ""ORDER_CREATED""}]",NSE_FO|51377|14-07-2026,24150.0,65,65,93.10,90.80,2026-07-09T11:21:00+05:30,60.90,2026-07-09T15:25:00+05:30,TIMED_CLOSE,-2001.90,58.40,5503.65,0.6707048458149779735682819383
recent,ORDINARY_BASIS_LEAD_TARGET,2026-07-15,2026-07-15T14:00:00+05:30,CE,5503.65,ORDINARY_BASIS_LEAD,NO_AFFORDABLE_LIQUID_CONTRACT,"[{""contract"": ""NSE_FO|57344|21-07-2026"", ""status"": ""UNAFFORDABLE_OR_PAST_CAPACITY""}, {""contract"": ""NSE_FO|57346|21-07-2026"", ""status"": ""UNAFFORDABLE_OR_PAST_CAPACITY""}, {""contract"": ""NSE_FO|57348|21-07-2026"", ""status"": ""UNAFFORDABLE_OR_PAST_CAPACITY""}, {""contract"": ""NSE_FO|57350|21-07-2026"", ""status"": ""UNAFFORDABLE_OR_PAST_CAPACITY""}]",,,,,,,,,,,,,,
recent,ORDINARY_BASIS_LEAD_TARGET,2026-07-22,2026-07-22T12:20:00+05:30,PE,5503.65,ORDINARY_BASIS_LEAD,NO_AFFORDABLE_LIQUID_CONTRACT,"[{""contract"": ""NSE_FO|63940|28-07-2026"", ""status"": ""UNAFFORDABLE_OR_PAST_CAPACITY""}, {""contract"": ""NSE_FO|63938|28-07-2026"", ""status"": ""UNAFFORDABLE_OR_PAST_CAPACITY""}, {""contract"": ""NSE_FO|63936|28-07-2026"", ""status"": ""UNAFFORDABLE_OR_PAST_CAPACITY""}, {""contract"": ""NSE_FO|63934|28-07-2026"", ""status"": ""UNAFFORDABLE_OR_PAST_CAPACITY""}]",,,,,,,,,,,,,,
recent,ORDINARY_BASIS_LEAD_TARGET,2026-07-24,2026-07-24T12:25:00+05:30,CE,5503.65,ORDINARY_BASIS_LEAD,MODELED_LIMIT_MISS,"[{""contract"": ""NSE_FO|63927|28-07-2026"", ""status"": ""UNAFFORDABLE_OR_PAST_CAPACITY""}, {""contract"": ""NSE_FO|63929|28-07-2026"", ""status"": ""UNAFFORDABLE_OR_PAST_CAPACITY""}, {""contract"": ""NSE_FO|63933|28-07-2026"", ""status"": ""UNAFFORDABLE_OR_PAST_CAPACITY""}, {""contract"": ""NSE_FO|63935|28-07-2026"", ""status"": ""ORDER_CREATED""}]",NSE_FO|63935|28-07-2026,23900.0,65,65,69.55,,,,,,,,,
recent,ORDINARY_BASIS_LEAD_TARGET,2026-08-27,2026-08-27T12:40:00+05:30,CE,5503.65,ORDINARY_BASIS_LEAD,NO_AFFORDABLE_LIQUID_CONTRACT,"[{""contract"": ""NSE_FO|46991|01-09-2026"", ""status"": ""UNAFFORDABLE_OR_PAST_CAPACITY""}, {""contract"": ""NSE_FO|46993|01-09-2026"", ""status"": ""UNAFFORDABLE_OR_PAST_CAPACITY""}, {""contract"": ""NSE_FO|46995|01-09-2026"", ""status"": ""UNAFFORDABLE_OR_PAST_CAPACITY""}, {""contract"": ""NSE_FO|46997|01-09-2026"", ""status"": ""UNAFFORDABLE_OR_PAST_CAPACITY""}]",,,,,,,,,,,,,,
recent,ORDINARY_BASIS_LEAD_TARGET,2026-09-02,2026-09-02T15:05:00+05:30,PE,5503.65,ORDINARY_BASIS_LEAD,MODELED_EXIT,"[{""contract"": ""NSE_FO|42634|08-09-2026"", ""status"": ""UNAFFORDABLE_OR_PAST_CAPACITY""}, {""contract"": ""NSE_FO|42632|08-09-2026"", ""status"": ""UNAFFORDABLE_OR_PAST_CAPACITY""}, {""contract"": ""NSE_FO|42630|08-09-2026"", ""status"": ""ORDER_CREATED""}]",NSE_FO|42630|08-09-2026,23750.0,65,65,73.10,69.85,2026-09-02T15:06:00+05:30,61.80,2026-09-02T15:35:00+05:30,TIMED_CLOSE,-582.11,58.86,4921.54,0.8847530422333571939871152470
recent,ORDINARY_BASIS_LEAD_TARGET,2026-09-04,2026-09-04T12:05:00+05:30,PE,4921.54,ORDINARY_BASIS_LEAD,MODELED_EXIT,"[{""contract"": ""NSE_FO|42638|08-09-2026"", ""status"": ""UNAFFORDABLE_OR_PAST_CAPACITY""}, {""contract"": ""NSE_FO|42636|08-09-2026"", ""status"": ""ORDER_CREATED""}]",NSE_FO|42636|08-09-2026,23900.0,65,65,63.40,60.40,2026-09-04T12:06:00+05:30,57.85,2026-09-04T15:35:00+05:30,TIMED_CLOSE,-223.24,57.49,4698.30,0.9577814569536423841059602649
recent,ORDINARY_BASIS_LEAD_TARGET,2026-09-11,2026-09-11T11:45:00+05:30,CE,4698.30,ORDINARY_BASIS_LEAD,MODELED_EXIT,"[{""contract"": ""NSE_FO|47291|15-09-2026"", ""status"": ""UNAFFORDABLE_OR_PAST_CAPACITY""}, {""contract"": ""NSE_FO|47293|15-09-2026"", ""status"": ""UNAFFORDABLE_OR_PAST_CAPACITY""}, {""contract"": ""NSE_FO|47295|15-09-2026"", ""status"": ""UNAFFORDABLE_OR_PAST_CAPACITY""}, {""contract"": ""NSE_FO|47297|15-09-2026"", ""status"": ""ORDER_CREATED""}]",NSE_FO|47297|15-09-2026,23500.0,65,65,58.50,56.95,2026-09-11T11:46:00+05:30,66.05,2026-09-11T15:35:00+05:30,TIMED_CLOSE,532.88,58.62,5231.18,1.159789288849868305531167691
recent,ORDINARY_BASIS_LEAD_TRAIL,2026-07-01,2026-07-01T10:20:00+05:30,CE,9411.18,ORDINARY_BASIS_LEAD,MODELED_EXIT,"[{""contract"": ""NSE_FO|44620|07-07-2026"", ""status"": ""UNAFFORDABLE_OR_PAST_CAPACITY""}, {""contract"": ""NSE_FO|44622|07-07-2026"", ""status"": ""UNAFFORDABLE_OR_PAST_CAPACITY""}, {""contract"": ""NSE_FO|44633|07-07-2026"", ""status"": ""UNAFFORDABLE_OR_PAST_CAPACITY""}, {""contract"": ""NSE_FO|44635|07-07-2026"", ""status"": ""ORDER_CREATED""}]",NSE_FO|44635|07-07-2026,24150.0,65,65,118.55,117.0,2026-07-01T10:21:00+05:30,88.65,2026-07-01T15:25:00+05:30,TIMED_CLOSE,-1905.63,62.88,7505.55,0.7576923076923076923076923077
recent,ORDINARY_BASIS_LEAD_TRAIL,2026-07-09,2026-07-09T11:20:00+05:30,CE,7505.55,ORDINARY_BASIS_LEAD,MODELED_EXIT,"[{""contract"": ""NSE_FO|51373|14-07-2026"", ""status"": ""UNAFFORDABLE_OR_PAST_CAPACITY""}, {""contract"": ""NSE_FO|51375|14-07-2026"", ""status"": ""UNAFFORDABLE_OR_PAST_CAPACITY""}, {""contract"": ""NSE_FO|51377|14-07-2026"", ""status"": ""ORDER_CREATED""}]",NSE_FO|51377|14-07-2026,24150.0,65,65,93.10,90.80,2026-07-09T11:21:00+05:30,53.65,2026-07-09T15:07:00+05:30,STOP,-2472.95,58.20,5032.60,0.5908590308370044052863436123
recent,ORDINARY_BASIS_LEAD_TRAIL,2026-07-15,2026-07-15T14:00:00+05:30,CE,5032.60,ORDINARY_BASIS_LEAD,NO_AFFORDABLE_LIQUID_CONTRACT,"[{""contract"": ""NSE_FO|57344|21-07-2026"", ""status"": ""UNAFFORDABLE_OR_PAST_CAPACITY""}, {""contract"": ""NSE_FO|57346|21-07-2026"", ""status"": ""UNAFFORDABLE_OR_PAST_CAPACITY""}, {""contract"": ""NSE_FO|57348|21-07-2026"", ""status"": ""UNAFFORDABLE_OR_PAST_CAPACITY""}, {""contract"": ""NSE_FO|57350|21-07-2026"", ""status"": ""UNAFFORDABLE_OR_PAST_CAPACITY""}]",,,,,,,,,,,,,,
recent,ORDINARY_BASIS_LEAD_TRAIL,2026-07-22,2026-07-22T12:20:00+05:30,PE,5032.60,ORDINARY_BASIS_LEAD,NO_AFFORDABLE_LIQUID_CONTRACT,"[{""contract"": ""NSE_FO|63940|28-07-2026"", ""status"": ""UNAFFORDABLE_OR_PAST_CAPACITY""}, {""contract"": ""NSE_FO|63938|28-07-2026"", ""status"": ""UNAFFORDABLE_OR_PAST_CAPACITY""}, {""contract"": ""NSE_FO|63936|28-07-2026"", ""status"": ""UNAFFORDABLE_OR_PAST_CAPACITY""}, {""contract"": ""NSE_FO|63934|28-07-2026"", ""status"": ""UNAFFORDABLE_OR_PAST_CAPACITY""}]",,,,,,,,,,,,,,
recent,ORDINARY_BASIS_LEAD_TRAIL,2026-07-24,2026-07-24T12:25:00+05:30,CE,5032.60,ORDINARY_BASIS_LEAD,MODELED_LIMIT_MISS,"[{""contract"": ""NSE_FO|63927|28-07-2026"", ""status"": ""UNAFFORDABLE_OR_PAST_CAPACITY""}, {""contract"": ""NSE_FO|63929|28-07-2026"", ""status"": ""UNAFFORDABLE_OR_PAST_CAPACITY""}, {""contract"": ""NSE_FO|63933|28-07-2026"", ""status"": ""UNAFFORDABLE_OR_PAST_CAPACITY""}, {""contract"": ""NSE_FO|63935|28-07-2026"", ""status"": ""ORDER_CREATED""}]",NSE_FO|63935|28-07-2026,23900.0,65,65,69.55,,,,,,,,,
recent,ORDINARY_BASIS_LEAD_TRAIL,2026-08-27,2026-08-27T12:40:00+05:30,CE,5032.60,ORDINARY_BASIS_LEAD,NO_AFFORDABLE_LIQUID_CONTRACT,"[{""contract"": ""NSE_FO|46991|01-09-2026"", ""status"": ""UNAFFORDABLE_OR_PAST_CAPACITY""}, {""contract"": ""NSE_FO|46993|01-09-2026"", ""status"": ""UNAFFORDABLE_OR_PAST_CAPACITY""}, {""contract"": ""NSE_FO|46995|01-09-2026"", ""status"": ""UNAFFORDABLE_OR_PAST_CAPACITY""}, {""contract"": ""NSE_FO|46997|01-09-2026"", ""status"": ""UNAFFORDABLE_OR_PAST_CAPACITY""}]",,,,,,,,,,,,,,
recent,ORDINARY_BASIS_LEAD_TRAIL,2026-09-02,2026-09-02T15:05:00+05:30,PE,5032.60,ORDINARY_BASIS_LEAD,MODELED_EXIT,"[{""contract"": ""NSE_FO|42634|08-09-2026"", ""status"": ""UNAFFORDABLE_OR_PAST_CAPACITY""}, {""contract"": ""NSE_FO|42632|08-09-2026"", ""status"": ""UNAFFORDABLE_OR_PAST_CAPACITY""}, {""contract"": ""NSE_FO|42630|08-09-2026"", ""status"": ""ORDER_CREATED""}]",NSE_FO|42630|08-09-2026,23750.0,65,65,73.10,69.85,2026-09-02T15:06:00+05:30,61.80,2026-09-02T15:35:00+05:30,TIMED_CLOSE,-582.11,58.86,4450.49,0.8847530422333571939871152470
recent,ORDINARY_BASIS_LEAD_TRAIL,2026-09-04,2026-09-04T12:05:00+05:30,PE,4450.49,ORDINARY_BASIS_LEAD,MODELED_EXIT,"[{""contract"": ""NSE_FO|42638|08-09-2026"", ""status"": ""UNAFFORDABLE_OR_PAST_CAPACITY""}, {""contract"": ""NSE_FO|42636|08-09-2026"", ""status"": ""ORDER_CREATED""}]",NSE_FO|42636|08-09-2026,23900.0,65,65,63.40,60.40,2026-09-04T12:06:00+05:30,57.85,2026-09-04T15:35:00+05:30,TIMED_CLOSE,-223.24,57.49,4227.25,0.9577814569536423841059602649
recent,ORDINARY_BASIS_LEAD_TRAIL,2026-09-11,2026-09-11T11:45:00+05:30,CE,4227.25,ORDINARY_BASIS_LEAD,MODELED_EXIT,"[{""contract"": ""NSE_FO|47291|15-09-2026"", ""status"": ""UNAFFORDABLE_OR_PAST_CAPACITY""}, {""contract"": ""NSE_FO|47293|15-09-2026"", ""status"": ""UNAFFORDABLE_OR_PAST_CAPACITY""}, {""contract"": ""NSE_FO|47295|15-09-2026"", ""status"": ""UNAFFORDABLE_OR_PAST_CAPACITY""}, {""contract"": ""NSE_FO|47297|15-09-2026"", ""status"": ""ORDER_CREATED""}]",NSE_FO|47297|15-09-2026,23500.0,65,65,58.50,56.95,2026-09-11T11:46:00+05:30,66.05,2026-09-11T15:35:00+05:30,TIMED_CLOSE,532.88,58.62,4760.13,1.159789288849868305531167691
recent,ORDINARY_IV_CHEAP_TREND_TARGET,2026-06-25,2026-06-25T14:25:00+05:30,PE,9411.18,ORDINARY_IV_CHEAP_TREND,MODELED_LIMIT_MISS,"[{""contract"": ""NSE_FO|79733|30-06-2026"", ""status"": ""ORDER_CREATED""}]",NSE_FO|79733|30-06-2026,24100.0,65,65,103.95,,,,,,,,,
recent,ORDINARY_IV_CHEAP_TREND_TARGET,2026-07-08,2026-07-08T13:50:00+05:30,PE,9411.18,ORDINARY_IV_CHEAP_TREND,MODELED_LIMIT_MISS,"[{""contract"": ""NSE_FO|51376|14-07-2026"", ""status"": ""UNAFFORDABLE_OR_PAST_CAPACITY""}, {""contract"": ""NSE_FO|51374|14-07-2026"", ""status"": ""ORDER_CREATED""}]",NSE_FO|51374|14-07-2026,24050.0,65,65,136.40,,,,,,,,,
recent,ORDINARY_IV_CHEAP_TREND_TARGET,2026-07-09,2026-07-09T10:50:00+05:30,PE,9411.18,ORDINARY_IV_CHEAP_TREND,MODELED_EXIT,"[{""contract"": ""NSE_FO|51371|14-07-2026"", ""status"": ""UNAFFORDABLE_OR_PAST_CAPACITY""}, {""contract"": ""NSE_FO|51367|14-07-2026"", ""status"": ""ORDER_CREATED""}]",NSE_FO|51367|14-07-2026,23950.0,65,65,122.15,116.45,2026-07-09T10:51:00+05:30,122.05,2026-07-09T15:25:00+05:30,TIMED_CLOSE,297.24,66.76,9708.42,1.048089308716187204808930872
recent,ORDINARY_IV_CHEAP_TREND_TARGET,2026-07-15,2026-07-15T13:00:00+05:30,PE,9708.42,ORDINARY_IV_CHEAP_TREND,MODELED_EXIT,"[{""contract"": ""NSE_FO|57343|21-07-2026"", ""status"": ""UNAFFORDABLE_OR_PAST_CAPACITY""}, {""contract"": ""NSE_FO|57341|21-07-2026"", ""status"": ""UNAFFORDABLE_OR_PAST_CAPACITY""}, {""contract"": ""NSE_FO|57339|21-07-2026"", ""status"": ""ORDER_CREATED""}]",NSE_FO|57339|21-07-2026,23950.0,65,65,141.05,136.45,2026-07-15T13:01:00+05:30,105.15,2026-07-15T15:25:00+05:30,TIMED_CLOSE,-2100.36,65.86,7608.06,0.7706119457676804690362770246
recent,ORDINARY_IV_CHEAP_TREND_TARGET,2026-07-17,2026-07-17T14:20:00+05:30,CE,7608.06,ORDINARY_IV_CHEAP_TREND,MODELED_EXIT,"[{""contract"": ""NSE_FO|57352|21-07-2026"", ""status"": ""UNAFFORDABLE_OR_PAST_CAPACITY""}, {""contract"": ""NSE_FO|57354|21-07-2026"", ""status"": ""ORDER_CREATED""}]",NSE_FO|57354|21-07-2026,24350.0,65,65,98.55,97.70,2026-07-17T14:21:00+05:30,100.85,2026-07-17T15:25:00+05:30,TIMED_CLOSE,141.07,63.68,7749.13,1.032241555783009211873080860
recent,ORDINARY_IV_CHEAP_TREND_TARGET,2026-07-30,2026-07-30T10:45:00+05:30,CE,7749.13,ORDINARY_IV_CHEAP_TREND,MODELED_EXIT,"[{""contract"": ""NSE_FO|65806|04-08-2026"", ""status"": ""ORDER_CREATED""}]",NSE_FO|65806|04-08-2026,24250.0,65,65,110.60,106.80,2026-07-30T10:46:00+05:30,131.30,2026-07-30T15:25:00+05:30,TIMED_CLOSE,1524.74,67.76,9273.87,1.229400749063670411985018727
recent,ORDINARY_IV_CHEAP_TREND_TARGET,2026-09-16,2026-09-16T10:10:00+05:30,PE,9273.87,ORDINARY_IV_CHEAP_TREND,MODELED_EXIT,"[{""contract"": ""NSE_FO|56981"", ""status"": ""UNAFFORDABLE_OR_PAST_CAPACITY""}, {""contract"": ""NSE_FO|56979"", ""status"": ""UNAFFORDABLE_OR_PAST_CAPACITY""}, {""contract"": ""NSE_FO|56977"", ""status"": ""ORDER_CREATED""}]",NSE_FO|56977,23100.0,65,65,123.35,120.65,2026-09-16T10:11:00+05:30,93.90,2026-09-16T15:35:00+05:30,TIMED_CLOSE,-1802.86,64.11,7471.01,0.7782842934106920845420638210
recent,ORDINARY_IV_CHEAP_TREND_TRAIL,2026-06-25,2026-06-25T14:25:00+05:30,PE,9411.18,ORDINARY_IV_CHEAP_TREND,MODELED_LIMIT_MISS,"[{""contract"": ""NSE_FO|79733|30-06-2026"", ""status"": ""ORDER_CREATED""}]",NSE_FO|79733|30-06-2026,24100.0,65,65,103.95,,,,,,,,,
recent,ORDINARY_IV_CHEAP_TREND_TRAIL,2026-07-08,2026-07-08T13:50:00+05:30,PE,9411.18,ORDINARY_IV_CHEAP_TREND,MODELED_LIMIT_MISS,"[{""contract"": ""NSE_FO|51376|14-07-2026"", ""status"": ""UNAFFORDABLE_OR_PAST_CAPACITY""}, {""contract"": ""NSE_FO|51374|14-07-2026"", ""status"": ""ORDER_CREATED""}]",NSE_FO|51374|14-07-2026,24050.0,65,65,136.40,,,,,,,,,
recent,ORDINARY_IV_CHEAP_TREND_TRAIL,2026-07-09,2026-07-09T10:50:00+05:30,PE,9411.18,ORDINARY_IV_CHEAP_TREND,MODELED_EXIT,"[{""contract"": ""NSE_FO|51371|14-07-2026"", ""status"": ""UNAFFORDABLE_OR_PAST_CAPACITY""}, {""contract"": ""NSE_FO|51367|14-07-2026"", ""status"": ""ORDER_CREATED""}]",NSE_FO|51367|14-07-2026,23950.0,65,65,122.15,116.45,2026-07-09T10:51:00+05:30,122.05,2026-07-09T15:25:00+05:30,TIMED_CLOSE,297.24,66.76,9708.42,1.048089308716187204808930872
recent,ORDINARY_IV_CHEAP_TREND_TRAIL,2026-07-15,2026-07-15T13:00:00+05:30,PE,9708.42,ORDINARY_IV_CHEAP_TREND,MODELED_EXIT,"[{""contract"": ""NSE_FO|57343|21-07-2026"", ""status"": ""UNAFFORDABLE_OR_PAST_CAPACITY""}, {""contract"": ""NSE_FO|57341|21-07-2026"", ""status"": ""UNAFFORDABLE_OR_PAST_CAPACITY""}, {""contract"": ""NSE_FO|57339|21-07-2026"", ""status"": ""ORDER_CREATED""}]",NSE_FO|57339|21-07-2026,23950.0,65,65,141.05,136.45,2026-07-15T13:01:00+05:30,105.15,2026-07-15T15:25:00+05:30,TIMED_CLOSE,-2100.36,65.86,7608.06,0.7706119457676804690362770246
recent,ORDINARY_IV_CHEAP_TREND_TRAIL,2026-07-17,2026-07-17T14:20:00+05:30,CE,7608.06,ORDINARY_IV_CHEAP_TREND,MODELED_EXIT,"[{""contract"": ""NSE_FO|57352|21-07-2026"", ""status"": ""UNAFFORDABLE_OR_PAST_CAPACITY""}, {""contract"": ""NSE_FO|57354|21-07-2026"", ""status"": ""ORDER_CREATED""}]",NSE_FO|57354|21-07-2026,24350.0,65,65,98.55,97.70,2026-07-17T14:21:00+05:30,100.85,2026-07-17T15:25:00+05:30,TIMED_CLOSE,141.07,63.68,7749.13,1.032241555783009211873080860
recent,ORDINARY_IV_CHEAP_TREND_TRAIL,2026-07-30,2026-07-30T10:45:00+05:30,CE,7749.13,ORDINARY_IV_CHEAP_TREND,MODELED_EXIT,"[{""contract"": ""NSE_FO|65806|04-08-2026"", ""status"": ""ORDER_CREATED""}]",NSE_FO|65806|04-08-2026,24250.0,65,65,110.60,106.80,2026-07-30T10:46:00+05:30,131.30,2026-07-30T15:25:00+05:30,TIMED_CLOSE,1524.74,67.76,9273.87,1.229400749063670411985018727
recent,ORDINARY_IV_CHEAP_TREND_TRAIL,2026-09-16,2026-09-16T10:10:00+05:30,PE,9273.87,ORDINARY_IV_CHEAP_TREND,MODELED_EXIT,"[{""contract"": ""NSE_FO|56981"", ""status"": ""UNAFFORDABLE_OR_PAST_CAPACITY""}, {""contract"": ""NSE_FO|56979"", ""status"": ""UNAFFORDABLE_OR_PAST_CAPACITY""}, {""contract"": ""NSE_FO|56977"", ""status"": ""ORDER_CREATED""}]",NSE_FO|56977,23100.0,65,65,123.35,120.65,2026-09-16T10:11:00+05:30,93.90,2026-09-16T15:35:00+05:30,TIMED_CLOSE,-1802.86,64.11,7471.01,0.7782842934106920845420638210
recent,ORDINARY_SKEW_UNWIND_TARGET,2026-07-08,2026-07-08T13:50:00+05:30,PE,9411.18,ORDINARY_SKEW_UNWIND,MODELED_LIMIT_MISS,"[{""contract"": ""NSE_FO|51376|14-07-2026"", ""status"": ""UNAFFORDABLE_OR_PAST_CAPACITY""}, {""contract"": ""NSE_FO|51374|14-07-2026"", ""status"": ""ORDER_CREATED""}]",NSE_FO|51374|14-07-2026,24050.0,65,65,136.40,,,,,,,,,
recent,ORDINARY_SKEW_UNWIND_TARGET,2026-07-30,2026-07-30T12:35:00+05:30,CE,9411.18,ORDINARY_SKEW_UNWIND,MODELED_LIMIT_MISS,"[{""contract"": ""NSE_FO|65808|04-08-2026"", ""status"": ""ORDER_CREATED""}]",NSE_FO|65808|04-08-2026,24300.0,65,65,126.50,,,,,,,,,
recent,ORDINARY_SKEW_UNWIND_TARGET,2026-08-31,2026-08-31T11:55:00+05:30,CE,9411.18,ORDINARY_SKEW_UNWIND,MODELED_LIMIT_MISS,"[{""contract"": ""NSE_FO|46987|01-09-2026"", ""status"": ""ORDER_CREATED""}]",NSE_FO|46987|01-09-2026,24050.0,65,65,120.00,,,,,,,,,
recent,ORDINARY_SKEW_UNWIND_TARGET,2026-09-11,2026-09-11T11:15:00+05:30,CE,9411.18,ORDINARY_SKEW_UNWIND,MODELED_EXIT,"[{""contract"": ""NSE_FO|47291|15-09-2026"", ""status"": ""ORDER_CREATED""}]",NSE_FO|47291|15-09-2026,23350.0,65,65,117.80,114.30,2026-09-11T11:16:00+05:30,153.80,2026-09-11T15:35:00+05:30,TIMED_CLOSE,2496.93,70.57,11908.11,1.345581802274715660542432196
recent,ORDINARY_SKEW_UNWIND_TRAIL,2026-07-08,2026-07-08T13:50:00+05:30,PE,9411.18,ORDINARY_SKEW_UNWIND,MODELED_LIMIT_MISS,"[{""contract"": ""NSE_FO|51376|14-07-2026"", ""status"": ""UNAFFORDABLE_OR_PAST_CAPACITY""}, {""contract"": ""NSE_FO|51374|14-07-2026"", ""status"": ""ORDER_CREATED""}]",NSE_FO|51374|14-07-2026,24050.0,65,65,136.40,,,,,,,,,
recent,ORDINARY_SKEW_UNWIND_TRAIL,2026-07-30,2026-07-30T12:35:00+05:30,CE,9411.18,ORDINARY_SKEW_UNWIND,MODELED_LIMIT_MISS,"[{""contract"": ""NSE_FO|65808|04-08-2026"", ""status"": ""ORDER_CREATED""}]",NSE_FO|65808|04-08-2026,24300.0,65,65,126.50,,,,,,,,,
recent,ORDINARY_SKEW_UNWIND_TRAIL,2026-08-31,2026-08-31T11:55:00+05:30,CE,9411.18,ORDINARY_SKEW_UNWIND,MODELED_LIMIT_MISS,"[{""contract"": ""NSE_FO|46987|01-09-2026"", ""status"": ""ORDER_CREATED""}]",NSE_FO|46987|01-09-2026,24050.0,65,65,120.00,,,,,,,,,
recent,ORDINARY_SKEW_UNWIND_TRAIL,2026-09-11,2026-09-11T11:15:00+05:30,CE,9411.18,ORDINARY_SKEW_UNWIND,MODELED_EXIT,"[{""contract"": ""NSE_FO|47291|15-09-2026"", ""status"": ""ORDER_CREATED""}]",NSE_FO|47291|15-09-2026,23350.0,65,65,117.80,114.30,2026-09-11T11:16:00+05:30,153.80,2026-09-11T15:35:00+05:30,TIMED_CLOSE,2496.93,70.57,11908.11,1.345581802274715660542432196
recent,ORDINARY_SECTOR_CONFIRM_TARGET,2026-06-22,2026-06-22T10:00:00+05:30,CE,9411.18,ORDINARY_SECTOR_CONFIRM,MODELED_EXIT,"[{""contract"": ""NSE_FO|56380|23-06-2026"", ""status"": ""ORDER_CREATED""}]",NSE_FO|56380|23-06-2026,24150.0,65,65,75.15,72.0,2026-06-22T10:01:00+05:30,40.90,2026-06-22T15:25:00+05:30,TIMED_CLOSE,-2076.85,55.35,7334.33,0.5680555555555555555555555556
recent,ORDINARY_SECTOR_CONFIRM_TARGET,2026-06-24,2026-06-24T10:00:00+05:30,PE,7334.33,ORDINARY_SECTOR_CONFIRM,MODELED_EXIT,"[{""contract"": ""NSE_FO|79714|30-06-2026"", ""status"": ""UNAFFORDABLE_OR_PAST_CAPACITY""}, {""contract"": ""NSE_FO|79712|30-06-2026"", ""status"": ""UNAFFORDABLE_OR_PAST_CAPACITY""}, {""contract"": ""NSE_FO|79710|30-06-2026"", ""status"": ""UNAFFORDABLE_OR_PAST_CAPACITY""}, {""contract"": ""NSE_FO|79708|30-06-2026"", ""status"": ""ORDER_CREATED""}]",NSE_FO|79708|30-06-2026,23700.0,65,65,96.50,83.0,2026-06-24T10:01:00+05:30,40.95,2026-06-24T13:14:00+05:30,STOP,-2788.89,55.64,4545.44,0.4933734939759036144578313253
recent,ORDINARY_SECTOR_CONFIRM_TARGET,2026-06-25,2026-06-25T12:10:00+05:30,CE,4545.44,ORDINARY_SECTOR_CONFIRM,MODELED_LIMIT_MISS,"[{""contract"": ""NSE_FO|79738|30-06-2026"", ""status"": ""UNAFFORDABLE_OR_PAST_CAPACITY""}, {""contract"": ""NSE_FO|79740|30-06-2026"", ""status"": ""UNAFFORDABLE_OR_PAST_CAPACITY""}, {""contract"": ""NSE_FO|79742|30-06-2026"", ""status"": ""UNAFFORDABLE_OR_PAST_CAPACITY""}, {""contract"": ""NSE_FO|79746|30-06-2026"", ""status"": ""ORDER_CREATED""}]",NSE_FO|79746|30-06-2026,24400.0,65,65,57.65,,,,,,,,,
recent,ORDINARY_SECTOR_CONFIRM_TARGET,2026-06-29,2026-06-29T10:25:00+05:30,CE,4545.44,ORDINARY_SECTOR_CONFIRM,MODELED_LIMIT_MISS,"[{""contract"": ""NSE_FO|79732|30-06-2026"", ""status"": ""UNAFFORDABLE_OR_PAST_CAPACITY""}, {""contract"": ""NSE_FO|79734|30-06-2026"", ""status"": ""UNAFFORDABLE_OR_PAST_CAPACITY""}, {""contract"": ""NSE_FO|79736|30-06-2026"", ""status"": ""ORDER_CREATED""}]",NSE_FO|79736|30-06-2026,24200.0,65,65,49.45,,,,,,,,,
recent,ORDINARY_SECTOR_CONFIRM_TARGET,2026-07-01,2026-07-01T10:40:00+05:30,PE,4545.44,ORDINARY_SECTOR_CONFIRM,NO_AFFORDABLE_LIQUID_CONTRACT,"[{""contract"": ""NSE_FO|44621|07-07-2026"", ""status"": ""UNAFFORDABLE_OR_PAST_CAPACITY""}, {""contract"": ""NSE_FO|44619|07-07-2026"", ""status"": ""UNAFFORDABLE_OR_PAST_CAPACITY""}, {""contract"": ""NSE_FO|44617|07-07-2026"", ""status"": ""UNAFFORDABLE_OR_PAST_CAPACITY""}, {""contract"": ""NSE_FO|44615|07-07-2026"", ""status"": ""UNAFFORDABLE_OR_PAST_CAPACITY""}]",,,,,,,,,,,,,,
recent,ORDINARY_SECTOR_CONFIRM_TARGET,2026-07-02,2026-07-02T10:15:00+05:30,PE,4545.44,ORDINARY_SECTOR_CONFIRM,NO_AFFORDABLE_LIQUID_CONTRACT,"[{""contract"": ""NSE_FO|44634|07-07-2026"", ""status"": ""UNAFFORDABLE_OR_PAST_CAPACITY""}, {""contract"": ""NSE_FO|44623|07-07-2026"", ""status"": ""UNAFFORDABLE_OR_PAST_CAPACITY""}, {""contract"": ""NSE_FO|44621|07-07-2026"", ""status"": ""UNAFFORDABLE_OR_PAST_CAPACITY""}, {""contract"": ""NSE_FO|44619|07-07-2026"", ""status"": ""UNAFFORDABLE_OR_PAST_CAPACITY""}]",,,,,,,,,,,,,,
recent,ORDINARY_SECTOR_CONFIRM_TARGET,2026-07-03,2026-07-03T13:10:00+05:30,PE,4545.44,ORDINARY_SECTOR_CONFIRM,MODELED_EXIT,"[{""contract"": ""NSE_FO|44646|07-07-2026"", ""status"": ""UNAFFORDABLE_OR_PAST_CAPACITY""}, {""contract"": ""NSE_FO|44643|07-07-2026"", ""status"": ""UNAFFORDABLE_OR_PAST_CAPACITY""}, {""contract"": ""NSE_FO|44641|07-07-2026"", ""status"": ""ORDER_CREATED""}]",NSE_FO|44641|07-07-2026,24200.0,65,65,53.75,51.15,2026-07-03T13:11:00+05:30,52.80,2026-07-03T15:25:00+05:30,TIMED_CLOSE,50.15,57.10,4595.59,1.032258064516129032258064516
recent,ORDINARY_SECTOR_CONFIRM_TARGET,2026-07-06,2026-07-06T10:30:00+05:30,CE,4595.59,ORDINARY_SECTOR_CONFIRM,MODELED_EXIT,"[{""contract"": ""NSE_FO|44654|07-07-2026"", ""status"": ""UNAFFORDABLE_OR_PAST_CAPACITY""}, {""contract"": ""NSE_FO|44660|07-07-2026"", ""status"": ""ORDER_CREATED""}]",NSE_FO|44660|07-07-2026,24450.0,65,65,53.50,52.20,2026-07-06T10:31:00+05:30,41.05,2026-07-06T15:25:00+05:30,TIMED_CLOSE,-780.56,55.81,3815.03,0.7863984674329501915708812261
recent,ORDINARY_SECTOR_CONFIRM_TARGET,2026-07-08,2026-07-08T10:40:00+05:30,CE,3815.03,ORDINARY_SECTOR_CONFIRM,NO_AFFORDABLE_LIQUID_CONTRACT,"[{""contract"": ""NSE_FO|51385|14-07-2026"", ""status"": ""UNAFFORDABLE_OR_PAST_CAPACITY""}, {""contract"": ""NSE_FO|51387|14-07-2026"", ""status"": ""UNAFFORDABLE_OR_PAST_CAPACITY""}, {""contract"": ""NSE_FO|51389|14-07-2026"", ""status"": ""UNAFFORDABLE_OR_PAST_CAPACITY""}, {""contract"": ""NSE_FO|51391|14-07-2026"", ""status"": ""UNAFFORDABLE_OR_PAST_CAPACITY""}]",,,,,,,,,,,,,,
recent,ORDINARY_SECTOR_CONFIRM_TARGET,2026-07-09,2026-07-09T10:45:00+05:30,CE,3815.03,ORDINARY_SECTOR_CONFIRM,NO_AFFORDABLE_LIQUID_CONTRACT,"[{""contract"": ""NSE_FO|51375|14-07-2026"", ""status"": ""UNAFFORDABLE_OR_PAST_CAPACITY""}, {""contract"": ""NSE_FO|51377|14-07-2026"", ""status"": ""UNAFFORDABLE_OR_PAST_CAPACITY""}, {""contract"": ""NSE_FO|51379|14-07-2026"", ""status"": ""UNAFFORDABLE_OR_PAST_CAPACITY""}, {""contract"": ""NSE_FO|51381|14-07-2026"", ""status"": ""UNAFFORDABLE_OR_PAST_CAPACITY""}]",,,,,,,,,,,,,,
recent,ORDINARY_SECTOR_CONFIRM_TARGET,2026-07-10,2026-07-10T12:30:00+05:30,CE,3815.03,ORDINARY_SECTOR_CONFIRM,MODELED_EXIT,"[{""contract"": ""NSE_FO|51379|14-07-2026"", ""status"": ""UNAFFORDABLE_OR_PAST_CAPACITY""}, {""contract"": ""NSE_FO|51381|14-07-2026"", ""status"": ""UNAFFORDABLE_OR_PAST_CAPACITY""}, {""contract"": ""NSE_FO|51385|14-07-2026"", ""status"": ""UNAFFORDABLE_OR_PAST_CAPACITY""}, {""contract"": ""NSE_FO|51387|14-07-2026"", ""status"": ""ORDER_CREATED""}]",NSE_FO|51387|14-07-2026,24350.0,65,65,45.40,43.45,2026-07-10T12:31:00+05:30,38.40,2026-07-10T15:25:00+05:30,TIMED_CLOSE,-382.75,54.50,3432.28,0.8837744533947065592635212888
recent,ORDINARY_SECTOR_CONFIRM_TARGET,2026-07-13,2026-07-13T10:00:00+05:30,CE,3432.28,ORDINARY_SECTOR_CONFIRM,MODELED_EXIT,"[{""contract"": ""NSE_FO|51375|14-07-2026"", ""status"": ""UNAFFORDABLE_OR_PAST_CAPACITY""}, {""contract"": ""NSE_FO|51377|14-07-2026"", ""status"": ""UNAFFORDABLE_OR_PAST_CAPACITY""}, {""contract"": ""NSE_FO|51379|14-07-2026"", ""status"": ""UNAFFORDABLE_OR_PAST_CAPACITY""}, {""contract"": ""NSE_FO|51381|14-07-2026"", ""status"": ""ORDER_CREATED""}]",NSE_FO|51381|14-07-2026,24250.0,65,65,38.10,37.90,2026-07-13T10:01:00+05:30,75.80,2026-07-13T12:52:00+05:30,TARGET_2X,2404.12,59.38,5836.40,2
recent,ORDINARY_SECTOR_CONFIRM_TARGET,2026-07-15,2026-07-15T11:30:00+05:30,CE,5836.40,ORDINARY_SECTOR_CONFIRM,NO_AFFORDABLE_LIQUID_CONTRACT,"[{""contract"": ""NSE_FO|57348|21-07-2026"", ""status"": ""UNAFFORDABLE_OR_PAST_CAPACITY""}, {""contract"": ""NSE_FO|57350|21-07-2026"", ""status"": ""UNAFFORDABLE_OR_PAST_CAPACITY""}, {""contract"": ""NSE_FO|57352|21-07-2026"", ""status"": ""UNAFFORDABLE_OR_PAST_CAPACITY""}, {""contract"": ""NSE_FO|57354|21-07-2026"", ""status"": ""UNAFFORDABLE_OR_PAST_CAPACITY""}]",,,,,,,,,,,,,,
recent,ORDINARY_SECTOR_CONFIRM_TARGET,2026-07-16,2026-07-16T10:50:00+05:30,CE,5836.40,ORDINARY_SECTOR_CONFIRM,MODELED_LIMIT_MISS,"[{""contract"": ""NSE_FO|57346|21-07-2026"", ""status"": ""UNAFFORDABLE_OR_PAST_CAPACITY""}, {""contract"": ""NSE_FO|57348|21-07-2026"", ""status"": ""UNAFFORDABLE_OR_PAST_CAPACITY""}, {""contract"": ""NSE_FO|57350|21-07-2026"", ""status"": ""UNAFFORDABLE_OR_PAST_CAPACITY""}, {""contract"": ""NSE_FO|57352|21-07-2026"", ""status"": ""ORDER_CREATED""}]",NSE_FO|57352|21-07-2026,24300.0,65,65,71.30,,,,,,,,,
recent,ORDINARY_SECTOR_CONFIRM_TARGET,2026-07-17,2026-07-17T10:20:00+05:30,CE,5836.40,ORDINARY_SECTOR_CONFIRM,MODELED_EXIT,"[{""contract"": ""NSE_FO|57350|21-07-2026"", ""status"": ""UNAFFORDABLE_OR_PAST_CAPACITY""}, {""contract"": ""NSE_FO|57352|21-07-2026"", ""status"": ""UNAFFORDABLE_OR_PAST_CAPACITY""}, {""contract"": ""NSE_FO|57354|21-07-2026"", ""status"": ""UNAFFORDABLE_OR_PAST_CAPACITY""}, {""contract"": ""NSE_FO|57356|21-07-2026"", ""status"": ""ORDER_CREATED""}]",NSE_FO|57356|21-07-2026,24400.0,65,65,71.00,66.5,2026-07-17T10:21:00+05:30,78.55,2026-07-17T15:25:00+05:30,TIMED_CLOSE,723.02,60.23,6559.42,1.181203007518796992481203008
recent,ORDINARY_SECTOR_CONFIRM_TARGET,2026-07-20,2026-07-20T10:05:00+05:30,CE,6559.42,ORDINARY_SECTOR_CONFIRM,MODELED_LIMIT_MISS,"[{""contract"": ""NSE_FO|57348|21-07-2026"", ""status"": ""ORDER_CREATED""}]",NSE_FO|57348|21-07-2026,24200.0,65,65,79.60,,,,,,,,,
recent,ORDINARY_SECTOR_CONFIRM_TARGET,2026-07-22,2026-07-22T10:10:00+05:30,CE,6559.42,ORDINARY_SECTOR_CONFIRM,MODELED_EXIT,"[{""contract"": ""NSE_FO|63941|28-07-2026"", ""status"": ""UNAFFORDABLE_OR_PAST_CAPACITY""}, {""contract"": ""NSE_FO|63943|28-07-2026"", ""status"": ""UNAFFORDABLE_OR_PAST_CAPACITY""}, {""contract"": ""NSE_FO|63945|28-07-2026"", ""status"": ""UNAFFORDABLE_OR_PAST_CAPACITY""}, {""contract"": ""NSE_FO|63947|28-07-2026"", ""status"": ""ORDER_CREATED""}]",NSE_FO|63947|28-07-2026,24200.0,65,65,92.40,87.75,2026-07-22T10:11:00+05:30,68.15,2026-07-22T15:25:00+05:30,TIMED_CLOSE,-1333.51,59.51,5225.91,0.7766381766381766381766381766
recent,ORDINARY_SECTOR_CONFIRM_TARGET,2026-07-23,2026-07-23T10:00:00+05:30,CE,5225.91,ORDINARY_SECTOR_CONFIRM,MODELED_EXIT,"[{""contract"": ""NSE_FO|63937|28-07-2026"", ""status"": ""UNAFFORDABLE_OR_PAST_CAPACITY""}, {""contract"": ""NSE_FO|63939|28-07-2026"", ""status"": ""UNAFFORDABLE_OR_PAST_CAPACITY""}, {""contract"": ""NSE_FO|63941|28-07-2026"", ""status"": ""UNAFFORDABLE_OR_PAST_CAPACITY""}, {""contract"": ""NSE_FO|63943|28-07-2026"", ""status"": ""ORDER_CREATED""}]",NSE_FO|63943|28-07-2026,24100.0,65,65,75.75,73.95,2026-07-23T10:01:00+05:30,48.95,2026-07-23T15:25:00+05:30,TIMED_CLOSE,-1681.62,56.62,3544.29,0.6619337390128465179175118323
recent,ORDINARY_SECTOR_CONFIRM_TARGET,2026-07-24,2026-07-24T10:15:00+05:30,PE,3544.29,ORDINARY_SECTOR_CONFIRM,NO_AFFORDABLE_LIQUID_CONTRACT,"[{""contract"": ""NSE_FO|63921|28-07-2026"", ""status"": ""UNAFFORDABLE_OR_PAST_CAPACITY""}, {""contract"": ""NSE_FO|63918|28-07-2026"", ""status"": ""UNAFFORDABLE_OR_PAST_CAPACITY""}, {""contract"": ""NSE_FO|63916|28-07-2026"", ""status"": ""UNAFFORDABLE_OR_PAST_CAPACITY""}, {""contract"": ""NSE_FO|63914|28-07-2026"", ""status"": ""UNAFFORDABLE_OR_PAST_CAPACITY""}]",,,,,,,,,,,,,,
recent,ORDINARY_SECTOR_CONFIRM_TARGET,2026-07-27,2026-07-27T10:05:00+05:30,PE,3544.29,ORDINARY_SECTOR_CONFIRM,MODELED_LIMIT_MISS,"[{""contract"": ""NSE_FO|63936|28-07-2026"", ""status"": ""UNAFFORDABLE_OR_PAST_CAPACITY""}, {""contract"": ""NSE_FO|63934|28-07-2026"", ""status"": ""ORDER_CREATED""}]",NSE_FO|63934|28-07-2026,23850.0,65,65,46.75,,,,,,,,,
recent,ORDINARY_SECTOR_CONFIRM_TARGET,2026-07-30,2026-07-30T10:20:00+05:30,PE,3544.29,ORDINARY_SECTOR_CONFIRM,NO_AFFORDABLE_LIQUID_CONTRACT,"[{""contract"": ""NSE_FO|65807|04-08-2026"", ""status"": ""UNAFFORDABLE_OR_PAST_CAPACITY""}, {""contract"": ""NSE_FO|65776|04-08-2026"", ""status"": ""UNAFFORDABLE_OR_PAST_CAPACITY""}, {""contract"": ""NSE_FO|65700|04-08-2026"", ""status"": ""UNAFFORDABLE_OR_PAST_CAPACITY""}, {""contract"": ""NSE_FO|65698|04-08-2026"", ""status"": ""UNAFFORDABLE_OR_PAST_CAPACITY""}]",,,,,,,,,,,,,,
recent,ORDINARY_SECTOR_CONFIRM_TARGET,2026-07-31,2026-07-31T14:45:00+05:30,PE,3544.29,ORDINARY_SECTOR_CONFIRM,MODELED_EXIT,"[{""contract"": ""NSE_FO|65853|04-08-2026"", ""status"": ""UNAFFORDABLE_OR_PAST_CAPACITY""}, {""contract"": ""NSE_FO|65809|04-08-2026"", ""status"": ""UNAFFORDABLE_OR_PAST_CAPACITY""}, {""contract"": ""NSE_FO|65807|04-08-2026"", ""status"": ""ORDER_CREATED""}]",NSE_FO|65807|04-08-2026,24250.0,65,65,44.60,42.15,2026-07-31T14:46:00+05:30,38.65,2026-07-31T15:25:00+05:30,TIMED_CLOSE,-281.97,54.47,3262.32,0.9169632265717674970344009490
recent,ORDINARY_SECTOR_CONFIRM_TARGET,2026-08-05,2026-08-05T10:00:00+05:30,PE,3262.32,ORDINARY_SECTOR_CONFIRM,NO_AFFORDABLE_LIQUID_CONTRACT,"[{""contract"": ""NSE_FO|41016|11-08-2026"", ""status"": ""UNAFFORDABLE_OR_PAST_CAPACITY""}, {""contract"": ""NSE_FO|41014|11-08-2026"", ""status"": ""UNAFFORDABLE_OR_PAST_CAPACITY""}, {""contract"": ""NSE_FO|41012|11-08-2026"", ""status"": ""UNAFFORDABLE_OR_PAST_CAPACITY""}, {""contract"": ""NSE_FO|41010|11-08-2026"", ""status"": ""UNAFFORDABLE_OR_PAST_CAPACITY""}]",,,,,,,,,,,,,,
recent,ORDINARY_SECTOR_CONFIRM_TARGET,2026-08-06,2026-08-06T10:05:00+05:30,PE,3262.32,ORDINARY_SECTOR_CONFIRM,NO_AFFORDABLE_LIQUID_CONTRACT,"[{""contract"": ""NSE_FO|41016|11-08-2026"", ""status"": ""UNAFFORDABLE_OR_PAST_CAPACITY""}, {""contract"": ""NSE_FO|41014|11-08-2026"", ""status"": ""UNAFFORDABLE_OR_PAST_CAPACITY""}, {""contract"": ""NSE_FO|41012|11-08-2026"", ""status"": ""UNAFFORDABLE_OR_PAST_CAPACITY""}, {""contract"": ""NSE_FO|41010|11-08-2026"", ""status"": ""UNAFFORDABLE_OR_PAST_CAPACITY""}]",,,,,,,,,,,,,,
recent,ORDINARY_SECTOR_CONFIRM_TARGET,2026-08-07,2026-08-07T10:20:00+05:30,PE,3262.32,ORDINARY_SECTOR_CONFIRM,NO_AFFORDABLE_LIQUID_CONTRACT,"[{""contract"": ""NSE_FO|41016|11-08-2026"", ""status"": ""UNAFFORDABLE_OR_PAST_CAPACITY""}, {""contract"": ""NSE_FO|41014|11-08-2026"", ""status"": ""UNAFFORDABLE_OR_PAST_CAPACITY""}, {""contract"": ""NSE_FO|41012|11-08-2026"", ""status"": ""UNAFFORDABLE_OR_PAST_CAPACITY""}, {""contract"": ""NSE_FO|41010|11-08-2026"", ""status"": ""UNAFFORDABLE_OR_PAST_CAPACITY""}]",,,,,,,,,,,,,,
recent,ORDINARY_SECTOR_CONFIRM_TARGET,2026-08-10,2026-08-10T10:20:00+05:30,CE,3262.32,ORDINARY_SECTOR_CONFIRM,MODELED_LIMIT_MISS,"[{""contract"": ""NSE_FO|41013|11-08-2026"", ""status"": ""UNAFFORDABLE_OR_PAST_CAPACITY""}, {""contract"": ""NSE_FO|41015|11-08-2026"", ""status"": ""UNAFFORDABLE_OR_PAST_CAPACITY""}, {""contract"": ""NSE_FO|41017|11-08-2026"", ""status"": ""UNAFFORDABLE_OR_PAST_CAPACITY""}, {""contract"": ""NSE_FO|41020|11-08-2026"", ""status"": ""ORDER_CREATED""}]",NSE_FO|41020|11-08-2026,24700.0,65,65,47.15,,,,,,,,,
recent,ORDINARY_SECTOR_CONFIRM_TARGET,2026-08-12,2026-08-12T10:00:00+05:30,PE,3262.32,ORDINARY_SECTOR_CONFIRM,NO_AFFORDABLE_LIQUID_CONTRACT,"[{""contract"": ""NSE_FO|45107|18-08-2026"", ""status"": ""UNAFFORDABLE_OR_PAST_CAPACITY""}, {""contract"": ""NSE_FO|45105|18-08-2026"", ""status"": ""UNAFFORDABLE_OR_PAST_CAPACITY""}, {""contract"": ""NSE_FO|45103|18-08-2026"", ""status"": ""UNAFFORDABLE_OR_PAST_CAPACITY""}, {""contract"": ""NSE_FO|45101|18-08-2026"", ""status"": ""UNAFFORDABLE_OR_PAST_CAPACITY""}]",,,,,,,,,,,,,,
recent,ORDINARY_SECTOR_CONFIRM_TARGET,2026-08-13,2026-08-13T10:30:00+05:30,PE,3262.32,ORDINARY_SECTOR_CONFIRM,MODELED_EXIT,"[{""contract"": ""NSE_FO|45103|18-08-2026"", ""status"": ""UNAFFORDABLE_OR_PAST_CAPACITY""}, {""contract"": ""NSE_FO|45101|18-08-2026"", ""status"": ""UNAFFORDABLE_OR_PAST_CAPACITY""}, {""contract"": ""NSE_FO|45099|18-08-2026"", ""status"": ""UNAFFORDABLE_OR_PAST_CAPACITY""}, {""contract"": ""NSE_FO|45097|18-08-2026"", ""status"": ""ORDER_CREATED""}]",NSE_FO|45097|18-08-2026,24150.0,65,65,38.65,37.55,2026-08-13T10:31:00+05:30,18.40,2026-08-13T13:43:00+05:30,STOP,-1296.55,51.80,1965.77,0.4900133155792276964047936085
recent,ORDINARY_SECTOR_CONFIRM_TARGET,2026-08-14,2026-08-14T10:10:00+05:30,CE,1965.77,ORDINARY_SECTOR_CONFIRM,NO_AFFORDABLE_LIQUID_CONTRACT,"[{""contract"": ""NSE_FO|45104|18-08-2026"", ""status"": ""UNAFFORDABLE_OR_PAST_CAPACITY""}, {""contract"": ""NSE_FO|45106|18-08-2026"", ""status"": ""UNAFFORDABLE_OR_PAST_CAPACITY""}, {""contract"": ""NSE_FO|45108|18-08-2026"", ""status"": ""UNAFFORDABLE_OR_PAST_CAPACITY""}, {""contract"": ""NSE_FO|45110|18-08-2026"", ""status"": ""UNAFFORDABLE_OR_PAST_CAPACITY""}]",,,,,,,,,,,,,,
recent,ORDINARY_SECTOR_CONFIRM_TARGET,2026-08-17,2026-08-17T11:55:00+05:30,CE,1965.77,ORDINARY_SECTOR_CONFIRM,MODELED_EXIT,"[{""contract"": ""NSE_FO|45100|18-08-2026"", ""status"": ""UNAFFORDABLE_OR_PAST_CAPACITY""}, {""contract"": ""NSE_FO|45102|18-08-2026"", ""status"": ""UNAFFORDABLE_OR_PAST_CAPACITY""}, {""contract"": ""NSE_FO|45104|18-08-2026"", ""status"": ""UNAFFORDABLE_OR_PAST_CAPACITY""}, {""contract"": ""NSE_FO|45106|18-08-2026"", ""status"": ""ORDER_CREATED""}]",NSE_FO|45106|18-08-2026,24400.0,65,65,23.70,23.40,2026-08-17T11:56:00+05:30,46.80,2026-08-17T12:47:00+05:30,TARGET_2X,1465.81,55.19,3431.58,2
recent,ORDINARY_SECTOR_CONFIRM_TARGET,2026-08-19,2026-08-19T10:20:00+05:30,PE,3431.58,ORDINARY_SECTOR_CONFIRM,MODELED_EXIT,"[{""contract"": ""NSE_FO|61609|25-08-2026"", ""status"": ""UNAFFORDABLE_OR_PAST_CAPACITY""}, {""contract"": ""NSE_FO|61604|25-08-2026"", ""status"": ""UNAFFORDABLE_OR_PAST_CAPACITY""}, {""contract"": ""NSE_FO|61588|25-08-2026"", ""status"": ""UNAFFORDABLE_OR_PAST_CAPACITY""}, {""contract"": ""NSE_FO|61586|25-08-2026"", ""status"": ""ORDER_CREATED""}]",NSE_FO|61586|25-08-2026,23900.0,65,65,47.15,46.90,2026-08-19T10:21:00+05:30,40.75,2026-08-19T15:35:00+05:30,TIMED_CLOSE,-454.41,54.66,2977.17,0.8688699360341151385927505330
recent,ORDINARY_SECTOR_CONFIRM_TARGET,2026-08-20,2026-08-20T12:55:00+05:30,CE,2977.17,ORDINARY_SECTOR_CONFIRM,NO_AFFORDABLE_LIQUID_CONTRACT,"[{""contract"": ""NSE_FO|61671|25-08-2026"", ""status"": ""UNAFFORDABLE_OR_PAST_CAPACITY""}, {""contract"": ""NSE_FO|61685|25-08-2026"", ""status"": ""UNAFFORDABLE_OR_PAST_CAPACITY""}, {""contract"": ""NSE_FO|61717|25-08-2026"", ""status"": ""UNAFFORDABLE_OR_PAST_CAPACITY""}, {""contract"": ""NSE_FO|61720|25-08-2026"", ""status"": ""UNAFFORDABLE_OR_PAST_CAPACITY""}]",,,,,,,,,,,,,,
recent,ORDINARY_SECTOR_CONFIRM_TARGET,2026-08-21,2026-08-21T10:10:00+05:30,PE,2977.17,ORDINARY_SECTOR_CONFIRM,MODELED_EXIT,"[{""contract"": ""NSE_FO|61684|25-08-2026"", ""status"": ""UNAFFORDABLE_OR_PAST_CAPACITY""}, {""contract"": ""NSE_FO|61670|25-08-2026"", ""status"": ""UNAFFORDABLE_OR_PAST_CAPACITY""}, {""contract"": ""NSE_FO|61646|25-08-2026"", ""status"": ""ORDER_CREATED""}]",NSE_FO|61646|25-08-2026,24150.0,65,65,42.00,39.0,2026-08-21T10:11:00+05:30,30.75,2026-08-21T15:35:00+05:30,TIMED_CLOSE,-589.43,53.18,2387.74,0.7884615384615384615384615385
recent,ORDINARY_SECTOR_CONFIRM_TARGET,2026-08-24,2026-08-24T11:00:00+05:30,PE,2387.74,ORDINARY_SECTOR_CONFIRM,MODELED_EXIT,"[{""contract"": ""NSE_FO|61684|25-08-2026"", ""status"": ""UNAFFORDABLE_OR_PAST_CAPACITY""}, {""contract"": ""NSE_FO|61670|25-08-2026"", ""status"": ""UNAFFORDABLE_OR_PAST_CAPACITY""}, {""contract"": ""NSE_FO|61646|25-08-2026"", ""status"": ""ORDER_CREATED""}]",NSE_FO|61646|25-08-2026,24150.0,65,65,27.85,23.35,2026-08-24T11:01:00+05:30,46.70,2026-08-24T11:32:00+05:30,TARGET_2X,1462.58,55.17,3850.32,2
recent,ORDINARY_SECTOR_CONFIRM_TARGET,2026-08-26,2026-08-26T10:20:00+05:30,PE,3850.32,ORDINARY_SECTOR_CONFIRM,MODELED_LIMIT_MISS,"[{""contract"": ""NSE_FO|46998|01-09-2026"", ""status"": ""UNAFFORDABLE_OR_PAST_CAPACITY""}, {""contract"": ""NSE_FO|46996|01-09-2026"", ""status"": ""UNAFFORDABLE_OR_PAST_CAPACITY""}, {""contract"": ""NSE_FO|46994|01-09-2026"", ""status"": ""ORDER_CREATED""}]",NSE_FO|46994|01-09-2026,24200.0,65,65,44.30,,,,,,,,,
recent,ORDINARY_SECTOR_CONFIRM_TARGET,2026-08-27,2026-08-27T10:05:00+05:30,PE,3850.32,ORDINARY_SECTOR_CONFIRM,MODELED_LIMIT_MISS,"[{""contract"": ""NSE_FO|46994|01-09-2026"", ""status"": ""UNAFFORDABLE_OR_PAST_CAPACITY""}, {""contract"": ""NSE_FO|46992|01-09-2026"", ""status"": ""UNAFFORDABLE_OR_PAST_CAPACITY""}, {""contract"": ""NSE_FO|46990|01-09-2026"", ""status"": ""ORDER_CREATED""}]",NSE_FO|46990|01-09-2026,24100.0,65,65,51.45,,,,,,,,,
recent,ORDINARY_SECTOR_CONFIRM_TARGET,2026-08-28,2026-08-28T11:30:00+05:30,PE,3850.32,ORDINARY_SECTOR_CONFIRM,MODELED_EXIT,"[{""contract"": ""NSE_FO|46990|01-09-2026"", ""status"": ""UNAFFORDABLE_OR_PAST_CAPACITY""}, {""contract"": ""NSE_FO|46988|01-09-2026"", ""status"": ""ORDER_CREATED""}]",NSE_FO|46988|01-09-2026,24050.0,65,65,45.05,43.5,2026-08-28T11:31:00+05:30,21.45,2026-08-28T15:22:00+05:30,STOP,-1486.29,53.04,2364.03,0.4931034482758620689655172414
recent,ORDINARY_SECTOR_CONFIRM_TARGET,2026-08-31,2026-08-31T11:55:00+05:30,CE,2364.03,ORDINARY_SECTOR_CONFIRM,NO_AFFORDABLE_LIQUID_CONTRACT,"[{""contract"": ""NSE_FO|46987|01-09-2026"", ""status"": ""UNAFFORDABLE_OR_PAST_CAPACITY""}, {""contract"": ""NSE_FO|46989|01-09-2026"", ""status"": ""UNAFFORDABLE_OR_PAST_CAPACITY""}, {""contract"": ""NSE_FO|46991|01-09-2026"", ""status"": ""UNAFFORDABLE_OR_PAST_CAPACITY""}, {""contract"": ""NSE_FO|46993|01-09-2026"", ""status"": ""UNAFFORDABLE_OR_PAST_CAPACITY""}]",,,,,,,,,,,,,,
recent,ORDINARY_SECTOR_CONFIRM_TARGET,2026-09-02,2026-09-02T10:25:00+05:30,CE,2364.03,ORDINARY_SECTOR_CONFIRM,NO_AFFORDABLE_LIQUID_CONTRACT,"[{""contract"": ""NSE_FO|42635|08-09-2026"", ""status"": ""UNAFFORDABLE_OR_PAST_CAPACITY""}, {""contract"": ""NSE_FO|42637|08-09-2026"", ""status"": ""UNAFFORDABLE_OR_PAST_CAPACITY""}, {""contract"": ""NSE_FO|42639|08-09-2026"", ""status"": ""UNAFFORDABLE_OR_PAST_CAPACITY""}, {""contract"": ""NSE_FO|42641|08-09-2026"", ""status"": ""UNAFFORDABLE_OR_PAST_CAPACITY""}]",,,,,,,,,,,,,,
recent,ORDINARY_SECTOR_CONFIRM_TARGET,2026-09-03,2026-09-03T11:30:00+05:30,CE,2364.03,ORDINARY_SECTOR_CONFIRM,NO_AFFORDABLE_LIQUID_CONTRACT,"[{""contract"": ""NSE_FO|42637|08-09-2026"", ""status"": ""UNAFFORDABLE_OR_PAST_CAPACITY""}, {""contract"": ""NSE_FO|42639|08-09-2026"", ""status"": ""UNAFFORDABLE_OR_PAST_CAPACITY""}, {""contract"": ""NSE_FO|42641|08-09-2026"", ""status"": ""UNAFFORDABLE_OR_PAST_CAPACITY""}, {""contract"": ""NSE_FO|42643|08-09-2026"", ""status"": ""UNAFFORDABLE_OR_PAST_CAPACITY""}]",,,,,,,,,,,,,,
recent,ORDINARY_SECTOR_CONFIRM_TARGET,2026-09-04,2026-09-04T10:30:00+05:30,CE,2364.03,ORDINARY_SECTOR_CONFIRM,NO_AFFORDABLE_LIQUID_CONTRACT,"[{""contract"": ""NSE_FO|42637|08-09-2026"", ""status"": ""UNAFFORDABLE_OR_PAST_CAPACITY""}, {""contract"": ""NSE_FO|42639|08-09-2026"", ""status"": ""UNAFFORDABLE_OR_PAST_CAPACITY""}, {""contract"": ""NSE_FO|42641|08-09-2026"", ""status"": ""UNAFFORDABLE_OR_PAST_CAPACITY""}, {""contract"": ""NSE_FO|42643|08-09-2026"", ""status"": ""UNAFFORDABLE_OR_PAST_CAPACITY""}]",,,,,,,,,,,,,,
recent,ORDINARY_SECTOR_CONFIRM_TARGET,2026-09-07,2026-09-07T10:20:00+05:30,PE,2364.03,ORDINARY_SECTOR_CONFIRM,MODELED_EXIT,"[{""contract"": ""NSE_FO|42632|08-09-2026"", ""status"": ""UNAFFORDABLE_OR_PAST_CAPACITY""}, {""contract"": ""NSE_FO|42630|08-09-2026"", ""status"": ""UNAFFORDABLE_OR_PAST_CAPACITY""}, {""contract"": ""NSE_FO|42628|08-09-2026"", ""status"": ""ORDER_CREATED""}]",NSE_FO|42628|08-09-2026,23700.0,65,65,30.80,28.10,2026-09-07T10:21:00+05:30,26.10,2026-09-07T15:35:00+05:30,TIMED_CLOSE,-182.75,52.75,2181.28,0.9288256227758007117437722420
recent,ORDINARY_SECTOR_CONFIRM_TARGET,2026-09-09,2026-09-09T10:20:00+05:30,CE,2181.28,ORDINARY_SECTOR_CONFIRM,NO_AFFORDABLE_LIQUID_CONTRACT,"[{""contract"": ""NSE_FO|47297|15-09-2026"", ""status"": ""UNAFFORDABLE_OR_PAST_CAPACITY""}, {""contract"": ""NSE_FO|47299|15-09-2026"", ""status"": ""UNAFFORDABLE_OR_PAST_CAPACITY""}, {""contract"": ""NSE_FO|47301|15-09-2026"", ""status"": ""UNAFFORDABLE_OR_PAST_CAPACITY""}, {""contract"": ""NSE_FO|47303|15-09-2026"", ""status"": ""UNAFFORDABLE_OR_PAST_CAPACITY""}]",,,,,,,,,,,,,,
recent,ORDINARY_SECTOR_CONFIRM_TARGET,2026-09-10,2026-09-10T10:10:00+05:30,PE,2181.28,ORDINARY_SECTOR_CONFIRM,NO_AFFORDABLE_LIQUID_CONTRACT,"[{""contract"": ""NSE_FO|47294|15-09-2026"", ""status"": ""UNAFFORDABLE_OR_PAST_CAPACITY""}, {""contract"": ""NSE_FO|47292|15-09-2026"", ""status"": ""UNAFFORDABLE_OR_PAST_CAPACITY""}, {""contract"": ""NSE_FO|47290|15-09-2026"", ""status"": ""UNAFFORDABLE_OR_PAST_CAPACITY""}, {""contract"": ""NSE_FO|47288|15-09-2026"", ""status"": ""UNAFFORDABLE_OR_PAST_CAPACITY""}]",,,,,,,,,,,,,,
recent,ORDINARY_SECTOR_CONFIRM_TARGET,2026-09-11,2026-09-11T10:15:00+05:30,CE,2181.28,ORDINARY_SECTOR_CONFIRM,NO_AFFORDABLE_LIQUID_CONTRACT,"[{""contract"": ""NSE_FO|47289|15-09-2026"", ""status"": ""UNAFFORDABLE_OR_PAST_CAPACITY""}, {""contract"": ""NSE_FO|47291|15-09-2026"", ""status"": ""UNAFFORDABLE_OR_PAST_CAPACITY""}, {""contract"": ""NSE_FO|47293|15-09-2026"", ""status"": ""UNAFFORDABLE_OR_PAST_CAPACITY""}, {""contract"": ""NSE_FO|47295|15-09-2026"", ""status"": ""UNAFFORDABLE_OR_PAST_CAPACITY""}]",,,,,,,,,,,,,,
recent,ORDINARY_SECTOR_CONFIRM_TARGET,2026-09-16,2026-09-16T10:00:00+05:30,CE,2181.28,ORDINARY_SECTOR_CONFIRM,NO_AFFORDABLE_LIQUID_CONTRACT,"[{""contract"": ""NSE_FO|56980"", ""status"": ""UNAFFORDABLE_OR_PAST_CAPACITY""}, {""contract"": ""NSE_FO|56983"", ""status"": ""UNAFFORDABLE_OR_PAST_CAPACITY""}, {""contract"": ""NSE_FO|56985"", ""status"": ""UNAFFORDABLE_OR_PAST_CAPACITY""}, {""contract"": ""NSE_FO|56995"", ""status"": ""UNAFFORDABLE_OR_PAST_CAPACITY""}]",,,,,,,,,,,,,,
recent,ORDINARY_SECTOR_CONFIRM_TARGET,2026-09-17,2026-09-17T11:05:00+05:30,PE,2181.28,ORDINARY_SECTOR_CONFIRM,NO_AFFORDABLE_LIQUID_CONTRACT,"[{""contract"": ""NSE_FO|56984"", ""status"": ""UNAFFORDABLE_OR_PAST_CAPACITY""}, {""contract"": ""NSE_FO|56981"", ""status"": ""UNAFFORDABLE_OR_PAST_CAPACITY""}, {""contract"": ""NSE_FO|56979"", ""status"": ""UNAFFORDABLE_OR_PAST_CAPACITY""}, {""contract"": ""NSE_FO|56977"", ""status"": ""UNAFFORDABLE_OR_PAST_CAPACITY""}]",,,,,,,,,,,,,,
recent,ORDINARY_SECTOR_CONFIRM_TARGET,2026-09-18,2026-09-18T15:00:00+05:30,CE,2181.28,ORDINARY_SECTOR_CONFIRM,MODELED_EXIT,"[{""contract"": ""NSE_FO|56999"", ""status"": ""UNAFFORDABLE_OR_PAST_CAPACITY""}, {""contract"": ""NSE_FO|57003"", ""status"": ""UNAFFORDABLE_OR_PAST_CAPACITY""}, {""contract"": ""NSE_FO|57007"", ""status"": ""UNAFFORDABLE_OR_PAST_CAPACITY""}, {""contract"": ""NSE_FO|57023"", ""status"": ""ORDER_CREATED""}]",NSE_FO|57023,23550.0,65,65,29.55,25.90,2026-09-18T15:01:00+05:30,20.45,2026-09-18T15:35:00+05:30,TIMED_CLOSE,-405.78,51.53,1775.50,0.7895752895752895752895752896
recent,ORDINARY_SECTOR_CONFIRM_TRAIL,2026-06-22,2026-06-22T10:00:00+05:30,CE,9411.18,ORDINARY_SECTOR_CONFIRM,MODELED_EXIT,"[{""contract"": ""NSE_FO|56380|23-06-2026"", ""status"": ""ORDER_CREATED""}]",NSE_FO|56380|23-06-2026,24150.0,65,65,75.15,72.0,2026-06-22T10:01:00+05:30,40.90,2026-06-22T15:25:00+05:30,TIMED_CLOSE,-2076.85,55.35,7334.33,0.5680555555555555555555555556
recent,ORDINARY_SECTOR_CONFIRM_TRAIL,2026-06-24,2026-06-24T10:00:00+05:30,PE,7334.33,ORDINARY_SECTOR_CONFIRM,MODELED_EXIT,"[{""contract"": ""NSE_FO|79714|30-06-2026"", ""status"": ""UNAFFORDABLE_OR_PAST_CAPACITY""}, {""contract"": ""NSE_FO|79712|30-06-2026"", ""status"": ""UNAFFORDABLE_OR_PAST_CAPACITY""}, {""contract"": ""NSE_FO|79710|30-06-2026"", ""status"": ""UNAFFORDABLE_OR_PAST_CAPACITY""}, {""contract"": ""NSE_FO|79708|30-06-2026"", ""status"": ""ORDER_CREATED""}]",NSE_FO|79708|30-06-2026,23700.0,65,65,96.50,83.0,2026-06-24T10:01:00+05:30,40.95,2026-06-24T13:14:00+05:30,STOP,-2788.89,55.64,4545.44,0.4933734939759036144578313253
recent,ORDINARY_SECTOR_CONFIRM_TRAIL,2026-06-25,2026-06-25T12:10:00+05:30,CE,4545.44,ORDINARY_SECTOR_CONFIRM,MODELED_LIMIT_MISS,"[{""contract"": ""NSE_FO|79738|30-06-2026"", ""status"": ""UNAFFORDABLE_OR_PAST_CAPACITY""}, {""contract"": ""NSE_FO|79740|30-06-2026"", ""status"": ""UNAFFORDABLE_OR_PAST_CAPACITY""}, {""contract"": ""NSE_FO|79742|30-06-2026"", ""status"": ""UNAFFORDABLE_OR_PAST_CAPACITY""}, {""contract"": ""NSE_FO|79746|30-06-2026"", ""status"": ""ORDER_CREATED""}]",NSE_FO|79746|30-06-2026,24400.0,65,65,57.65,,,,,,,,,
recent,ORDINARY_SECTOR_CONFIRM_TRAIL,2026-06-29,2026-06-29T10:25:00+05:30,CE,4545.44,ORDINARY_SECTOR_CONFIRM,MODELED_LIMIT_MISS,"[{""contract"": ""NSE_FO|79732|30-06-2026"", ""status"": ""UNAFFORDABLE_OR_PAST_CAPACITY""}, {""contract"": ""NSE_FO|79734|30-06-2026"", ""status"": ""UNAFFORDABLE_OR_PAST_CAPACITY""}, {""contract"": ""NSE_FO|79736|30-06-2026"", ""status"": ""ORDER_CREATED""}]",NSE_FO|79736|30-06-2026,24200.0,65,65,49.45,,,,,,,,,
recent,ORDINARY_SECTOR_CONFIRM_TRAIL,2026-07-01,2026-07-01T10:40:00+05:30,PE,4545.44,ORDINARY_SECTOR_CONFIRM,NO_AFFORDABLE_LIQUID_CONTRACT,"[{""contract"": ""NSE_FO|44621|07-07-2026"", ""status"": ""UNAFFORDABLE_OR_PAST_CAPACITY""}, {""contract"": ""NSE_FO|44619|07-07-2026"", ""status"": ""UNAFFORDABLE_OR_PAST_CAPACITY""}, {""contract"": ""NSE_FO|44617|07-07-2026"", ""status"": ""UNAFFORDABLE_OR_PAST_CAPACITY""}, {""contract"": ""NSE_FO|44615|07-07-2026"", ""status"": ""UNAFFORDABLE_OR_PAST_CAPACITY""}]",,,,,,,,,,,,,,
recent,ORDINARY_SECTOR_CONFIRM_TRAIL,2026-07-02,2026-07-02T10:15:00+05:30,PE,4545.44,ORDINARY_SECTOR_CONFIRM,NO_AFFORDABLE_LIQUID_CONTRACT,"[{""contract"": ""NSE_FO|44634|07-07-2026"", ""status"": ""UNAFFORDABLE_OR_PAST_CAPACITY""}, {""contract"": ""NSE_FO|44623|07-07-2026"", ""status"": ""UNAFFORDABLE_OR_PAST_CAPACITY""}, {""contract"": ""NSE_FO|44621|07-07-2026"", ""status"": ""UNAFFORDABLE_OR_PAST_CAPACITY""}, {""contract"": ""NSE_FO|44619|07-07-2026"", ""status"": ""UNAFFORDABLE_OR_PAST_CAPACITY""}]",,,,,,,,,,,,,,
recent,ORDINARY_SECTOR_CONFIRM_TRAIL,2026-07-03,2026-07-03T13:10:00+05:30,PE,4545.44,ORDINARY_SECTOR_CONFIRM,MODELED_EXIT,"[{""contract"": ""NSE_FO|44646|07-07-2026"", ""status"": ""UNAFFORDABLE_OR_PAST_CAPACITY""}, {""contract"": ""NSE_FO|44643|07-07-2026"", ""status"": ""UNAFFORDABLE_OR_PAST_CAPACITY""}, {""contract"": ""NSE_FO|44641|07-07-2026"", ""status"": ""ORDER_CREATED""}]",NSE_FO|44641|07-07-2026,24200.0,65,65,53.75,51.15,2026-07-03T13:11:00+05:30,52.80,2026-07-03T15:25:00+05:30,TIMED_CLOSE,50.15,57.10,4595.59,1.032258064516129032258064516
recent,ORDINARY_SECTOR_CONFIRM_TRAIL,2026-07-06,2026-07-06T10:30:00+05:30,CE,4595.59,ORDINARY_SECTOR_CONFIRM,MODELED_EXIT,"[{""contract"": ""NSE_FO|44654|07-07-2026"", ""status"": ""UNAFFORDABLE_OR_PAST_CAPACITY""}, {""contract"": ""NSE_FO|44660|07-07-2026"", ""status"": ""ORDER_CREATED""}]",NSE_FO|44660|07-07-2026,24450.0,65,65,53.50,52.20,2026-07-06T10:31:00+05:30,30.85,2026-07-06T14:49:00+05:30,STOP,-1442.29,54.54,3153.30,0.5909961685823754789272030651
recent,ORDINARY_SECTOR_CONFIRM_TRAIL,2026-07-08,2026-07-08T10:40:00+05:30,CE,3153.30,ORDINARY_SECTOR_CONFIRM,NO_AFFORDABLE_LIQUID_CONTRACT,"[{""contract"": ""NSE_FO|51385|14-07-2026"", ""status"": ""UNAFFORDABLE_OR_PAST_CAPACITY""}, {""contract"": ""NSE_FO|51387|14-07-2026"", ""status"": ""UNAFFORDABLE_OR_PAST_CAPACITY""}, {""contract"": ""NSE_FO|51389|14-07-2026"", ""status"": ""UNAFFORDABLE_OR_PAST_CAPACITY""}, {""contract"": ""NSE_FO|51391|14-07-2026"", ""status"": ""UNAFFORDABLE_OR_PAST_CAPACITY""}]",,,,,,,,,,,,,,
recent,ORDINARY_SECTOR_CONFIRM_TRAIL,2026-07-09,2026-07-09T10:45:00+05:30,CE,3153.30,ORDINARY_SECTOR_CONFIRM,NO_AFFORDABLE_LIQUID_CONTRACT,"[{""contract"": ""NSE_FO|51375|14-07-2026"", ""status"": ""UNAFFORDABLE_OR_PAST_CAPACITY""}, {""contract"": ""NSE_FO|51377|14-07-2026"", ""status"": ""UNAFFORDABLE_OR_PAST_CAPACITY""}, {""contract"": ""NSE_FO|51379|14-07-2026"", ""status"": ""UNAFFORDABLE_OR_PAST_CAPACITY""}, {""contract"": ""NSE_FO|51381|14-07-2026"", ""status"": ""UNAFFORDABLE_OR_PAST_CAPACITY""}]",,,,,,,,,,,,,,
recent,ORDINARY_SECTOR_CONFIRM_TRAIL,2026-07-10,2026-07-10T12:30:00+05:30,CE,3153.30,ORDINARY_SECTOR_CONFIRM,MODELED_EXIT,"[{""contract"": ""NSE_FO|51379|14-07-2026"", ""status"": ""UNAFFORDABLE_OR_PAST_CAPACITY""}, {""contract"": ""NSE_FO|51381|14-07-2026"", ""status"": ""UNAFFORDABLE_OR_PAST_CAPACITY""}, {""contract"": ""NSE_FO|51385|14-07-2026"", ""status"": ""UNAFFORDABLE_OR_PAST_CAPACITY""}, {""contract"": ""NSE_FO|51387|14-07-2026"", ""status"": ""ORDER_CREATED""}]",NSE_FO|51387|14-07-2026,24350.0,65,65,45.40,43.45,2026-07-10T12:31:00+05:30,38.40,2026-07-10T15:25:00+05:30,TIMED_CLOSE,-382.75,54.50,2770.55,0.8837744533947065592635212888
recent,ORDINARY_SECTOR_CONFIRM_TRAIL,2026-07-13,2026-07-13T10:00:00+05:30,CE,2770.55,ORDINARY_SECTOR_CONFIRM,MODELED_EXIT,"[{""contract"": ""NSE_FO|51375|14-07-2026"", ""status"": ""UNAFFORDABLE_OR_PAST_CAPACITY""}, {""contract"": ""NSE_FO|51377|14-07-2026"", ""status"": ""UNAFFORDABLE_OR_PAST_CAPACITY""}, {""contract"": ""NSE_FO|51379|14-07-2026"", ""status"": ""UNAFFORDABLE_OR_PAST_CAPACITY""}, {""contract"": ""NSE_FO|51381|14-07-2026"", ""status"": ""ORDER_CREATED""}]",NSE_FO|51381|14-07-2026,24250.0,65,65,38.10,37.90,2026-07-13T10:01:00+05:30,49.70,2026-07-13T13:29:00+05:30,STOP,711.34,55.66,3481.89,1.311345646437994722955145119
recent,ORDINARY_SECTOR_CONFIRM_TRAIL,2026-07-15,2026-07-15T11:30:00+05:30,CE,3481.89,ORDINARY_SECTOR_CONFIRM,NO_AFFORDABLE_LIQUID_CONTRACT,"[{""contract"": ""NSE_FO|57348|21-07-2026"", ""status"": ""UNAFFORDABLE_OR_PAST_CAPACITY""}, {""contract"": ""NSE_FO|57350|21-07-2026"", ""status"": ""UNAFFORDABLE_OR_PAST_CAPACITY""}, {""contract"": ""NSE_FO|57352|21-07-2026"", ""status"": ""UNAFFORDABLE_OR_PAST_CAPACITY""}, {""contract"": ""NSE_FO|57354|21-07-2026"", ""status"": ""UNAFFORDABLE_OR_PAST_CAPACITY""}]",,,,,,,,,,,,,,
recent,ORDINARY_SECTOR_CONFIRM_TRAIL,2026-07-16,2026-07-16T10:50:00+05:30,CE,3481.89,ORDINARY_SECTOR_CONFIRM,NO_AFFORDABLE_LIQUID_CONTRACT,"[{""contract"": ""NSE_FO|57346|21-07-2026"", ""status"": ""UNAFFORDABLE_OR_PAST_CAPACITY""}, {""contract"": ""NSE_FO|57348|21-07-2026"", ""status"": ""UNAFFORDABLE_OR_PAST_CAPACITY""}, {""contract"": ""NSE_FO|57350|21-07-2026"", ""status"": ""UNAFFORDABLE_OR_PAST_CAPACITY""}, {""contract"": ""NSE_FO|57352|21-07-2026"", ""status"": ""UNAFFORDABLE_OR_PAST_CAPACITY""}]",,,,,,,,,,,,,,
recent,ORDINARY_SECTOR_CONFIRM_TRAIL,2026-07-17,2026-07-17T10:20:00+05:30,CE,3481.89,ORDINARY_SECTOR_CONFIRM,NO_AFFORDABLE_LIQUID_CONTRACT,"[{""contract"": ""NSE_FO|57350|21-07-2026"", ""status"": ""UNAFFORDABLE_OR_PAST_CAPACITY""}, {""contract"": ""NSE_FO|57352|21-07-2026"", ""status"": ""UNAFFORDABLE_OR_PAST_CAPACITY""}, {""contract"": ""NSE_FO|57354|21-07-2026"", ""status"": ""UNAFFORDABLE_OR_PAST_CAPACITY""}, {""contract"": ""NSE_FO|57356|21-07-2026"", ""status"": ""UNAFFORDABLE_OR_PAST_CAPACITY""}]",,,,,,,,,,,,,,
recent,ORDINARY_SECTOR_CONFIRM_TRAIL,2026-07-20,2026-07-20T10:05:00+05:30,CE,3481.89,ORDINARY_SECTOR_CONFIRM,MODELED_LIMIT_MISS,"[{""contract"": ""NSE_FO|57348|21-07-2026"", ""status"": ""UNAFFORDABLE_OR_PAST_CAPACITY""}, {""contract"": ""NSE_FO|57350|21-07-2026"", ""status"": ""UNAFFORDABLE_OR_PAST_CAPACITY""}, {""contract"": ""NSE_FO|57352|21-07-2026"", ""status"": ""ORDER_CREATED""}]",NSE_FO|57352|21-07-2026,24300.0,65,65,40.95,,,,,,,,,
recent,ORDINARY_SECTOR_CONFIRM_TRAIL,2026-07-22,2026-07-22T10:10:00+05:30,CE,3481.89,ORDINARY_SECTOR_CONFIRM,NO_AFFORDABLE_LIQUID_CONTRACT,"[{""contract"": ""NSE_FO|63941|28-07-2026"", ""status"": ""UNAFFORDABLE_OR_PAST_CAPACITY""}, {""contract"": ""NSE_FO|63943|28-07-2026"", ""status"": ""UNAFFORDABLE_OR_PAST_CAPACITY""}, {""contract"": ""NSE_FO|63945|28-07-2026"", ""status"": ""UNAFFORDABLE_OR_PAST_CAPACITY""}, {""contract"": ""NSE_FO|63947|28-07-2026"", ""status"": ""UNAFFORDABLE_OR_PAST_CAPACITY""}]",,,,,,,,,,,,,,
recent,ORDINARY_SECTOR_CONFIRM_TRAIL,2026-07-23,2026-07-23T10:00:00+05:30,CE,3481.89,ORDINARY_SECTOR_CONFIRM,NO_AFFORDABLE_LIQUID_CONTRACT,"[{""contract"": ""NSE_FO|63937|28-07-2026"", ""status"": ""UNAFFORDABLE_OR_PAST_CAPACITY""}, {""contract"": ""NSE_FO|63939|28-07-2026"", ""status"": ""UNAFFORDABLE_OR_PAST_CAPACITY""}, {""contract"": ""NSE_FO|63941|28-07-2026"", ""status"": ""UNAFFORDABLE_OR_PAST_CAPACITY""}, {""contract"": ""NSE_FO|63943|28-07-2026"", ""status"": ""UNAFFORDABLE_OR_PAST_CAPACITY""}]",,,,,,,,,,,,,,
recent,ORDINARY_SECTOR_CONFIRM_TRAIL,2026-07-24,2026-07-24T10:15:00+05:30,PE,3481.89,ORDINARY_SECTOR_CONFIRM,NO_AFFORDABLE_LIQUID_CONTRACT,"[{""contract"": ""NSE_FO|63921|28-07-2026"", ""status"": ""UNAFFORDABLE_OR_PAST_CAPACITY""}, {""contract"": ""NSE_FO|63918|28-07-2026"", ""status"": ""UNAFFORDABLE_OR_PAST_CAPACITY""}, {""contract"": ""NSE_FO|63916|28-07-2026"", ""status"": ""UNAFFORDABLE_OR_PAST_CAPACITY""}, {""contract"": ""NSE_FO|63914|28-07-2026"", ""status"": ""UNAFFORDABLE_OR_PAST_CAPACITY""}]",,,,,,,,,,,,,,
recent,ORDINARY_SECTOR_CONFIRM_TRAIL,2026-07-27,2026-07-27T10:05:00+05:30,PE,3481.89,ORDINARY_SECTOR_CONFIRM,MODELED_LIMIT_MISS,"[{""contract"": ""NSE_FO|63936|28-07-2026"", ""status"": ""UNAFFORDABLE_OR_PAST_CAPACITY""}, {""contract"": ""NSE_FO|63934|28-07-2026"", ""status"": ""ORDER_CREATED""}]",NSE_FO|63934|28-07-2026,23850.0,65,65,46.75,,,,,,,,,
recent,ORDINARY_SECTOR_CONFIRM_TRAIL,2026-07-30,2026-07-30T10:20:00+05:30,PE,3481.89,ORDINARY_SECTOR_CONFIRM,NO_AFFORDABLE_LIQUID_CONTRACT,"[{""contract"": ""NSE_FO|65807|04-08-2026"", ""status"": ""UNAFFORDABLE_OR_PAST_CAPACITY""}, {""contract"": ""NSE_FO|65776|04-08-2026"", ""status"": ""UNAFFORDABLE_OR_PAST_CAPACITY""}, {""contract"": ""NSE_FO|65700|04-08-2026"", ""status"": ""UNAFFORDABLE_OR_PAST_CAPACITY""}, {""contract"": ""NSE_FO|65698|04-08-2026"", ""status"": ""UNAFFORDABLE_OR_PAST_CAPACITY""}]",,,,,,,,,,,,,,
recent,ORDINARY_SECTOR_CONFIRM_TRAIL,2026-07-31,2026-07-31T14:45:00+05:30,PE,3481.89,ORDINARY_SECTOR_CONFIRM,MODELED_EXIT,"[{""contract"": ""NSE_FO|65853|04-08-2026"", ""status"": ""UNAFFORDABLE_OR_PAST_CAPACITY""}, {""contract"": ""NSE_FO|65809|04-08-2026"", ""status"": ""UNAFFORDABLE_OR_PAST_CAPACITY""}, {""contract"": ""NSE_FO|65807|04-08-2026"", ""status"": ""ORDER_CREATED""}]",NSE_FO|65807|04-08-2026,24250.0,65,65,44.60,42.15,2026-07-31T14:46:00+05:30,38.65,2026-07-31T15:25:00+05:30,TIMED_CLOSE,-281.97,54.47,3199.92,0.9169632265717674970344009490
recent,ORDINARY_SECTOR_CONFIRM_TRAIL,2026-08-05,2026-08-05T10:00:00+05:30,PE,3199.92,ORDINARY_SECTOR_CONFIRM,NO_AFFORDABLE_LIQUID_CONTRACT,"[{""contract"": ""NSE_FO|41016|11-08-2026"", ""status"": ""UNAFFORDABLE_OR_PAST_CAPACITY""}, {""contract"": ""NSE_FO|41014|11-08-2026"", ""status"": ""UNAFFORDABLE_OR_PAST_CAPACITY""}, {""contract"": ""NSE_FO|41012|11-08-2026"", ""status"": ""UNAFFORDABLE_OR_PAST_CAPACITY""}, {""contract"": ""NSE_FO|41010|11-08-2026"", ""status"": ""UNAFFORDABLE_OR_PAST_CAPACITY""}]",,,,,,,,,,,,,,
recent,ORDINARY_SECTOR_CONFIRM_TRAIL,2026-08-06,2026-08-06T10:05:00+05:30,PE,3199.92,ORDINARY_SECTOR_CONFIRM,NO_AFFORDABLE_LIQUID_CONTRACT,"[{""contract"": ""NSE_FO|41016|11-08-2026"", ""status"": ""UNAFFORDABLE_OR_PAST_CAPACITY""}, {""contract"": ""NSE_FO|41014|11-08-2026"", ""status"": ""UNAFFORDABLE_OR_PAST_CAPACITY""}, {""contract"": ""NSE_FO|41012|11-08-2026"", ""status"": ""UNAFFORDABLE_OR_PAST_CAPACITY""}, {""contract"": ""NSE_FO|41010|11-08-2026"", ""status"": ""UNAFFORDABLE_OR_PAST_CAPACITY""}]",,,,,,,,,,,,,,
recent,ORDINARY_SECTOR_CONFIRM_TRAIL,2026-08-07,2026-08-07T10:20:00+05:30,PE,3199.92,ORDINARY_SECTOR_CONFIRM,NO_AFFORDABLE_LIQUID_CONTRACT,"[{""contract"": ""NSE_FO|41016|11-08-2026"", ""status"": ""UNAFFORDABLE_OR_PAST_CAPACITY""}, {""contract"": ""NSE_FO|41014|11-08-2026"", ""status"": ""UNAFFORDABLE_OR_PAST_CAPACITY""}, {""contract"": ""NSE_FO|41012|11-08-2026"", ""status"": ""UNAFFORDABLE_OR_PAST_CAPACITY""}, {""contract"": ""NSE_FO|41010|11-08-2026"", ""status"": ""UNAFFORDABLE_OR_PAST_CAPACITY""}]",,,,,,,,,,,,,,
recent,ORDINARY_SECTOR_CONFIRM_TRAIL,2026-08-10,2026-08-10T10:20:00+05:30,CE,3199.92,ORDINARY_SECTOR_CONFIRM,NO_AFFORDABLE_LIQUID_CONTRACT,"[{""contract"": ""NSE_FO|41013|11-08-2026"", ""status"": ""UNAFFORDABLE_OR_PAST_CAPACITY""}, {""contract"": ""NSE_FO|41015|11-08-2026"", ""status"": ""UNAFFORDABLE_OR_PAST_CAPACITY""}, {""contract"": ""NSE_FO|41017|11-08-2026"", ""status"": ""UNAFFORDABLE_OR_PAST_CAPACITY""}, {""contract"": ""NSE_FO|41020|11-08-2026"", ""status"": ""UNAFFORDABLE_OR_PAST_CAPACITY""}]",,,,,,,,,,,,,,
recent,ORDINARY_SECTOR_CONFIRM_TRAIL,2026-08-12,2026-08-12T10:00:00+05:30,PE,3199.92,ORDINARY_SECTOR_CONFIRM,NO_AFFORDABLE_LIQUID_CONTRACT,"[{""contract"": ""NSE_FO|45107|18-08-2026"", ""status"": ""UNAFFORDABLE_OR_PAST_CAPACITY""}, {""contract"": ""NSE_FO|45105|18-08-2026"", ""status"": ""UNAFFORDABLE_OR_PAST_CAPACITY""}, {""contract"": ""NSE_FO|45103|18-08-2026"", ""status"": ""UNAFFORDABLE_OR_PAST_CAPACITY""}, {""contract"": ""NSE_FO|45101|18-08-2026"", ""status"": ""UNAFFORDABLE_OR_PAST_CAPACITY""}]",,,,,,,,,,,,,,
recent,ORDINARY_SECTOR_CONFIRM_TRAIL,2026-08-13,2026-08-13T10:30:00+05:30,PE,3199.92,ORDINARY_SECTOR_CONFIRM,MODELED_EXIT,"[{""contract"": ""NSE_FO|45103|18-08-2026"", ""status"": ""UNAFFORDABLE_OR_PAST_CAPACITY""}, {""contract"": ""NSE_FO|45101|18-08-2026"", ""status"": ""UNAFFORDABLE_OR_PAST_CAPACITY""}, {""contract"": ""NSE_FO|45099|18-08-2026"", ""status"": ""UNAFFORDABLE_OR_PAST_CAPACITY""}, {""contract"": ""NSE_FO|45097|18-08-2026"", ""status"": ""ORDER_CREATED""}]",NSE_FO|45097|18-08-2026,24150.0,65,65,38.65,37.55,2026-08-13T10:31:00+05:30,18.40,2026-08-13T13:43:00+05:30,STOP,-1296.55,51.80,1903.37,0.4900133155792276964047936085
recent,ORDINARY_SECTOR_CONFIRM_TRAIL,2026-08-14,2026-08-14T10:10:00+05:30,CE,1903.37,ORDINARY_SECTOR_CONFIRM,NO_AFFORDABLE_LIQUID_CONTRACT,"[{""contract"": ""NSE_FO|45104|18-08-2026"", ""status"": ""UNAFFORDABLE_OR_PAST_CAPACITY""}, {""contract"": ""NSE_FO|45106|18-08-2026"", ""status"": ""UNAFFORDABLE_OR_PAST_CAPACITY""}, {""contract"": ""NSE_FO|45108|18-08-2026"", ""status"": ""UNAFFORDABLE_OR_PAST_CAPACITY""}, {""contract"": ""NSE_FO|45110|18-08-2026"", ""status"": ""UNAFFORDABLE_OR_PAST_CAPACITY""}]",,,,,,,,,,,,,,
recent,ORDINARY_SECTOR_CONFIRM_TRAIL,2026-08-17,2026-08-17T11:55:00+05:30,CE,1903.37,ORDINARY_SECTOR_CONFIRM,MODELED_EXIT,"[{""contract"": ""NSE_FO|45100|18-08-2026"", ""status"": ""UNAFFORDABLE_OR_PAST_CAPACITY""}, {""contract"": ""NSE_FO|45102|18-08-2026"", ""status"": ""UNAFFORDABLE_OR_PAST_CAPACITY""}, {""contract"": ""NSE_FO|45104|18-08-2026"", ""status"": ""UNAFFORDABLE_OR_PAST_CAPACITY""}, {""contract"": ""NSE_FO|45106|18-08-2026"", ""status"": ""ORDER_CREATED""}]",NSE_FO|45106|18-08-2026,24400.0,65,65,23.70,23.40,2026-08-17T11:56:00+05:30,30.25,2026-08-17T15:35:00+05:30,TIMED_CLOSE,392.52,52.73,2295.89,1.292735042735042735042735043
recent,ORDINARY_SECTOR_CONFIRM_TRAIL,2026-08-19,2026-08-19T10:20:00+05:30,PE,2295.89,ORDINARY_SECTOR_CONFIRM,NO_AFFORDABLE_LIQUID_CONTRACT,"[{""contract"": ""NSE_FO|61609|25-08-2026"", ""status"": ""UNAFFORDABLE_OR_PAST_CAPACITY""}, {""contract"": ""NSE_FO|61604|25-08-2026"", ""status"": ""UNAFFORDABLE_OR_PAST_CAPACITY""}, {""contract"": ""NSE_FO|61588|25-08-2026"", ""status"": ""UNAFFORDABLE_OR_PAST_CAPACITY""}, {""contract"": ""NSE_FO|61586|25-08-2026"", ""status"": ""UNAFFORDABLE_OR_PAST_CAPACITY""}]",,,,,,,,,,,,,,
recent,ORDINARY_SECTOR_CONFIRM_TRAIL,2026-08-20,2026-08-20T12:55:00+05:30,CE,2295.89,ORDINARY_SECTOR_CONFIRM,NO_AFFORDABLE_LIQUID_CONTRACT,"[{""contract"": ""NSE_FO|61671|25-08-2026"", ""status"": ""UNAFFORDABLE_OR_PAST_CAPACITY""}, {""contract"": ""NSE_FO|61685|25-08-2026"", ""status"": ""UNAFFORDABLE_OR_PAST_CAPACITY""}, {""contract"": ""NSE_FO|61717|25-08-2026"", ""status"": ""UNAFFORDABLE_OR_PAST_CAPACITY""}, {""contract"": ""NSE_FO|61720|25-08-2026"", ""status"": ""UNAFFORDABLE_OR_PAST_CAPACITY""}]",,,,,,,,,,,,,,
recent,ORDINARY_SECTOR_CONFIRM_TRAIL,2026-08-21,2026-08-21T10:10:00+05:30,PE,2295.89,ORDINARY_SECTOR_CONFIRM,MODELED_EXIT,"[{""contract"": ""NSE_FO|61684|25-08-2026"", ""status"": ""UNAFFORDABLE_OR_PAST_CAPACITY""}, {""contract"": ""NSE_FO|61670|25-08-2026"", ""status"": ""UNAFFORDABLE_OR_PAST_CAPACITY""}, {""contract"": ""NSE_FO|61646|25-08-2026"", ""status"": ""UNAFFORDABLE_OR_PAST_CAPACITY""}, {""contract"": ""NSE_FO|61622|25-08-2026"", ""status"": ""ORDER_CREATED""}]",NSE_FO|61622|25-08-2026,24100.0,65,65,30.35,28.15,2026-08-21T10:11:00+05:30,21.75,2026-08-21T15:35:00+05:30,TIMED_CLOSE,-468.64,52.64,1827.25,0.7726465364120781527531083481
recent,ORDINARY_SECTOR_CONFIRM_TRAIL,2026-08-24,2026-08-24T11:00:00+05:30,PE,1827.25,ORDINARY_SECTOR_CONFIRM,MODELED_EXIT,"[{""contract"": ""NSE_FO|61684|25-08-2026"", ""status"": ""UNAFFORDABLE_OR_PAST_CAPACITY""}, {""contract"": ""NSE_FO|61670|25-08-2026"", ""status"": ""UNAFFORDABLE_OR_PAST_CAPACITY""}, {""contract"": ""NSE_FO|61646|25-08-2026"", ""status"": ""UNAFFORDABLE_OR_PAST_CAPACITY""}, {""contract"": ""NSE_FO|61622|25-08-2026"", ""status"": ""ORDER_CREATED""}]",NSE_FO|61622|25-08-2026,24100.0,65,65,18.55,15.30,2026-08-24T11:01:00+05:30,20.70,2026-08-24T15:35:00+05:30,TIMED_CLOSE,298.76,52.24,2126.01,1.352941176470588235294117647
recent,ORDINARY_SECTOR_CONFIRM_TRAIL,2026-08-26,2026-08-26T10:20:00+05:30,PE,2126.01,ORDINARY_SECTOR_CONFIRM,NO_AFFORDABLE_LIQUID_CONTRACT,"[{""contract"": ""NSE_FO|46998|01-09-2026"", ""status"": ""UNAFFORDABLE_OR_PAST_CAPACITY""}, {""contract"": ""NSE_FO|46996|01-09-2026"", ""status"": ""UNAFFORDABLE_OR_PAST_CAPACITY""}, {""contract"": ""NSE_FO|46994|01-09-2026"", ""status"": ""UNAFFORDABLE_OR_PAST_CAPACITY""}, {""contract"": ""NSE_FO|46992|01-09-2026"", ""status"": ""UNAFFORDABLE_OR_PAST_CAPACITY""}]",,,,,,,,,,,,,,
recent,ORDINARY_SECTOR_CONFIRM_TRAIL,2026-08-27,2026-08-27T10:05:00+05:30,PE,2126.01,ORDINARY_SECTOR_CONFIRM,NO_AFFORDABLE_LIQUID_CONTRACT,"[{""contract"": ""NSE_FO|46994|01-09-2026"", ""status"": ""UNAFFORDABLE_OR_PAST_CAPACITY""}, {""contract"": ""NSE_FO|46992|01-09-2026"", ""status"": ""UNAFFORDABLE_OR_PAST_CAPACITY""}, {""contract"": ""NSE_FO|46990|01-09-2026"", ""status"": ""UNAFFORDABLE_OR_PAST_CAPACITY""}, {""contract"": ""NSE_FO|46988|01-09-2026"", ""status"": ""UNAFFORDABLE_OR_PAST_CAPACITY""}]",,,,,,,,,,,,,,
recent,ORDINARY_SECTOR_CONFIRM_TRAIL,2026-08-28,2026-08-28T11:30:00+05:30,PE,2126.01,ORDINARY_SECTOR_CONFIRM,MODELED_EXIT,"[{""contract"": ""NSE_FO|46990|01-09-2026"", ""status"": ""UNAFFORDABLE_OR_PAST_CAPACITY""}, {""contract"": ""NSE_FO|46988|01-09-2026"", ""status"": ""UNAFFORDABLE_OR_PAST_CAPACITY""}, {""contract"": ""NSE_FO|46986|01-09-2026"", ""status"": ""UNAFFORDABLE_OR_PAST_CAPACITY""}, {""contract"": ""NSE_FO|46984|01-09-2026"", ""status"": ""ORDER_CREATED""}]",NSE_FO|46984|01-09-2026,23950.0,65,65,24.55,23.65,2026-08-28T11:31:00+05:30,14.50,2026-08-28T15:12:00+05:30,STOP,-646.06,51.31,1479.95,0.6131078224101479915433403805
recent,ORDINARY_SECTOR_CONFIRM_TRAIL,2026-08-31,2026-08-31T11:55:00+05:30,CE,1479.95,ORDINARY_SECTOR_CONFIRM,NO_AFFORDABLE_LIQUID_CONTRACT,"[{""contract"": ""NSE_FO|46987|01-09-2026"", ""status"": ""UNAFFORDABLE_OR_PAST_CAPACITY""}, {""contract"": ""NSE_FO|46989|01-09-2026"", ""status"": ""UNAFFORDABLE_OR_PAST_CAPACITY""}, {""contract"": ""NSE_FO|46991|01-09-2026"", ""status"": ""UNAFFORDABLE_OR_PAST_CAPACITY""}, {""contract"": ""NSE_FO|46993|01-09-2026"", ""status"": ""UNAFFORDABLE_OR_PAST_CAPACITY""}]",,,,,,,,,,,,,,
recent,ORDINARY_SECTOR_CONFIRM_TRAIL,2026-09-02,2026-09-02T10:25:00+05:30,CE,1479.95,ORDINARY_SECTOR_CONFIRM,NO_AFFORDABLE_LIQUID_CONTRACT,"[{""contract"": ""NSE_FO|42635|08-09-2026"", ""status"": ""UNAFFORDABLE_OR_PAST_CAPACITY""}, {""contract"": ""NSE_FO|42637|08-09-2026"", ""status"": ""UNAFFORDABLE_OR_PAST_CAPACITY""}, {""contract"": ""NSE_FO|42639|08-09-2026"", ""status"": ""UNAFFORDABLE_OR_PAST_CAPACITY""}, {""contract"": ""NSE_FO|42641|08-09-2026"", ""status"": ""UNAFFORDABLE_OR_PAST_CAPACITY""}]",,,,,,,,,,,,,,
recent,ORDINARY_SECTOR_CONFIRM_TRAIL,2026-09-03,2026-09-03T11:30:00+05:30,CE,1479.95,ORDINARY_SECTOR_CONFIRM,NO_AFFORDABLE_LIQUID_CONTRACT,"[{""contract"": ""NSE_FO|42637|08-09-2026"", ""status"": ""UNAFFORDABLE_OR_PAST_CAPACITY""}, {""contract"": ""NSE_FO|42639|08-09-2026"", ""status"": ""UNAFFORDABLE_OR_PAST_CAPACITY""}, {""contract"": ""NSE_FO|42641|08-09-2026"", ""status"": ""UNAFFORDABLE_OR_PAST_CAPACITY""}, {""contract"": ""NSE_FO|42643|08-09-2026"", ""status"": ""UNAFFORDABLE_OR_PAST_CAPACITY""}]",,,,,,,,,,,,,,
recent,ORDINARY_SECTOR_CONFIRM_TRAIL,2026-09-04,2026-09-04T10:30:00+05:30,CE,1479.95,ORDINARY_SECTOR_CONFIRM,NO_AFFORDABLE_LIQUID_CONTRACT,"[{""contract"": ""NSE_FO|42637|08-09-2026"", ""status"": ""UNAFFORDABLE_OR_PAST_CAPACITY""}, {""contract"": ""NSE_FO|42639|08-09-2026"", ""status"": ""UNAFFORDABLE_OR_PAST_CAPACITY""}, {""contract"": ""NSE_FO|42641|08-09-2026"", ""status"": ""UNAFFORDABLE_OR_PAST_CAPACITY""}, {""contract"": ""NSE_FO|42643|08-09-2026"", ""status"": ""UNAFFORDABLE_OR_PAST_CAPACITY""}]",,,,,,,,,,,,,,
recent,ORDINARY_SECTOR_CONFIRM_TRAIL,2026-09-07,2026-09-07T10:20:00+05:30,PE,1479.95,ORDINARY_SECTOR_CONFIRM,MODELED_EXIT,"[{""contract"": ""NSE_FO|42632|08-09-2026"", ""status"": ""UNAFFORDABLE_OR_PAST_CAPACITY""}, {""contract"": ""NSE_FO|42630|08-09-2026"", ""status"": ""UNAFFORDABLE_OR_PAST_CAPACITY""}, {""contract"": ""NSE_FO|42628|08-09-2026"", ""status"": ""UNAFFORDABLE_OR_PAST_CAPACITY""}, {""contract"": ""NSE_FO|42626|08-09-2026"", ""status"": ""ORDER_CREATED""}]",NSE_FO|42626|08-09-2026,23650.0,65,65,20.25,18.30,2026-09-07T10:21:00+05:30,11.65,2026-09-07T13:54:00+05:30,STOP,-483.34,51.09,996.61,0.6366120218579234972677595628
recent,ORDINARY_SECTOR_CONFIRM_TRAIL,2026-09-09,2026-09-09T10:20:00+05:30,CE,996.61,ORDINARY_SECTOR_CONFIRM,NO_AFFORDABLE_LIQUID_CONTRACT,"[{""contract"": ""NSE_FO|47297|15-09-2026"", ""status"": ""UNAFFORDABLE_OR_PAST_CAPACITY""}, {""contract"": ""NSE_FO|47299|15-09-2026"", ""status"": ""UNAFFORDABLE_OR_PAST_CAPACITY""}, {""contract"": ""NSE_FO|47301|15-09-2026"", ""status"": ""UNAFFORDABLE_OR_PAST_CAPACITY""}, {""contract"": ""NSE_FO|47303|15-09-2026"", ""status"": ""UNAFFORDABLE_OR_PAST_CAPACITY""}]",,,,,,,,,,,,,,
recent,ORDINARY_SECTOR_CONFIRM_TRAIL,2026-09-10,2026-09-10T10:10:00+05:30,PE,996.61,ORDINARY_SECTOR_CONFIRM,NO_AFFORDABLE_LIQUID_CONTRACT,"[{""contract"": ""NSE_FO|47294|15-09-2026"", ""status"": ""UNAFFORDABLE_OR_PAST_CAPACITY""}, {""contract"": ""NSE_FO|47292|15-09-2026"", ""status"": ""UNAFFORDABLE_OR_PAST_CAPACITY""}, {""contract"": ""NSE_FO|47290|15-09-2026"", ""status"": ""UNAFFORDABLE_OR_PAST_CAPACITY""}, {""contract"": ""NSE_FO|47288|15-09-2026"", ""status"": ""UNAFFORDABLE_OR_PAST_CAPACITY""}]",,,,,,,,,,,,,,
recent,ORDINARY_SECTOR_CONFIRM_TRAIL,2026-09-11,2026-09-11T10:15:00+05:30,CE,996.61,ORDINARY_SECTOR_CONFIRM,NO_AFFORDABLE_LIQUID_CONTRACT,"[{""contract"": ""NSE_FO|47289|15-09-2026"", ""status"": ""UNAFFORDABLE_OR_PAST_CAPACITY""}, {""contract"": ""NSE_FO|47291|15-09-2026"", ""status"": ""UNAFFORDABLE_OR_PAST_CAPACITY""}, {""contract"": ""NSE_FO|47293|15-09-2026"", ""status"": ""UNAFFORDABLE_OR_PAST_CAPACITY""}, {""contract"": ""NSE_FO|47295|15-09-2026"", ""status"": ""UNAFFORDABLE_OR_PAST_CAPACITY""}]",,,,,,,,,,,,,,
recent,ORDINARY_SECTOR_CONFIRM_TRAIL,2026-09-16,2026-09-16T10:00:00+05:30,CE,996.61,ORDINARY_SECTOR_CONFIRM,NO_AFFORDABLE_LIQUID_CONTRACT,"[{""contract"": ""NSE_FO|56980"", ""status"": ""UNAFFORDABLE_OR_PAST_CAPACITY""}, {""contract"": ""NSE_FO|56983"", ""status"": ""UNAFFORDABLE_OR_PAST_CAPACITY""}, {""contract"": ""NSE_FO|56985"", ""status"": ""UNAFFORDABLE_OR_PAST_CAPACITY""}, {""contract"": ""NSE_FO|56995"", ""status"": ""UNAFFORDABLE_OR_PAST_CAPACITY""}]",,,,,,,,,,,,,,
recent,ORDINARY_SECTOR_CONFIRM_TRAIL,2026-09-17,2026-09-17T11:05:00+05:30,PE,996.61,ORDINARY_SECTOR_CONFIRM,NO_AFFORDABLE_LIQUID_CONTRACT,"[{""contract"": ""NSE_FO|56984"", ""status"": ""UNAFFORDABLE_OR_PAST_CAPACITY""}, {""contract"": ""NSE_FO|56981"", ""status"": ""UNAFFORDABLE_OR_PAST_CAPACITY""}, {""contract"": ""NSE_FO|56979"", ""status"": ""UNAFFORDABLE_OR_PAST_CAPACITY""}, {""contract"": ""NSE_FO|56977"", ""status"": ""UNAFFORDABLE_OR_PAST_CAPACITY""}]",,,,,,,,,,,,,,
recent,ORDINARY_SECTOR_CONFIRM_TRAIL,2026-09-18,2026-09-18T15:00:00+05:30,CE,996.61,ORDINARY_SECTOR_CONFIRM,NO_AFFORDABLE_LIQUID_CONTRACT,"[{""contract"": ""NSE_FO|56999"", ""status"": ""UNAFFORDABLE_OR_PAST_CAPACITY""}, {""contract"": ""NSE_FO|57003"", ""status"": ""UNAFFORDABLE_OR_PAST_CAPACITY""}, {""contract"": ""NSE_FO|57007"", ""status"": ""UNAFFORDABLE_OR_PAST_CAPACITY""}, {""contract"": ""NSE_FO|57023"", ""status"": ""UNAFFORDABLE_OR_PAST_CAPACITY""}]",,,,,,,,,,,,,,
recent,ORDINARY_CHAIN_UNWIND_TARGET,2026-06-24,2026-06-24T10:05:00+05:30,CE,9411.18,ORDINARY_CHAIN_UNWIND,MODELED_EXIT,"[{""contract"": ""NSE_FO|79722|30-06-2026"", ""status"": ""UNAFFORDABLE_OR_PAST_CAPACITY""}, {""contract"": ""NSE_FO|79728|30-06-2026"", ""status"": ""ORDER_CREATED""}]",NSE_FO|79728|30-06-2026,23950.0,65,65,131.40,126.20,2026-06-24T10:06:00+05:30,193.70,2026-06-24T15:25:00+05:30,TIMED_CLOSE,4311.50,76.00,13722.68,1.534865293185419968304278922
recent,ORDINARY_CHAIN_UNWIND_TARGET,2026-06-25,2026-06-25T12:00:00+05:30,CE,13722.68,ORDINARY_CHAIN_UNWIND,MODELED_LIMIT_MISS,"[{""contract"": ""NSE_FO|79738|30-06-2026"", ""status"": ""ORDER_CREATED""}]",NSE_FO|79738|30-06-2026,24250.0,65,65,121.55,,,,,,,,,
recent,ORDINARY_CHAIN_UNWIND_TARGET,2026-06-29,2026-06-29T10:55:00+05:30,PE,13722.68,ORDINARY_CHAIN_UNWIND,MODELED_EXIT,"[{""contract"": ""NSE_FO|79731|30-06-2026"", ""status"": ""ORDER_CREATED""}]",NSE_FO|79731|30-06-2026,24050.0,65,130,83.15,75.95,2026-06-29T10:56:00+05:30,151.90,2026-06-29T12:34:00+05:30,TARGET_2X,9782.81,90.69,23505.49,2
recent,ORDINARY_CHAIN_UNWIND_TARGET,2026-07-08,2026-07-08T13:50:00+05:30,PE,23505.49,ORDINARY_CHAIN_UNWIND,MODELED_LIMIT_MISS,"[{""contract"": ""NSE_FO|51376|14-07-2026"", ""status"": ""ORDER_CREATED""}]",NSE_FO|51376|14-07-2026,24100.0,65,130,160.80,,,,,,,,,
recent,ORDINARY_CHAIN_UNWIND_TARGET,2026-07-09,2026-07-09T15:05:00+05:30,PE,23505.49,ORDINARY_CHAIN_UNWIND,MODELED_LIMIT_MISS,"[{""contract"": ""NSE_FO|51367|14-07-2026"", ""status"": ""ORDER_CREATED""}]",NSE_FO|51367|14-07-2026,23950.0,65,130,136.65,,,,,,,,,
recent,ORDINARY_CHAIN_UNWIND_TARGET,2026-07-13,2026-07-13T12:55:00+05:30,CE,23505.49,ORDINARY_CHAIN_UNWIND,MODELED_EXIT,"[{""contract"": ""NSE_FO|51381|14-07-2026"", ""status"": ""ORDER_CREATED""}]",NSE_FO|51381|14-07-2026,24250.0,65,195,87.15,84.75,2026-07-13T12:56:00+05:30,53.60,2026-07-13T15:25:00+05:30,TIMED_CLOSE,-6149.86,75.61,17355.63,0.6324483775811209439528023599
recent,ORDINARY_CHAIN_UNWIND_TARGET,2026-07-15,2026-07-15T13:00:00+05:30,PE,17355.63,ORDINARY_CHAIN_UNWIND,MODELED_EXIT,"[{""contract"": ""NSE_FO|57343|21-07-2026"", ""status"": ""ORDER_CREATED""}]",NSE_FO|57343|21-07-2026,24050.0,65,65,189.25,182.85,2026-07-15T13:01:00+05:30,146.80,2026-07-15T15:25:00+05:30,TIMED_CLOSE,-2415.52,72.27,14940.11,0.8028438610883237626469783976
recent,ORDINARY_CHAIN_UNWIND_TARGET,2026-07-17,2026-07-17T10:20:00+05:30,CE,14940.11,ORDINARY_CHAIN_UNWIND,MODELED_EXIT,"[{""contract"": ""NSE_FO|57350|21-07-2026"", ""status"": ""ORDER_CREATED""}]",NSE_FO|57350|21-07-2026,24250.0,65,65,140.55,132.40,2026-07-17T10:21:00+05:30,155.60,2026-07-17T15:25:00+05:30,TIMED_CLOSE,1435.87,72.13,16375.98,1.175226586102719033232628399
recent,ORDINARY_CHAIN_UNWIND_TARGET,2026-07-23,2026-07-23T12:45:00+05:30,PE,16375.98,ORDINARY_CHAIN_UNWIND,MODELED_EXIT,"[{""contract"": ""NSE_FO|63934|28-07-2026"", ""status"": ""ORDER_CREATED""}]",NSE_FO|63934|28-07-2026,23850.0,65,65,147.15,142.75,2026-07-23T12:46:00+05:30,105.10,2026-07-23T15:25:00+05:30,TIMED_CLOSE,-2513.27,66.02,13862.71,0.7362521891418563922942206655
recent,ORDINARY_CHAIN_UNWIND_TARGET,2026-07-24,2026-07-24T12:30:00+05:30,CE,13862.71,ORDINARY_CHAIN_UNWIND,MODELED_LIMIT_MISS,"[{""contract"": ""NSE_FO|63929|28-07-2026"", ""status"": ""ORDER_CREATED""}]",NSE_FO|63929|28-07-2026,23800.0,65,65,139.60,,,,,,,,,
recent,ORDINARY_CHAIN_UNWIND_TARGET,2026-07-30,2026-07-30T12:35:00+05:30,CE,13862.71,ORDINARY_CHAIN_UNWIND,MODELED_LIMIT_MISS,"[{""contract"": ""NSE_FO|65808|04-08-2026"", ""status"": ""ORDER_CREATED""}]",NSE_FO|65808|04-08-2026,24300.0,65,65,126.50,,,,,,,,,
recent,ORDINARY_CHAIN_UNWIND_TARGET,2026-08-14,2026-08-14T13:50:00+05:30,CE,13862.71,ORDINARY_CHAIN_UNWIND,MODELED_EXIT,"[{""contract"": ""NSE_FO|45106|18-08-2026"", ""status"": ""ORDER_CREATED""}]",NSE_FO|45106|18-08-2026,24400.0,65,65,109.05,106.90,2026-08-14T13:51:00+05:30,93.65,2026-08-14T15:35:00+05:30,TIMED_CLOSE,-924.98,63.73,12937.73,0.8760523854069223573433115061
recent,ORDINARY_CHAIN_UNWIND_TARGET,2026-08-17,2026-08-17T10:20:00+05:30,PE,12937.73,ORDINARY_CHAIN_UNWIND,MODELED_LIMIT_MISS,"[{""contract"": ""NSE_FO|45101|18-08-2026"", ""status"": ""ORDER_CREATED""}]",NSE_FO|45101|18-08-2026,24250.0,65,195,50.85,,,,,,,,,
recent,ORDINARY_CHAIN_UNWIND_TARGET,2026-08-28,2026-08-28T11:30:00+05:30,PE,12937.73,ORDINARY_CHAIN_UNWIND,MODELED_EXIT,"[{""contract"": ""NSE_FO|46990|01-09-2026"", ""status"": ""ORDER_CREATED""}]",NSE_FO|46990|01-09-2026,24100.0,65,195,60.45,58.5,2026-08-28T11:31:00+05:30,35.30,2026-08-28T15:35:00+05:30,TIMED_CLOSE,-4590.95,66.95,8346.78,0.6034188034188034188034188034
recent,ORDINARY_CHAIN_UNWIND_TARGET,2026-08-31,2026-08-31T14:50:00+05:30,CE,8346.78,ORDINARY_CHAIN_UNWIND,MODELED_LIMIT_MISS,"[{""contract"": ""NSE_FO|46989|01-09-2026"", ""status"": ""ORDER_CREATED""}]",NSE_FO|46989|01-09-2026,24100.0,65,65,113.95,,,,,,,,,
recent,ORDINARY_CHAIN_UNWIND_TARGET,2026-09-09,2026-09-09T12:35:00+05:30,CE,8346.78,ORDINARY_CHAIN_UNWIND,MODELED_LIMIT_MISS,"[{""contract"": ""NSE_FO|47299|15-09-2026"", ""status"": ""UNAFFORDABLE_OR_PAST_CAPACITY""}, {""contract"": ""NSE_FO|47301|15-09-2026"", ""status"": ""UNAFFORDABLE_OR_PAST_CAPACITY""}, {""contract"": ""NSE_FO|47303|15-09-2026"", ""status"": ""ORDER_CREATED""}]",NSE_FO|47303|15-09-2026,23650.0,65,65,101.75,,,,,,,,,
recent,ORDINARY_CHAIN_UNWIND_TARGET,2026-09-11,2026-09-11T11:15:00+05:30,CE,8346.78,ORDINARY_CHAIN_UNWIND,MODELED_EXIT,"[{""contract"": ""NSE_FO|47291|15-09-2026"", ""status"": ""ORDER_CREATED""}]",NSE_FO|47291|15-09-2026,23350.0,65,65,117.80,114.30,2026-09-11T11:16:00+05:30,153.80,2026-09-11T15:35:00+05:30,TIMED_CLOSE,2496.93,70.57,10843.71,1.345581802274715660542432196
recent,ORDINARY_CHAIN_UNWIND_TRAIL,2026-06-24,2026-06-24T10:05:00+05:30,CE,9411.18,ORDINARY_CHAIN_UNWIND,MODELED_EXIT,"[{""contract"": ""NSE_FO|79722|30-06-2026"", ""status"": ""UNAFFORDABLE_OR_PAST_CAPACITY""}, {""contract"": ""NSE_FO|79728|30-06-2026"", ""status"": ""ORDER_CREATED""}]",NSE_FO|79728|30-06-2026,23950.0,65,65,131.40,126.20,2026-06-24T10:06:00+05:30,193.70,2026-06-24T15:25:00+05:30,TIMED_CLOSE,4311.50,76.00,13722.68,1.534865293185419968304278922
recent,ORDINARY_CHAIN_UNWIND_TRAIL,2026-06-25,2026-06-25T12:00:00+05:30,CE,13722.68,ORDINARY_CHAIN_UNWIND,MODELED_LIMIT_MISS,"[{""contract"": ""NSE_FO|79738|30-06-2026"", ""status"": ""ORDER_CREATED""}]",NSE_FO|79738|30-06-2026,24250.0,65,65,121.55,,,,,,,,,
recent,ORDINARY_CHAIN_UNWIND_TRAIL,2026-06-29,2026-06-29T10:55:00+05:30,PE,13722.68,ORDINARY_CHAIN_UNWIND,MODELED_EXIT,"[{""contract"": ""NSE_FO|79731|30-06-2026"", ""status"": ""ORDER_CREATED""}]",NSE_FO|79731|30-06-2026,24050.0,65,130,83.15,75.95,2026-06-29T10:56:00+05:30,123.25,2026-06-29T15:25:00+05:30,TIMED_CLOSE,6064.86,84.14,19787.54,1.622778143515470704410796577
recent,ORDINARY_CHAIN_UNWIND_TRAIL,2026-07-08,2026-07-08T13:50:00+05:30,PE,19787.54,ORDINARY_CHAIN_UNWIND,MODELED_LIMIT_MISS,"[{""contract"": ""NSE_FO|51376|14-07-2026"", ""status"": ""ORDER_CREATED""}]",NSE_FO|51376|14-07-2026,24100.0,65,65,160.80,,,,,,,,,
recent,ORDINARY_CHAIN_UNWIND_TRAIL,2026-07-09,2026-07-09T15:05:00+05:30,PE,19787.54,ORDINARY_CHAIN_UNWIND,MODELED_LIMIT_MISS,"[{""contract"": ""NSE_FO|51367|14-07-2026"", ""status"": ""ORDER_CREATED""}]",NSE_FO|51367|14-07-2026,23950.0,65,130,136.65,,,,,,,,,
recent,ORDINARY_CHAIN_UNWIND_TRAIL,2026-07-13,2026-07-13T12:55:00+05:30,CE,19787.54,ORDINARY_CHAIN_UNWIND,MODELED_EXIT,"[{""contract"": ""NSE_FO|51381|14-07-2026"", ""status"": ""ORDER_CREATED""}]",NSE_FO|51381|14-07-2026,24250.0,65,195,87.15,84.75,2026-07-13T12:56:00+05:30,53.60,2026-07-13T15:25:00+05:30,TIMED_CLOSE,-6149.86,75.61,13637.68,0.6324483775811209439528023599
recent,ORDINARY_CHAIN_UNWIND_TRAIL,2026-07-15,2026-07-15T13:00:00+05:30,PE,13637.68,ORDINARY_CHAIN_UNWIND,MODELED_EXIT,"[{""contract"": ""NSE_FO|57343|21-07-2026"", ""status"": ""ORDER_CREATED""}]",NSE_FO|57343|21-07-2026,24050.0,65,65,189.25,182.85,2026-07-15T13:01:00+05:30,146.80,2026-07-15T15:25:00+05:30,TIMED_CLOSE,-2415.52,72.27,11222.16,0.8028438610883237626469783976
recent,ORDINARY_CHAIN_UNWIND_TRAIL,2026-07-17,2026-07-17T10:20:00+05:30,CE,11222.16,ORDINARY_CHAIN_UNWIND,MODELED_EXIT,"[{""contract"": ""NSE_FO|57350|21-07-2026"", ""status"": ""ORDER_CREATED""}]",NSE_FO|57350|21-07-2026,24250.0,65,65,140.55,132.40,2026-07-17T10:21:00+05:30,155.60,2026-07-17T15:25:00+05:30,TIMED_CLOSE,1435.87,72.13,12658.03,1.175226586102719033232628399
recent,ORDINARY_CHAIN_UNWIND_TRAIL,2026-07-23,2026-07-23T12:45:00+05:30,PE,12658.03,ORDINARY_CHAIN_UNWIND,MODELED_EXIT,"[{""contract"": ""NSE_FO|63934|28-07-2026"", ""status"": ""ORDER_CREATED""}]",NSE_FO|63934|28-07-2026,23850.0,65,65,147.15,142.75,2026-07-23T12:46:00+05:30,105.10,2026-07-23T15:25:00+05:30,TIMED_CLOSE,-2513.27,66.02,10144.76,0.7362521891418563922942206655
recent,ORDINARY_CHAIN_UNWIND_TRAIL,2026-07-24,2026-07-24T12:30:00+05:30,CE,10144.76,ORDINARY_CHAIN_UNWIND,MODELED_LIMIT_MISS,"[{""contract"": ""NSE_FO|63929|28-07-2026"", ""status"": ""ORDER_CREATED""}]",NSE_FO|63929|28-07-2026,23800.0,65,65,139.60,,,,,,,,,
recent,ORDINARY_CHAIN_UNWIND_TRAIL,2026-07-30,2026-07-30T12:35:00+05:30,CE,10144.76,ORDINARY_CHAIN_UNWIND,MODELED_LIMIT_MISS,"[{""contract"": ""NSE_FO|65808|04-08-2026"", ""status"": ""ORDER_CREATED""}]",NSE_FO|65808|04-08-2026,24300.0,65,65,126.50,,,,,,,,,
recent,ORDINARY_CHAIN_UNWIND_TRAIL,2026-08-14,2026-08-14T13:50:00+05:30,CE,10144.76,ORDINARY_CHAIN_UNWIND,MODELED_EXIT,"[{""contract"": ""NSE_FO|45106|18-08-2026"", ""status"": ""ORDER_CREATED""}]",NSE_FO|45106|18-08-2026,24400.0,65,65,109.05,106.90,2026-08-14T13:51:00+05:30,93.65,2026-08-14T15:35:00+05:30,TIMED_CLOSE,-924.98,63.73,9219.78,0.8760523854069223573433115061
recent,ORDINARY_CHAIN_UNWIND_TRAIL,2026-08-17,2026-08-17T10:20:00+05:30,PE,9219.78,ORDINARY_CHAIN_UNWIND,MODELED_LIMIT_MISS,"[{""contract"": ""NSE_FO|45101|18-08-2026"", ""status"": ""ORDER_CREATED""}]",NSE_FO|45101|18-08-2026,24250.0,65,130,50.85,,,,,,,,,
recent,ORDINARY_CHAIN_UNWIND_TRAIL,2026-08-28,2026-08-28T11:30:00+05:30,PE,9219.78,ORDINARY_CHAIN_UNWIND,MODELED_EXIT,"[{""contract"": ""NSE_FO|46990|01-09-2026"", ""status"": ""ORDER_CREATED""}]",NSE_FO|46990|01-09-2026,24100.0,65,130,60.45,58.5,2026-08-28T11:31:00+05:30,38.25,2026-08-28T15:12:00+05:30,STOP,-2694.05,61.55,6525.73,0.6538461538461538461538461538
recent,ORDINARY_CHAIN_UNWIND_TRAIL,2026-08-31,2026-08-31T14:50:00+05:30,CE,6525.73,ORDINARY_CHAIN_UNWIND,MODELED_LIMIT_MISS,"[{""contract"": ""NSE_FO|46989|01-09-2026"", ""status"": ""UNAFFORDABLE_OR_PAST_CAPACITY""}, {""contract"": ""NSE_FO|46991|01-09-2026"", ""status"": ""ORDER_CREATED""}]",NSE_FO|46991|01-09-2026,24150.0,65,65,84.00,,,,,,,,,
recent,ORDINARY_CHAIN_UNWIND_TRAIL,2026-09-09,2026-09-09T12:35:00+05:30,CE,6525.73,ORDINARY_CHAIN_UNWIND,MODELED_LIMIT_MISS,"[{""contract"": ""NSE_FO|47299|15-09-2026"", ""status"": ""UNAFFORDABLE_OR_PAST_CAPACITY""}, {""contract"": ""NSE_FO|47301|15-09-2026"", ""status"": ""UNAFFORDABLE_OR_PAST_CAPACITY""}, {""contract"": ""NSE_FO|47303|15-09-2026"", ""status"": ""UNAFFORDABLE_OR_PAST_CAPACITY""}, {""contract"": ""NSE_FO|47305|15-09-2026"", ""status"": ""ORDER_CREATED""}]",NSE_FO|47305|15-09-2026,23700.0,65,65,80.10,,,,,,,,,
recent,ORDINARY_CHAIN_UNWIND_TRAIL,2026-09-11,2026-09-11T11:15:00+05:30,CE,6525.73,ORDINARY_CHAIN_UNWIND,MODELED_EXIT,"[{""contract"": ""NSE_FO|47291|15-09-2026"", ""status"": ""UNAFFORDABLE_OR_PAST_CAPACITY""}, {""contract"": ""NSE_FO|47293|15-09-2026"", ""status"": ""ORDER_CREATED""}]",NSE_FO|47293|15-09-2026,23400.0,65,65,91.85,89.05,2026-09-11T11:16:00+05:30,119.95,2026-09-11T15:35:00+05:30,TIMED_CLOSE,1942.53,65.97,8468.26,1.346996069623806850084222347
recent,ORDINARY_INSTITUTIONAL_ALIGN_TARGET,2026-06-22,2026-06-22T10:00:00+05:30,CE,9411.18,ORDINARY_INSTITUTIONAL_ALIGN,MODELED_EXIT,"[{""contract"": ""NSE_FO|56380|23-06-2026"", ""status"": ""ORDER_CREATED""}]",NSE_FO|56380|23-06-2026,24150.0,65,65,75.15,72.0,2026-06-22T10:01:00+05:30,40.90,2026-06-22T15:25:00+05:30,TIMED_CLOSE,-2076.85,55.35,7334.33,0.5680555555555555555555555556
recent,ORDINARY_INSTITUTIONAL_ALIGN_TARGET,2026-06-24,2026-06-24T10:05:00+05:30,CE,7334.33,ORDINARY_INSTITUTIONAL_ALIGN,MODELED_EXIT,"[{""contract"": ""NSE_FO|79722|30-06-2026"", ""status"": ""UNAFFORDABLE_OR_PAST_CAPACITY""}, {""contract"": ""NSE_FO|79728|30-06-2026"", ""status"": ""UNAFFORDABLE_OR_PAST_CAPACITY""}, {""contract"": ""NSE_FO|71472|30-06-2026"", ""status"": ""UNAFFORDABLE_OR_PAST_CAPACITY""}, {""contract"": ""NSE_FO|79730|30-06-2026"", ""status"": ""ORDER_CREATED""}]",NSE_FO|79730|30-06-2026,24050.0,65,65,89.60,86.0,2026-06-24T10:06:00+05:30,172.0,2026-06-24T13:36:00+05:30,TARGET_2X,5517.68,72.32,12852.01,2
recent,ORDINARY_INSTITUTIONAL_ALIGN_TARGET,2026-07-06,2026-07-06T10:30:00+05:30,CE,12852.01,ORDINARY_INSTITUTIONAL_ALIGN,MODELED_EXIT,"[{""contract"": ""NSE_FO|44654|07-07-2026"", ""status"": ""ORDER_CREATED""}]",NSE_FO|44654|07-07-2026,24400.0,65,130,78.05,76.0,2026-07-06T10:31:00+05:30,65.00,2026-07-06T15:25:00+05:30,TIMED_CLOSE,-1498.96,68.96,11353.05,0.8552631578947368421052631579
recent,ORDINARY_INSTITUTIONAL_ALIGN_TARGET,2026-07-08,2026-07-08T10:00:00+05:30,CE,11353.05,ORDINARY_INSTITUTIONAL_ALIGN,MODELED_EXIT,"[{""contract"": ""NSE_FO|51381|14-07-2026"", ""status"": ""ORDER_CREATED""}]",NSE_FO|51381|14-07-2026,24250.0,65,65,142.20,133.60,2026-07-08T10:01:00+05:30,64.95,2026-07-08T14:15:00+05:30,STOP,-4522.92,60.67,6830.13,0.4861526946107784431137724551
recent,ORDINARY_INSTITUTIONAL_ALIGN_TARGET,2026-07-13,2026-07-13T10:00:00+05:30,CE,6830.13,ORDINARY_INSTITUTIONAL_ALIGN,MODELED_EXIT,"[{""contract"": ""NSE_FO|51375|14-07-2026"", ""status"": ""ORDER_CREATED""}]",NSE_FO|51375|14-07-2026,24100.0,65,65,98.30,96.0,2026-07-13T10:01:00+05:30,192.0,2026-07-13T12:53:00+05:30,TARGET_2X,6164.87,75.13,12995.00,2
recent,ORDINARY_INSTITUTIONAL_ALIGN_TARGET,2026-07-17,2026-07-17T10:20:00+05:30,CE,12995.00,ORDINARY_INSTITUTIONAL_ALIGN,MODELED_EXIT,"[{""contract"": ""NSE_FO|57350|21-07-2026"", ""status"": ""ORDER_CREATED""}]",NSE_FO|57350|21-07-2026,24250.0,65,65,140.55,132.40,2026-07-17T10:21:00+05:30,155.60,2026-07-17T15:25:00+05:30,TIMED_CLOSE,1435.87,72.13,14430.87,1.175226586102719033232628399
recent,ORDINARY_INSTITUTIONAL_ALIGN_TARGET,2026-07-20,2026-07-20T10:20:00+05:30,CE,14430.87,ORDINARY_INSTITUTIONAL_ALIGN,MODELED_EXIT,"[{""contract"": ""NSE_FO|57350|21-07-2026"", ""status"": ""ORDER_CREATED""}]",NSE_FO|57350|21-07-2026,24250.0,65,130,73.65,67.40,2026-07-20T10:21:00+05:30,32.65,2026-07-20T12:48:00+05:30,STOP,-4578.22,60.72,9852.65,0.4844213649851632047477744807
recent,ORDINARY_INSTITUTIONAL_ALIGN_TARGET,2026-07-23,2026-07-23T11:30:00+05:30,PE,9852.65,ORDINARY_INSTITUTIONAL_ALIGN,MODELED_EXIT,"[{""contract"": ""NSE_FO|63938|28-07-2026"", ""status"": ""ORDER_CREATED""}]",NSE_FO|63938|28-07-2026,23950.0,65,65,141.40,134.35,2026-07-23T11:31:00+05:30,155.30,2026-07-23T15:25:00+05:30,TIMED_CLOSE,1289.57,72.18,11142.22,1.155935988090807592110160030
recent,ORDINARY_INSTITUTIONAL_ALIGN_TARGET,2026-07-24,2026-07-24T10:05:00+05:30,PE,11142.22,ORDINARY_INSTITUTIONAL_ALIGN,MODELED_LIMIT_MISS,"[{""contract"": ""NSE_FO|63921|28-07-2026"", ""status"": ""ORDER_CREATED""}]",NSE_FO|63921|28-07-2026,23600.0,65,65,112.95,,,,,,,,,
recent,ORDINARY_INSTITUTIONAL_ALIGN_TARGET,2026-07-29,2026-07-29T10:15:00+05:30,CE,11142.22,ORDINARY_INSTITUTIONAL_ALIGN,MODELED_EXIT,"[{""contract"": ""NSE_FO|65774|04-08-2026"", ""status"": ""ORDER_CREATED""}]",NSE_FO|65774|04-08-2026,24200.0,65,65,156.35,153.65,2026-07-29T10:16:00+05:30,143.55,2026-07-29T15:25:00+05:30,TIMED_CLOSE,-726.87,70.37,10415.35,0.9342661893914741295151317930
recent,ORDINARY_INSTITUTIONAL_ALIGN_TARGET,2026-07-30,2026-07-30T10:45:00+05:30,CE,10415.35,ORDINARY_INSTITUTIONAL_ALIGN,MODELED_EXIT,"[{""contract"": ""NSE_FO|65806|04-08-2026"", ""status"": ""ORDER_CREATED""}]",NSE_FO|65806|04-08-2026,24250.0,65,65,110.60,106.80,2026-07-30T10:46:00+05:30,131.30,2026-07-30T15:25:00+05:30,TIMED_CLOSE,1524.74,67.76,11940.09,1.229400749063670411985018727
recent,ORDINARY_INSTITUTIONAL_ALIGN_TARGET,2026-07-31,2026-07-31T11:25:00+05:30,CE,11940.09,ORDINARY_INSTITUTIONAL_ALIGN,MODELED_EXIT,"[{""contract"": ""NSE_FO|65852|04-08-2026"", ""status"": ""ORDER_CREATED""}]",NSE_FO|65852|04-08-2026,24350.0,65,65,106.80,103.60,2026-07-31T11:26:00+05:30,101.30,2026-07-31T15:25:00+05:30,TIMED_CLOSE,-213.35,63.85,11726.74,0.9777992277992277992277992278
recent,ORDINARY_INSTITUTIONAL_ALIGN_TARGET,2026-08-05,2026-08-05T10:15:00+05:30,CE,11726.74,ORDINARY_INSTITUTIONAL_ALIGN,MODELED_EXIT,"[{""contract"": ""NSE_FO|41015|11-08-2026"", ""status"": ""UNAFFORDABLE_OR_PAST_CAPACITY""}, {""contract"": ""NSE_FO|41017|11-08-2026"", ""status"": ""ORDER_CREATED""}]",NSE_FO|41017|11-08-2026,24650.0,65,65,150.45,139.80,2026-08-05T10:16:00+05:30,112.85,2026-08-05T15:35:00+05:30,TIMED_CLOSE,-1818.90,67.15,9907.84,0.8072246065808297567954220315
recent,ORDINARY_INSTITUTIONAL_ALIGN_TARGET,2026-08-06,2026-08-06T10:05:00+05:30,PE,9907.84,ORDINARY_INSTITUTIONAL_ALIGN,MODELED_EXIT,"[{""contract"": ""NSE_FO|41016|11-08-2026"", ""status"": ""ORDER_CREATED""}]",NSE_FO|41016|11-08-2026,24600.0,65,65,118.10,117.5,2026-08-06T10:06:00+05:30,81.65,2026-08-06T15:35:00+05:30,TIMED_CLOSE,-2391.95,61.70,7515.89,0.6948936170212765957446808511
recent,ORDINARY_INSTITUTIONAL_ALIGN_TARGET,2026-08-10,2026-08-10T10:20:00+05:30,CE,7515.89,ORDINARY_INSTITUTIONAL_ALIGN,MODELED_LIMIT_MISS,"[{""contract"": ""NSE_FO|41013|11-08-2026"", ""status"": ""UNAFFORDABLE_OR_PAST_CAPACITY""}, {""contract"": ""NSE_FO|41015|11-08-2026"", ""status"": ""ORDER_CREATED""}]",NSE_FO|41015|11-08-2026,24600.0,65,65,88.55,,,,,,,,,
recent,ORDINARY_INSTITUTIONAL_ALIGN_TARGET,2026-08-12,2026-08-12T10:00:00+05:30,PE,7515.89,ORDINARY_INSTITUTIONAL_ALIGN,MODELED_EXIT,"[{""contract"": ""NSE_FO|45107|18-08-2026"", ""status"": ""UNAFFORDABLE_OR_PAST_CAPACITY""}, {""contract"": ""NSE_FO|45105|18-08-2026"", ""status"": ""ORDER_CREATED""}]",NSE_FO|45105|18-08-2026,24350.0,65,65,105.65,104.30,2026-08-12T10:01:00+05:30,80.00,2026-08-12T15:35:00+05:30,TIMED_CLOSE,-1640.78,61.28,5875.11,0.7670182166826462128475551294
recent,ORDINARY_INSTITUTIONAL_ALIGN_TARGET,2026-08-27,2026-08-27T12:40:00+05:30,CE,5875.11,ORDINARY_INSTITUTIONAL_ALIGN,MODELED_EXIT,"[{""contract"": ""NSE_FO|46991|01-09-2026"", ""status"": ""UNAFFORDABLE_OR_PAST_CAPACITY""}, {""contract"": ""NSE_FO|46993|01-09-2026"", ""status"": ""UNAFFORDABLE_OR_PAST_CAPACITY""}, {""contract"": ""NSE_FO|46995|01-09-2026"", ""status"": ""UNAFFORDABLE_OR_PAST_CAPACITY""}, {""contract"": ""NSE_FO|46997|01-09-2026"", ""status"": ""ORDER_CREATED""}]",NSE_FO|46997|01-09-2026,24300.0,65,65,83.80,79.35,2026-08-27T12:41:00+05:30,52.45,2026-08-27T15:35:00+05:30,TIMED_CLOSE,-1806.37,57.87,4068.74,0.6609955891619407687460617517
recent,ORDINARY_INSTITUTIONAL_ALIGN_TARGET,2026-09-18,2026-09-18T14:10:00+05:30,CE,4068.74,ORDINARY_INSTITUTIONAL_ALIGN,MODELED_LIMIT_MISS,"[{""contract"": ""NSE_FO|56995"", ""status"": ""UNAFFORDABLE_OR_PAST_CAPACITY""}, {""contract"": ""NSE_FO|56999"", ""status"": ""UNAFFORDABLE_OR_PAST_CAPACITY""}, {""contract"": ""NSE_FO|57003"", ""status"": ""ORDER_CREATED""}]",NSE_FO|57003,23450.0,65,65,54.25,,,,,,,,,
recent,ORDINARY_INSTITUTIONAL_ALIGN_TRAIL,2026-06-22,2026-06-22T10:00:00+05:30,CE,9411.18,ORDINARY_INSTITUTIONAL_ALIGN,MODELED_EXIT,"[{""contract"": ""NSE_FO|56380|23-06-2026"", ""status"": ""ORDER_CREATED""}]",NSE_FO|56380|23-06-2026,24150.0,65,65,75.15,72.0,2026-06-22T10:01:00+05:30,40.90,2026-06-22T15:25:00+05:30,TIMED_CLOSE,-2076.85,55.35,7334.33,0.5680555555555555555555555556
recent,ORDINARY_INSTITUTIONAL_ALIGN_TRAIL,2026-06-24,2026-06-24T10:05:00+05:30,CE,7334.33,ORDINARY_INSTITUTIONAL_ALIGN,MODELED_EXIT,"[{""contract"": ""NSE_FO|79722|30-06-2026"", ""status"": ""UNAFFORDABLE_OR_PAST_CAPACITY""}, {""contract"": ""NSE_FO|79728|30-06-2026"", ""status"": ""UNAFFORDABLE_OR_PAST_CAPACITY""}, {""contract"": ""NSE_FO|71472|30-06-2026"", ""status"": ""UNAFFORDABLE_OR_PAST_CAPACITY""}, {""contract"": ""NSE_FO|79730|30-06-2026"", ""status"": ""ORDER_CREATED""}]",NSE_FO|79730|30-06-2026,24050.0,65,65,89.60,86.0,2026-06-24T10:06:00+05:30,136.30,2026-06-24T15:25:00+05:30,TIMED_CLOSE,3201.17,68.33,10535.50,1.584883720930232558139534884
recent,ORDINARY_INSTITUTIONAL_ALIGN_TRAIL,2026-07-06,2026-07-06T10:30:00+05:30,CE,10535.50,ORDINARY_INSTITUTIONAL_ALIGN,MODELED_EXIT,"[{""contract"": ""NSE_FO|44654|07-07-2026"", ""status"": ""ORDER_CREATED""}]",NSE_FO|44654|07-07-2026,24400.0,65,65,78.05,76.0,2026-07-06T10:31:00+05:30,65.00,2026-07-06T15:25:00+05:30,TIMED_CLOSE,-774.12,59.12,9761.38,0.8552631578947368421052631579
recent,ORDINARY_INSTITUTIONAL_ALIGN_TRAIL,2026-07-08,2026-07-08T10:00:00+05:30,CE,9761.38,ORDINARY_INSTITUTIONAL_ALIGN,MODELED_EXIT,"[{""contract"": ""NSE_FO|51381|14-07-2026"", ""status"": ""ORDER_CREATED""}]",NSE_FO|51381|14-07-2026,24250.0,65,65,142.20,133.60,2026-07-08T10:01:00+05:30,75.80,2026-07-08T13:55:00+05:30,STOP,-3818.98,61.98,5942.40,0.5673652694610778443113772455
recent,ORDINARY_INSTITUTIONAL_ALIGN_TRAIL,2026-07-13,2026-07-13T10:00:00+05:30,CE,5942.40,ORDINARY_INSTITUTIONAL_ALIGN,MODELED_EXIT,"[{""contract"": ""NSE_FO|51375|14-07-2026"", ""status"": ""UNAFFORDABLE_OR_PAST_CAPACITY""}, {""contract"": ""NSE_FO|51377|14-07-2026"", ""status"": ""ORDER_CREATED""}]",NSE_FO|51377|14-07-2026,24150.0,65,65,73.80,72.20,2026-07-13T10:01:00+05:30,109.20,2026-07-13T15:25:00+05:30,TIMED_CLOSE,2340.79,64.21,8283.19,1.512465373961218836565096953
recent,ORDINARY_INSTITUTIONAL_ALIGN_TRAIL,2026-07-17,2026-07-17T10:20:00+05:30,CE,8283.19,ORDINARY_INSTITUTIONAL_ALIGN,MODELED_EXIT,"[{""contract"": ""NSE_FO|57350|21-07-2026"", ""status"": ""UNAFFORDABLE_OR_PAST_CAPACITY""}, {""contract"": ""NSE_FO|57352|21-07-2026"", ""status"": ""ORDER_CREATED""}]",NSE_FO|57352|21-07-2026,24300.0,65,65,113.80,107.0,2026-07-17T10:21:00+05:30,126.75,2026-07-17T15:25:00+05:30,TIMED_CLOSE,1216.11,67.64,9499.30,1.184579439252336448598130841
recent,ORDINARY_INSTITUTIONAL_ALIGN_TRAIL,2026-07-20,2026-07-20T10:20:00+05:30,CE,9499.30,ORDINARY_INSTITUTIONAL_ALIGN,MODELED_EXIT,"[{""contract"": ""NSE_FO|57350|21-07-2026"", ""status"": ""ORDER_CREATED""}]",NSE_FO|57350|21-07-2026,24250.0,65,65,73.65,67.40,2026-07-20T10:21:00+05:30,32.65,2026-07-20T12:48:00+05:30,STOP,-2313.75,55.00,7185.55,0.4844213649851632047477744807
recent,ORDINARY_INSTITUTIONAL_ALIGN_TRAIL,2026-07-23,2026-07-23T11:30:00+05:30,PE,7185.55,ORDINARY_INSTITUTIONAL_ALIGN,MODELED_EXIT,"[{""contract"": ""NSE_FO|63938|28-07-2026"", ""status"": ""UNAFFORDABLE_OR_PAST_CAPACITY""}, {""contract"": ""NSE_FO|63936|28-07-2026"", ""status"": ""UNAFFORDABLE_OR_PAST_CAPACITY""}, {""contract"": ""NSE_FO|63934|28-07-2026"", ""status"": ""ORDER_CREATED""}]",NSE_FO|63934|28-07-2026,23850.0,65,65,95.55,90.90,2026-07-23T11:31:00+05:30,105.10,2026-07-23T15:25:00+05:30,TIMED_CLOSE,858.39,64.61,8043.94,1.156215621562156215621562156
recent,ORDINARY_INSTITUTIONAL_ALIGN_TRAIL,2026-07-24,2026-07-24T10:05:00+05:30,PE,8043.94,ORDINARY_INSTITUTIONAL_ALIGN,MODELED_LIMIT_MISS,"[{""contract"": ""NSE_FO|63921|28-07-2026"", ""status"": ""ORDER_CREATED""}]",NSE_FO|63921|28-07-2026,23600.0,65,65,112.95,,,,,,,,,
recent,ORDINARY_INSTITUTIONAL_ALIGN_TRAIL,2026-07-29,2026-07-29T10:15:00+05:30,CE,8043.94,ORDINARY_INSTITUTIONAL_ALIGN,MODELED_EXIT,"[{""contract"": ""NSE_FO|65774|04-08-2026"", ""status"": ""UNAFFORDABLE_OR_PAST_CAPACITY""}, {""contract"": ""NSE_FO|65806|04-08-2026"", ""status"": ""UNAFFORDABLE_OR_PAST_CAPACITY""}, {""contract"": ""NSE_FO|65808|04-08-2026"", ""status"": ""ORDER_CREATED""}]",NSE_FO|65808|04-08-2026,24300.0,65,65,103.20,102.25,2026-07-29T10:16:00+05:30,94.05,2026-07-29T15:25:00+05:30,TIMED_CLOSE,-596.63,63.63,7447.31,0.9198044009779951100244498778
recent,ORDINARY_INSTITUTIONAL_ALIGN_TRAIL,2026-07-30,2026-07-30T10:45:00+05:30,CE,7447.31,ORDINARY_INSTITUTIONAL_ALIGN,MODELED_EXIT,"[{""contract"": ""NSE_FO|65806|04-08-2026"", ""status"": ""UNAFFORDABLE_OR_PAST_CAPACITY""}, {""contract"": ""NSE_FO|65808|04-08-2026"", ""status"": ""ORDER_CREATED""}]",NSE_FO|65808|04-08-2026,24300.0,65,65,86.00,83.0,2026-07-30T10:46:00+05:30,104.40,2026-07-30T15:25:00+05:30,TIMED_CLOSE,1326.63,64.37,8773.94,1.257831325301204819277108434
recent,ORDINARY_INSTITUTIONAL_ALIGN_TRAIL,2026-07-31,2026-07-31T11:25:00+05:30,CE,8773.94,ORDINARY_INSTITUTIONAL_ALIGN,MODELED_EXIT,"[{""contract"": ""NSE_FO|65852|04-08-2026"", ""status"": ""ORDER_CREATED""}]",NSE_FO|65852|04-08-2026,24350.0,65,65,106.80,103.60,2026-07-31T11:26:00+05:30,101.30,2026-07-31T15:25:00+05:30,TIMED_CLOSE,-213.35,63.85,8560.59,0.9777992277992277992277992278
recent,ORDINARY_INSTITUTIONAL_ALIGN_TRAIL,2026-08-05,2026-08-05T10:15:00+05:30,CE,8560.59,ORDINARY_INSTITUTIONAL_ALIGN,MODELED_EXIT,"[{""contract"": ""NSE_FO|41015|11-08-2026"", ""status"": ""UNAFFORDABLE_OR_PAST_CAPACITY""}, {""contract"": ""NSE_FO|41017|11-08-2026"", ""status"": ""UNAFFORDABLE_OR_PAST_CAPACITY""}, {""contract"": ""NSE_FO|41020|11-08-2026"", ""status"": ""ORDER_CREATED""}]",NSE_FO|41020|11-08-2026,24700.0,65,65,123.85,115.0,2026-08-05T10:16:00+05:30,92.10,2026-08-05T15:35:00+05:30,TIMED_CLOSE,-1551.41,62.91,7009.18,0.8008695652173913043478260870
recent,ORDINARY_INSTITUTIONAL_ALIGN_TRAIL,2026-08-06,2026-08-06T10:05:00+05:30,PE,7009.18,ORDINARY_INSTITUTIONAL_ALIGN,MODELED_EXIT,"[{""contract"": ""NSE_FO|41016|11-08-2026"", ""status"": ""UNAFFORDABLE_OR_PAST_CAPACITY""}, {""contract"": ""NSE_FO|41014|11-08-2026"", ""status"": ""ORDER_CREATED""}]",NSE_FO|41014|11-08-2026,24550.0,65,65,97.40,97.05,2026-08-06T10:06:00+05:30,64.95,2026-08-06T15:35:00+05:30,TIMED_CLOSE,-2146.18,59.68,4863.00,0.6692426584234930448222565688
recent,ORDINARY_INSTITUTIONAL_ALIGN_TRAIL,2026-08-10,2026-08-10T10:20:00+05:30,CE,4863.00,ORDINARY_INSTITUTIONAL_ALIGN,MODELED_LIMIT_MISS,"[{""contract"": ""NSE_FO|41013|11-08-2026"", ""status"": ""UNAFFORDABLE_OR_PAST_CAPACITY""}, {""contract"": ""NSE_FO|41015|11-08-2026"", ""status"": ""UNAFFORDABLE_OR_PAST_CAPACITY""}, {""contract"": ""NSE_FO|41017|11-08-2026"", ""status"": ""ORDER_CREATED""}]",NSE_FO|41017|11-08-2026,24650.0,65,65,65.75,,,,,,,,,
recent,ORDINARY_INSTITUTIONAL_ALIGN_TRAIL,2026-08-12,2026-08-12T10:00:00+05:30,PE,4863.00,ORDINARY_INSTITUTIONAL_ALIGN,MODELED_EXIT,"[{""contract"": ""NSE_FO|45107|18-08-2026"", ""status"": ""UNAFFORDABLE_OR_PAST_CAPACITY""}, {""contract"": ""NSE_FO|45105|18-08-2026"", ""status"": ""UNAFFORDABLE_OR_PAST_CAPACITY""}, {""contract"": ""NSE_FO|45103|18-08-2026"", ""status"": ""UNAFFORDABLE_OR_PAST_CAPACITY""}, {""contract"": ""NSE_FO|45101|18-08-2026"", ""status"": ""ORDER_CREATED""}]",NSE_FO|45101|18-08-2026,24250.0,65,65,69.30,69.10,2026-08-12T10:01:00+05:30,49.75,2026-08-12T15:35:00+05:30,TIMED_CLOSE,-1314.26,56.51,3548.74,0.7199710564399421128798842258
recent,ORDINARY_INSTITUTIONAL_ALIGN_TRAIL,2026-08-27,2026-08-27T12:40:00+05:30,CE,3548.74,ORDINARY_INSTITUTIONAL_ALIGN,NO_AFFORDABLE_LIQUID_CONTRACT,"[{""contract"": ""NSE_FO|46991|01-09-2026"", ""status"": ""UNAFFORDABLE_OR_PAST_CAPACITY""}, {""contract"": ""NSE_FO|46993|01-09-2026"", ""status"": ""UNAFFORDABLE_OR_PAST_CAPACITY""}, {""contract"": ""NSE_FO|46995|01-09-2026"", ""status"": ""UNAFFORDABLE_OR_PAST_CAPACITY""}, {""contract"": ""NSE_FO|46997|01-09-2026"", ""status"": ""UNAFFORDABLE_OR_PAST_CAPACITY""}]",,,,,,,,,,,,,,
recent,ORDINARY_INSTITUTIONAL_ALIGN_TRAIL,2026-09-18,2026-09-18T14:10:00+05:30,CE,3548.74,ORDINARY_INSTITUTIONAL_ALIGN,MODELED_LIMIT_MISS,"[{""contract"": ""NSE_FO|56995"", ""status"": ""UNAFFORDABLE_OR_PAST_CAPACITY""}, {""contract"": ""NSE_FO|56999"", ""status"": ""UNAFFORDABLE_OR_PAST_CAPACITY""}, {""contract"": ""NSE_FO|57003"", ""status"": ""UNAFFORDABLE_OR_PAST_CAPACITY""}, {""contract"": ""NSE_FO|57007"", ""status"": ""ORDER_CREATED""}]",NSE_FO|57007,23500.0,65,65,38.20,,,,,,,,,
recent,ORDINARY_PUBLISHED_PCR_TARGET,2026-06-22,2026-06-22T15:05:00+05:30,PE,9411.18,ORDINARY_PUBLISHED_PCR,MODELED_LIMIT_MISS,"[{""contract"": ""NSE_FO|56377|23-06-2026"", ""status"": ""ORDER_CREATED""}]",NSE_FO|56377|23-06-2026,24100.0,65,130,55.50,,,,,,,,,
recent,ORDINARY_PUBLISHED_PCR_TARGET,2026-06-24,2026-06-24T10:00:00+05:30,PE,9411.18,ORDINARY_PUBLISHED_PCR,MODELED_EXIT,"[{""contract"": ""NSE_FO|79714|30-06-2026"", ""status"": ""UNAFFORDABLE_OR_PAST_CAPACITY""}, {""contract"": ""NSE_FO|79712|30-06-2026"", ""status"": ""UNAFFORDABLE_OR_PAST_CAPACITY""}, {""contract"": ""NSE_FO|79710|30-06-2026"", ""status"": ""ORDER_CREATED""}]",NSE_FO|79710|30-06-2026,23750.0,65,65,116.00,100.0,2026-06-24T10:01:00+05:30,48.90,2026-06-24T13:15:00+05:30,STOP,-3378.81,57.31,6032.37,0.489
recent,ORDINARY_PUBLISHED_PCR_TARGET,2026-06-25,2026-06-25T10:00:00+05:30,CE,6032.37,ORDINARY_PUBLISHED_PCR,MODELED_EXIT,"[{""contract"": ""NSE_FO|79736|30-06-2026"", ""status"": ""UNAFFORDABLE_OR_PAST_CAPACITY""}, {""contract"": ""NSE_FO|79738|30-06-2026"", ""status"": ""ORDER_CREATED""}]",NSE_FO|79738|30-06-2026,24250.0,65,65,84.95,78.95,2026-06-25T10:01:00+05:30,40.70,2026-06-25T15:25:00+05:30,TIMED_CLOSE,-2541.78,55.53,3490.59,0.5155161494616846105129829006
recent,ORDINARY_PUBLISHED_PCR_TARGET,2026-06-29,2026-06-29T10:05:00+05:30,PE,3490.59,ORDINARY_PUBLISHED_PCR,MODELED_EXIT,"[{""contract"": ""NSE_FO|79731|30-06-2026"", ""status"": ""UNAFFORDABLE_OR_PAST_CAPACITY""}, {""contract"": ""NSE_FO|71473|30-06-2026"", ""status"": ""UNAFFORDABLE_OR_PAST_CAPACITY""}, {""contract"": ""NSE_FO|79729|30-06-2026"", ""status"": ""ORDER_CREATED""}]",NSE_FO|79729|30-06-2026,23950.0,65,65,47.95,43.25,2026-06-29T10:06:00+05:30,86.50,2026-06-29T12:33:00+05:30,TARGET_2X,2750.45,60.80,6241.04,2
recent,ORDINARY_PUBLISHED_PCR_TARGET,2026-07-01,2026-07-01T10:00:00+05:30,CE,6241.04,ORDINARY_PUBLISHED_PCR,NO_AFFORDABLE_LIQUID_CONTRACT,"[{""contract"": ""NSE_FO|44620|07-07-2026"", ""status"": ""UNAFFORDABLE_OR_PAST_CAPACITY""}, {""contract"": ""NSE_FO|44622|07-07-2026"", ""status"": ""UNAFFORDABLE_OR_PAST_CAPACITY""}, {""contract"": ""NSE_FO|44633|07-07-2026"", ""status"": ""UNAFFORDABLE_OR_PAST_CAPACITY""}, {""contract"": ""NSE_FO|44635|07-07-2026"", ""status"": ""UNAFFORDABLE_OR_PAST_CAPACITY""}]",,,,,,,,,,,,,,
recent,ORDINARY_PUBLISHED_PCR_TARGET,2026-07-02,2026-07-02T14:40:00+05:30,CE,6241.04,ORDINARY_PUBLISHED_PCR,MODELED_LIMIT_MISS,"[{""contract"": ""NSE_FO|44635|07-07-2026"", ""status"": ""UNAFFORDABLE_OR_PAST_CAPACITY""}, {""contract"": ""NSE_FO|44640|07-07-2026"", ""status"": ""UNAFFORDABLE_OR_PAST_CAPACITY""}, {""contract"": ""NSE_FO|44642|07-07-2026"", ""status"": ""UNAFFORDABLE_OR_PAST_CAPACITY""}, {""contract"": ""NSE_FO|44645|07-07-2026"", ""status"": ""ORDER_CREATED""}]",NSE_FO|44645|07-07-2026,24300.0,65,65,70.65,,,,,,,,,
recent,ORDINARY_PUBLISHED_PCR_TARGET,2026-07-06,2026-07-06T14:50:00+05:30,PE,6241.04,ORDINARY_PUBLISHED_PCR,MODELED_EXIT,"[{""contract"": ""NSE_FO|44655|07-07-2026"", ""status"": ""ORDER_CREATED""}]",NSE_FO|44655|07-07-2026,24400.0,65,65,75.55,71.0,2026-07-06T14:51:00+05:30,48.95,2026-07-06T15:25:00+05:30,TIMED_CLOSE,-1489.78,56.53,4751.26,0.6894366197183098591549295775
recent,ORDINARY_PUBLISHED_PCR_TARGET,2026-07-08,2026-07-08T12:10:00+05:30,PE,4751.26,ORDINARY_PUBLISHED_PCR,NO_AFFORDABLE_LIQUID_CONTRACT,"[{""contract"": ""NSE_FO|51384|14-07-2026"", ""status"": ""UNAFFORDABLE_OR_PAST_CAPACITY""}, {""contract"": ""NSE_FO|51380|14-07-2026"", ""status"": ""UNAFFORDABLE_OR_PAST_CAPACITY""}, {""contract"": ""NSE_FO|51378|14-07-2026"", ""status"": ""UNAFFORDABLE_OR_PAST_CAPACITY""}, {""contract"": ""NSE_FO|51376|14-07-2026"", ""status"": ""UNAFFORDABLE_OR_PAST_CAPACITY""}]",,,,,,,,,,,,,,
recent,ORDINARY_PUBLISHED_PCR_TARGET,2026-07-09,2026-07-09T10:50:00+05:30,PE,4751.26,ORDINARY_PUBLISHED_PCR,NO_AFFORDABLE_LIQUID_CONTRACT,"[{""contract"": ""NSE_FO|51371|14-07-2026"", ""status"": ""UNAFFORDABLE_OR_PAST_CAPACITY""}, {""contract"": ""NSE_FO|51367|14-07-2026"", ""status"": ""UNAFFORDABLE_OR_PAST_CAPACITY""}, {""contract"": ""NSE_FO|51365|14-07-2026"", ""status"": ""UNAFFORDABLE_OR_PAST_CAPACITY""}, {""contract"": ""NSE_FO|51363|14-07-2026"", ""status"": ""UNAFFORDABLE_OR_PAST_CAPACITY""}]",,,,,,,,,,,,,,
recent,ORDINARY_PUBLISHED_PCR_TARGET,2026-07-10,2026-07-10T12:30:00+05:30,CE,4751.26,ORDINARY_PUBLISHED_PCR,MODELED_EXIT,"[{""contract"": ""NSE_FO|51379|14-07-2026"", ""status"": ""UNAFFORDABLE_OR_PAST_CAPACITY""}, {""contract"": ""NSE_FO|51381|14-07-2026"", ""status"": ""UNAFFORDABLE_OR_PAST_CAPACITY""}, {""contract"": ""NSE_FO|51385|14-07-2026"", ""status"": ""ORDER_CREATED""}]",NSE_FO|51385|14-07-2026,24300.0,65,65,61.55,58.80,2026-07-10T12:31:00+05:30,53.70,2026-07-10T15:25:00+05:30,TIMED_CLOSE,-388.83,57.33,4362.43,0.9132653061224489795918367347
recent,ORDINARY_PUBLISHED_PCR_TARGET,2026-07-13,2026-07-13T10:00:00+05:30,CE,4362.43,ORDINARY_PUBLISHED_PCR,MODELED_EXIT,"[{""contract"": ""NSE_FO|51375|14-07-2026"", ""status"": ""UNAFFORDABLE_OR_PAST_CAPACITY""}, {""contract"": ""NSE_FO|51377|14-07-2026"", ""status"": ""UNAFFORDABLE_OR_PAST_CAPACITY""}, {""contract"": ""NSE_FO|51379|14-07-2026"", ""status"": ""ORDER_CREATED""}]",NSE_FO|51379|14-07-2026,24200.0,65,65,53.65,52.80,2026-07-13T10:01:00+05:30,105.60,2026-07-13T12:53:00+05:30,TARGET_2X,3368.42,63.58,7730.85,2
recent,ORDINARY_PUBLISHED_PCR_TARGET,2026-07-15,2026-07-15T11:45:00+05:30,PE,7730.85,ORDINARY_PUBLISHED_PCR,MODELED_EXIT,"[{""contract"": ""NSE_FO|57347|21-07-2026"", ""status"": ""UNAFFORDABLE_OR_PAST_CAPACITY""}, {""contract"": ""NSE_FO|57345|21-07-2026"", ""status"": ""UNAFFORDABLE_OR_PAST_CAPACITY""}, {""contract"": ""NSE_FO|57343|21-07-2026"", ""status"": ""ORDER_CREATED""}]",NSE_FO|57343|21-07-2026,24050.0,65,65,110.35,105.90,2026-07-15T11:46:00+05:30,211.80,2026-07-15T12:59:00+05:30,TARGET_2X,6805.56,77.94,14536.41,2
recent,ORDINARY_PUBLISHED_PCR_TARGET,2026-07-20,2026-07-20T10:20:00+05:30,CE,14536.41,ORDINARY_PUBLISHED_PCR,MODELED_EXIT,"[{""contract"": ""NSE_FO|57350|21-07-2026"", ""status"": ""ORDER_CREATED""}]",NSE_FO|57350|21-07-2026,24250.0,65,130,73.65,67.40,2026-07-20T10:21:00+05:30,32.65,2026-07-20T12:48:00+05:30,STOP,-4578.22,60.72,9958.19,0.4844213649851632047477744807
recent,ORDINARY_PUBLISHED_PCR_TARGET,2026-07-22,2026-07-22T10:25:00+05:30,PE,9958.19,ORDINARY_PUBLISHED_PCR,MODELED_LIMIT_MISS,"[{""contract"": ""NSE_FO|63940|28-07-2026"", ""status"": ""UNAFFORDABLE_OR_PAST_CAPACITY""}, {""contract"": ""NSE_FO|63938|28-07-2026"", ""status"": ""ORDER_CREATED""}]",NSE_FO|63938|28-07-2026,23950.0,65,65,143.10,,,,,,,,,
recent,ORDINARY_PUBLISHED_PCR_TARGET,2026-07-23,2026-07-23T11:30:00+05:30,PE,9958.19,ORDINARY_PUBLISHED_PCR,MODELED_EXIT,"[{""contract"": ""NSE_FO|63938|28-07-2026"", ""status"": ""ORDER_CREATED""}]",NSE_FO|63938|28-07-2026,23950.0,65,65,141.40,134.35,2026-07-23T11:31:00+05:30,155.30,2026-07-23T15:25:00+05:30,TIMED_CLOSE,1289.57,72.18,11247.76,1.155935988090807592110160030
recent,ORDINARY_PUBLISHED_PCR_TARGET,2026-07-27,2026-07-27T11:30:00+05:30,CE,11247.76,ORDINARY_PUBLISHED_PCR,MODELED_LIMIT_MISS,"[{""contract"": ""NSE_FO|63937|28-07-2026"", ""status"": ""ORDER_CREATED""}]",NSE_FO|63937|28-07-2026,23950.0,65,65,89.20,,,,,,,,,
recent,ORDINARY_PUBLISHED_PCR_TARGET,2026-07-30,2026-07-30T10:45:00+05:30,CE,11247.76,ORDINARY_PUBLISHED_PCR,MODELED_EXIT,"[{""contract"": ""NSE_FO|65806|04-08-2026"", ""status"": ""ORDER_CREATED""}]",NSE_FO|65806|04-08-2026,24250.0,65,65,110.60,106.80,2026-07-30T10:46:00+05:30,131.30,2026-07-30T15:25:00+05:30,TIMED_CLOSE,1524.74,67.76,12772.50,1.229400749063670411985018727
recent,ORDINARY_PUBLISHED_PCR_TARGET,2026-07-31,2026-07-31T11:25:00+05:30,CE,12772.50,ORDINARY_PUBLISHED_PCR,MODELED_EXIT,"[{""contract"": ""NSE_FO|65852|04-08-2026"", ""status"": ""ORDER_CREATED""}]",NSE_FO|65852|04-08-2026,24350.0,65,65,106.80,103.60,2026-07-31T11:26:00+05:30,101.30,2026-07-31T15:25:00+05:30,TIMED_CLOSE,-213.35,63.85,12559.15,0.9777992277992277992277992278
recent,ORDINARY_PUBLISHED_PCR_TARGET,2026-08-05,2026-08-05T10:00:00+05:30,PE,12559.15,ORDINARY_PUBLISHED_PCR,MODELED_EXIT,"[{""contract"": ""NSE_FO|41016|11-08-2026"", ""status"": ""ORDER_CREATED""}]",NSE_FO|41016|11-08-2026,24600.0,65,65,126.20,116.80,2026-08-05T10:01:00+05:30,131.70,2026-08-05T15:35:00+05:30,TIMED_CLOSE,900.46,68.04,13459.61,1.127568493150684931506849315
recent,ORDINARY_PUBLISHED_PCR_TARGET,2026-08-06,2026-08-06T10:05:00+05:30,PE,13459.61,ORDINARY_PUBLISHED_PCR,MODELED_EXIT,"[{""contract"": ""NSE_FO|41016|11-08-2026"", ""status"": ""ORDER_CREATED""}]",NSE_FO|41016|11-08-2026,24600.0,65,65,118.10,117.5,2026-08-06T10:06:00+05:30,81.65,2026-08-06T15:35:00+05:30,TIMED_CLOSE,-2391.95,61.70,11067.66,0.6948936170212765957446808511
recent,ORDINARY_PUBLISHED_PCR_TARGET,2026-08-10,2026-08-10T14:50:00+05:30,PE,11067.66,ORDINARY_PUBLISHED_PCR,MODELED_EXIT,"[{""contract"": ""NSE_FO|41014|11-08-2026"", ""status"": ""ORDER_CREATED""}]",NSE_FO|41014|11-08-2026,24550.0,65,130,64.45,60.90,2026-08-10T14:51:00+05:30,48.30,2026-08-10T15:35:00+05:30,TIMED_CLOSE,-1702.23,64.23,9365.43,0.7931034482758620689655172414
recent,ORDINARY_PUBLISHED_PCR_TARGET,2026-08-12,2026-08-12T10:00:00+05:30,PE,9365.43,ORDINARY_PUBLISHED_PCR,MODELED_EXIT,"[{""contract"": ""NSE_FO|45107|18-08-2026"", ""status"": ""ORDER_CREATED""}]",NSE_FO|45107|18-08-2026,24400.0,65,65,128.10,126.0,2026-08-12T10:01:00+05:30,99.75,2026-08-12T15:35:00+05:30,TIMED_CLOSE,-1770.66,64.41,7594.77,0.7916666666666666666666666667
recent,ORDINARY_PUBLISHED_PCR_TARGET,2026-08-13,2026-08-13T10:30:00+05:30,PE,7594.77,ORDINARY_PUBLISHED_PCR,MODELED_EXIT,"[{""contract"": ""NSE_FO|45103|18-08-2026"", ""status"": ""ORDER_CREATED""}]",NSE_FO|45103|18-08-2026,24300.0,65,65,85.30,83.15,2026-08-13T10:31:00+05:30,40.35,2026-08-13T13:58:00+05:30,STOP,-2837.65,55.65,4757.12,0.4852675886951292844257366206
recent,ORDINARY_PUBLISHED_PCR_TARGET,2026-08-17,2026-08-17T12:00:00+05:30,CE,4757.12,ORDINARY_PUBLISHED_PCR,MODELED_EXIT,"[{""contract"": ""NSE_FO|45100|18-08-2026"", ""status"": ""UNAFFORDABLE_OR_PAST_CAPACITY""}, {""contract"": ""NSE_FO|45102|18-08-2026"", ""status"": ""ORDER_CREATED""}]",NSE_FO|45102|18-08-2026,24300.0,65,65,60.05,58.35,2026-08-17T12:01:00+05:30,116.70,2026-08-17T13:04:00+05:30,TARGET_2X,3727.72,65.03,8484.84,2
recent,ORDINARY_PUBLISHED_PCR_TARGET,2026-08-19,2026-08-19T10:20:00+05:30,PE,8484.84,ORDINARY_PUBLISHED_PCR,MODELED_EXIT,"[{""contract"": ""NSE_FO|61609|25-08-2026"", ""status"": ""ORDER_CREATED""}]",NSE_FO|61609|25-08-2026,24050.0,65,65,95.20,94.25,2026-08-19T10:21:00+05:30,85.35,2026-08-19T15:35:00+05:30,TIMED_CLOSE,-640.66,62.16,7844.18,0.9055702917771883289124668435
recent,ORDINARY_PUBLISHED_PCR_TARGET,2026-08-27,2026-08-27T10:05:00+05:30,PE,7844.18,ORDINARY_PUBLISHED_PCR,MODELED_LIMIT_MISS,"[{""contract"": ""NSE_FO|46994|01-09-2026"", ""status"": ""ORDER_CREATED""}]",NSE_FO|46994|01-09-2026,24200.0,65,65,88.15,,,,,,,,,
recent,ORDINARY_PUBLISHED_PCR_TARGET,2026-08-28,2026-08-28T11:30:00+05:30,PE,7844.18,ORDINARY_PUBLISHED_PCR,MODELED_EXIT,"[{""contract"": ""NSE_FO|46990|01-09-2026"", ""status"": ""ORDER_CREATED""}]",NSE_FO|46990|01-09-2026,24100.0,65,65,60.45,58.5,2026-08-28T11:31:00+05:30,35.30,2026-08-28T15:35:00+05:30,TIMED_CLOSE,-1562.83,54.83,6281.35,0.6034188034188034188034188034
recent,ORDINARY_PUBLISHED_PCR_TARGET,2026-08-31,2026-08-31T11:55:00+05:30,CE,6281.35,ORDINARY_PUBLISHED_PCR,MODELED_LIMIT_MISS,"[{""contract"": ""NSE_FO|46987|01-09-2026"", ""status"": ""UNAFFORDABLE_OR_PAST_CAPACITY""}, {""contract"": ""NSE_FO|46989|01-09-2026"", ""status"": ""ORDER_CREATED""}]",NSE_FO|46989|01-09-2026,24100.0,65,65,88.50,,,,,,,,,
recent,ORDINARY_PUBLISHED_PCR_TARGET,2026-09-02,2026-09-02T11:05:00+05:30,PE,6281.35,ORDINARY_PUBLISHED_PCR,MODELED_EXIT,"[{""contract"": ""NSE_FO|42634|08-09-2026"", ""status"": ""UNAFFORDABLE_OR_PAST_CAPACITY""}, {""contract"": ""NSE_FO|42632|08-09-2026"", ""status"": ""UNAFFORDABLE_OR_PAST_CAPACITY""}, {""contract"": ""NSE_FO|42630|08-09-2026"", ""status"": ""ORDER_CREATED""}]",NSE_FO|42630|08-09-2026,23750.0,65,65,90.20,88.30,2026-09-02T11:06:00+05:30,61.80,2026-09-02T15:35:00+05:30,TIMED_CLOSE,-1781.86,59.36,4499.49,0.6998867497168742921857304643
recent,ORDINARY_PUBLISHED_PCR_TARGET,2026-09-16,2026-09-16T10:10:00+05:30,PE,4499.49,ORDINARY_PUBLISHED_PCR,NO_AFFORDABLE_LIQUID_CONTRACT,"[{""contract"": ""NSE_FO|56981"", ""status"": ""UNAFFORDABLE_OR_PAST_CAPACITY""}, {""contract"": ""NSE_FO|56979"", ""status"": ""UNAFFORDABLE_OR_PAST_CAPACITY""}, {""contract"": ""NSE_FO|56977"", ""status"": ""UNAFFORDABLE_OR_PAST_CAPACITY""}, {""contract"": ""NSE_FO|56966"", ""status"": ""UNAFFORDABLE_OR_PAST_CAPACITY""}]",,,,,,,,,,,,,,
recent,ORDINARY_PUBLISHED_PCR_TARGET,2026-09-17,2026-09-17T10:00:00+05:30,CE,4499.49,ORDINARY_PUBLISHED_PCR,MODELED_EXIT,"[{""contract"": ""NSE_FO|56985"", ""status"": ""UNAFFORDABLE_OR_PAST_CAPACITY""}, {""contract"": ""NSE_FO|56995"", ""status"": ""UNAFFORDABLE_OR_PAST_CAPACITY""}, {""contract"": ""NSE_FO|56999"", ""status"": ""UNAFFORDABLE_OR_PAST_CAPACITY""}, {""contract"": ""NSE_FO|57003"", ""status"": ""ORDER_CREATED""}]",NSE_FO|57003,23450.0,65,65,65.05,63.5,2026-09-17T10:01:00+05:30,51.10,2026-09-17T15:35:00+05:30,TIMED_CLOSE,-862.39,56.39,3637.10,0.8047244094488188976377952756
recent,ORDINARY_PUBLISHED_PCR_TRAIL,2026-06-22,2026-06-22T15:05:00+05:30,PE,9411.18,ORDINARY_PUBLISHED_PCR,MODELED_LIMIT_MISS,"[{""contract"": ""NSE_FO|56377|23-06-2026"", ""status"": ""ORDER_CREATED""}]",NSE_FO|56377|23-06-2026,24100.0,65,130,55.50,,,,,,,,,
recent,ORDINARY_PUBLISHED_PCR_TRAIL,2026-06-24,2026-06-24T10:00:00+05:30,PE,9411.18,ORDINARY_PUBLISHED_PCR,MODELED_EXIT,"[{""contract"": ""NSE_FO|79714|30-06-2026"", ""status"": ""UNAFFORDABLE_OR_PAST_CAPACITY""}, {""contract"": ""NSE_FO|79712|30-06-2026"", ""status"": ""UNAFFORDABLE_OR_PAST_CAPACITY""}, {""contract"": ""NSE_FO|79710|30-06-2026"", ""status"": ""ORDER_CREATED""}]",NSE_FO|79710|30-06-2026,23750.0,65,65,116.00,100.0,2026-06-24T10:01:00+05:30,48.90,2026-06-24T13:15:00+05:30,STOP,-3378.81,57.31,6032.37,0.489
recent,ORDINARY_PUBLISHED_PCR_TRAIL,2026-06-25,2026-06-25T10:00:00+05:30,CE,6032.37,ORDINARY_PUBLISHED_PCR,MODELED_EXIT,"[{""contract"": ""NSE_FO|79736|30-06-2026"", ""status"": ""UNAFFORDABLE_OR_PAST_CAPACITY""}, {""contract"": ""NSE_FO|79738|30-06-2026"", ""status"": ""ORDER_CREATED""}]",NSE_FO|79738|30-06-2026,24250.0,65,65,84.95,78.95,2026-06-25T10:01:00+05:30,58.10,2026-06-25T14:14:00+05:30,STOP,-1413.26,58.01,4619.11,0.7359088030398986700443318556
recent,ORDINARY_PUBLISHED_PCR_TRAIL,2026-06-29,2026-06-29T10:05:00+05:30,PE,4619.11,ORDINARY_PUBLISHED_PCR,MODELED_EXIT,"[{""contract"": ""NSE_FO|79731|30-06-2026"", ""status"": ""UNAFFORDABLE_OR_PAST_CAPACITY""}, {""contract"": ""NSE_FO|71473|30-06-2026"", ""status"": ""ORDER_CREATED""}]",NSE_FO|71473|30-06-2026,24000.0,65,65,65.10,59.0,2026-06-29T10:06:00+05:30,91.10,2026-06-29T15:25:00+05:30,TIMED_CLOSE,2025.13,61.37,6644.24,1.544067796610169491525423729
recent,ORDINARY_PUBLISHED_PCR_TRAIL,2026-07-01,2026-07-01T10:00:00+05:30,CE,6644.24,ORDINARY_PUBLISHED_PCR,NO_AFFORDABLE_LIQUID_CONTRACT,"[{""contract"": ""NSE_FO|44620|07-07-2026"", ""status"": ""UNAFFORDABLE_OR_PAST_CAPACITY""}, {""contract"": ""NSE_FO|44622|07-07-2026"", ""status"": ""UNAFFORDABLE_OR_PAST_CAPACITY""}, {""contract"": ""NSE_FO|44633|07-07-2026"", ""status"": ""UNAFFORDABLE_OR_PAST_CAPACITY""}, {""contract"": ""NSE_FO|44635|07-07-2026"", ""status"": ""UNAFFORDABLE_OR_PAST_CAPACITY""}]",,,,,,,,,,,,,,
recent,ORDINARY_PUBLISHED_PCR_TRAIL,2026-07-02,2026-07-02T14:40:00+05:30,CE,6644.24,ORDINARY_PUBLISHED_PCR,MODELED_LIMIT_MISS,"[{""contract"": ""NSE_FO|44635|07-07-2026"", ""status"": ""UNAFFORDABLE_OR_PAST_CAPACITY""}, {""contract"": ""NSE_FO|44640|07-07-2026"", ""status"": ""UNAFFORDABLE_OR_PAST_CAPACITY""}, {""contract"": ""NSE_FO|44642|07-07-2026"", ""status"": ""ORDER_CREATED""}]",NSE_FO|44642|07-07-2026,24250.0,65,65,93.15,,,,,,,,,
recent,ORDINARY_PUBLISHED_PCR_TRAIL,2026-07-06,2026-07-06T14:50:00+05:30,PE,6644.24,ORDINARY_PUBLISHED_PCR,MODELED_EXIT,"[{""contract"": ""NSE_FO|44655|07-07-2026"", ""status"": ""ORDER_CREATED""}]",NSE_FO|44655|07-07-2026,24400.0,65,65,75.55,71.0,2026-07-06T14:51:00+05:30,48.95,2026-07-06T15:25:00+05:30,TIMED_CLOSE,-1489.78,56.53,5154.46,0.6894366197183098591549295775
recent,ORDINARY_PUBLISHED_PCR_TRAIL,2026-07-08,2026-07-08T12:10:00+05:30,PE,5154.46,ORDINARY_PUBLISHED_PCR,NO_AFFORDABLE_LIQUID_CONTRACT,"[{""contract"": ""NSE_FO|51384|14-07-2026"", ""status"": ""UNAFFORDABLE_OR_PAST_CAPACITY""}, {""contract"": ""NSE_FO|51380|14-07-2026"", ""status"": ""UNAFFORDABLE_OR_PAST_CAPACITY""}, {""contract"": ""NSE_FO|51378|14-07-2026"", ""status"": ""UNAFFORDABLE_OR_PAST_CAPACITY""}, {""contract"": ""NSE_FO|51376|14-07-2026"", ""status"": ""UNAFFORDABLE_OR_PAST_CAPACITY""}]",,,,,,,,,,,,,,
recent,ORDINARY_PUBLISHED_PCR_TRAIL,2026-07-09,2026-07-09T10:50:00+05:30,PE,5154.46,ORDINARY_PUBLISHED_PCR,NO_AFFORDABLE_LIQUID_CONTRACT,"[{""contract"": ""NSE_FO|51371|14-07-2026"", ""status"": ""UNAFFORDABLE_OR_PAST_CAPACITY""}, {""contract"": ""NSE_FO|51367|14-07-2026"", ""status"": ""UNAFFORDABLE_OR_PAST_CAPACITY""}, {""contract"": ""NSE_FO|51365|14-07-2026"", ""status"": ""UNAFFORDABLE_OR_PAST_CAPACITY""}, {""contract"": ""NSE_FO|51363|14-07-2026"", ""status"": ""UNAFFORDABLE_OR_PAST_CAPACITY""}]",,,,,,,,,,,,,,
recent,ORDINARY_PUBLISHED_PCR_TRAIL,2026-07-10,2026-07-10T12:30:00+05:30,CE,5154.46,ORDINARY_PUBLISHED_PCR,MODELED_EXIT,"[{""contract"": ""NSE_FO|51379|14-07-2026"", ""status"": ""UNAFFORDABLE_OR_PAST_CAPACITY""}, {""contract"": ""NSE_FO|51381|14-07-2026"", ""status"": ""UNAFFORDABLE_OR_PAST_CAPACITY""}, {""contract"": ""NSE_FO|51385|14-07-2026"", ""status"": ""ORDER_CREATED""}]",NSE_FO|51385|14-07-2026,24300.0,65,65,61.55,58.80,2026-07-10T12:31:00+05:30,53.70,2026-07-10T15:25:00+05:30,TIMED_CLOSE,-388.83,57.33,4765.63,0.9132653061224489795918367347
recent,ORDINARY_PUBLISHED_PCR_TRAIL,2026-07-13,2026-07-13T10:00:00+05:30,CE,4765.63,ORDINARY_PUBLISHED_PCR,MODELED_EXIT,"[{""contract"": ""NSE_FO|51375|14-07-2026"", ""status"": ""UNAFFORDABLE_OR_PAST_CAPACITY""}, {""contract"": ""NSE_FO|51377|14-07-2026"", ""status"": ""UNAFFORDABLE_OR_PAST_CAPACITY""}, {""contract"": ""NSE_FO|51379|14-07-2026"", ""status"": ""ORDER_CREATED""}]",NSE_FO|51379|14-07-2026,24200.0,65,65,53.65,52.80,2026-07-13T10:01:00+05:30,78.05,2026-07-13T15:25:00+05:30,TIMED_CLOSE,1581.42,59.83,6347.05,1.478219696969696969696969697
recent,ORDINARY_PUBLISHED_PCR_TRAIL,2026-07-15,2026-07-15T11:45:00+05:30,PE,6347.05,ORDINARY_PUBLISHED_PCR,NO_AFFORDABLE_LIQUID_CONTRACT,"[{""contract"": ""NSE_FO|57347|21-07-2026"", ""status"": ""UNAFFORDABLE_OR_PAST_CAPACITY""}, {""contract"": ""NSE_FO|57345|21-07-2026"", ""status"": ""UNAFFORDABLE_OR_PAST_CAPACITY""}, {""contract"": ""NSE_FO|57343|21-07-2026"", ""status"": ""UNAFFORDABLE_OR_PAST_CAPACITY""}, {""contract"": ""NSE_FO|57341|21-07-2026"", ""status"": ""UNAFFORDABLE_OR_PAST_CAPACITY""}]",,,,,,,,,,,,,,
recent,ORDINARY_PUBLISHED_PCR_TRAIL,2026-07-20,2026-07-20T10:20:00+05:30,CE,6347.05,ORDINARY_PUBLISHED_PCR,MODELED_EXIT,"[{""contract"": ""NSE_FO|57350|21-07-2026"", ""status"": ""ORDER_CREATED""}]",NSE_FO|57350|21-07-2026,24250.0,65,65,73.65,67.40,2026-07-20T10:21:00+05:30,32.65,2026-07-20T12:48:00+05:30,STOP,-2313.75,55.00,4033.30,0.4844213649851632047477744807
recent,ORDINARY_PUBLISHED_PCR_TRAIL,2026-07-22,2026-07-22T10:25:00+05:30,PE,4033.30,ORDINARY_PUBLISHED_PCR,NO_AFFORDABLE_LIQUID_CONTRACT,"[{""contract"": ""NSE_FO|63940|28-07-2026"", ""status"": ""UNAFFORDABLE_OR_PAST_CAPACITY""}, {""contract"": ""NSE_FO|63938|28-07-2026"", ""status"": ""UNAFFORDABLE_OR_PAST_CAPACITY""}, {""contract"": ""NSE_FO|63936|28-07-2026"", ""status"": ""UNAFFORDABLE_OR_PAST_CAPACITY""}, {""contract"": ""NSE_FO|63934|28-07-2026"", ""status"": ""UNAFFORDABLE_OR_PAST_CAPACITY""}]",,,,,,,,,,,,,,
recent,ORDINARY_PUBLISHED_PCR_TRAIL,2026-07-23,2026-07-23T11:30:00+05:30,PE,4033.30,ORDINARY_PUBLISHED_PCR,NO_AFFORDABLE_LIQUID_CONTRACT,"[{""contract"": ""NSE_FO|63938|28-07-2026"", ""status"": ""UNAFFORDABLE_OR_PAST_CAPACITY""}, {""contract"": ""NSE_FO|63936|28-07-2026"", ""status"": ""UNAFFORDABLE_OR_PAST_CAPACITY""}, {""contract"": ""NSE_FO|63934|28-07-2026"", ""status"": ""UNAFFORDABLE_OR_PAST_CAPACITY""}, {""contract"": ""NSE_FO|63930|28-07-2026"", ""status"": ""UNAFFORDABLE_OR_PAST_CAPACITY""}]",,,,,,,,,,,,,,
recent,ORDINARY_PUBLISHED_PCR_TRAIL,2026-07-27,2026-07-27T11:30:00+05:30,CE,4033.30,ORDINARY_PUBLISHED_PCR,MODELED_LIMIT_MISS,"[{""contract"": ""NSE_FO|63937|28-07-2026"", ""status"": ""UNAFFORDABLE_OR_PAST_CAPACITY""}, {""contract"": ""NSE_FO|63939|28-07-2026"", ""status"": ""UNAFFORDABLE_OR_PAST_CAPACITY""}, {""contract"": ""NSE_FO|63941|28-07-2026"", ""status"": ""ORDER_CREATED""}]",NSE_FO|63941|28-07-2026,24050.0,65,65,41.75,,,,,,,,,
recent,ORDINARY_PUBLISHED_PCR_TRAIL,2026-07-30,2026-07-30T10:45:00+05:30,CE,4033.30,ORDINARY_PUBLISHED_PCR,MODELED_EXIT,"[{""contract"": ""NSE_FO|65806|04-08-2026"", ""status"": ""UNAFFORDABLE_OR_PAST_CAPACITY""}, {""contract"": ""NSE_FO|65808|04-08-2026"", ""status"": ""UNAFFORDABLE_OR_PAST_CAPACITY""}, {""contract"": ""NSE_FO|65852|04-08-2026"", ""status"": ""UNAFFORDABLE_OR_PAST_CAPACITY""}, {""contract"": ""NSE_FO|65854|04-08-2026"", ""status"": ""ORDER_CREATED""}]",NSE_FO|65854|04-08-2026,24400.0,65,65,47.25,45.65,2026-07-30T10:46:00+05:30,41.30,2026-07-30T14:22:00+05:30,STOP,-338.39,55.64,3694.91,0.9047097480832420591456736035
recent,ORDINARY_PUBLISHED_PCR_TRAIL,2026-07-31,2026-07-31T11:25:00+05:30,CE,3694.91,ORDINARY_PUBLISHED_PCR,MODELED_EXIT,"[{""contract"": ""NSE_FO|65852|04-08-2026"", ""status"": ""UNAFFORDABLE_OR_PAST_CAPACITY""}, {""contract"": ""NSE_FO|65854|04-08-2026"", ""status"": ""UNAFFORDABLE_OR_PAST_CAPACITY""}, {""contract"": ""NSE_FO|65858|04-08-2026"", ""status"": ""UNAFFORDABLE_OR_PAST_CAPACITY""}, {""contract"": ""NSE_FO|65860|04-08-2026"", ""status"": ""ORDER_CREATED""}]",NSE_FO|65860|04-08-2026,24500.0,65,65,39.05,38.30,2026-07-31T11:26:00+05:30,35.25,2026-07-31T15:25:00+05:30,TIMED_CLOSE,-252.53,54.28,3442.38,0.9203655352480417754569190601
recent,ORDINARY_PUBLISHED_PCR_TRAIL,2026-08-05,2026-08-05T10:00:00+05:30,PE,3442.38,ORDINARY_PUBLISHED_PCR,NO_AFFORDABLE_LIQUID_CONTRACT,"[{""contract"": ""NSE_FO|41016|11-08-2026"", ""status"": ""UNAFFORDABLE_OR_PAST_CAPACITY""}, {""contract"": ""NSE_FO|41014|11-08-2026"", ""status"": ""UNAFFORDABLE_OR_PAST_CAPACITY""}, {""contract"": ""NSE_FO|41012|11-08-2026"", ""status"": ""UNAFFORDABLE_OR_PAST_CAPACITY""}, {""contract"": ""NSE_FO|41010|11-08-2026"", ""status"": ""UNAFFORDABLE_OR_PAST_CAPACITY""}]",,,,,,,,,,,,,,
recent,ORDINARY_PUBLISHED_PCR_TRAIL,2026-08-06,2026-08-06T10:05:00+05:30,PE,3442.38,ORDINARY_PUBLISHED_PCR,NO_AFFORDABLE_LIQUID_CONTRACT,"[{""contract"": ""NSE_FO|41016|11-08-2026"", ""status"": ""UNAFFORDABLE_OR_PAST_CAPACITY""}, {""contract"": ""NSE_FO|41014|11-08-2026"", ""status"": ""UNAFFORDABLE_OR_PAST_CAPACITY""}, {""contract"": ""NSE_FO|41012|11-08-2026"", ""status"": ""UNAFFORDABLE_OR_PAST_CAPACITY""}, {""contract"": ""NSE_FO|41010|11-08-2026"", ""status"": ""UNAFFORDABLE_OR_PAST_CAPACITY""}]",,,,,,,,,,,,,,
recent,ORDINARY_PUBLISHED_PCR_TRAIL,2026-08-10,2026-08-10T14:50:00+05:30,PE,3442.38,ORDINARY_PUBLISHED_PCR,MODELED_EXIT,"[{""contract"": ""NSE_FO|41014|11-08-2026"", ""status"": ""UNAFFORDABLE_OR_PAST_CAPACITY""}, {""contract"": ""NSE_FO|41012|11-08-2026"", ""status"": ""ORDER_CREATED""}]",NSE_FO|41012|11-08-2026,24500.0,65,65,45.95,43.20,2026-08-10T14:51:00+05:30,32.70,2026-08-10T15:35:00+05:30,TIMED_CLOSE,-736.84,54.34,2705.54,0.7569444444444444444444444444
recent,ORDINARY_PUBLISHED_PCR_TRAIL,2026-08-12,2026-08-12T10:00:00+05:30,PE,2705.54,ORDINARY_PUBLISHED_PCR,NO_AFFORDABLE_LIQUID_CONTRACT,"[{""contract"": ""NSE_FO|45107|18-08-2026"", ""status"": ""UNAFFORDABLE_OR_PAST_CAPACITY""}, {""contract"": ""NSE_FO|45105|18-08-2026"", ""status"": ""UNAFFORDABLE_OR_PAST_CAPACITY""}, {""contract"": ""NSE_FO|45103|18-08-2026"", ""status"": ""UNAFFORDABLE_OR_PAST_CAPACITY""}, {""contract"": ""NSE_FO|45101|18-08-2026"", ""status"": ""UNAFFORDABLE_OR_PAST_CAPACITY""}]",,,,,,,,,,,,,,
recent,ORDINARY_PUBLISHED_PCR_TRAIL,2026-08-13,2026-08-13T10:30:00+05:30,PE,2705.54,ORDINARY_PUBLISHED_PCR,MODELED_EXIT,"[{""contract"": ""NSE_FO|45103|18-08-2026"", ""status"": ""UNAFFORDABLE_OR_PAST_CAPACITY""}, {""contract"": ""NSE_FO|45101|18-08-2026"", ""status"": ""UNAFFORDABLE_OR_PAST_CAPACITY""}, {""contract"": ""NSE_FO|45099|18-08-2026"", ""status"": ""UNAFFORDABLE_OR_PAST_CAPACITY""}, {""contract"": ""NSE_FO|45097|18-08-2026"", ""status"": ""ORDER_CREATED""}]",NSE_FO|45097|18-08-2026,24150.0,65,65,38.65,37.55,2026-08-13T10:31:00+05:30,18.40,2026-08-13T13:43:00+05:30,STOP,-1296.55,51.80,1408.99,0.4900133155792276964047936085
recent,ORDINARY_PUBLISHED_PCR_TRAIL,2026-08-17,2026-08-17T12:00:00+05:30,CE,1408.99,ORDINARY_PUBLISHED_PCR,NO_AFFORDABLE_LIQUID_CONTRACT,"[{""contract"": ""NSE_FO|45100|18-08-2026"", ""status"": ""UNAFFORDABLE_OR_PAST_CAPACITY""}, {""contract"": ""NSE_FO|45102|18-08-2026"", ""status"": ""UNAFFORDABLE_OR_PAST_CAPACITY""}, {""contract"": ""NSE_FO|45104|18-08-2026"", ""status"": ""UNAFFORDABLE_OR_PAST_CAPACITY""}, {""contract"": ""NSE_FO|45106|18-08-2026"", ""status"": ""UNAFFORDABLE_OR_PAST_CAPACITY""}]",,,,,,,,,,,,,,
recent,ORDINARY_PUBLISHED_PCR_TRAIL,2026-08-19,2026-08-19T10:20:00+05:30,PE,1408.99,ORDINARY_PUBLISHED_PCR,NO_AFFORDABLE_LIQUID_CONTRACT,"[{""contract"": ""NSE_FO|61609|25-08-2026"", ""status"": ""UNAFFORDABLE_OR_PAST_CAPACITY""}, {""contract"": ""NSE_FO|61604|25-08-2026"", ""status"": ""UNAFFORDABLE_OR_PAST_CAPACITY""}, {""contract"": ""NSE_FO|61588|25-08-2026"", ""status"": ""UNAFFORDABLE_OR_PAST_CAPACITY""}, {""contract"": ""NSE_FO|61586|25-08-2026"", ""status"": ""UNAFFORDABLE_OR_PAST_CAPACITY""}]",,,,,,,,,,,,,,
recent,ORDINARY_PUBLISHED_PCR_TRAIL,2026-08-27,2026-08-27T10:05:00+05:30,PE,1408.99,ORDINARY_PUBLISHED_PCR,NO_AFFORDABLE_LIQUID_CONTRACT,"[{""contract"": ""NSE_FO|46994|01-09-2026"", ""status"": ""UNAFFORDABLE_OR_PAST_CAPACITY""}, {""contract"": ""NSE_FO|46992|01-09-2026"", ""status"": ""UNAFFORDABLE_OR_PAST_CAPACITY""}, {""contract"": ""NSE_FO|46990|01-09-2026"", ""status"": ""UNAFFORDABLE_OR_PAST_CAPACITY""}, {""contract"": ""NSE_FO|46988|01-09-2026"", ""status"": ""UNAFFORDABLE_OR_PAST_CAPACITY""}]",,,,,,,,,,,,,,
recent,ORDINARY_PUBLISHED_PCR_TRAIL,2026-08-28,2026-08-28T11:30:00+05:30,PE,1408.99,ORDINARY_PUBLISHED_PCR,NO_AFFORDABLE_LIQUID_CONTRACT,"[{""contract"": ""NSE_FO|46990|01-09-2026"", ""status"": ""UNAFFORDABLE_OR_PAST_CAPACITY""}, {""contract"": ""NSE_FO|46988|01-09-2026"", ""status"": ""UNAFFORDABLE_OR_PAST_CAPACITY""}, {""contract"": ""NSE_FO|46986|01-09-2026"", ""status"": ""UNAFFORDABLE_OR_PAST_CAPACITY""}, {""contract"": ""NSE_FO|46984|01-09-2026"", ""status"": ""UNAFFORDABLE_OR_PAST_CAPACITY""}]",,,,,,,,,,,,,,
recent,ORDINARY_PUBLISHED_PCR_TRAIL,2026-08-31,2026-08-31T11:55:00+05:30,CE,1408.99,ORDINARY_PUBLISHED_PCR,NO_AFFORDABLE_LIQUID_CONTRACT,"[{""contract"": ""NSE_FO|46987|01-09-2026"", ""status"": ""UNAFFORDABLE_OR_PAST_CAPACITY""}, {""contract"": ""NSE_FO|46989|01-09-2026"", ""status"": ""UNAFFORDABLE_OR_PAST_CAPACITY""}, {""contract"": ""NSE_FO|46991|01-09-2026"", ""status"": ""UNAFFORDABLE_OR_PAST_CAPACITY""}, {""contract"": ""NSE_FO|46993|01-09-2026"", ""status"": ""UNAFFORDABLE_OR_PAST_CAPACITY""}]",,,,,,,,,,,,,,
recent,ORDINARY_PUBLISHED_PCR_TRAIL,2026-09-02,2026-09-02T11:05:00+05:30,PE,1408.99,ORDINARY_PUBLISHED_PCR,NO_AFFORDABLE_LIQUID_CONTRACT,"[{""contract"": ""NSE_FO|42634|08-09-2026"", ""status"": ""UNAFFORDABLE_OR_PAST_CAPACITY""}, {""contract"": ""NSE_FO|42632|08-09-2026"", ""status"": ""UNAFFORDABLE_OR_PAST_CAPACITY""}, {""contract"": ""NSE_FO|42630|08-09-2026"", ""status"": ""UNAFFORDABLE_OR_PAST_CAPACITY""}, {""contract"": ""NSE_FO|42628|08-09-2026"", ""status"": ""UNAFFORDABLE_OR_PAST_CAPACITY""}]",,,,,,,,,,,,,,
recent,ORDINARY_PUBLISHED_PCR_TRAIL,2026-09-16,2026-09-16T10:10:00+05:30,PE,1408.99,ORDINARY_PUBLISHED_PCR,NO_AFFORDABLE_LIQUID_CONTRACT,"[{""contract"": ""NSE_FO|56981"", ""status"": ""UNAFFORDABLE_OR_PAST_CAPACITY""}, {""contract"": ""NSE_FO|56979"", ""status"": ""UNAFFORDABLE_OR_PAST_CAPACITY""}, {""contract"": ""NSE_FO|56977"", ""status"": ""UNAFFORDABLE_OR_PAST_CAPACITY""}, {""contract"": ""NSE_FO|56966"", ""status"": ""UNAFFORDABLE_OR_PAST_CAPACITY""}]",,,,,,,,,,,,,,
recent,ORDINARY_PUBLISHED_PCR_TRAIL,2026-09-17,2026-09-17T10:00:00+05:30,CE,1408.99,ORDINARY_PUBLISHED_PCR,NO_AFFORDABLE_LIQUID_CONTRACT,"[{""contract"": ""NSE_FO|56985"", ""status"": ""UNAFFORDABLE_OR_PAST_CAPACITY""}, {""contract"": ""NSE_FO|56995"", ""status"": ""UNAFFORDABLE_OR_PAST_CAPACITY""}, {""contract"": ""NSE_FO|56999"", ""status"": ""UNAFFORDABLE_OR_PAST_CAPACITY""}, {""contract"": ""NSE_FO|57003"", ""status"": ""UNAFFORDABLE_OR_PAST_CAPACITY""}]",,,,,,,,,,,,,,
recent,ORDINARY_PUBLISHED_PAIN_TARGET,2026-07-01,2026-07-01T10:20:00+05:30,CE,9411.18,ORDINARY_PUBLISHED_PAIN,MODELED_EXIT,"[{""contract"": ""NSE_FO|44620|07-07-2026"", ""status"": ""UNAFFORDABLE_OR_PAST_CAPACITY""}, {""contract"": ""NSE_FO|44622|07-07-2026"", ""status"": ""UNAFFORDABLE_OR_PAST_CAPACITY""}, {""contract"": ""NSE_FO|44633|07-07-2026"", ""status"": ""UNAFFORDABLE_OR_PAST_CAPACITY""}, {""contract"": ""NSE_FO|44635|07-07-2026"", ""status"": ""ORDER_CREATED""}]",NSE_FO|44635|07-07-2026,24150.0,65,65,118.55,117.0,2026-07-01T10:21:00+05:30,88.65,2026-07-01T15:25:00+05:30,TIMED_CLOSE,-1905.63,62.88,7505.55,0.7576923076923076923076923077
recent,ORDINARY_PUBLISHED_PAIN_TARGET,2026-07-13,2026-07-13T12:40:00+05:30,CE,7505.55,ORDINARY_PUBLISHED_PAIN,MODELED_EXIT,"[{""contract"": ""NSE_FO|51379|14-07-2026"", ""status"": ""ORDER_CREATED""}]",NSE_FO|51379|14-07-2026,24200.0,65,65,99.00,97.0,2026-07-13T12:41:00+05:30,78.05,2026-07-13T15:25:00+05:30,TIMED_CLOSE,-1292.79,61.04,6212.76,0.8046391752577319587628865979
recent,ORDINARY_PUBLISHED_PAIN_TRAIL,2026-07-01,2026-07-01T10:20:00+05:30,CE,9411.18,ORDINARY_PUBLISHED_PAIN,MODELED_EXIT,"[{""contract"": ""NSE_FO|44620|07-07-2026"", ""status"": ""UNAFFORDABLE_OR_PAST_CAPACITY""}, {""contract"": ""NSE_FO|44622|07-07-2026"", ""status"": ""UNAFFORDABLE_OR_PAST_CAPACITY""}, {""contract"": ""NSE_FO|44633|07-07-2026"", ""status"": ""UNAFFORDABLE_OR_PAST_CAPACITY""}, {""contract"": ""NSE_FO|44635|07-07-2026"", ""status"": ""ORDER_CREATED""}]",NSE_FO|44635|07-07-2026,24150.0,65,65,118.55,117.0,2026-07-01T10:21:00+05:30,88.65,2026-07-01T15:25:00+05:30,TIMED_CLOSE,-1905.63,62.88,7505.55,0.7576923076923076923076923077
recent,ORDINARY_PUBLISHED_PAIN_TRAIL,2026-07-13,2026-07-13T12:40:00+05:30,CE,7505.55,ORDINARY_PUBLISHED_PAIN,MODELED_EXIT,"[{""contract"": ""NSE_FO|51379|14-07-2026"", ""status"": ""ORDER_CREATED""}]",NSE_FO|51379|14-07-2026,24200.0,65,65,99.00,97.0,2026-07-13T12:41:00+05:30,78.05,2026-07-13T15:25:00+05:30,TIMED_CLOSE,-1292.79,61.04,6212.76,0.8046391752577319587628865979
