engine,seed,stopped,gaps,terminal_conditional_cash,last_resolved_cash,trades,wins,targets,drawdown
EVENT_CONTINUATION,0,True,100,,6119.39,2,0,0,0.3497744172356707660463406289
EVENT_CONTINUATION,1,True,91,,5014.79,2,0,0,0.4671454589116348853172503342
EVENT_CONTINUATION,2,True,84,,4644.72,2,0,0,0.5064678393145174143943692502
EVENT_CONTINUATION,3,True,46,,2574.15,3,0,0,0.7264795700432889393253555877
EVENT_CONTINUATION,4,True,45,,4417.28,2,0,0,0.5306348406894778338104254727
EVENT_CONTINUATION,5,True,55,,4417.28,2,0,0,0.5306348406894778338104254727
EVENT_CONTINUATION,6,True,82,,5145.45,2,0,0,0.4532619713999732233364997800
EVENT_CONTINUATION,7,True,90,,2956.10,3,0,0,0.6858948612182531839790546988
EVENT_CONTINUATION,8,True,174,,4726.69,5,1,1,0.6925635255090222480071574447
EVENT_CONTINUATION,9,False,162,1698.64,1698.64,6,1,0,0.8195082869523269133094893520
EVENT_CONTINUATION,10,True,86,,2956.10,3,0,0,0.6858948612182531839790546988
EVENT_CONTINUATION,11,False,167,3800.90,3800.90,6,1,1,0.7301624238405810961005952495
EVENT_CONTINUATION,12,False,163,2852.31,2852.31,9,2,2,0.7555237494129322784177967056
EVENT_CONTINUATION,13,True,37,,10196.93,1,1,0,0
EVENT_CONTINUATION,14,True,95,,2801.59,3,0,0,0.7023125686683285199092993652
EVENT_CONTINUATION,15,True,33,,10196.93,1,1,0,0
EVENT_CONTINUATION,16,False,158,1561.51,1561.51,4,0,0,0.8340792546736966034014863173
EVENT_CONTINUATION,17,False,178,1901.48,1901.48,6,1,0,0.7979551979666736796023452957
EVENT_CONTINUATION,18,True,86,,2801.59,3,0,0,0.7023125686683285199092993652
EVENT_CONTINUATION,19,True,47,,4417.28,2,0,0,0.5306348406894778338104254727
EVENT_CONTINUATION,20,False,160,1149.12,1149.12,4,0,0,0.8778984144389970226900346184
EVENT_CONTINUATION,21,True,97,,4632.84,2,0,0,0.5077301677366706406635512231
EVENT_CONTINUATION,22,False,157,1952.21,1952.21,5,1,0,0.8328169262515433771323043444
EVENT_CONTINUATION,23,False,154,1307.85,1307.85,5,0,0,0.8610323041318941939267977023
EVENT_CONTINUATION,24,True,38,,10196.93,1,1,0,0
EVENT_CONTINUATION,25,False,160,2914.59,2914.59,4,0,0,0.6903055727337060814903125857
EVENT_CONTINUATION,26,True,101,,4787.35,2,0,0,0.4913124602865953047333065567
EVENT_CONTINUATION,27,True,175,,3787.16,4,1,1,0.7789968951821131887818530726
EVENT_CONTINUATION,28,True,42,,10894.71,1,1,0,0
EVENT_CONTINUATION,29,True,88,,4787.35,2,0,0,0.4913124602865953047333065567
EVENT_CONTINUATION,30,True,67,,6475.97,1,0,0,0.3118854383828595351486211081
EVENT_CONTINUATION,31,True,82,,6475.97,1,0,0,0.3118854383828595351486211081
EVENT_CONTINUATION,32,False,190,3432.69,3432.69,6,1,1,0.7076423997840865863791788065
EVENT_CONTINUATION,33,True,93,,4632.84,2,0,0,0.5077301677366706406635512231
EVENT_CONTINUATION,34,False,166,1617.15,1617.15,5,1,0,0.8515655763209851386590372759
EVENT_CONTINUATION,35,True,174,,4246.75,5,1,1,0.7301624238405810961005952495
EVENT_CONTINUATION,36,True,83,,4644.72,2,0,0,0.5064678393145174143943692502
EVENT_CONTINUATION,37,True,84,,4632.84,2,0,0,0.5077301677366706406635512231
EVENT_CONTINUATION,38,True,40,,9411.18,0,0,0,0
EVENT_CONTINUATION,39,False,157,1321.34,1321.34,6,0,0,0.8595989025818228957473983071
EVENT_CONTINUATION,40,False,161,2509.65,2509.65,6,1,0,0.7333331208201309506353082185
EVENT_CONTINUATION,41,True,80,,3765.44,2,0,0,0.5998971436100467741558444318
EVENT_CONTINUATION,42,False,168,2679.63,2679.63,5,1,0,0.7555237494129322784177967056
EVENT_CONTINUATION,43,True,46,,4417.28,2,0,0,0.5306348406894778338104254727
EVENT_CONTINUATION,44,True,51,,4417.28,2,0,0,0.5306348406894778338104254727
EVENT_CONTINUATION,45,True,50,,2574.15,3,0,0,0.7264795700432889393253555877
EVENT_CONTINUATION,46,False,130,12483.07,12483.07,11,5,2,0.4236402525073723169620660336
EVENT_CONTINUATION,47,True,88,,4632.84,2,0,0,0.5077301677366706406635512231
EVENT_CONTINUATION,48,True,92,,4787.35,2,0,0,0.4913124602865953047333065567
EVENT_CONTINUATION,49,True,74,,6489.46,2,0,0,0.3104520368327882369692217129
EVENT_CONTINUATION,50,True,91,,5014.79,2,0,0,0.4671454589116348853172503342
EVENT_CONTINUATION,51,True,122,,10679.53,2,1,0,0.0378889788528112308977195208
EVENT_CONTINUATION,52,False,155,3984.68,3984.68,10,3,2,0.7719414568630076143480413721
EVENT_CONTINUATION,53,True,85,,4632.84,2,0,0,0.5077301677366706406635512231
EVENT_CONTINUATION,54,True,87,,4632.84,2,0,0,0.5077301677366706406635512231
EVENT_CONTINUATION,55,True,94,,4417.28,2,0,0,0.5306348406894778338104254727
EVENT_CONTINUATION,56,True,188,,5509.98,7,2,2,0.7091427429929084344364893669
EVENT_CONTINUATION,57,True,37,,10196.93,1,1,0,0
EVENT_CONTINUATION,58,True,41,,10196.93,1,1,0,0
EVENT_CONTINUATION,59,True,94,,5145.45,2,0,0,0.4532619713999732233364997800
EVENT_CONTINUATION,60,True,99,,4417.28,2,0,0,0.5306348406894778338104254727
EVENT_CONTINUATION,61,False,185,2125.55,2125.55,4,0,0,0.7741462813377281063586075285
EVENT_CONTINUATION,62,True,93,,4417.28,2,0,0,0.5306348406894778338104254727
EVENT_CONTINUATION,63,True,90,,2574.15,3,0,0,0.7264795700432889393253555877
EVENT_CONTINUATION,64,True,93,,4787.35,2,0,0,0.4913124602865953047333065567
EVENT_CONTINUATION,65,True,86,,5014.79,2,0,0,0.4671454589116348853172503342
EVENT_CONTINUATION,66,False,172,1382.97,1382.97,4,0,0,0.8530503082504000561034854290
EVENT_CONTINUATION,67,True,99,,4632.84,2,0,0,0.5077301677366706406635512231
EVENT_CONTINUATION,68,True,51,,4417.28,2,0,0,0.5306348406894778338104254727
EVENT_CONTINUATION,69,True,157,,4063.99,9,3,1,0.7054103539006347989051606709
EVENT_CONTINUATION,70,False,174,1522.66,1522.66,5,0,0,0.8382073236299805125393415066
EVENT_CONTINUATION,71,True,85,,5145.45,2,0,0,0.4532619713999732233364997800
EVENT_CONTINUATION,72,True,48,,2574.15,3,0,0,0.7264795700432889393253555877
EVENT_CONTINUATION,73,True,161,,5562.22,5,1,1,0.6162489719673834736983035071
EVENT_CONTINUATION,74,False,189,7184.49,7184.49,8,3,2,0.7320474159457156275833636165
EVENT_CONTINUATION,75,False,172,5704.93,5704.93,7,3,2,0.6758047343691226817466035077
EVENT_CONTINUATION,76,True,196,,1060.57,4,0,0,0.8873074364744909777519928426
EVENT_CONTINUATION,77,True,86,,5248.97,3,1,0,0.5182092960712125426009503695
EVENT_CONTINUATION,78,True,52,,2574.15,3,0,0,0.7264795700432889393253555877
EVENT_CONTINUATION,79,False,163,3272.16,3272.16,5,1,0,0.6925635255090222480071574447
EVENT_CONTINUATION,80,True,51,,2574.15,3,0,0,0.7264795700432889393253555877
EVENT_CONTINUATION,81,True,57,,2574.15,3,0,0,0.7264795700432889393253555877
EVENT_CONTINUATION,82,True,90,,4787.35,2,0,0,0.4913124602865953047333065567
EVENT_CONTINUATION,83,True,39,,10894.71,1,1,0,0
EVENT_CONTINUATION,84,True,87,,5145.45,2,0,0,0.4532619713999732233364997800
EVENT_CONTINUATION,85,False,157,1547.26,1547.26,5,0,0,0.8355934112406733268304293404
EVENT_CONTINUATION,86,True,44,,10196.93,1,1,0,0
EVENT_CONTINUATION,87,False,160,1345.95,1345.95,4,0,0,0.8569839276265037965483605669
EVENT_CONTINUATION,88,False,153,3617.40,3617.40,7,2,2,0.6516377329941622623305472853
EVENT_CONTINUATION,89,True,88,,4644.72,2,0,0,0.5064678393145174143943692502
EVENT_CONTINUATION,90,True,42,,2574.15,3,0,0,0.7264795700432889393253555877
EVENT_CONTINUATION,91,True,52,,4417.28,2,0,0,0.5306348406894778338104254727
EVENT_CONTINUATION,92,True,89,,6119.39,2,0,0,0.3497744172356707660463406289
EVENT_CONTINUATION,93,True,42,,9411.18,0,0,0,0
EVENT_CONTINUATION,94,False,171,6098.27,6098.27,7,2,2,0.7719414568630076143480413721
EVENT_CONTINUATION,95,True,38,,10196.93,1,1,0,0
EVENT_CONTINUATION,96,True,85,,6846.04,1,0,0,0.2725630579799770060715021921
EVENT_CONTINUATION,97,False,162,2539.49,2539.49,4,0,0,0.7301624238405810961005952495
EVENT_CONTINUATION,98,True,84,,2801.59,3,0,0,0.7023125686683285199092993652
EVENT_CONTINUATION,99,True,37,,10196.93,1,1,0,0
EVENT_CONTINUATION,100,True,88,,2956.10,3,0,0,0.6858948612182531839790546988
EVENT_CONTINUATION,101,True,94,,2956.10,3,0,0,0.6858948612182531839790546988
EVENT_CONTINUATION,102,True,153,,1479.86,5,1,0,0.8548720055938404990521657009
EVENT_CONTINUATION,103,True,48,,10196.93,1,1,0,0
EVENT_CONTINUATION,104,True,154,,5301.50,8,2,2,0.7312951192092808765744571882
EVENT_CONTINUATION,105,True,94,,6119.39,2,0,0,0.3497744172356707660463406289
EVENT_CONTINUATION,106,True,86,,5014.79,2,0,0,0.4671454589116348853172503342
EVENT_CONTINUATION,107,True,94,,2801.59,3,0,0,0.7023125686683285199092993652
EVENT_CONTINUATION,108,True,187,,4407.50,4,1,1,0.7264795700432889393253555877
EVENT_CONTINUATION,109,True,90,,4632.84,2,0,0,0.5077301677366706406635512231
EVENT_CONTINUATION,110,True,94,,4632.84,2,0,0,0.5077301677366706406635512231
EVENT_CONTINUATION,111,False,164,1716.02,1716.02,4,0,0,0.8176615472236212674712416509
EVENT_CONTINUATION,112,True,94,,2574.15,3,0,0,0.7264795700432889393253555877
EVENT_CONTINUATION,113,True,181,,4394.41,5,1,1,0.7144725741086665009063688082
EVENT_CONTINUATION,114,True,87,,4787.35,2,0,0,0.4913124602865953047333065567
EVENT_CONTINUATION,115,True,78,,5248.97,3,1,0,0.5182092960712125426009503695
EVENT_CONTINUATION,116,True,39,,10196.93,1,1,0,0
EVENT_CONTINUATION,117,False,163,3034.48,3034.48,5,2,0,0.7395627899769832684935563939
EVENT_CONTINUATION,118,False,163,1952.21,1952.21,5,1,0,0.8328169262515433771323043444
EVENT_CONTINUATION,119,False,185,1060.57,1060.57,4,0,0,0.8873074364744909777519928426
EVENT_CONTINUATION,120,True,93,,2956.10,3,0,0,0.6858948612182531839790546988
EVENT_CONTINUATION,121,True,163,,1382.97,4,0,0,0.8530503082504000561034854290
EVENT_CONTINUATION,122,True,46,,4417.28,2,0,0,0.5306348406894778338104254727
EVENT_CONTINUATION,123,False,155,1573.39,1573.39,4,0,0,0.8328169262515433771323043444
EVENT_CONTINUATION,124,True,60,,6382.44,2,1,0,0.3740821992501664716733369750
EVENT_CONTINUATION,125,False,166,3166.54,3166.54,7,1,1,0.6751501937057839718292498921
EVENT_CONTINUATION,126,True,42,,10894.71,1,1,0,0
EVENT_CONTINUATION,127,True,55,,9840.35,2,1,0,0.0349693486176721817252839825
EVENT_CONTINUATION,128,False,150,1717.54,1717.54,5,0,0,0.8175000371898104169721543951
EVENT_CONTINUATION,129,True,95,,2956.10,3,0,0,0.6858948612182531839790546988
EVENT_CONTINUATION,130,True,86,,2801.59,3,0,0,0.7023125686683285199092993652
EVENT_CONTINUATION,131,True,48,,4417.28,2,0,0,0.5306348406894778338104254727
EVENT_CONTINUATION,132,True,96,,2956.10,3,0,0,0.6858948612182531839790546988
EVENT_CONTINUATION,133,True,54,,2574.15,3,0,0,0.7264795700432889393253555877
EVENT_CONTINUATION,134,False,182,3576.56,3576.56,4,1,1,0.7171661789488671983746990282
EVENT_CONTINUATION,135,True,91,,2574.15,3,0,0,0.7264795700432889393253555877
EVENT_CONTINUATION,136,True,47,,2574.15,3,0,0,0.7264795700432889393253555877
EVENT_CONTINUATION,137,True,51,,2574.15,3,0,0,0.7264795700432889393253555877
EVENT_CONTINUATION,138,True,48,,2574.15,3,0,0,0.7264795700432889393253555877
EVENT_CONTINUATION,139,False,183,3537.86,3537.86,5,1,1,0.7078804145707552081673073940
EVENT_CONTINUATION,140,True,86,,5145.45,2,0,0,0.4532619713999732233364997800
EVENT_CONTINUATION,141,True,93,,4417.28,2,0,0,0.5306348406894778338104254727
EVENT_CONTINUATION,142,False,174,1522.66,1522.66,5,0,0,0.8382073236299805125393415066
EVENT_CONTINUATION,143,True,77,,6382.44,2,1,0,0.3740821992501664716733369750
EVENT_CONTINUATION,144,True,92,,2956.10,3,0,0,0.6858948612182531839790546988
EVENT_CONTINUATION,145,True,97,,4787.35,2,0,0,0.4913124602865953047333065567
EVENT_CONTINUATION,146,True,92,,4787.35,2,0,0,0.4913124602865953047333065567
EVENT_CONTINUATION,147,True,84,,2801.59,3,0,0,0.7023125686683285199092993652
EVENT_CONTINUATION,148,True,85,,2801.59,3,0,0,0.7023125686683285199092993652
EVENT_CONTINUATION,149,True,167,,5930.32,7,2,2,0.7719414568630076143480413721
EVENT_CONTINUATION,150,True,45,,10894.71,1,1,0,0
EVENT_CONTINUATION,151,True,83,,2801.59,3,0,0,0.7023125686683285199092993652
EVENT_CONTINUATION,152,True,85,,5014.79,2,0,0,0.4671454589116348853172503342
EVENT_CONTINUATION,153,False,175,4320.74,4320.74,10,3,2,0.7078804145707552081673073940
EVENT_CONTINUATION,154,True,190,,4600.60,5,1,1,0.6925635255090222480071574447
EVENT_CONTINUATION,155,True,85,,2801.59,3,0,0,0.7023125686683285199092993652
EVENT_CONTINUATION,156,True,46,,4417.28,2,0,0,0.5306348406894778338104254727
EVENT_CONTINUATION,157,True,78,,6025.86,3,1,0,0.4090515478678386533986209575
EVENT_CONTINUATION,158,True,88,,4644.72,2,0,0,0.5064678393145174143943692502
EVENT_CONTINUATION,159,True,74,,5145.45,2,0,0,0.4532619713999732233364997800
EVENT_CONTINUATION,160,True,173,,6629.51,6,2,2,0.6162489719673834736983035071
EVENT_CONTINUATION,161,True,88,,6119.39,2,0,0,0.3497744172356707660463406289
EVENT_CONTINUATION,162,True,89,,4775.38,2,0,0,0.4925843518028557524136186961
EVENT_CONTINUATION,163,True,102,,2574.15,3,0,0,0.7264795700432889393253555877
EVENT_CONTINUATION,164,True,51,,2574.15,3,0,0,0.7264795700432889393253555877
EVENT_CONTINUATION,165,True,83,,5014.79,2,0,0,0.4671454589116348853172503342
EVENT_CONTINUATION,166,True,82,,5145.45,2,0,0,0.4532619713999732233364997800
EVENT_CONTINUATION,167,True,95,,2574.15,3,0,0,0.7264795700432889393253555877
EVENT_CONTINUATION,168,False,161,1321.34,1321.34,6,0,0,0.8595989025818228957473983071
EVENT_CONTINUATION,169,True,46,,4417.28,2,0,0,0.5306348406894778338104254727
EVENT_CONTINUATION,170,True,89,,5014.79,2,0,0,0.4671454589116348853172503342
EVENT_CONTINUATION,171,True,93,,4644.72,2,0,0,0.5064678393145174143943692502
EVENT_CONTINUATION,172,True,178,,5767.15,6,2,2,0.7078804145707552081673073940
EVENT_CONTINUATION,173,False,181,1382.97,1382.97,4,0,0,0.8530503082504000561034854290
EVENT_CONTINUATION,174,True,81,,4644.72,2,0,0,0.5064678393145174143943692502
EVENT_CONTINUATION,175,True,41,,10894.71,1,1,0,0
EVENT_CONTINUATION,176,True,33,,10196.93,1,1,0,0
EVENT_CONTINUATION,177,True,89,,2956.10,3,0,0,0.6858948612182531839790546988
EVENT_CONTINUATION,178,False,164,3115.26,3115.26,6,1,1,0.6939969270590935461865568398
EVENT_CONTINUATION,179,True,39,,10196.93,1,1,0,0
EVENT_CONTINUATION,180,False,160,3384.81,3384.81,5,0,0,0.6403415937215099488055695460
EVENT_CONTINUATION,181,True,45,,2574.15,3,0,0,0.7264795700432889393253555877
EVENT_CONTINUATION,182,True,39,,10196.93,1,1,0,0
EVENT_CONTINUATION,183,True,49,,4417.28,2,0,0,0.5306348406894778338104254727
EVENT_CONTINUATION,184,True,47,,4417.28,2,0,0,0.5306348406894778338104254727
EVENT_CONTINUATION,185,False,145,6205.41,6205.41,7,2,2,0.6175208634836439213786156465
EVENT_CONTINUATION,186,True,83,,5014.79,2,0,0,0.4671454589116348853172503342
EVENT_CONTINUATION,187,True,38,,9411.18,0,0,0,0
EVENT_CONTINUATION,188,True,38,,10894.71,1,1,0,0
EVENT_CONTINUATION,189,True,42,,10196.93,1,1,0,0
EVENT_CONTINUATION,190,True,89,,4632.84,2,0,0,0.5077301677366706406635512231
EVENT_CONTINUATION,191,False,172,13015.89,13015.89,11,5,3,0.7555237494129322784177967056
EVENT_CONTINUATION,192,True,48,,4417.28,2,0,0,0.5306348406894778338104254727
EVENT_CONTINUATION,193,False,171,2297.68,2297.68,5,1,0,0.7961084582379680337640975946
EVENT_CONTINUATION,194,False,166,3853.56,3853.56,5,1,1,0.7719414568630076143480413721
EVENT_CONTINUATION,195,True,39,,10196.93,1,1,0,0
EVENT_CONTINUATION,196,True,93,,2801.59,3,0,0,0.7023125686683285199092993652
EVENT_CONTINUATION,197,True,40,,10894.71,1,1,0,0
EVENT_CONTINUATION,198,True,96,,4417.28,2,0,0,0.5306348406894778338104254727
EVENT_CONTINUATION,199,True,179,,6358.17,6,2,2,0.7264795700432889393253555877
EVENT_CONTINUATION,200,True,37,,10196.93,1,1,0,0
EVENT_CONTINUATION,201,True,84,,4788.87,3,0,0,0.4911509502527844542342193009
EVENT_CONTINUATION,202,True,90,,4787.35,2,0,0,0.4913124602865953047333065567
EVENT_CONTINUATION,203,False,143,1321.34,1321.34,6,0,0,0.8595989025818228957473983071
EVENT_CONTINUATION,204,True,74,,8496.34,2,1,0,0.1667747057202510951825696558
EVENT_CONTINUATION,205,True,92,,4417.28,2,0,0,0.5306348406894778338104254727
EVENT_CONTINUATION,206,True,83,,4787.35,2,0,0,0.4913124602865953047333065567
EVENT_CONTINUATION,207,True,71,,6475.97,1,0,0,0.3118854383828595351486211081
EVENT_CONTINUATION,208,False,146,3595.85,3595.85,6,1,1,0.6903055727337060814903125857
EVENT_CONTINUATION,209,True,166,,1382.97,4,0,0,0.8530503082504000561034854290
EVENT_CONTINUATION,210,False,177,2589.38,2589.38,4,1,0,0.7651134076704515268011025185
EVENT_CONTINUATION,211,True,47,,4417.28,2,0,0,0.5306348406894778338104254727
EVENT_CONTINUATION,212,True,89,,4417.28,2,0,0,0.5306348406894778338104254727
EVENT_CONTINUATION,213,True,95,,4417.28,2,0,0,0.5306348406894778338104254727
EVENT_CONTINUATION,214,True,190,,4634.94,4,1,1,0.7023125686683285199092993652
EVENT_CONTINUATION,215,True,94,,4417.28,2,0,0,0.5306348406894778338104254727
EVENT_CONTINUATION,216,True,180,,4508.85,4,1,1,0.7023125686683285199092993652
EVENT_CONTINUATION,217,False,158,2895.41,2895.41,6,1,0,0.6923435743445561555511636160
EVENT_CONTINUATION,218,False,169,2638.14,2638.14,4,0,0,0.7196802101330545160118072335
EVENT_CONTINUATION,219,True,89,,4787.35,2,0,0,0.4913124602865953047333065567
EVENT_CONTINUATION,220,True,49,,2574.15,3,0,0,0.7264795700432889393253555877
EVENT_CONTINUATION,221,True,92,,4417.28,2,0,0,0.5306348406894778338104254727
EVENT_CONTINUATION,222,True,96,,2574.15,3,0,0,0.7264795700432889393253555877
EVENT_CONTINUATION,223,False,152,4791.52,4791.52,10,3,2,0.7300009138067702456015079937
EVENT_CONTINUATION,224,False,156,1716.02,1716.02,4,0,0,0.8176615472236212674712416509
EVENT_CONTINUATION,225,True,60,,10196.93,1,1,0,0
EVENT_CONTINUATION,226,True,41,,9411.18,0,0,0,0
EVENT_CONTINUATION,227,False,159,1307.85,1307.85,5,0,0,0.8610323041318941939267977023
EVENT_CONTINUATION,228,True,88,,6475.97,1,0,0,0.3118854383828595351486211081
EVENT_CONTINUATION,229,True,192,,3861.67,6,2,1,0.7023125686683285199092993652
EVENT_CONTINUATION,230,True,88,,6119.39,2,0,0,0.3497744172356707660463406289
EVENT_CONTINUATION,231,True,91,,4632.84,2,0,0,0.5077301677366706406635512231
EVENT_CONTINUATION,232,True,87,,6723.64,3,1,0,0.3828527790092622933515440062
EVENT_CONTINUATION,233,False,138,2452.94,2452.94,5,1,0,0.7796110583369991860744348743
EVENT_CONTINUATION,234,True,95,,4417.28,2,0,0,0.5306348406894778338104254727
EVENT_CONTINUATION,235,True,35,,10196.93,1,1,0,0
EVENT_CONTINUATION,236,False,181,3806.58,3806.58,5,1,1,0.6927250355428330985062447005
EVENT_CONTINUATION,237,True,70,,6475.97,1,0,0,0.3118854383828595351486211081
EVENT_CONTINUATION,238,True,86,,5145.45,2,0,0,0.4532619713999732233364997800
EVENT_CONTINUATION,239,True,47,,4417.28,2,0,0,0.5306348406894778338104254727
EVENT_CONTINUATION,240,True,82,,4788.87,3,0,0,0.4911509502527844542342193009
EVENT_CONTINUATION,241,True,44,,10894.71,1,1,0,0
EVENT_CONTINUATION,242,True,104,,2574.15,3,0,0,0.7264795700432889393253555877
EVENT_CONTINUATION,243,True,69,,6475.97,1,0,0,0.3118854383828595351486211081
EVENT_CONTINUATION,244,False,171,1716.02,1716.02,4,0,0,0.8176615472236212674712416509
EVENT_CONTINUATION,245,True,180,,4296.64,5,2,1,0.7651134076704515268011025185
EVENT_CONTINUATION,246,True,84,,5014.79,2,0,0,0.4671454589116348853172503342
EVENT_CONTINUATION,247,True,94,,6119.39,2,0,0,0.3497744172356707660463406289
EVENT_CONTINUATION,248,True,47,,4417.28,2,0,0,0.5306348406894778338104254727
EVENT_CONTINUATION,249,True,86,,4788.87,3,0,0,0.4911509502527844542342193009
EVENT_CONTINUATION,250,False,166,8988.70,8988.70,11,5,3,0.7395627899769832684935563939
EVENT_CONTINUATION,251,False,168,3881.38,3881.38,7,2,2,0.6162489719673834736983035071
EVENT_CONTINUATION,252,True,120,,7460.09,4,2,0,0.2703068472569685189561956393
EVENT_CONTINUATION,253,True,39,,10196.93,1,1,0,0
EVENT_CONTINUATION,254,True,49,,2574.15,3,0,0,0.7264795700432889393253555877
EVENT_CONTINUATION,255,False,143,1686.67,1686.67,6,1,0,0.8207801784685873609898014914
EVENT_CONTINUATION,256,False,187,2952.97,2952.97,4,1,0,0.7264795700432889393253555877
EVENT_CONTINUATION,257,True,82,,4775.38,2,0,0,0.4925843518028557524136186961
EVENT_CONTINUATION,258,False,171,2080.94,2080.94,6,1,1,0.7788863883168741858087933713
EVENT_CONTINUATION,259,True,165,,3853.56,5,1,1,0.7719414568630076143480413721
EVENT_CONTINUATION,260,True,94,,4632.84,2,0,0,0.5077301677366706406635512231
EVENT_CONTINUATION,261,True,40,,10196.93,1,1,0,0
EVENT_CONTINUATION,262,False,170,1522.66,1522.66,5,0,0,0.8382073236299805125393415066
EVENT_CONTINUATION,263,True,49,,2574.15,3,0,0,0.7264795700432889393253555877
EVENT_CONTINUATION,264,True,99,,4417.28,2,0,0,0.5306348406894778338104254727
EVENT_CONTINUATION,265,False,173,2525.12,2525.12,5,1,0,0.7719414568630076143480413721
EVENT_CONTINUATION,266,True,93,,6846.04,1,0,0,0.2725630579799770060715021921
EVENT_CONTINUATION,267,True,161,,3853.56,5,1,1,0.7719414568630076143480413721
EVENT_CONTINUATION,268,True,63,,6846.04,1,0,0,0.2725630579799770060715021921
EVENT_CONTINUATION,269,True,103,,4417.28,2,0,0,0.5306348406894778338104254727
EVENT_CONTINUATION,270,True,80,,4775.38,2,0,0,0.4925843518028557524136186961
EVENT_CONTINUATION,271,True,84,,4787.35,2,0,0,0.4913124602865953047333065567
EVENT_CONTINUATION,272,False,161,4362.18,4362.18,5,1,1,0.7312951192092808765744571882
EVENT_CONTINUATION,273,False,183,8032.82,8032.82,9,3,2,0.6847377268312793932323045569
EVENT_CONTINUATION,274,True,98,,2574.15,3,0,0,0.7264795700432889393253555877
EVENT_CONTINUATION,275,False,177,1901.48,1901.48,6,1,0,0.7979551979666736796023452957
EVENT_CONTINUATION,276,True,51,,4417.28,2,0,0,0.5306348406894778338104254727
EVENT_CONTINUATION,277,True,62,,6723.64,3,1,0,0.3828527790092622933515440062
EVENT_CONTINUATION,278,True,166,,6084.83,7,2,2,0.7555237494129322784177967056
EVENT_CONTINUATION,279,False,157,5678.23,5678.23,8,2,1,0.5525789539675152318837807799
EVENT_CONTINUATION,280,True,97,,4417.28,2,0,0,0.5306348406894778338104254727
EVENT_CONTINUATION,281,False,141,2878.41,2878.41,6,1,0,0.6941499365648090887646395032
EVENT_CONTINUATION,282,True,54,,2574.15,3,0,0,0.7264795700432889393253555877
EVENT_CONTINUATION,283,True,185,,5819.55,6,2,2,0.7023125686683285199092993652
EVENT_CONTINUATION,284,True,83,,5014.79,2,0,0,0.4671454589116348853172503342
EVENT_CONTINUATION,285,True,89,,5014.79,2,0,0,0.4671454589116348853172503342
EVENT_CONTINUATION,286,True,85,,5145.45,2,0,0,0.4532619713999732233364997800
EVENT_CONTINUATION,287,False,161,18218.95,18218.95,7,4,2,0.5920819705924230542822472846
EVENT_CONTINUATION,288,True,44,,2574.15,3,0,0,0.7264795700432889393253555877
EVENT_CONTINUATION,289,False,157,1345.95,1345.95,4,0,0,0.8569839276265037965483605669
EVENT_CONTINUATION,290,True,63,,6382.44,2,1,0,0.3740821992501664716733369750
EVENT_CONTINUATION,291,True,164,,1561.51,4,0,0,0.8340792546736966034014863173
EVENT_CONTINUATION,292,False,171,3687.20,3687.20,5,1,1,0.6939969270590935461865568398
EVENT_CONTINUATION,293,True,43,,9411.18,0,0,0,0
EVENT_CONTINUATION,294,True,95,,6846.04,1,0,0,0.2725630579799770060715021921
EVENT_CONTINUATION,295,False,168,1750.10,1750.10,5,0,0,0.8140403222550200931232852841
EVENT_CONTINUATION,296,False,171,1698.64,1698.64,6,1,0,0.8195082869523269133094893520
EVENT_CONTINUATION,297,False,172,9422.66,9422.66,9,4,3,0.7320474159457156275833636165
EVENT_CONTINUATION,298,False,168,2054.01,2054.01,6,1,1,0.7817478785869572147169642914
EVENT_CONTINUATION,299,True,94,,4417.28,2,0,0,0.5306348406894778338104254727
EVENT_CONTINUATION,300,True,170,,1345.95,4,0,0,0.8569839276265037965483605669
EVENT_CONTINUATION,301,False,176,1683.70,1683.70,4,0,0,0.8210957605741256675570969847
EVENT_CONTINUATION,302,False,176,3034.48,3034.48,5,2,0,0.7395627899769832684935563939
EVENT_CONTINUATION,303,False,155,1951.72,1951.72,6,1,0,0.8208561769886486193758255153
EVENT_CONTINUATION,304,True,53,,2574.15,3,0,0,0.7264795700432889393253555877
EVENT_CONTINUATION,305,True,80,,5014.79,2,0,0,0.4671454589116348853172503342
EVENT_CONTINUATION,306,False,189,2762.98,2762.98,5,1,0,0.7064151360403265052841407772
EVENT_CONTINUATION,307,True,102,,4632.84,2,0,0,0.5077301677366706406635512231
EVENT_CONTINUATION,308,True,49,,2574.15,3,0,0,0.7264795700432889393253555877
EVENT_CONTINUATION,309,True,40,,10196.93,1,1,0,0
EVENT_CONTINUATION,310,True,89,,5014.79,2,0,0,0.4671454589116348853172503342
EVENT_CONTINUATION,311,True,51,,4417.28,2,0,0,0.5306348406894778338104254727
EVENT_CONTINUATION,312,True,58,,9054.60,1,0,0,0.0378889788528112308977195208
EVENT_CONTINUATION,313,False,170,8119.92,8119.92,8,3,3,0.6162489719673834736983035071
EVENT_CONTINUATION,314,True,34,,10196.93,1,1,0,0
EVENT_CONTINUATION,315,False,157,1943.46,1943.46,4,0,0,0.7934945458486608480551854284
EVENT_CONTINUATION,316,True,71,,6846.04,1,0,0,0.2725630579799770060715021921
EVENT_CONTINUATION,317,False,167,4386.89,4386.89,6,2,1,0.7555237494129322784177967056
EVENT_CONTINUATION,318,True,92,,2801.59,3,0,0,0.7023125686683285199092993652
EVENT_CONTINUATION,319,False,168,2458.72,2458.72,4,1,0,0.7789968951821131887818530726
EVENT_CONTINUATION,320,True,47,,2574.15,3,0,0,0.7264795700432889393253555877
EVENT_CONTINUATION,321,True,89,,4644.72,2,0,0,0.5064678393145174143943692502
EVENT_CONTINUATION,322,True,36,,10196.93,1,1,0,0
EVENT_CONTINUATION,323,True,78,,4788.87,3,0,0,0.4911509502527844542342193009
EVENT_CONTINUATION,324,True,83,,4644.72,2,0,0,0.5064678393145174143943692502
EVENT_CONTINUATION,325,True,37,,10196.93,1,1,0,0
EVENT_CONTINUATION,326,True,87,,6489.46,2,0,0,0.3104520368327882369692217129
EVENT_CONTINUATION,327,False,153,2747.75,2747.75,6,1,0,0.7080334240764707507453900574
EVENT_CONTINUATION,328,True,166,,6774.01,7,2,2,0.6008948930952335413837584660
EVENT_CONTINUATION,329,True,87,,4788.87,3,0,0,0.4911509502527844542342193009
EVENT_CONTINUATION,330,True,94,,4787.35,2,0,0,0.4913124602865953047333065567
EVENT_CONTINUATION,331,True,67,,7080.22,2,1,0,0.3501231331536130837810276731
EVENT_CONTINUATION,332,True,96,,6846.04,1,0,0,0.2725630579799770060715021921
EVENT_CONTINUATION,333,True,84,,4644.72,2,0,0,0.5064678393145174143943692502
EVENT_CONTINUATION,334,False,166,3681.69,3681.69,6,1,1,0.7059954224656206766845390270
EVENT_CONTINUATION,335,False,163,1940.33,1940.33,5,1,0,0.8340792546736966034014863173
EVENT_CONTINUATION,336,True,46,,4417.28,2,0,0,0.5306348406894778338104254727
EVENT_CONTINUATION,337,True,81,,6846.04,1,0,0,0.2725630579799770060715021921
EVENT_CONTINUATION,338,False,175,3590.26,3590.26,5,1,1,0.7023125686683285199092993652
EVENT_CONTINUATION,339,True,162,,4365.84,8,2,1,0.6487411780456860882482324214
EVENT_CONTINUATION,340,True,56,,4417.28,2,0,0,0.5306348406894778338104254727
EVENT_CONTINUATION,341,True,40,,10196.93,1,1,0,0
EVENT_CONTINUATION,342,True,130,,4747.00,6,2,1,0.6383887226002344256983435080
EVENT_CONTINUATION,343,True,50,,4417.28,2,0,0,0.5306348406894778338104254727
EVENT_CONTINUATION,344,False,170,1995.61,1995.61,6,1,1,0.7879532640965319970503167509
EVENT_CONTINUATION,345,True,45,,4417.28,2,0,0,0.5306348406894778338104254727
EVENT_CONTINUATION,346,False,182,2782.41,2782.41,5,1,0,0.7043505702791785939701503956
EVENT_CONTINUATION,347,True,97,,2574.15,3,0,0,0.7264795700432889393253555877
EVENT_CONTINUATION,348,False,167,9150.58,9150.58,9,4,3,0.7171661789488671983746990282
EVENT_CONTINUATION,349,False,192,3987.76,3987.76,6,2,1,0.7023125686683285199092993652
EVENT_CONTINUATION,350,True,94,,2574.15,3,0,0,0.7264795700432889393253555877
EVENT_CONTINUATION,351,False,184,1918.86,1918.86,4,0,0,0.7961084582379680337640975946
EVENT_CONTINUATION,352,False,151,1573.39,1573.39,4,0,0,0.8328169262515433771323043444
EVENT_CONTINUATION,353,True,86,,2956.10,3,0,0,0.6858948612182531839790546988
EVENT_CONTINUATION,354,True,42,,10894.71,1,1,0,0
EVENT_CONTINUATION,355,False,182,3861.67,3861.67,6,2,1,0.7023125686683285199092993652
EVENT_CONTINUATION,356,True,46,,2574.15,3,0,0,0.7264795700432889393253555877
EVENT_CONTINUATION,357,True,36,,10196.93,1,1,0,0
EVENT_CONTINUATION,358,True,99,,2574.15,3,0,0,0.7264795700432889393253555877
EVENT_CONTINUATION,359,False,194,4508.85,4508.85,4,1,1,0.7023125686683285199092993652
EVENT_CONTINUATION,360,True,37,,10196.93,1,1,0,0
EVENT_CONTINUATION,361,True,85,,4632.84,2,0,0,0.5077301677366706406635512231
EVENT_CONTINUATION,362,False,204,2554.97,2554.97,5,1,0,0.7285175716541390133862066181
EVENT_CONTINUATION,363,False,161,3048.36,3048.36,5,1,0,0.6760916271923393240805085016
EVENT_CONTINUATION,364,True,91,,4787.35,2,0,0,0.4913124602865953047333065567
EVENT_CONTINUATION,365,True,165,,6296.46,6,2,2,0.6516377329941622623305472853
EVENT_CONTINUATION,366,True,58,,10196.93,1,1,0,0
EVENT_CONTINUATION,367,True,89,,4417.28,2,0,0,0.5306348406894778338104254727
EVENT_CONTINUATION,368,True,36,,10894.71,1,1,0,0
EVENT_CONTINUATION,369,True,37,,10196.93,1,1,0,0
EVENT_CONTINUATION,370,False,159,3742.81,3742.81,9,2,1,0.6675677226447693062931534622
EVENT_CONTINUATION,371,True,87,,5145.45,2,0,0,0.4532619713999732233364997800
EVENT_CONTINUATION,372,True,35,,10196.93,1,1,0,0
EVENT_CONTINUATION,373,True,32,,10196.93,1,1,0,0
EVENT_CONTINUATION,374,True,34,,10196.93,1,1,0,0
EVENT_CONTINUATION,375,True,54,,4417.28,2,0,0,0.5306348406894778338104254727
EVENT_CONTINUATION,376,True,61,,6489.46,2,0,0,0.3104520368327882369692217129
EVENT_CONTINUATION,377,True,41,,10894.71,1,1,0,0
EVENT_CONTINUATION,378,True,54,,2574.15,3,0,0,0.7264795700432889393253555877
EVENT_CONTINUATION,379,True,187,,3861.67,6,2,1,0.7023125686683285199092993652
EVENT_CONTINUATION,380,False,196,2554.97,2554.97,5,1,0,0.7285175716541390133862066181
EVENT_CONTINUATION,381,True,37,,10196.93,1,1,0,0
EVENT_CONTINUATION,382,True,157,,11320.32,6,3,1,0.5064678393145174143943692502
EVENT_CONTINUATION,383,True,88,,4644.72,2,0,0,0.5064678393145174143943692502
EVENT_CONTINUATION,384,True,88,,6119.39,2,0,0,0.3497744172356707660463406289
EVENT_CONTINUATION,385,True,50,,2574.15,3,0,0,0.7264795700432889393253555877
EVENT_CONTINUATION,386,False,184,2737.31,2737.31,3,0,0,0.7091427429929084344364893669
EVENT_CONTINUATION,387,True,63,,9054.60,1,0,0,0.0378889788528112308977195208
EVENT_CONTINUATION,388,True,77,,5145.45,2,0,0,0.4532619713999732233364997800
EVENT_CONTINUATION,389,True,41,,9411.18,0,0,0,0
EVENT_CONTINUATION,390,False,150,2562.64,2562.64,3,0,0,0.7277025835230013664598913207
EVENT_CONTINUATION,391,True,40,,10196.93,1,1,0,0
EVENT_CONTINUATION,392,True,164,,5325.88,5,1,1,0.6413616570929468993261206352
EVENT_CONTINUATION,393,True,60,,9840.35,2,1,0,0.0349693486176721817252839825
EVENT_CONTINUATION,394,True,67,,6846.04,1,0,0,0.2725630579799770060715021921
EVENT_CONTINUATION,395,True,44,,10894.71,1,1,0,0
EVENT_CONTINUATION,396,True,180,,1060.57,4,0,0,0.8873074364744909777519928426
EVENT_CONTINUATION,397,True,88,,2801.59,3,0,0,0.7023125686683285199092993652
EVENT_CONTINUATION,398,True,74,,6475.97,1,0,0,0.3118854383828595351486211081
EVENT_CONTINUATION,399,True,37,,10196.93,1,1,0,0
EVENT_CONTINUATION,400,True,183,,4590.09,8,2,2,0.7076423997840865863791788065
EVENT_CONTINUATION,401,True,44,,2574.15,3,0,0,0.7264795700432889393253555877
EVENT_CONTINUATION,402,True,92,,2574.15,3,0,0,0.7264795700432889393253555877
EVENT_CONTINUATION,403,True,68,,6382.44,2,1,0,0.3740821992501664716733369750
EVENT_CONTINUATION,404,True,81,,5023.05,4,1,0,0.5389459655190454817062592763
EVENT_CONTINUATION,405,False,165,1716.02,1716.02,4,0,0,0.8176615472236212674712416509
EVENT_CONTINUATION,406,True,46,,2574.15,3,0,0,0.7264795700432889393253555877
EVENT_CONTINUATION,407,True,92,,4632.84,2,0,0,0.5077301677366706406635512231
EVENT_CONTINUATION,408,True,37,,10196.93,1,1,0,0
EVENT_CONTINUATION,409,True,102,,4787.35,2,0,0,0.4913124602865953047333065567
EVENT_CONTINUATION,410,True,88,,4644.72,2,0,0,0.5064678393145174143943692502
EVENT_CONTINUATION,411,True,161,,5175.53,5,1,1,0.6448713126302971572108917266
EVENT_CONTINUATION,412,False,162,2655.66,2655.66,4,1,0,0.7395627899769832684935563939
EVENT_CONTINUATION,413,True,178,,4320.92,5,1,1,0.7356792665744359368325757238
EVENT_CONTINUATION,414,True,86,,6119.39,2,0,0,0.3497744172356707660463406289
EVENT_CONTINUATION,415,True,93,,6846.04,1,0,0,0.2725630579799770060715021921
EVENT_CONTINUATION,416,True,88,,2801.59,3,0,0,0.7023125686683285199092993652
EVENT_CONTINUATION,417,False,165,1750.10,1750.10,5,0,0,0.8140403222550200931232852841
EVENT_CONTINUATION,418,True,161,,3598.41,4,0,0,0.6176451837070377997233078105
EVENT_CONTINUATION,419,False,172,1988.78,1988.78,5,0,0,0.7886789966826689108060838280
EVENT_CONTINUATION,420,False,177,2297.68,2297.68,5,1,0,0.7961084582379680337640975946
EVENT_CONTINUATION,421,True,98,,2801.59,3,0,0,0.7023125686683285199092993652
EVENT_CONTINUATION,422,True,88,,4775.38,2,0,0,0.4925843518028557524136186961
EVENT_CONTINUATION,423,True,92,,2956.10,3,0,0,0.6858948612182531839790546988
EVENT_CONTINUATION,424,True,89,,4417.28,2,0,0,0.5306348406894778338104254727
EVENT_CONTINUATION,425,True,83,,4644.72,2,0,0,0.5064678393145174143943692502
EVENT_CONTINUATION,426,True,93,,2956.10,3,0,0,0.6858948612182531839790546988
EVENT_CONTINUATION,427,True,87,,6489.46,2,0,0,0.3104520368327882369692217129
EVENT_CONTINUATION,428,True,93,,4787.35,2,0,0,0.4913124602865953047333065567
EVENT_CONTINUATION,429,True,65,,6846.04,1,0,0,0.2725630579799770060715021921
EVENT_CONTINUATION,430,False,150,6334.56,6334.56,7,3,1,0.5752809914356575949820190979
EVENT_CONTINUATION,431,False,148,1479.86,1479.86,5,1,0,0.8548720055938404990521657009
EVENT_CONTINUATION,432,True,92,,4632.84,2,0,0,0.5077301677366706406635512231
EVENT_CONTINUATION,433,True,41,,10196.93,1,1,0,0
EVENT_CONTINUATION,434,True,94,,6119.39,2,0,0,0.3497744172356707660463406289
EVENT_CONTINUATION,435,True,160,,13765.75,8,3,1,0.3585607755881834158947124590
EVENT_CONTINUATION,436,True,94,,4787.35,2,0,0,0.4913124602865953047333065567
EVENT_CONTINUATION,437,True,38,,10894.71,1,1,0,0
EVENT_CONTINUATION,438,True,87,,4632.84,2,0,0,0.5077301677366706406635512231
EVENT_CONTINUATION,439,True,59,,2574.15,3,0,0,0.7264795700432889393253555877
EVENT_CONTINUATION,440,False,179,1918.86,1918.86,4,0,0,0.7961084582379680337640975946
EVENT_CONTINUATION,441,True,75,,6475.97,1,0,0,0.3118854383828595351486211081
EVENT_CONTINUATION,442,False,187,2339.31,2339.31,4,0,0,0.7514328702670653414343366082
EVENT_CONTINUATION,443,True,94,,2574.15,3,0,0,0.7264795700432889393253555877
EVENT_CONTINUATION,444,True,79,,6475.97,1,0,0,0.3118854383828595351486211081
EVENT_CONTINUATION,445,True,86,,4644.72,2,0,0,0.5064678393145174143943692502
EVENT_CONTINUATION,446,True,70,,8496.34,2,1,0,0.1667747057202510951825696558
EVENT_CONTINUATION,447,False,153,1940.33,1940.33,5,1,0,0.8340792546736966034014863173
EVENT_CONTINUATION,448,True,89,,4644.72,2,0,0,0.5064678393145174143943692502
EVENT_CONTINUATION,449,True,51,,4417.28,2,0,0,0.5306348406894778338104254727
EVENT_CONTINUATION,450,True,84,,4644.72,2,0,0,0.5064678393145174143943692502
EVENT_CONTINUATION,451,True,183,,4281.41,4,1,1,0.7264795700432889393253555877
EVENT_CONTINUATION,452,True,168,,4092.24,5,1,1,0.7465801312906564320308399159
EVENT_CONTINUATION,453,True,95,,2801.59,3,0,0,0.7023125686683285199092993652
EVENT_CONTINUATION,454,True,95,,2574.15,3,0,0,0.7264795700432889393253555877
EVENT_CONTINUATION,455,True,40,,10196.93,1,1,0,0
EVENT_CONTINUATION,456,False,165,3419.21,3419.21,8,2,2,0.7719414568630076143480413721
EVENT_CONTINUATION,457,False,178,2297.68,2297.68,5,1,0,0.7961084582379680337640975946
EVENT_CONTINUATION,458,True,36,,10196.93,1,1,0,0
EVENT_CONTINUATION,459,True,40,,10196.93,1,1,0,0
EVENT_CONTINUATION,460,True,97,,6119.39,2,0,0,0.3497744172356707660463406289
EVENT_CONTINUATION,461,True,95,,4787.35,2,0,0,0.4913124602865953047333065567
EVENT_CONTINUATION,462,True,79,,6025.86,3,1,0,0.4090515478678386533986209575
EVENT_CONTINUATION,463,False,161,6126.41,6126.41,11,5,3,0.6960908822557377563639252206
EVENT_CONTINUATION,464,True,152,,3889.68,6,2,1,0.6993363212689588340675664476
EVENT_CONTINUATION,465,True,73,,4551.19,3,1,0,0.5536705655525731764364372414
EVENT_CONTINUATION,466,True,86,,5014.79,2,0,0,0.4671454589116348853172503342
EVENT_CONTINUATION,467,True,163,,6084.83,7,2,2,0.7555237494129322784177967056
EVENT_CONTINUATION,468,True,40,,10196.93,1,1,0,0
EVENT_CONTINUATION,469,False,194,12010.81,12010.81,10,4,2,0.5077301677366706406635512231
EVENT_CONTINUATION,470,True,43,,10196.93,1,1,0,0
EVENT_CONTINUATION,471,False,170,1940.33,1940.33,5,1,0,0.8340792546736966034014863173
EVENT_CONTINUATION,472,False,156,1717.54,1717.54,5,0,0,0.8175000371898104169721543951
EVENT_CONTINUATION,473,True,44,,9411.18,0,0,0,0
EVENT_CONTINUATION,474,True,99,,4787.35,2,0,0,0.4913124602865953047333065567
EVENT_CONTINUATION,475,False,190,2574.15,2574.15,3,0,0,0.7264795700432889393253555877
EVENT_CONTINUATION,476,False,198,2801.59,2801.59,3,0,0,0.7023125686683285199092993652
EVENT_CONTINUATION,477,True,92,,5014.79,2,0,0,0.4671454589116348853172503342
EVENT_CONTINUATION,478,True,143,,3428.17,6,1,1,0.7081226796214714839159382777
EVENT_CONTINUATION,479,True,37,,9411.18,0,0,0,0
EVENT_CONTINUATION,480,True,95,,4787.35,2,0,0,0.4913124602865953047333065567
EVENT_CONTINUATION,481,True,169,,3818.77,3,0,0,0.5942304790685121313161580163
EVENT_CONTINUATION,482,True,98,,4417.28,2,0,0,0.5306348406894778338104254727
EVENT_CONTINUATION,483,True,146,,1479.86,5,1,0,0.8548720055938404990521657009
EVENT_CONTINUATION,484,False,168,6317.92,6317.92,8,3,1,0.4898418689261070343995120697
EVENT_CONTINUATION,485,True,68,,6475.97,1,0,0,0.3118854383828595351486211081
EVENT_CONTINUATION,486,False,151,1750.10,1750.10,5,0,0,0.8140403222550200931232852841
EVENT_CONTINUATION,487,True,39,,10196.93,1,1,0,0
EVENT_CONTINUATION,488,True,187,,4444.57,4,1,1,0.7091427429929084344364893669
EVENT_CONTINUATION,489,True,45,,4417.28,2,0,0,0.5306348406894778338104254727
EVENT_CONTINUATION,490,True,104,,6119.39,2,0,0,0.3497744172356707660463406289
EVENT_CONTINUATION,491,True,100,,2574.15,3,0,0,0.7264795700432889393253555877
EVENT_CONTINUATION,492,True,95,,4787.35,2,0,0,0.4913124602865953047333065567
EVENT_CONTINUATION,493,True,49,,2574.15,3,0,0,0.7264795700432889393253555877
EVENT_CONTINUATION,494,True,170,,5948.81,7,2,2,0.6885778403983347465461291783
EVENT_CONTINUATION,495,True,44,,10894.71,1,1,0,0
EVENT_CONTINUATION,496,True,90,,4644.72,2,0,0,0.5064678393145174143943692502
EVENT_CONTINUATION,497,False,177,3644.57,3644.57,6,1,1,0.6377542454825006003497967311
EVENT_CONTINUATION,498,True,62,,10196.93,1,1,0,0
EVENT_CONTINUATION,499,True,107,,2574.15,3,0,0,0.7264795700432889393253555877
EVENT_CONTINUATION,500,True,85,,2801.59,3,0,0,0.7023125686683285199092993652
EVENT_CONTINUATION,501,True,93,,4417.28,2,0,0,0.5306348406894778338104254727
EVENT_CONTINUATION,502,False,167,1547.26,1547.26,5,0,0,0.8355934112406733268304293404
EVENT_CONTINUATION,503,True,164,,6084.83,7,2,2,0.7555237494129322784177967056
EVENT_CONTINUATION,504,True,37,,9411.18,0,0,0,0
EVENT_CONTINUATION,505,False,186,3180.41,3180.41,4,1,0,0.7023125686683285199092993652
EVENT_CONTINUATION,506,True,48,,2574.15,3,0,0,0.7264795700432889393253555877
EVENT_CONTINUATION,507,True,95,,4787.35,2,0,0,0.4913124602865953047333065567
EVENT_CONTINUATION,508,True,40,,10196.93,1,1,0,0
EVENT_CONTINUATION,509,True,124,,7710.59,1,0,0,0.1806989134199962172649975880
EVENT_CONTINUATION,510,False,146,9953.97,9953.97,8,4,1,0.3671396356086909832838171600
EVENT_CONTINUATION,511,True,56,,10196.93,1,1,0,0
EVENT_CONTINUATION,512,False,183,4920.70,4920.70,9,3,2,0.7320474159457156275833636165
EVENT_CONTINUATION,513,True,42,,10894.71,1,1,0,0
EVENT_CONTINUATION,514,True,45,,10196.93,1,1,0,0
EVENT_CONTINUATION,515,True,98,,4787.35,2,0,0,0.4913124602865953047333065567
EVENT_CONTINUATION,516,True,52,,4417.28,2,0,0,0.5306348406894778338104254727
EVENT_CONTINUATION,517,True,79,,4417.28,2,0,0,0.5306348406894778338104254727
EVENT_CONTINUATION,518,False,194,2782.41,2782.41,5,1,0,0.7043505702791785939701503956
EVENT_CONTINUATION,519,True,87,,4787.35,2,0,0,0.4913124602865953047333065567
EVENT_CONTINUATION,520,True,92,,4632.84,2,0,0,0.5077301677366706406635512231
EVENT_CONTINUATION,521,False,170,1901.48,1901.48,6,1,0,0.7979551979666736796023452957
EVENT_CONTINUATION,522,False,188,2875.55,2875.55,5,1,0,0.7347059561075231798775498928
EVENT_CONTINUATION,523,True,158,,4406.93,5,1,1,0.6175208634836439213786156465
EVENT_CONTINUATION,524,False,206,6527.28,6527.28,10,3,2,0.7264795700432889393253555877
EVENT_CONTINUATION,525,False,132,5922.09,5922.09,8,3,2,0.7151956520246780158341775417
EVENT_CONTINUATION,526,True,38,,9411.18,0,0,0,0
EVENT_CONTINUATION,527,True,95,,4417.28,2,0,0,0.5306348406894778338104254727
EVENT_CONTINUATION,528,True,89,,6119.39,2,0,0,0.3497744172356707660463406289
EVENT_CONTINUATION,529,True,94,,4787.35,2,0,0,0.4913124602865953047333065567
EVENT_CONTINUATION,530,True,54,,4417.28,2,0,0,0.5306348406894778338104254727
EVENT_CONTINUATION,531,True,57,,2574.15,3,0,0,0.7264795700432889393253555877
EVENT_CONTINUATION,532,True,51,,4417.28,2,0,0,0.5306348406894778338104254727
EVENT_CONTINUATION,533,True,49,,2574.15,3,0,0,0.7264795700432889393253555877
EVENT_CONTINUATION,534,True,144,,1162.61,5,0,0,0.8764650128889257245106352232
EVENT_CONTINUATION,535,True,91,,2801.59,3,0,0,0.7023125686683285199092993652
EVENT_CONTINUATION,536,True,95,,4632.84,2,0,0,0.5077301677366706406635512231
EVENT_CONTINUATION,537,True,39,,9411.18,0,0,0,0
EVENT_CONTINUATION,538,True,51,,4417.28,2,0,0,0.5306348406894778338104254727
EVENT_CONTINUATION,539,True,39,,10196.93,1,1,0,0
EVENT_CONTINUATION,540,False,157,8769.21,8769.21,11,4,3,0.7719414568630076143480413721
EVENT_CONTINUATION,541,True,192,,4407.50,4,1,1,0.7264795700432889393253555877
EVENT_CONTINUATION,542,True,93,,4417.28,2,0,0,0.5306348406894778338104254727
EVENT_CONTINUATION,543,False,191,2956.10,2956.10,3,0,0,0.6858948612182531839790546988
EVENT_CONTINUATION,544,True,51,,2574.15,3,0,0,0.7264795700432889393253555877
EVENT_CONTINUATION,545,False,191,13592.21,13592.21,9,4,3,0.7320474159457156275833636165
EVENT_CONTINUATION,546,False,173,1901.48,1901.48,6,1,0,0.7979551979666736796023452957
EVENT_CONTINUATION,547,True,94,,4632.84,2,0,0,0.5077301677366706406635512231
EVENT_CONTINUATION,548,True,41,,10196.93,1,1,0,0
EVENT_CONTINUATION,549,True,99,,6119.39,2,0,0,0.3497744172356707660463406289
EVENT_CONTINUATION,550,True,48,,4417.28,2,0,0,0.5306348406894778338104254727
EVENT_CONTINUATION,551,True,86,,3765.44,2,0,0,0.5998971436100467741558444318
EVENT_CONTINUATION,552,True,72,,6846.04,1,0,0,0.2725630579799770060715021921
EVENT_CONTINUATION,553,True,93,,5014.79,2,0,0,0.4671454589116348853172503342
EVENT_CONTINUATION,554,False,166,1382.97,1382.97,4,0,0,0.8530503082504000561034854290
EVENT_CONTINUATION,555,False,163,10136.35,10136.35,11,5,3,0.7395627899769832684935563939
EVENT_CONTINUATION,556,True,52,,2574.15,3,0,0,0.7264795700432889393253555877
EVENT_CONTINUATION,557,True,42,,2574.15,3,0,0,0.7264795700432889393253555877
EVENT_CONTINUATION,558,True,43,,9411.18,0,0,0,0
EVENT_CONTINUATION,559,True,96,,4632.84,2,0,0,0.5077301677366706406635512231
EVENT_CONTINUATION,560,False,169,1698.64,1698.64,6,1,0,0.8195082869523269133094893520
EVENT_CONTINUATION,561,False,162,5244.44,5244.44,9,3,2,0.6162489719673834736983035071
EVENT_CONTINUATION,562,False,136,3558.26,3558.26,8,3,1,0.8123749966726971163069049107
EVENT_CONTINUATION,563,True,40,,10894.71,1,1,0,0
EVENT_CONTINUATION,564,False,173,3616.90,3616.90,4,0,0,0.6156804991510097564811213897
EVENT_CONTINUATION,565,False,186,3652.07,3652.07,5,1,1,0.7091427429929084344364893669
EVENT_CONTINUATION,566,True,89,,4417.28,2,0,0,0.5306348406894778338104254727
EVENT_CONTINUATION,567,True,93,,5014.79,2,0,0,0.4671454589116348853172503342
EVENT_CONTINUATION,568,True,93,,4632.84,2,0,0,0.5077301677366706406635512231
EVENT_CONTINUATION,569,True,89,,4417.28,2,0,0,0.5306348406894778338104254727
EVENT_CONTINUATION,570,True,164,,1345.95,4,0,0,0.8569839276265037965483605669
EVENT_CONTINUATION,571,True,45,,4417.28,2,0,0,0.5306348406894778338104254727
EVENT_CONTINUATION,572,True,92,,4632.84,2,0,0,0.5077301677366706406635512231
EVENT_CONTINUATION,573,True,45,,4417.28,2,0,0,0.5306348406894778338104254727
EVENT_CONTINUATION,574,True,176,,1513.63,4,0,0,0.8391668207387383941227348749
EVENT_CONTINUATION,575,False,187,1155.53,1155.53,4,0,0,0.8772173096253604755195416515
EVENT_CONTINUATION,576,False,164,12512.52,12512.52,10,4,2,0.5291642493289895634766309857
EVENT_CONTINUATION,577,True,81,,4775.38,2,0,0,0.4925843518028557524136186961
EVENT_CONTINUATION,578,False,183,2403.59,2403.59,4,0,0,0.7446026959424854269071466065
EVENT_CONTINUATION,579,True,98,,4787.35,2,0,0,0.4913124602865953047333065567
EVENT_CONTINUATION,580,True,93,,4787.35,2,0,0,0.4913124602865953047333065567
EVENT_CONTINUATION,581,True,47,,2574.15,3,0,0,0.7264795700432889393253555877
EVENT_CONTINUATION,582,True,80,,4644.72,2,0,0,0.5064678393145174143943692502
EVENT_CONTINUATION,583,True,80,,4644.72,2,0,0,0.5064678393145174143943692502
EVENT_CONTINUATION,584,True,84,,4644.72,2,0,0,0.5064678393145174143943692502
EVENT_CONTINUATION,585,True,162,,1345.95,4,0,0,0.8569839276265037965483605669
EVENT_CONTINUATION,586,True,94,,5014.79,2,0,0,0.4671454589116348853172503342
EVENT_CONTINUATION,587,True,46,,2574.15,3,0,0,0.7264795700432889393253555877
EVENT_CONTINUATION,588,True,43,,9411.18,0,0,0,0
EVENT_CONTINUATION,589,False,166,1573.39,1573.39,4,0,0,0.8328169262515433771323043444
EVENT_CONTINUATION,590,True,53,,2574.15,3,0,0,0.7264795700432889393253555877
EVENT_CONTINUATION,591,True,69,,6489.46,2,0,0,0.3104520368327882369692217129
EVENT_CONTINUATION,592,True,181,,4144.44,2,0,0,0.5596258917585254983965878880
EVENT_CONTINUATION,593,False,161,2107.61,2107.61,6,0,0,0.7760525247631009076438873765
EVENT_CONTINUATION,594,True,94,,4417.28,2,0,0,0.5306348406894778338104254727
EVENT_CONTINUATION,595,True,81,,5014.79,2,0,0,0.4671454589116348853172503342
EVENT_CONTINUATION,596,True,38,,10196.93,1,1,0,0
EVENT_CONTINUATION,597,True,88,,2801.59,3,0,0,0.7023125686683285199092993652
EVENT_CONTINUATION,598,True,82,,4644.72,2,0,0,0.5064678393145174143943692502
EVENT_CONTINUATION,599,True,45,,4417.28,2,0,0,0.5306348406894778338104254727
EVENT_CONTINUATION,600,True,86,,2956.10,3,0,0,0.6858948612182531839790546988
EVENT_CONTINUATION,601,False,169,5640.67,5640.67,10,4,2,0.7078804145707552081673073940
EVENT_CONTINUATION,602,True,52,,2574.15,3,0,0,0.7264795700432889393253555877
EVENT_CONTINUATION,603,True,77,,2956.10,3,0,0,0.6858948612182531839790546988
EVENT_CONTINUATION,604,True,81,,2801.59,3,0,0,0.7023125686683285199092993652
EVENT_CONTINUATION,605,True,168,,5875.60,7,2,2,0.6963568861715534077554568078
EVENT_CONTINUATION,606,True,84,,2801.59,3,0,0,0.7023125686683285199092993652
EVENT_CONTINUATION,607,True,167,,5025.82,4,1,1,0.6607789883946540178808608485
EVENT_CONTINUATION,608,False,178,1918.86,1918.86,4,0,0,0.7961084582379680337640975946
EVENT_CONTINUATION,609,True,38,,10894.71,1,1,0,0
EVENT_CONTINUATION,610,False,182,2297.68,2297.68,5,1,0,0.7961084582379680337640975946
EVENT_CONTINUATION,611,True,78,,5145.45,2,0,0,0.4532619713999732233364997800
EVENT_CONTINUATION,612,True,40,,10196.93,1,1,0,0
EVENT_CONTINUATION,613,True,85,,4417.28,2,0,0,0.5306348406894778338104254727
EVENT_CONTINUATION,614,True,34,,10196.93,1,1,0,0
EVENT_CONTINUATION,615,True,34,,10196.93,1,1,0,0
EVENT_CONTINUATION,616,False,170,1345.95,1345.95,4,0,0,0.8569839276265037965483605669
EVENT_CONTINUATION,617,True,48,,2574.15,3,0,0,0.7264795700432889393253555877
EVENT_CONTINUATION,618,True,151,,5784.89,7,2,2,0.7059954224656206766845390270
EVENT_CONTINUATION,619,True,65,,6489.46,2,0,0,0.3104520368327882369692217129
EVENT_CONTINUATION,620,True,90,,2956.10,3,0,0,0.6858948612182531839790546988
EVENT_CONTINUATION,621,True,96,,4632.84,2,0,0,0.5077301677366706406635512231
EVENT_CONTINUATION,622,True,101,,4632.84,2,0,0,0.5077301677366706406635512231
EVENT_CONTINUATION,623,True,38,,9411.18,0,0,0,0
EVENT_CONTINUATION,624,True,174,,4526.73,4,1,1,0.7138105954832443965581361742
EVENT_CONTINUATION,625,True,90,,4644.72,2,0,0,0.5064678393145174143943692502
EVENT_CONTINUATION,626,True,41,,10196.93,1,1,0,0
EVENT_CONTINUATION,627,True,59,,7080.22,2,1,0,0.3501231331536130837810276731
EVENT_CONTINUATION,628,True,160,,4362.18,5,1,1,0.7312951192092808765744571882
EVENT_CONTINUATION,629,False,192,3665.29,3665.29,7,2,1,0.6758047343691226817466035077
EVENT_CONTINUATION,630,True,96,,4417.28,2,0,0,0.5306348406894778338104254727
EVENT_CONTINUATION,631,True,37,,10196.93,1,1,0,0
EVENT_CONTINUATION,632,True,39,,10196.93,1,1,0,0
EVENT_CONTINUATION,633,True,83,,4644.72,2,0,0,0.5064678393145174143943692502
EVENT_CONTINUATION,634,True,79,,4775.38,2,0,0,0.4925843518028557524136186961
EVENT_CONTINUATION,635,True,99,,4632.84,2,0,0,0.5077301677366706406635512231
EVENT_CONTINUATION,636,True,44,,4417.28,2,0,0,0.5306348406894778338104254727
EVENT_CONTINUATION,637,True,93,,2956.10,3,0,0,0.6858948612182531839790546988
EVENT_CONTINUATION,638,True,45,,2574.15,3,0,0,0.7264795700432889393253555877
EVENT_CONTINUATION,639,False,180,2493.82,2493.82,4,0,0,0.7350151628169900055040919417
EVENT_CONTINUATION,640,True,41,,10196.93,1,1,0,0
EVENT_CONTINUATION,641,False,148,8675.65,8675.65,10,4,3,0.6764858391827592289170964746
EVENT_CONTINUATION,642,True,92,,4787.35,2,0,0,0.4913124602865953047333065567
EVENT_CONTINUATION,643,True,88,,5596.69,1,0,0,0.4053147426783888949100962897
EVENT_CONTINUATION,644,True,94,,4787.35,2,0,0,0.4913124602865953047333065567
EVENT_CONTINUATION,645,True,184,,1155.53,4,0,0,0.8772173096253604755195416515
EVENT_CONTINUATION,646,True,91,,2801.59,3,0,0,0.7023125686683285199092993652
EVENT_CONTINUATION,647,False,188,2339.31,2339.31,4,0,0,0.7514328702670653414343366082
EVENT_CONTINUATION,648,True,37,,10196.93,1,1,0,0
EVENT_CONTINUATION,649,True,89,,4632.84,2,0,0,0.5077301677366706406635512231
EVENT_CONTINUATION,650,True,56,,2574.15,3,0,0,0.7264795700432889393253555877
EVENT_CONTINUATION,651,True,140,,4213.97,4,1,1,0.7336455152276335167322269896
EVENT_CONTINUATION,652,False,155,4134.16,4134.16,5,1,1,0.7555237494129322784177967056
EVENT_CONTINUATION,653,True,169,,4358.47,6,2,1,0.7719414568630076143480413721
EVENT_CONTINUATION,654,True,95,,6475.97,1,0,0,0.3118854383828595351486211081
EVENT_CONTINUATION,655,False,157,2319.62,2319.62,6,1,1,0.7535250627445230034915919151
EVENT_CONTINUATION,656,True,194,,3970.15,4,1,0,0.6183974804434725507322142388
EVENT_CONTINUATION,657,True,166,,6433.71,4,1,1,0.6326666794174588096285481736
EVENT_CONTINUATION,658,True,82,,4644.72,2,0,0,0.5064678393145174143943692502
EVENT_CONTINUATION,659,True,85,,3765.44,2,0,0,0.5998971436100467741558444318
EVENT_CONTINUATION,660,False,162,1496.25,1496.25,6,1,0,0.8410135604674440399609825760
EVENT_CONTINUATION,661,False,154,3555.60,3555.60,6,1,1,0.7059954224656206766845390270
EVENT_CONTINUATION,662,True,49,,4417.28,2,0,0,0.5306348406894778338104254727
EVENT_CONTINUATION,663,True,93,,4417.28,2,0,0,0.5306348406894778338104254727
EVENT_CONTINUATION,664,False,203,4705.11,4705.11,6,2,2,0.7264795700432889393253555877
EVENT_CONTINUATION,665,False,160,5073.48,5073.48,8,2,2,0.7555237494129322784177967056
EVENT_CONTINUATION,666,True,96,,2574.15,3,0,0,0.7264795700432889393253555877
EVENT_CONTINUATION,667,False,173,1544.13,1544.13,6,1,0,0.8359259944024022492397340185
EVENT_CONTINUATION,668,True,52,,4417.28,2,0,0,0.5306348406894778338104254727
EVENT_CONTINUATION,669,False,171,2351.19,2351.19,4,0,0,0.7501705418449121151651546352
EVENT_CONTINUATION,670,True,171,,1060.57,4,0,0,0.8873074364744909777519928426
EVENT_CONTINUATION,671,False,160,3263.92,3263.92,5,1,0,0.6531869542395321309336342520
EVENT_CONTINUATION,672,True,77,,4551.19,3,1,0,0.5536705655525731764364372414
EVENT_CONTINUATION,673,False,162,2094.84,2094.84,5,1,0,0.8176615472236212674712416509
EVENT_CONTINUATION,674,True,44,,10894.71,1,1,0,0
EVENT_CONTINUATION,675,True,100,,4632.84,2,0,0,0.5077301677366706406635512231
EVENT_CONTINUATION,676,True,167,,4358.47,6,2,1,0.7719414568630076143480413721
EVENT_CONTINUATION,677,True,49,,4417.28,2,0,0,0.5306348406894778338104254727
EVENT_CONTINUATION,678,True,71,,6475.97,1,0,0,0.3118854383828595351486211081
EVENT_CONTINUATION,679,True,45,,9411.18,0,0,0,0
EVENT_CONTINUATION,680,False,177,2403.59,2403.59,4,0,0,0.7446026959424854269071466065
EVENT_CONTINUATION,681,True,169,,3809.27,6,2,1,0.7078804145707552081673073940
EVENT_CONTINUATION,682,True,175,,11794.40,7,4,2,0.7078804145707552081673073940
EVENT_CONTINUATION,683,False,187,2891.82,2891.82,3,0,0,0.6927250355428330985062447005
EVENT_CONTINUATION,684,True,92,,2801.59,3,0,0,0.7023125686683285199092993652
EVENT_CONTINUATION,685,True,44,,10196.93,1,1,0,0
EVENT_CONTINUATION,686,True,50,,4417.28,2,0,0,0.5306348406894778338104254727
EVENT_CONTINUATION,687,True,91,,4787.35,2,0,0,0.4913124602865953047333065567
EVENT_CONTINUATION,688,True,99,,4787.35,2,0,0,0.4913124602865953047333065567
EVENT_CONTINUATION,689,True,173,,5829.33,4,1,1,0.5064678393145174143943692502
EVENT_CONTINUATION,690,True,71,,6475.97,1,0,0,0.3118854383828595351486211081
EVENT_CONTINUATION,691,True,56,,4417.28,2,0,0,0.5306348406894778338104254727
EVENT_CONTINUATION,692,True,82,,4788.87,3,0,0,0.4911509502527844542342193009
EVENT_CONTINUATION,693,True,88,,4787.35,2,0,0,0.4913124602865953047333065567
EVENT_CONTINUATION,694,True,57,,4417.28,2,0,0,0.5306348406894778338104254727
EVENT_CONTINUATION,695,True,91,,4632.84,2,0,0,0.5077301677366706406635512231
EVENT_CONTINUATION,696,True,50,,2574.15,3,0,0,0.7264795700432889393253555877
EVENT_CONTINUATION,697,False,153,1926.08,1926.08,6,1,0,0.7953412855773664938934331295
EVENT_CONTINUATION,698,True,103,,2574.15,3,0,0,0.7264795700432889393253555877
EVENT_CONTINUATION,699,True,82,,6025.86,3,1,0,0.4090515478678386533986209575
EVENT_CONTINUATION,700,False,175,4516.65,4516.65,6,1,1,0.6020392766900643702490017192
EVENT_CONTINUATION,701,True,78,,5596.69,1,0,0,0.4053147426783888949100962897
EVENT_CONTINUATION,702,False,149,1307.85,1307.85,5,0,0,0.8610323041318941939267977023
EVENT_CONTINUATION,703,True,79,,4775.38,2,0,0,0.4925843518028557524136186961
EVENT_CONTINUATION,704,False,163,2697.80,2697.80,9,2,2,0.7719414568630076143480413721
EVENT_CONTINUATION,705,True,163,,4609.97,5,1,1,0.6915679011558593077594945586
EVENT_CONTINUATION,706,False,159,1556.01,1556.01,6,1,0,0.8346636659802490229705520455
EVENT_CONTINUATION,707,True,158,,4217.81,4,1,0,0.5920819705924230542822472846
EVENT_CONTINUATION,708,True,166,,5444.90,4,1,1,0.6162489719673834736983035071
EVENT_CONTINUATION,709,True,41,,9411.18,0,0,0,0
EVENT_CONTINUATION,710,True,51,,4417.28,2,0,0,0.5306348406894778338104254727
EVENT_CONTINUATION,711,True,85,,2801.59,3,0,0,0.7023125686683285199092993652
EVENT_CONTINUATION,712,False,160,3681.69,3681.69,6,1,1,0.7059954224656206766845390270
EVENT_CONTINUATION,713,True,54,,2574.15,3,0,0,0.7264795700432889393253555877
EVENT_CONTINUATION,714,False,174,3562.22,3562.22,6,1,1,0.7555237494129322784177967056
EVENT_CONTINUATION,715,False,149,2471.66,2471.66,9,2,0,0.7576074367481192868834051033
EVENT_CONTINUATION,716,True,39,,10196.93,1,1,0,0
EVENT_CONTINUATION,717,True,90,,4417.28,2,0,0,0.5306348406894778338104254727
EVENT_CONTINUATION,718,True,92,,4632.84,2,0,0,0.5077301677366706406635512231
EVENT_CONTINUATION,719,True,91,,4417.28,2,0,0,0.5306348406894778338104254727
EVENT_CONTINUATION,720,True,97,,6475.97,1,0,0,0.3118854383828595351486211081
EVENT_CONTINUATION,721,False,183,12174.63,12174.63,7,3,2,0.5064678393145174143943692502
EVENT_CONTINUATION,722,False,204,3709.47,3709.47,5,1,1,0.7264795700432889393253555877
EVENT_CONTINUATION,723,True,171,,5444.90,4,1,1,0.6162489719673834736983035071
EVENT_CONTINUATION,724,True,96,,4417.28,2,0,0,0.5306348406894778338104254727
EVENT_CONTINUATION,725,False,123,23262.49,23262.49,12,7,3,0.5473001967679812442434899104
EVENT_CONTINUATION,726,False,178,8985.23,8985.23,8,3,2,0.6756432243353118312475162519
EVENT_CONTINUATION,727,True,74,,6489.46,2,0,0,0.3104520368327882369692217129
EVENT_CONTINUATION,728,False,157,3470.82,3470.82,8,3,1,0.7741153464817351889245096318
EVENT_CONTINUATION,729,True,45,,10894.71,1,1,0,0
EVENT_CONTINUATION,730,True,96,,4632.84,2,0,0,0.5077301677366706406635512231
EVENT_CONTINUATION,731,True,89,,4644.72,2,0,0,0.5064678393145174143943692502
EVENT_CONTINUATION,732,True,40,,10196.93,1,1,0,0
EVENT_CONTINUATION,733,True,76,,8496.34,2,1,0,0.1667747057202510951825696558
EVENT_CONTINUATION,734,True,161,,1382.97,4,0,0,0.8530503082504000561034854290
EVENT_CONTINUATION,735,False,159,4330.06,4330.06,12,3,2,0.7068901030476518353702723782
EVENT_CONTINUATION,736,True,136,,8138.41,3,1,0,0.2529943431261593929530937492
EVENT_CONTINUATION,737,True,40,,9411.18,0,0,0,0
EVENT_CONTINUATION,738,False,144,3631.84,3631.84,8,2,1,0.6659611228347561092232854966
EVENT_CONTINUATION,739,True,95,,4787.35,2,0,0,0.4913124602865953047333065567
EVENT_CONTINUATION,740,True,35,,10196.93,1,1,0,0
EVENT_CONTINUATION,741,True,94,,2801.59,3,0,0,0.7023125686683285199092993652
EVENT_CONTINUATION,742,True,71,,4551.19,3,1,0,0.5536705655525731764364372414
EVENT_CONTINUATION,743,True,78,,4775.38,2,0,0,0.4925843518028557524136186961
EVENT_CONTINUATION,744,True,42,,10196.93,1,1,0,0
EVENT_CONTINUATION,745,True,39,,10196.93,1,1,0,0
EVENT_CONTINUATION,746,False,175,3289.91,3289.91,6,1,1,0.6620413168168072441500428214
EVENT_CONTINUATION,747,True,197,,3482.85,5,1,1,0.7023125686683285199092993652
EVENT_CONTINUATION,748,False,179,2782.41,2782.41,5,1,0,0.7043505702791785939701503956
EVENT_CONTINUATION,749,True,160,,5133.55,8,2,2,0.7312951192092808765744571882
EVENT_CONTINUATION,750,True,39,,9411.18,0,0,0,0
EVENT_CONTINUATION,751,True,92,,4632.84,2,0,0,0.5077301677366706406635512231
EVENT_CONTINUATION,752,True,65,,6846.04,1,0,0,0.2725630579799770060715021921
EVENT_CONTINUATION,753,True,88,,2956.10,3,0,0,0.6858948612182531839790546988
EVENT_CONTINUATION,754,True,41,,10894.71,1,1,0,0
EVENT_CONTINUATION,755,True,88,,5014.79,2,0,0,0.4671454589116348853172503342
EVENT_CONTINUATION,756,False,159,2074.12,2074.12,4,0,0,0.7796110583369991860744348743
EVENT_CONTINUATION,757,False,165,1319.82,1319.82,5,0,0,0.8597604126156337462464855629
EVENT_CONTINUATION,758,True,48,,2574.15,3,0,0,0.7264795700432889393253555877
EVENT_CONTINUATION,759,False,181,1157.05,1157.05,5,0,0,0.8770557995915496250204543957
EVENT_CONTINUATION,760,True,82,,5014.79,2,0,0,0.4671454589116348853172503342
EVENT_CONTINUATION,761,True,169,,4358.47,6,2,1,0.7719414568630076143480413721
EVENT_CONTINUATION,762,True,171,,4189.77,5,1,1,0.7362169249764641628361161937
EVENT_CONTINUATION,763,True,39,,10894.71,1,1,0,0
EVENT_CONTINUATION,764,True,78,,2801.59,3,0,0,0.7023125686683285199092993652
EVENT_CONTINUATION,765,False,192,3135.43,3135.43,6,1,1,0.6668398649266085655571352370
EVENT_CONTINUATION,766,True,48,,2574.15,3,0,0,0.7264795700432889393253555877
EVENT_CONTINUATION,767,True,85,,2956.10,3,0,0,0.6858948612182531839790546988
EVENT_CONTINUATION,768,True,93,,4632.84,2,0,0,0.5077301677366706406635512231
EVENT_CONTINUATION,769,True,87,,6475.97,1,0,0,0.3118854383828595351486211081
EVENT_CONTINUATION,770,False,162,3838.99,3838.99,3,0,0,0.5920819705924230542822472846
EVENT_CONTINUATION,771,True,94,,6119.39,2,0,0,0.3497744172356707660463406289
EVENT_CONTINUATION,772,False,157,2885.34,2885.34,5,1,0,0.7170383635074478298860539398
EVENT_CONTINUATION,773,True,191,,5755.27,6,2,2,0.7091427429929084344364893669
EVENT_CONTINUATION,774,True,97,,4417.28,2,0,0,0.5306348406894778338104254727
EVENT_CONTINUATION,775,False,163,3363.42,3363.42,7,2,1,0.7078804145707552081673073940
EVENT_CONTINUATION,776,True,50,,4417.28,2,0,0,0.5306348406894778338104254727
EVENT_CONTINUATION,777,True,169,,5819.55,6,2,2,0.7023125686683285199092993652
EVENT_CONTINUATION,778,True,48,,4417.28,2,0,0,0.5306348406894778338104254727
EVENT_CONTINUATION,779,True,39,,10196.93,1,1,0,0
EVENT_CONTINUATION,780,True,46,,4417.28,2,0,0,0.5306348406894778338104254727
EVENT_CONTINUATION,781,True,171,,4043.81,7,2,1,0.6963568861715534077554568078
EVENT_CONTINUATION,782,True,103,,2574.15,3,0,0,0.7264795700432889393253555877
EVENT_CONTINUATION,783,True,88,,2801.59,3,0,0,0.7023125686683285199092993652
EVENT_CONTINUATION,784,False,171,9347.32,9347.32,10,4,2,0.7555237494129322784177967056
EVENT_CONTINUATION,785,True,94,,4787.35,2,0,0,0.4913124602865953047333065567
EVENT_CONTINUATION,786,True,79,,4788.87,3,0,0,0.4911509502527844542342193009
EVENT_CONTINUATION,787,True,96,,4787.35,2,0,0,0.4913124602865953047333065567
EVENT_CONTINUATION,788,True,196,,1155.53,4,0,0,0.8772173096253604755195416515
EVENT_CONTINUATION,789,True,87,,5014.79,2,0,0,0.4671454589116348853172503342
EVENT_CONTINUATION,790,True,46,,4417.28,2,0,0,0.5306348406894778338104254727
EVENT_CONTINUATION,791,True,34,,10196.93,1,1,0,0
EVENT_CONTINUATION,792,True,83,,4788.87,3,0,0,0.4911509502527844542342193009
EVENT_CONTINUATION,793,True,48,,4417.28,2,0,0,0.5306348406894778338104254727
EVENT_CONTINUATION,794,False,192,3783.16,3783.16,5,1,1,0.7320474159457156275833636165
EVENT_CONTINUATION,795,True,70,,6846.04,1,0,0,0.2725630579799770060715021921
EVENT_CONTINUATION,796,True,95,,4632.84,2,0,0,0.5077301677366706406635512231
EVENT_CONTINUATION,797,True,188,,4417.28,2,0,0,0.5306348406894778338104254727
EVENT_CONTINUATION,798,True,82,,4788.87,3,0,0,0.4911509502527844542342193009
EVENT_CONTINUATION,799,True,93,,6846.04,1,0,0,0.2725630579799770060715021921
EVENT_CONTINUATION,800,True,92,,4632.84,2,0,0,0.5077301677366706406635512231
EVENT_CONTINUATION,801,True,193,,4203.99,5,1,1,0.7347059561075231798775498928
EVENT_CONTINUATION,802,True,49,,2574.15,3,0,0,0.7264795700432889393253555877
EVENT_CONTINUATION,803,False,170,3660.44,3660.44,7,2,1,0.7719414568630076143480413721
EVENT_CONTINUATION,804,True,177,,4899.73,4,1,1,0.6607789883946540178808608485
EVENT_CONTINUATION,805,False,180,3579.26,3579.26,7,2,1,0.6849459897696144372969170710
EVENT_CONTINUATION,806,True,51,,2574.15,3,0,0,0.7264795700432889393253555877
EVENT_CONTINUATION,807,True,39,,10196.93,1,1,0,0
EVENT_CONTINUATION,808,True,86,,2956.10,3,0,0,0.6858948612182531839790546988
EVENT_CONTINUATION,809,False,153,3664.15,3664.15,6,1,1,0.7312951192092808765744571882
EVENT_CONTINUATION,810,True,175,,6305.77,6,2,2,0.7320474159457156275833636165
EVENT_CONTINUATION,811,False,137,3145.75,3145.75,5,1,0,0.7059954224656206766845390270
EVENT_CONTINUATION,812,True,53,,2574.15,3,0,0,0.7264795700432889393253555877
EVENT_CONTINUATION,813,True,49,,2574.15,3,0,0,0.7264795700432889393253555877
EVENT_CONTINUATION,814,True,40,,10196.93,1,1,0,0
EVENT_CONTINUATION,815,False,199,3657.07,3657.07,5,1,1,0.7320474159457156275833636165
EVENT_CONTINUATION,816,True,83,,2801.59,3,0,0,0.7023125686683285199092993652
EVENT_CONTINUATION,817,False,194,3335.10,3335.10,3,0,0,0.6456236093667319082197981550
EVENT_CONTINUATION,818,True,84,,2956.10,3,0,0,0.6858948612182531839790546988
EVENT_CONTINUATION,819,True,95,,6119.39,2,0,0,0.3497744172356707660463406289
EVENT_CONTINUATION,820,True,79,,5145.45,2,0,0,0.4532619713999732233364997800
EVENT_CONTINUATION,821,True,89,,5014.79,2,0,0,0.4671454589116348853172503342
EVENT_CONTINUATION,822,True,92,,2956.10,3,0,0,0.6858948612182531839790546988
EVENT_CONTINUATION,823,True,41,,10894.71,1,1,0,0
EVENT_CONTINUATION,824,True,38,,10196.93,1,1,0,0
EVENT_CONTINUATION,825,True,37,,10196.93,1,1,0,0
EVENT_CONTINUATION,826,True,69,,6489.46,2,0,0,0.3104520368327882369692217129
EVENT_CONTINUATION,827,False,191,13317.94,13317.94,7,3,2,0.4913124602865953047333065567
EVENT_CONTINUATION,828,True,37,,10196.93,1,1,0,0
EVENT_CONTINUATION,829,True,97,,4787.35,2,0,0,0.4913124602865953047333065567
EVENT_CONTINUATION,830,True,181,,6783.56,4,1,1,0.5954928074906653575853399892
EVENT_CONTINUATION,831,True,95,,6846.04,1,0,0,0.2725630579799770060715021921
EVENT_CONTINUATION,832,True,53,,2574.15,3,0,0,0.7264795700432889393253555877
EVENT_CONTINUATION,833,True,40,,10196.93,1,1,0,0
EVENT_CONTINUATION,834,True,34,,9411.18,0,0,0,0
EVENT_CONTINUATION,835,True,92,,6119.39,2,0,0,0.3497744172356707660463406289
EVENT_CONTINUATION,836,True,38,,9411.18,0,0,0,0
EVENT_CONTINUATION,837,True,95,,6119.39,2,0,0,0.3497744172356707660463406289
EVENT_CONTINUATION,838,False,193,2900.57,2900.57,4,1,0,0.7320474159457156275833636165
EVENT_CONTINUATION,839,True,171,,4101.30,6,2,1,0.7652195317610300355106880208
EVENT_CONTINUATION,840,False,208,2952.97,2952.97,4,1,0,0.7264795700432889393253555877
EVENT_CONTINUATION,841,True,50,,4417.28,2,0,0,0.5306348406894778338104254727
EVENT_CONTINUATION,842,False,159,1609.93,1609.93,4,0,0,0.8289343100440114842134567610
EVENT_CONTINUATION,843,False,174,2864.10,2864.10,6,1,0,0.6956704685278572931343359706
EVENT_CONTINUATION,844,False,176,1901.48,1901.48,6,1,0,0.7979551979666736796023452957
EVENT_CONTINUATION,845,True,83,,3765.44,2,0,0,0.5998971436100467741558444318
EVENT_CONTINUATION,846,False,180,2100.53,2100.53,5,0,0,0.7768048214995356586527938048
EVENT_CONTINUATION,847,True,81,,4644.72,2,0,0,0.5064678393145174143943692502
EVENT_CONTINUATION,848,False,155,1040.70,1040.70,4,0,0,0.8894187551401630826315084825
EVENT_CONTINUATION,849,True,51,,2574.15,3,0,0,0.7264795700432889393253555877
EVENT_CONTINUATION,850,True,45,,4417.28,2,0,0,0.5306348406894778338104254727
EVENT_CONTINUATION,851,True,162,,3853.56,5,1,1,0.7719414568630076143480413721
EVENT_CONTINUATION,852,True,56,,2574.15,3,0,0,0.7264795700432889393253555877
EVENT_CONTINUATION,853,False,165,1940.33,1940.33,5,1,0,0.8340792546736966034014863173
EVENT_CONTINUATION,854,True,98,,4787.35,2,0,0,0.4913124602865953047333065567
EVENT_CONTINUATION,855,True,36,,10196.93,1,1,0,0
EVENT_CONTINUATION,856,True,130,,4130.20,7,3,1,0.8123749966726971163069049107
EVENT_CONTINUATION,857,True,56,,4417.28,2,0,0,0.5306348406894778338104254727
EVENT_CONTINUATION,858,True,45,,4417.28,2,0,0,0.5306348406894778338104254727
EVENT_CONTINUATION,859,True,39,,10196.93,1,1,0,0
EVENT_CONTINUATION,860,True,41,,9411.18,0,0,0,0
EVENT_CONTINUATION,861,True,34,,9411.18,0,0,0,0
EVENT_CONTINUATION,862,True,36,,10196.93,1,1,0,0
EVENT_CONTINUATION,863,True,82,,5014.79,2,0,0,0.4671454589116348853172503342
EVENT_CONTINUATION,864,True,46,,4417.28,2,0,0,0.5306348406894778338104254727
EVENT_CONTINUATION,865,True,73,,6846.04,1,0,0,0.2725630579799770060715021921
EVENT_CONTINUATION,866,True,40,,10894.71,1,1,0,0
EVENT_CONTINUATION,867,True,91,,2956.10,3,0,0,0.6858948612182531839790546988
EVENT_CONTINUATION,868,False,162,3405.77,3405.77,8,2,2,0.7555237494129322784177967056
EVENT_CONTINUATION,869,True,88,,6025.86,3,1,0,0.4090515478678386533986209575
EVENT_CONTINUATION,870,True,167,,4663.36,4,1,1,0.6858948612182531839790546988
EVENT_CONTINUATION,871,False,165,2864.10,2864.10,6,1,0,0.6956704685278572931343359706
EVENT_CONTINUATION,872,True,89,,2801.59,3,0,0,0.7023125686683285199092993652
EVENT_CONTINUATION,873,False,165,1901.48,1901.48,6,1,0,0.7979551979666736796023452957
EVENT_CONTINUATION,874,True,80,,5014.79,2,0,0,0.4671454589116348853172503342
EVENT_CONTINUATION,875,False,179,1155.53,1155.53,4,0,0,0.8772173096253604755195416515
EVENT_CONTINUATION,876,True,161,,4609.97,5,1,1,0.6915679011558593077594945586
EVENT_CONTINUATION,877,True,56,,4417.28,2,0,0,0.5306348406894778338104254727
EVENT_CONTINUATION,878,True,51,,2574.15,3,0,0,0.7264795700432889393253555877
EVENT_CONTINUATION,879,True,39,,9411.18,0,0,0,0
EVENT_CONTINUATION,880,True,60,,6489.46,2,0,0,0.3104520368327882369692217129
EVENT_CONTINUATION,881,True,87,,2956.10,3,0,0,0.6858948612182531839790546988
EVENT_CONTINUATION,882,True,57,,4417.28,2,0,0,0.5306348406894778338104254727
EVENT_CONTINUATION,883,True,176,,1382.97,4,0,0,0.8530503082504000561034854290
EVENT_CONTINUATION,884,True,53,,4417.28,2,0,0,0.5306348406894778338104254727
EVENT_CONTINUATION,885,True,161,,17384.50,5,3,1,0.3497744172356707660463406289
EVENT_CONTINUATION,886,True,43,,10196.93,1,1,0,0
EVENT_CONTINUATION,887,False,165,4143.97,4143.97,6,1,1,0.6454620993329210577207108992
EVENT_CONTINUATION,888,False,171,1940.33,1940.33,5,1,0,0.8340792546736966034014863173
EVENT_CONTINUATION,889,False,142,3502.32,3502.32,7,2,1,0.7233422216294512171800728258
EVENT_CONTINUATION,890,True,90,,2801.59,3,0,0,0.7023125686683285199092993652
EVENT_CONTINUATION,891,True,76,,7354.01,2,0,0,0.2185878922728074481627171088
EVENT_CONTINUATION,892,True,52,,4417.28,2,0,0,0.5306348406894778338104254727
EVENT_CONTINUATION,893,True,93,,4632.84,2,0,0,0.5077301677366706406635512231
EVENT_CONTINUATION,894,True,88,,2801.59,3,0,0,0.7023125686683285199092993652
EVENT_CONTINUATION,895,False,143,1271.02,1271.02,5,1,0,0.8753526796790798799246439860
EVENT_CONTINUATION,896,True,52,,4417.28,2,0,0,0.5306348406894778338104254727
EVENT_CONTINUATION,897,False,174,2297.68,2297.68,5,1,0,0.7961084582379680337640975946
EVENT_CONTINUATION,898,True,184,,4229.01,4,1,1,0.7320474159457156275833636165
EVENT_CONTINUATION,899,True,86,,4644.72,2,0,0,0.5064678393145174143943692502
EVENT_CONTINUATION,900,True,35,,10196.93,1,1,0,0
EVENT_CONTINUATION,901,True,147,,4268.65,6,2,1,0.7611732158600676870391382504
EVENT_CONTINUATION,902,True,80,,4788.87,3,0,0,0.4911509502527844542342193009
EVENT_CONTINUATION,903,True,46,,2574.15,3,0,0,0.7264795700432889393253555877
EVENT_CONTINUATION,904,True,48,,4417.28,2,0,0,0.5306348406894778338104254727
EVENT_CONTINUATION,905,True,82,,2956.10,3,0,0,0.6858948612182531839790546988
EVENT_CONTINUATION,906,False,180,1319.82,1319.82,5,0,0,0.8597604126156337462464855629
EVENT_CONTINUATION,907,True,84,,4644.72,2,0,0,0.5064678393145174143943692502
EVENT_CONTINUATION,908,True,35,,10196.93,1,1,0,0
EVENT_CONTINUATION,909,True,43,,10894.71,1,1,0,0
EVENT_CONTINUATION,910,True,170,,5407.71,5,1,1,0.6326666794174588096285481736
EVENT_CONTINUATION,911,True,89,,6846.04,1,0,0,0.2725630579799770060715021921
EVENT_CONTINUATION,912,True,160,,6084.83,7,2,2,0.7555237494129322784177967056
EVENT_CONTINUATION,913,True,172,,4358.47,6,2,1,0.7719414568630076143480413721
EVENT_CONTINUATION,914,True,83,,4551.19,3,1,0,0.5536705655525731764364372414
EVENT_CONTINUATION,915,True,148,,4092.24,5,1,1,0.7465801312906564320308399159
EVENT_CONTINUATION,916,False,180,4003.49,4003.49,8,2,2,0.6223034731032665404338244513
EVENT_CONTINUATION,917,True,87,,6119.39,2,0,0,0.3497744172356707660463406289
EVENT_CONTINUATION,918,True,49,,4417.28,2,0,0,0.5306348406894778338104254727
EVENT_CONTINUATION,919,True,39,,9411.18,0,0,0,0
EVENT_CONTINUATION,920,True,44,,4417.28,2,0,0,0.5306348406894778338104254727
EVENT_CONTINUATION,921,True,90,,4788.87,3,0,0,0.4911509502527844542342193009
EVENT_CONTINUATION,922,False,148,3610.80,3610.80,7,2,1,0.6689797811694304069950465483
EVENT_CONTINUATION,923,True,80,,2956.10,3,0,0,0.6858948612182531839790546988
EVENT_CONTINUATION,924,False,174,6473.72,6473.72,6,2,2,0.7320474159457156275833636165
EVENT_CONTINUATION,925,True,97,,2574.15,3,0,0,0.7264795700432889393253555877
EVENT_CONTINUATION,926,True,87,,5014.79,2,0,0,0.4671454589116348853172503342
EVENT_CONTINUATION,927,True,62,,7080.22,2,1,0,0.3501231331536130837810276731
EVENT_CONTINUATION,928,True,42,,10196.93,1,1,0,0
EVENT_CONTINUATION,929,True,98,,4787.35,2,0,0,0.4913124602865953047333065567
EVENT_CONTINUATION,930,True,97,,4632.84,2,0,0,0.5077301677366706406635512231
EVENT_CONTINUATION,931,True,98,,4787.35,2,0,0,0.4913124602865953047333065567
EVENT_CONTINUATION,932,True,39,,9411.18,0,0,0,0
EVENT_CONTINUATION,933,True,33,,10196.93,1,1,0,0
EVENT_CONTINUATION,934,True,39,,10894.71,1,1,0,0
EVENT_CONTINUATION,935,True,99,,4417.28,2,0,0,0.5306348406894778338104254727
EVENT_CONTINUATION,936,False,159,4941.89,4941.89,12,5,2,0.7611732158600676870391382504
EVENT_CONTINUATION,937,True,155,,3923.38,4,1,1,0.7645226209678276262912833460
EVENT_CONTINUATION,938,True,175,,4085.85,5,1,1,0.6516377329941622623305472853
EVENT_CONTINUATION,939,True,44,,9411.18,0,0,0,0
EVENT_CONTINUATION,940,True,72,,8139.76,3,1,0,0.2017440543379232769078536383
EVENT_CONTINUATION,941,True,48,,2574.15,3,0,0,0.7264795700432889393253555877
EVENT_CONTINUATION,942,True,176,,5037.31,5,2,1,0.6595581000469654177265762636
EVENT_CONTINUATION,943,False,184,6421.93,6421.93,6,2,1,0.5306348406894778338104254727
EVENT_CONTINUATION,944,False,194,2956.10,2956.10,3,0,0,0.6858948612182531839790546988
EVENT_CONTINUATION,945,True,36,,10196.93,1,1,0,0
EVENT_CONTINUATION,946,True,50,,2574.15,3,0,0,0.7264795700432889393253555877
EVENT_CONTINUATION,947,False,158,2322.28,2322.28,5,1,0,0.7934945458486608480551854284
EVENT_CONTINUATION,948,True,164,,4298.15,6,2,1,0.7582801882527388145255483758
EVENT_CONTINUATION,949,True,52,,2574.15,3,0,0,0.7264795700432889393253555877
EVENT_CONTINUATION,950,True,178,,4246.75,5,1,1,0.7301624238405810961005952495
EVENT_CONTINUATION,951,True,50,,2574.15,3,0,0,0.7264795700432889393253555877
EVENT_CONTINUATION,952,False,162,2300.81,2300.81,4,0,0,0.7555237494129322784177967056
EVENT_CONTINUATION,953,False,197,2228.19,2228.19,5,1,1,0.7632401037914480437097154661
EVENT_CONTINUATION,954,True,164,,4383.68,5,1,1,0.6314043509953055833593662006
EVENT_CONTINUATION,955,False,188,2782.41,2782.41,5,1,0,0.7043505702791785939701503956
EVENT_CONTINUATION,956,True,44,,2574.15,3,0,0,0.7264795700432889393253555877
EVENT_CONTINUATION,957,True,41,,4417.28,2,0,0,0.5306348406894778338104254727
EVENT_CONTINUATION,958,True,97,,6119.39,2,0,0,0.3497744172356707660463406289
EVENT_CONTINUATION,959,True,95,,4417.28,2,0,0,0.5306348406894778338104254727
EVENT_CONTINUATION,960,True,171,,3983.99,5,1,0,0.6169268890829842803984197518
EVENT_CONTINUATION,961,True,91,,2801.59,3,0,0,0.7023125686683285199092993652
EVENT_CONTINUATION,962,True,92,,5014.79,2,0,0,0.4671454589116348853172503342
EVENT_CONTINUATION,963,True,44,,9411.18,0,0,0,0
EVENT_CONTINUATION,964,False,162,3334.35,3334.35,7,2,1,0.6960908822557377563639252206
EVENT_CONTINUATION,965,False,189,5855.29,5855.29,13,5,3,0.6620413168168072441500428214
EVENT_CONTINUATION,966,True,188,,4333.52,5,1,1,0.7209425385552077422809892065
EVENT_CONTINUATION,967,True,84,,5014.79,2,0,0,0.4671454589116348853172503342
EVENT_CONTINUATION,968,True,74,,3765.44,2,0,0,0.5998971436100467741558444318
EVENT_CONTINUATION,969,True,64,,6846.04,1,0,0,0.2725630579799770060715021921
EVENT_CONTINUATION,970,False,139,9450.79,9450.79,11,5,3,0.7218457196653342088877271500
EVENT_CONTINUATION,971,True,153,,14973.24,11,5,1,0.3924035030676280763942459925
EVENT_CONTINUATION,972,False,180,9116.79,9116.79,10,4,2,0.5533312507039499828926872082
EVENT_CONTINUATION,973,False,163,2697.80,2697.80,9,2,2,0.7719414568630076143480413721
EVENT_CONTINUATION,974,True,43,,2574.15,3,0,0,0.7264795700432889393253555877
EVENT_CONTINUATION,975,True,84,,6475.97,1,0,0,0.3118854383828595351486211081
EVENT_CONTINUATION,976,False,186,7909.98,7909.98,8,3,2,0.6977902877216247059348562029
EVENT_CONTINUATION,977,False,168,24135.55,24135.55,9,5,2,0.4759583814144453724187615156
EVENT_CONTINUATION,978,False,176,1155.53,1155.53,4,0,0,0.8772173096253604755195416515
EVENT_CONTINUATION,979,True,38,,10196.93,1,1,0,0
EVENT_CONTINUATION,980,False,161,12964.96,12964.96,10,5,2,0.5827067558569098738541894472
EVENT_CONTINUATION,981,True,67,,6475.97,1,0,0,0.3118854383828595351486211081
EVENT_CONTINUATION,982,True,101,,4417.28,2,0,0,0.5306348406894778338104254727
EVENT_CONTINUATION,983,True,42,,10894.71,1,1,0,0
EVENT_CONTINUATION,984,True,185,,5679.76,5,2,2,0.7171661789488671983746990282
EVENT_CONTINUATION,985,False,178,1319.82,1319.82,5,0,0,0.8597604126156337462464855629
EVENT_CONTINUATION,986,False,146,1898.01,1898.01,5,1,0,0.8385760340361144936129157024
EVENT_CONTINUATION,987,False,156,1952.21,1952.21,5,1,0,0.8328169262515433771323043444
EVENT_CONTINUATION,988,True,41,,9411.18,0,0,0,0
EVENT_CONTINUATION,989,True,76,,2801.59,3,0,0,0.7023125686683285199092993652
EVENT_CONTINUATION,990,True,175,,3544.66,5,1,1,0.7091427429929084344364893669
EVENT_CONTINUATION,991,True,92,,6475.97,1,0,0,0.3118854383828595351486211081
EVENT_CONTINUATION,992,False,167,4362.18,4362.18,5,1,1,0.7312951192092808765744571882
EVENT_CONTINUATION,993,True,51,,4417.28,2,0,0,0.5306348406894778338104254727
EVENT_CONTINUATION,994,True,81,,5145.45,2,0,0,0.4532619713999732233364997800
EVENT_CONTINUATION,995,True,99,,6119.39,2,0,0,0.3497744172356707660463406289
EVENT_CONTINUATION,996,True,82,,4551.19,3,1,0,0.5536705655525731764364372414
EVENT_CONTINUATION,997,True,95,,2574.15,3,0,0,0.7264795700432889393253555877
EVENT_CONTINUATION,998,False,169,3967.34,3967.34,6,1,1,0.6756432243353118312475162519
INTRADAY_EVENT,0,False,42,5527.44,5527.44,1,0,0,0.4126730123108898140296965949
INTRADAY_EVENT,1,False,38,3914.79,3914.79,3,0,0,0.5840277202221187991303959758
INTRADAY_EVENT,2,False,39,5369.82,5369.82,2,0,0,0.4294211777906702453889947913
INTRADAY_EVENT,3,False,34,3914.79,3914.79,3,0,0,0.5840277202221187991303959758
INTRADAY_EVENT,4,False,42,3368.37,3368.37,2,0,0,0.6420884522450957265720132863
INTRADAY_EVENT,5,False,41,3341.79,3341.79,3,0,0,0.6449127527047617833257891146
INTRADAY_EVENT,6,False,39,6551.15,6551.15,2,0,0,0.3038970671052939163845553905
INTRADAY_EVENT,7,False,35,3172.90,3172.90,4,0,0,0.6628584300799687180566092669
INTRADAY_EVENT,8,False,35,5598.43,5598.43,1,0,0,0.4051298561923159476282464048
INTRADAY_EVENT,9,False,37,5527.44,5527.44,1,0,0,0.4126730123108898140296965949
INTRADAY_EVENT,10,False,36,7411.03,7411.03,1,0,0,0.2125291408728767274666938684
INTRADAY_EVENT,11,False,40,3368.37,3368.37,2,0,0,0.6420884522450957265720132863
INTRADAY_EVENT,12,False,39,4785.55,4785.55,2,0,0,0.4915037221687397329559098859
INTRADAY_EVENT,13,False,33,2487.09,2487.09,4,0,0,0.7357302697430077843586032782
INTRADAY_EVENT,14,False,34,3830.53,3830.53,3,0,0,0.5929809014385018669284829320
INTRADAY_EVENT,15,False,44,3368.37,3368.37,2,0,0,0.6420884522450957265720132863
INTRADAY_EVENT,16,False,38,3056.56,3056.56,3,0,0,0.6752203230625702621775377795
INTRADAY_EVENT,17,False,40,3341.79,3341.79,3,0,0,0.6449127527047617833257891146
INTRADAY_EVENT,18,False,36,5527.44,5527.44,1,0,0,0.4126730123108898140296965949
INTRADAY_EVENT,19,False,38,3368.37,3368.37,2,0,0,0.6420884522450957265720132863
INTRADAY_EVENT,20,False,35,5369.82,5369.82,2,0,0,0.4294211777906702453889947913
INTRADAY_EVENT,21,False,33,6228.05,6228.05,2,0,0,0.3382285749502187823418529876
INTRADAY_EVENT,22,False,30,6551.15,6551.15,2,0,0,0.3038970671052939163845553905
INTRADAY_EVENT,23,False,31,6228.05,6228.05,2,0,0,0.3382285749502187823418529876
INTRADAY_EVENT,24,False,34,4002.95,4002.95,3,0,0,0.5746601382610894701833351397
INTRADAY_EVENT,25,False,41,5430.65,5430.65,2,0,0,0.4229575887402004849551278373
INTRADAY_EVENT,26,False,38,4002.95,4002.95,3,0,0,0.5746601382610894701833351397
INTRADAY_EVENT,27,False,36,6802.48,6802.48,1,0,0,0.2771915955278721690585027595
INTRADAY_EVENT,28,False,37,3914.79,3914.79,3,0,0,0.5840277202221187991303959758
INTRADAY_EVENT,29,False,38,6314.95,6314.95,1,0,0,0.3289948763066905531506144819
INTRADAY_EVENT,30,False,34,6551.15,6551.15,2,0,0,0.3038970671052939163845553905
INTRADAY_EVENT,31,False,38,3341.79,3341.79,3,0,0,0.6449127527047617833257891146
INTRADAY_EVENT,32,False,40,3341.79,3341.79,3,0,0,0.6449127527047617833257891146
INTRADAY_EVENT,33,False,37,4688.76,4688.76,3,0,0,0.5017882985980504038813411283
INTRADAY_EVENT,34,False,43,3368.37,3368.37,2,0,0,0.6420884522450957265720132863
INTRADAY_EVENT,35,False,38,6228.05,6228.05,2,0,0,0.3382285749502187823418529876
INTRADAY_EVENT,36,False,47,3368.37,3368.37,2,0,0,0.6420884522450957265720132863
INTRADAY_EVENT,37,False,35,6228.05,6228.05,2,0,0,0.3382285749502187823418529876
INTRADAY_EVENT,38,False,31,8301.62,8301.62,1,0,0,0.1178980744178732103731944347
INTRADAY_EVENT,39,False,38,3853.96,3853.96,3,0,0,0.5904913092725885595642629298
INTRADAY_EVENT,40,False,39,7660.71,7660.71,1,0,0,0.1859989926874207060113609558
INTRADAY_EVENT,41,False,40,5527.44,5527.44,1,0,0,0.4126730123108898140296965949
INTRADAY_EVENT,42,False,40,4744.84,4744.84,2,0,0,0.4958294284032395512571218487
INTRADAY_EVENT,43,False,35,3914.79,3914.79,3,0,0,0.5840277202221187991303959758
INTRADAY_EVENT,44,False,40,5598.43,5598.43,1,0,0,0.4051298561923159476282464048
INTRADAY_EVENT,45,False,34,7411.03,7411.03,1,0,0,0.2125291408728767274666938684
INTRADAY_EVENT,46,False,45,3341.79,3341.79,3,0,0,0.6449127527047617833257891146
INTRADAY_EVENT,47,False,36,3056.56,3056.56,3,0,0,0.6752203230625702621775377795
INTRADAY_EVENT,48,False,40,3341.79,3341.79,3,0,0,0.6449127527047617833257891146
INTRADAY_EVENT,49,False,44,3368.37,3368.37,2,0,0,0.6420884522450957265720132863
INTRADAY_EVENT,50,False,37,3340.68,3340.68,3,0,0,0.6450306975320841807297278343
INTRADAY_EVENT,51,False,38,4688.76,4688.76,3,0,0,0.5017882985980504038813411283
INTRADAY_EVENT,52,False,44,3368.37,3368.37,2,0,0,0.6420884522450957265720132863
INTRADAY_EVENT,53,False,41,3368.37,3368.37,2,0,0,0.6420884522450957265720132863
INTRADAY_EVENT,54,False,43,5598.43,5598.43,1,0,0,0.4051298561923159476282464048
INTRADAY_EVENT,55,False,34,3269.69,3269.69,3,0,0,0.6525738536506580471311780244
INTRADAY_EVENT,56,False,38,7660.71,7660.71,1,0,0,0.1859989926874207060113609558
INTRADAY_EVENT,57,False,39,5430.65,5430.65,2,0,0,0.4229575887402004849551278373
INTRADAY_EVENT,58,False,39,4688.76,4688.76,3,0,0,0.5017882985980504038813411283
INTRADAY_EVENT,59,False,43,3341.79,3341.79,3,0,0,0.6449127527047617833257891146
INTRADAY_EVENT,60,False,34,4688.76,4688.76,3,0,0,0.5017882985980504038813411283
INTRADAY_EVENT,61,False,47,3341.79,3341.79,3,0,0,0.6449127527047617833257891146
INTRADAY_EVENT,62,False,42,3368.37,3368.37,2,0,0,0.6420884522450957265720132863
INTRADAY_EVENT,63,False,33,7660.71,7660.71,1,0,0,0.1859989926874207060113609558
INTRADAY_EVENT,64,False,36,3368.37,3368.37,2,0,0,0.6420884522450957265720132863
INTRADAY_EVENT,65,False,40,5527.44,5527.44,1,0,0,0.4126730123108898140296965949
INTRADAY_EVENT,66,False,41,4688.76,4688.76,3,0,0,0.5017882985980504038813411283
INTRADAY_EVENT,67,False,40,5430.65,5430.65,2,0,0,0.4229575887402004849551278373
INTRADAY_EVENT,68,False,37,4785.55,4785.55,2,0,0,0.4915037221687397329559098859
INTRADAY_EVENT,69,False,40,2314.67,2314.67,4,0,0,0.7540510329204201811037510705
INTRADAY_EVENT,70,False,40,3368.37,3368.37,2,0,0,0.6420884522450957265720132863
INTRADAY_EVENT,71,False,42,3368.37,3368.37,2,0,0,0.6420884522450957265720132863
INTRADAY_EVENT,72,False,35,8301.62,8301.62,1,0,0,0.1178980744178732103731944347
INTRADAY_EVENT,73,False,37,3340.68,3340.68,3,0,0,0.6450306975320841807297278343
INTRADAY_EVENT,74,False,44,5527.44,5527.44,1,0,0,0.4126730123108898140296965949
INTRADAY_EVENT,75,False,38,5598.43,5598.43,1,0,0,0.4051298561923159476282464048
INTRADAY_EVENT,76,False,40,4572.42,4572.42,2,0,0,0.5141501915806519480022696410
INTRADAY_EVENT,77,False,35,6228.05,6228.05,2,0,0,0.3382285749502187823418529876
INTRADAY_EVENT,78,False,36,3368.37,3368.37,2,0,0,0.6420884522450957265720132863
INTRADAY_EVENT,79,False,29,3853.96,3853.96,3,0,0,0.5904913092725885595642629298
INTRADAY_EVENT,80,False,41,5430.65,5430.65,2,0,0,0.4229575887402004849551278373
INTRADAY_EVENT,81,False,37,3341.79,3341.79,3,0,0,0.6449127527047617833257891146
INTRADAY_EVENT,82,False,42,2487.09,2487.09,4,0,0,0.7357302697430077843586032782
INTRADAY_EVENT,83,False,32,2487.09,2487.09,4,0,0,0.7357302697430077843586032782
INTRADAY_EVENT,84,False,37,4688.76,4688.76,3,0,0,0.5017882985980504038813411283
INTRADAY_EVENT,85,False,38,6551.15,6551.15,2,0,0,0.3038970671052939163845553905
INTRADAY_EVENT,86,False,39,3341.79,3341.79,3,0,0,0.6449127527047617833257891146
INTRADAY_EVENT,87,False,35,3228.98,3228.98,3,0,0,0.6568995598851578654323899872
INTRADAY_EVENT,88,False,34,7411.03,7411.03,1,0,0,0.2125291408728767274666938684
INTRADAY_EVENT,89,False,31,3172.90,3172.90,4,0,0,0.6628584300799687180566092669
INTRADAY_EVENT,90,False,40,5527.44,5527.44,1,0,0,0.4126730123108898140296965949
INTRADAY_EVENT,91,False,35,6228.05,6228.05,2,0,0,0.3382285749502187823418529876
INTRADAY_EVENT,92,False,36,9411.18,9411.18,0,0,0,0
INTRADAY_EVENT,93,False,38,4744.84,4744.84,2,0,0,0.4958294284032395512571218487
INTRADAY_EVENT,94,False,35,2314.67,2314.67,4,0,0,0.7540510329204201811037510705
INTRADAY_EVENT,95,False,38,6301.47,6301.47,2,0,0,0.3304272152907499378398883031
INTRADAY_EVENT,96,False,42,5598.43,5598.43,1,0,0,0.4051298561923159476282464048
INTRADAY_EVENT,97,False,42,4856.54,4856.54,2,0,0,0.4839605660501658665544596958
INTRADAY_EVENT,98,False,39,4688.76,4688.76,3,0,0,0.5017882985980504038813411283
INTRADAY_EVENT,99,False,49,3341.79,3341.79,3,0,0,0.6449127527047617833257891146
INTRADAY_EVENT,100,False,36,3269.69,3269.69,3,0,0,0.6525738536506580471311780244
INTRADAY_EVENT,101,False,31,3172.90,3172.90,4,0,0,0.6628584300799687180566092669
INTRADAY_EVENT,102,False,36,3172.90,3172.90,4,0,0,0.6628584300799687180566092669
INTRADAY_EVENT,103,False,41,5430.65,5430.65,2,0,0,0.4229575887402004849551278373
INTRADAY_EVENT,104,False,41,5598.43,5598.43,1,0,0,0.4051298561923159476282464048
INTRADAY_EVENT,105,False,34,3368.37,3368.37,2,0,0,0.6420884522450957265720132863
INTRADAY_EVENT,106,False,42,5598.43,5598.43,1,0,0,0.4051298561923159476282464048
INTRADAY_EVENT,107,False,36,2487.09,2487.09,4,0,0,0.7357302697430077843586032782
INTRADAY_EVENT,108,False,39,4744.84,4744.84,2,0,0,0.4958294284032395512571218487
INTRADAY_EVENT,109,False,37,3341.79,3341.79,3,0,0,0.6449127527047617833257891146
INTRADAY_EVENT,110,False,35,3853.96,3853.96,3,0,0,0.5904913092725885595642629298
INTRADAY_EVENT,111,False,36,4856.54,4856.54,2,0,0,0.4839605660501658665544596958
INTRADAY_EVENT,112,False,40,4856.54,4856.54,2,0,0,0.4839605660501658665544596958
INTRADAY_EVENT,113,False,38,2314.67,2314.67,4,0,0,0.7540510329204201811037510705
INTRADAY_EVENT,114,False,30,6228.05,6228.05,2,0,0,0.3382285749502187823418529876
INTRADAY_EVENT,115,False,34,4688.76,4688.76,3,0,0,0.5017882985980504038813411283
INTRADAY_EVENT,116,False,40,4856.54,4856.54,2,0,0,0.4839605660501658665544596958
INTRADAY_EVENT,117,False,35,3853.96,3853.96,3,0,0,0.5904913092725885595642629298
INTRADAY_EVENT,118,False,38,3914.79,3914.79,3,0,0,0.5840277202221187991303959758
INTRADAY_EVENT,119,False,38,3368.37,3368.37,2,0,0,0.6420884522450957265720132863
INTRADAY_EVENT,120,False,39,3341.79,3341.79,3,0,0,0.6449127527047617833257891146
INTRADAY_EVENT,121,False,40,3269.69,3269.69,3,0,0,0.6525738536506580471311780244
INTRADAY_EVENT,122,False,40,5598.43,5598.43,1,0,0,0.4051298561923159476282464048
INTRADAY_EVENT,123,False,38,5598.43,5598.43,1,0,0,0.4051298561923159476282464048
INTRADAY_EVENT,124,False,43,5527.44,5527.44,1,0,0,0.4126730123108898140296965949
INTRADAY_EVENT,125,False,36,7411.03,7411.03,1,0,0,0.2125291408728767274666938684
INTRADAY_EVENT,126,False,40,4002.95,4002.95,3,0,0,0.5746601382610894701833351397
INTRADAY_EVENT,127,False,38,7660.71,7660.71,1,0,0,0.1859989926874207060113609558
INTRADAY_EVENT,128,False,41,5598.43,5598.43,1,0,0,0.4051298561923159476282464048
INTRADAY_EVENT,129,False,32,2487.09,2487.09,4,0,0,0.7357302697430077843586032782
INTRADAY_EVENT,130,False,43,3368.37,3368.37,2,0,0,0.6420884522450957265720132863
INTRADAY_EVENT,131,False,34,7660.71,7660.71,1,0,0,0.1859989926874207060113609558
INTRADAY_EVENT,132,False,35,6551.15,6551.15,2,0,0,0.3038970671052939163845553905
INTRADAY_EVENT,133,False,42,3341.79,3341.79,3,0,0,0.6449127527047617833257891146
INTRADAY_EVENT,134,False,39,6802.48,6802.48,1,0,0,0.2771915955278721690585027595
INTRADAY_EVENT,135,False,37,3056.56,3056.56,3,0,0,0.6752203230625702621775377795
INTRADAY_EVENT,136,False,38,2487.09,2487.09,4,0,0,0.7357302697430077843586032782
INTRADAY_EVENT,137,False,37,5527.44,5527.44,1,0,0,0.4126730123108898140296965949
INTRADAY_EVENT,138,False,45,3368.37,3368.37,2,0,0,0.6420884522450957265720132863
INTRADAY_EVENT,139,False,37,3341.79,3341.79,3,0,0,0.6449127527047617833257891146
INTRADAY_EVENT,140,False,43,3341.79,3341.79,3,0,0,0.6449127527047617833257891146
INTRADAY_EVENT,141,False,43,4744.84,4744.84,2,0,0,0.4958294284032395512571218487
INTRADAY_EVENT,142,False,30,3172.90,3172.90,4,0,0,0.6628584300799687180566092669
INTRADAY_EVENT,143,False,43,3341.79,3341.79,3,0,0,0.6449127527047617833257891146
INTRADAY_EVENT,144,False,38,4744.84,4744.84,2,0,0,0.4958294284032395512571218487
INTRADAY_EVENT,145,False,45,3830.53,3830.53,3,0,0,0.5929809014385018669284829320
INTRADAY_EVENT,146,False,38,3368.37,3368.37,2,0,0,0.6420884522450957265720132863
INTRADAY_EVENT,147,False,32,4785.55,4785.55,2,0,0,0.4915037221687397329559098859
INTRADAY_EVENT,148,False,36,4856.54,4856.54,2,0,0,0.4839605660501658665544596958
INTRADAY_EVENT,149,False,38,3341.79,3341.79,3,0,0,0.6449127527047617833257891146
INTRADAY_EVENT,150,False,44,4856.54,4856.54,2,0,0,0.4839605660501658665544596958
INTRADAY_EVENT,151,False,29,7411.03,7411.03,1,0,0,0.2125291408728767274666938684
INTRADAY_EVENT,152,False,41,4744.84,4744.84,2,0,0,0.4958294284032395512571218487
INTRADAY_EVENT,153,False,43,2314.67,2314.67,4,0,0,0.7540510329204201811037510705
INTRADAY_EVENT,154,False,36,7411.03,7411.03,1,0,0,0.2125291408728767274666938684
INTRADAY_EVENT,155,False,38,3341.79,3341.79,3,0,0,0.6449127527047617833257891146
INTRADAY_EVENT,156,False,43,4744.84,4744.84,2,0,0,0.4958294284032395512571218487
INTRADAY_EVENT,157,False,40,6228.05,6228.05,2,0,0,0.3382285749502187823418529876
INTRADAY_EVENT,158,False,38,4856.54,4856.54,2,0,0,0.4839605660501658665544596958
INTRADAY_EVENT,159,False,39,5598.43,5598.43,1,0,0,0.4051298561923159476282464048
INTRADAY_EVENT,160,False,40,4002.95,4002.95,3,0,0,0.5746601382610894701833351397
INTRADAY_EVENT,161,False,32,6228.05,6228.05,2,0,0,0.3382285749502187823418529876
INTRADAY_EVENT,162,False,37,4785.55,4785.55,2,0,0,0.4915037221687397329559098859
INTRADAY_EVENT,163,False,36,3341.79,3341.79,3,0,0,0.6449127527047617833257891146
INTRADAY_EVENT,164,False,42,3368.37,3368.37,2,0,0,0.6420884522450957265720132863
INTRADAY_EVENT,165,False,38,3228.98,3228.98,3,0,0,0.6568995598851578654323899872
INTRADAY_EVENT,166,False,41,5430.65,5430.65,2,0,0,0.4229575887402004849551278373
INTRADAY_EVENT,167,False,37,3368.37,3368.37,2,0,0,0.6420884522450957265720132863
INTRADAY_EVENT,168,False,35,3340.68,3340.68,3,0,0,0.6450306975320841807297278343
INTRADAY_EVENT,169,False,30,2487.09,2487.09,4,0,0,0.7357302697430077843586032782
INTRADAY_EVENT,170,False,43,9411.18,9411.18,0,0,0,0
INTRADAY_EVENT,171,False,41,5430.65,5430.65,2,0,0,0.4229575887402004849551278373
INTRADAY_EVENT,172,False,40,8301.62,8301.62,1,0,0,0.1178980744178732103731944347
INTRADAY_EVENT,173,False,34,6228.05,6228.05,2,0,0,0.3382285749502187823418529876
INTRADAY_EVENT,174,False,37,3368.37,3368.37,2,0,0,0.6420884522450957265720132863
INTRADAY_EVENT,175,False,41,2314.67,2314.67,4,0,0,0.7540510329204201811037510705
INTRADAY_EVENT,176,False,35,3853.96,3853.96,3,0,0,0.5904913092725885595642629298
INTRADAY_EVENT,177,False,36,3269.69,3269.69,3,0,0,0.6525738536506580471311780244
INTRADAY_EVENT,178,False,43,3341.79,3341.79,3,0,0,0.6449127527047617833257891146
INTRADAY_EVENT,179,False,43,3368.37,3368.37,2,0,0,0.6420884522450957265720132863
INTRADAY_EVENT,180,False,37,3341.79,3341.79,3,0,0,0.6449127527047617833257891146
INTRADAY_EVENT,181,False,35,6228.05,6228.05,2,0,0,0.3382285749502187823418529876
INTRADAY_EVENT,182,False,35,4688.76,4688.76,3,0,0,0.5017882985980504038813411283
INTRADAY_EVENT,183,False,35,5598.43,5598.43,1,0,0,0.4051298561923159476282464048
INTRADAY_EVENT,184,False,30,3341.79,3341.79,3,0,0,0.6449127527047617833257891146
INTRADAY_EVENT,185,False,39,2314.67,2314.67,4,0,0,0.7540510329204201811037510705
INTRADAY_EVENT,186,False,47,3368.37,3368.37,2,0,0,0.6420884522450957265720132863
INTRADAY_EVENT,187,False,44,6802.48,6802.48,1,0,0,0.2771915955278721690585027595
INTRADAY_EVENT,188,False,46,5527.44,5527.44,1,0,0,0.4126730123108898140296965949
INTRADAY_EVENT,189,False,40,3341.79,3341.79,3,0,0,0.6449127527047617833257891146
INTRADAY_EVENT,190,False,37,2314.67,2314.67,4,0,0,0.7540510329204201811037510705
INTRADAY_EVENT,191,False,33,6301.47,6301.47,2,0,0,0.3304272152907499378398883031
INTRADAY_EVENT,192,False,38,3172.90,3172.90,4,0,0,0.6628584300799687180566092669
INTRADAY_EVENT,193,False,39,2314.67,2314.67,4,0,0,0.7540510329204201811037510705
INTRADAY_EVENT,194,False,35,6551.15,6551.15,2,0,0,0.3038970671052939163845553905
INTRADAY_EVENT,195,False,31,3172.90,3172.90,4,0,0,0.6628584300799687180566092669
INTRADAY_EVENT,196,False,39,3341.79,3341.79,3,0,0,0.6449127527047617833257891146
INTRADAY_EVENT,197,False,35,2487.09,2487.09,4,0,0,0.7357302697430077843586032782
INTRADAY_EVENT,198,False,35,3269.69,3269.69,3,0,0,0.6525738536506580471311780244
INTRADAY_EVENT,199,False,31,6228.05,6228.05,2,0,0,0.3382285749502187823418529876
INTRADAY_EVENT,200,False,32,7660.71,7660.71,1,0,0,0.1859989926874207060113609558
INTRADAY_EVENT,201,False,34,6228.05,6228.05,2,0,0,0.3382285749502187823418529876
INTRADAY_EVENT,202,False,42,5598.43,5598.43,1,0,0,0.4051298561923159476282464048
INTRADAY_EVENT,203,False,42,3368.37,3368.37,2,0,0,0.6420884522450957265720132863
INTRADAY_EVENT,204,False,37,5527.44,5527.44,1,0,0,0.4126730123108898140296965949
INTRADAY_EVENT,205,False,39,3368.37,3368.37,2,0,0,0.6420884522450957265720132863
INTRADAY_EVENT,206,False,37,5598.43,5598.43,1,0,0,0.4051298561923159476282464048
INTRADAY_EVENT,207,False,42,3368.37,3368.37,2,0,0,0.6420884522450957265720132863
INTRADAY_EVENT,208,False,42,4572.42,4572.42,2,0,0,0.5141501915806519480022696410
INTRADAY_EVENT,209,False,29,4688.76,4688.76,3,0,0,0.5017882985980504038813411283
INTRADAY_EVENT,210,False,43,3341.79,3341.79,3,0,0,0.6449127527047617833257891146
INTRADAY_EVENT,211,False,29,6301.47,6301.47,2,0,0,0.3304272152907499378398883031
INTRADAY_EVENT,212,False,34,3368.37,3368.37,2,0,0,0.6420884522450957265720132863
INTRADAY_EVENT,213,False,36,8301.62,8301.62,1,0,0,0.1178980744178732103731944347
INTRADAY_EVENT,214,False,34,4002.95,4002.95,3,0,0,0.5746601382610894701833351397
INTRADAY_EVENT,215,False,38,5598.43,5598.43,1,0,0,0.4051298561923159476282464048
INTRADAY_EVENT,216,False,43,3368.37,3368.37,2,0,0,0.6420884522450957265720132863
INTRADAY_EVENT,217,False,42,3056.56,3056.56,3,0,0,0.6752203230625702621775377795
INTRADAY_EVENT,218,False,43,5598.43,5598.43,1,0,0,0.4051298561923159476282464048
INTRADAY_EVENT,219,False,37,6551.15,6551.15,2,0,0,0.3038970671052939163845553905
INTRADAY_EVENT,220,False,38,4785.55,4785.55,2,0,0,0.4915037221687397329559098859
INTRADAY_EVENT,221,False,27,6301.47,6301.47,2,0,0,0.3304272152907499378398883031
INTRADAY_EVENT,222,False,34,6301.47,6301.47,2,0,0,0.3304272152907499378398883031
INTRADAY_EVENT,223,False,40,3340.68,3340.68,3,0,0,0.6450306975320841807297278343
INTRADAY_EVENT,224,False,37,6802.48,6802.48,1,0,0,0.2771915955278721690585027595
INTRADAY_EVENT,225,False,39,3341.79,3341.79,3,0,0,0.6449127527047617833257891146
INTRADAY_EVENT,226,False,40,3056.56,3056.56,3,0,0,0.6752203230625702621775377795
INTRADAY_EVENT,227,False,36,3853.96,3853.96,3,0,0,0.5904913092725885595642629298
INTRADAY_EVENT,228,False,39,3228.98,3228.98,3,0,0,0.6568995598851578654323899872
INTRADAY_EVENT,229,False,29,8301.62,8301.62,1,0,0,0.1178980744178732103731944347
INTRADAY_EVENT,230,False,39,3853.96,3853.96,3,0,0,0.5904913092725885595642629298
INTRADAY_EVENT,231,False,40,7660.71,7660.71,1,0,0,0.1859989926874207060113609558
INTRADAY_EVENT,232,False,46,6802.48,6802.48,1,0,0,0.2771915955278721690585027595
INTRADAY_EVENT,233,False,39,9411.18,9411.18,0,0,0,0
INTRADAY_EVENT,234,False,37,7660.71,7660.71,1,0,0,0.1859989926874207060113609558
INTRADAY_EVENT,235,False,34,2314.67,2314.67,4,0,0,0.7540510329204201811037510705
INTRADAY_EVENT,236,False,37,3172.90,3172.90,4,0,0,0.6628584300799687180566092669
INTRADAY_EVENT,237,False,34,3172.90,3172.90,4,0,0,0.6628584300799687180566092669
INTRADAY_EVENT,238,False,33,3341.79,3341.79,3,0,0,0.6449127527047617833257891146
INTRADAY_EVENT,239,False,42,3341.79,3341.79,3,0,0,0.6449127527047617833257891146
INTRADAY_EVENT,240,False,32,6551.15,6551.15,2,0,0,0.3038970671052939163845553905
INTRADAY_EVENT,241,False,32,3172.90,3172.90,4,0,0,0.6628584300799687180566092669
INTRADAY_EVENT,242,False,38,4856.54,4856.54,2,0,0,0.4839605660501658665544596958
INTRADAY_EVENT,243,False,34,3172.90,3172.90,4,0,0,0.6628584300799687180566092669
INTRADAY_EVENT,244,False,41,4744.84,4744.84,2,0,0,0.4958294284032395512571218487
INTRADAY_EVENT,245,False,41,3830.53,3830.53,3,0,0,0.5929809014385018669284829320
INTRADAY_EVENT,246,False,42,3341.79,3341.79,3,0,0,0.6449127527047617833257891146
INTRADAY_EVENT,247,False,36,3269.69,3269.69,3,0,0,0.6525738536506580471311780244
INTRADAY_EVENT,248,False,39,4785.55,4785.55,2,0,0,0.4915037221687397329559098859
INTRADAY_EVENT,249,False,42,4572.42,4572.42,2,0,0,0.5141501915806519480022696410
INTRADAY_EVENT,250,False,39,4744.84,4744.84,2,0,0,0.4958294284032395512571218487
INTRADAY_EVENT,251,False,38,3341.79,3341.79,3,0,0,0.6449127527047617833257891146
INTRADAY_EVENT,252,False,39,7411.03,7411.03,1,0,0,0.2125291408728767274666938684
INTRADAY_EVENT,253,False,38,4002.95,4002.95,3,0,0,0.5746601382610894701833351397
INTRADAY_EVENT,254,False,38,5527.44,5527.44,1,0,0,0.4126730123108898140296965949
INTRADAY_EVENT,255,False,39,6551.15,6551.15,2,0,0,0.3038970671052939163845553905
INTRADAY_EVENT,256,False,38,4688.76,4688.76,3,0,0,0.5017882985980504038813411283
INTRADAY_EVENT,257,False,40,3341.79,3341.79,3,0,0,0.6449127527047617833257891146
INTRADAY_EVENT,258,False,42,3341.79,3341.79,3,0,0,0.6449127527047617833257891146
INTRADAY_EVENT,259,False,36,3341.79,3341.79,3,0,0,0.6449127527047617833257891146
INTRADAY_EVENT,260,False,34,5369.82,5369.82,2,0,0,0.4294211777906702453889947913
INTRADAY_EVENT,261,False,35,4572.42,4572.42,2,0,0,0.5141501915806519480022696410
INTRADAY_EVENT,262,False,39,3368.37,3368.37,2,0,0,0.6420884522450957265720132863
INTRADAY_EVENT,263,False,35,3914.79,3914.79,3,0,0,0.5840277202221187991303959758
INTRADAY_EVENT,264,False,33,6551.15,6551.15,2,0,0,0.3038970671052939163845553905
INTRADAY_EVENT,265,False,36,4856.54,4856.54,2,0,0,0.4839605660501658665544596958
INTRADAY_EVENT,266,False,41,4744.84,4744.84,2,0,0,0.4958294284032395512571218487
INTRADAY_EVENT,267,False,29,6551.15,6551.15,2,0,0,0.3038970671052939163845553905
INTRADAY_EVENT,268,False,36,5598.43,5598.43,1,0,0,0.4051298561923159476282464048
INTRADAY_EVENT,269,False,34,4688.76,4688.76,3,0,0,0.5017882985980504038813411283
INTRADAY_EVENT,270,False,43,3368.37,3368.37,2,0,0,0.6420884522450957265720132863
INTRADAY_EVENT,271,False,43,4744.84,4744.84,2,0,0,0.4958294284032395512571218487
INTRADAY_EVENT,272,False,42,4785.55,4785.55,2,0,0,0.4915037221687397329559098859
INTRADAY_EVENT,273,False,43,5598.43,5598.43,1,0,0,0.4051298561923159476282464048
INTRADAY_EVENT,274,False,42,5598.43,5598.43,1,0,0,0.4051298561923159476282464048
INTRADAY_EVENT,275,False,40,3228.98,3228.98,3,0,0,0.6568995598851578654323899872
INTRADAY_EVENT,276,False,37,3368.37,3368.37,2,0,0,0.6420884522450957265720132863
INTRADAY_EVENT,277,False,36,3341.79,3341.79,3,0,0,0.6449127527047617833257891146
INTRADAY_EVENT,278,False,43,5527.44,5527.44,1,0,0,0.4126730123108898140296965949
INTRADAY_EVENT,279,False,40,8301.62,8301.62,1,0,0,0.1178980744178732103731944347
INTRADAY_EVENT,280,False,39,5598.43,5598.43,1,0,0,0.4051298561923159476282464048
INTRADAY_EVENT,281,False,43,3341.79,3341.79,3,0,0,0.6449127527047617833257891146
INTRADAY_EVENT,282,False,41,5598.43,5598.43,1,0,0,0.4051298561923159476282464048
INTRADAY_EVENT,283,False,38,4856.54,4856.54,2,0,0,0.4839605660501658665544596958
INTRADAY_EVENT,284,False,34,2487.09,2487.09,4,0,0,0.7357302697430077843586032782
INTRADAY_EVENT,285,False,34,5692.92,5692.92,2,0,0,0.3950896699457453794316971942
INTRADAY_EVENT,286,False,33,4688.76,4688.76,3,0,0,0.5017882985980504038813411283
INTRADAY_EVENT,287,False,40,3341.79,3341.79,3,0,0,0.6449127527047617833257891146
INTRADAY_EVENT,288,False,40,4002.95,4002.95,3,0,0,0.5746601382610894701833351397
INTRADAY_EVENT,289,False,31,4785.55,4785.55,2,0,0,0.4915037221687397329559098859
INTRADAY_EVENT,290,False,42,3056.56,3056.56,3,0,0,0.6752203230625702621775377795
INTRADAY_EVENT,291,False,35,4856.54,4856.54,2,0,0,0.4839605660501658665544596958
INTRADAY_EVENT,292,False,39,3172.90,3172.90,4,0,0,0.6628584300799687180566092669
INTRADAY_EVENT,293,False,31,6228.05,6228.05,2,0,0,0.3382285749502187823418529876
INTRADAY_EVENT,294,False,38,3853.96,3853.96,3,0,0,0.5904913092725885595642629298
INTRADAY_EVENT,295,False,35,4002.95,4002.95,3,0,0,0.5746601382610894701833351397
INTRADAY_EVENT,296,False,46,3341.79,3341.79,3,0,0,0.6449127527047617833257891146
INTRADAY_EVENT,297,False,35,3340.68,3340.68,3,0,0,0.6450306975320841807297278343
INTRADAY_EVENT,298,False,35,3269.69,3269.69,3,0,0,0.6525738536506580471311780244
INTRADAY_EVENT,299,False,44,3341.79,3341.79,3,0,0,0.6449127527047617833257891146
INTRADAY_EVENT,300,False,37,2487.09,2487.09,4,0,0,0.7357302697430077843586032782
INTRADAY_EVENT,301,False,42,3368.37,3368.37,2,0,0,0.6420884522450957265720132863
INTRADAY_EVENT,302,False,40,4002.95,4002.95,3,0,0,0.5746601382610894701833351397
INTRADAY_EVENT,303,False,37,4002.95,4002.95,3,0,0,0.5746601382610894701833351397
INTRADAY_EVENT,304,False,33,8301.62,8301.62,1,0,0,0.1178980744178732103731944347
INTRADAY_EVENT,305,False,34,3269.69,3269.69,3,0,0,0.6525738536506580471311780244
INTRADAY_EVENT,306,False,45,5598.43,5598.43,1,0,0,0.4051298561923159476282464048
INTRADAY_EVENT,307,False,38,3914.79,3914.79,3,0,0,0.5840277202221187991303959758
INTRADAY_EVENT,308,False,36,4744.84,4744.84,2,0,0,0.4958294284032395512571218487
INTRADAY_EVENT,309,False,37,4002.95,4002.95,3,0,0,0.5746601382610894701833351397
INTRADAY_EVENT,310,False,32,6228.05,6228.05,2,0,0,0.3382285749502187823418529876
INTRADAY_EVENT,311,False,43,9411.18,9411.18,0,0,0,0
INTRADAY_EVENT,312,False,39,3340.68,3340.68,3,0,0,0.6450306975320841807297278343
INTRADAY_EVENT,313,False,42,3368.37,3368.37,2,0,0,0.6420884522450957265720132863
INTRADAY_EVENT,314,False,35,3228.98,3228.98,3,0,0,0.6568995598851578654323899872
INTRADAY_EVENT,315,False,39,3228.98,3228.98,3,0,0,0.6568995598851578654323899872
INTRADAY_EVENT,316,False,37,6551.15,6551.15,2,0,0,0.3038970671052939163845553905
INTRADAY_EVENT,317,False,40,7411.03,7411.03,1,0,0,0.2125291408728767274666938684
INTRADAY_EVENT,318,False,40,3830.53,3830.53,3,0,0,0.5929809014385018669284829320
INTRADAY_EVENT,319,False,32,2487.09,2487.09,4,0,0,0.7357302697430077843586032782
INTRADAY_EVENT,320,False,35,6228.05,6228.05,2,0,0,0.3382285749502187823418529876
INTRADAY_EVENT,321,False,42,3368.37,3368.37,2,0,0,0.6420884522450957265720132863
INTRADAY_EVENT,322,False,35,4856.54,4856.54,2,0,0,0.4839605660501658665544596958
INTRADAY_EVENT,323,False,39,4572.42,4572.42,2,0,0,0.5141501915806519480022696410
INTRADAY_EVENT,324,False,32,4856.54,4856.54,2,0,0,0.4839605660501658665544596958
INTRADAY_EVENT,325,False,41,3368.37,3368.37,2,0,0,0.6420884522450957265720132863
INTRADAY_EVENT,326,False,45,3368.37,3368.37,2,0,0,0.6420884522450957265720132863
INTRADAY_EVENT,327,False,33,4688.76,4688.76,3,0,0,0.5017882985980504038813411283
INTRADAY_EVENT,328,False,41,3830.53,3830.53,3,0,0,0.5929809014385018669284829320
INTRADAY_EVENT,329,False,42,3341.79,3341.79,3,0,0,0.6449127527047617833257891146
INTRADAY_EVENT,330,False,39,3341.79,3341.79,3,0,0,0.6449127527047617833257891146
INTRADAY_EVENT,331,False,41,4572.42,4572.42,2,0,0,0.5141501915806519480022696410
INTRADAY_EVENT,332,False,32,3340.68,3340.68,3,0,0,0.6450306975320841807297278343
INTRADAY_EVENT,333,False,36,5369.82,5369.82,2,0,0,0.4294211777906702453889947913
INTRADAY_EVENT,334,False,37,3269.69,3269.69,3,0,0,0.6525738536506580471311780244
INTRADAY_EVENT,335,False,36,4002.95,4002.95,3,0,0,0.5746601382610894701833351397
INTRADAY_EVENT,336,False,39,3368.37,3368.37,2,0,0,0.6420884522450957265720132863
INTRADAY_EVENT,337,False,35,4688.76,4688.76,3,0,0,0.5017882985980504038813411283
INTRADAY_EVENT,338,False,34,2487.09,2487.09,4,0,0,0.7357302697430077843586032782
INTRADAY_EVENT,339,False,42,6802.48,6802.48,1,0,0,0.2771915955278721690585027595
INTRADAY_EVENT,340,False,35,3341.79,3341.79,3,0,0,0.6449127527047617833257891146
INTRADAY_EVENT,341,False,39,3914.79,3914.79,3,0,0,0.5840277202221187991303959758
INTRADAY_EVENT,342,False,36,3228.98,3228.98,3,0,0,0.6568995598851578654323899872
INTRADAY_EVENT,343,False,37,5369.82,5369.82,2,0,0,0.4294211777906702453889947913
INTRADAY_EVENT,344,False,46,4572.42,4572.42,2,0,0,0.5141501915806519480022696410
INTRADAY_EVENT,345,False,40,3914.79,3914.79,3,0,0,0.5840277202221187991303959758
INTRADAY_EVENT,346,False,39,3228.98,3228.98,3,0,0,0.6568995598851578654323899872
INTRADAY_EVENT,347,False,32,3914.79,3914.79,3,0,0,0.5840277202221187991303959758
INTRADAY_EVENT,348,False,42,4744.84,4744.84,2,0,0,0.4958294284032395512571218487
INTRADAY_EVENT,349,False,40,7411.03,7411.03,1,0,0,0.2125291408728767274666938684
INTRADAY_EVENT,350,False,37,3340.68,3340.68,3,0,0,0.6450306975320841807297278343
INTRADAY_EVENT,351,False,37,6301.47,6301.47,2,0,0,0.3304272152907499378398883031
INTRADAY_EVENT,352,False,31,4688.76,4688.76,3,0,0,0.5017882985980504038813411283
INTRADAY_EVENT,353,False,42,3368.37,3368.37,2,0,0,0.6420884522450957265720132863
INTRADAY_EVENT,354,False,35,4856.54,4856.54,2,0,0,0.4839605660501658665544596958
INTRADAY_EVENT,355,False,36,5598.43,5598.43,1,0,0,0.4051298561923159476282464048
INTRADAY_EVENT,356,False,38,5369.82,5369.82,2,0,0,0.4294211777906702453889947913
INTRADAY_EVENT,357,False,45,4744.84,4744.84,2,0,0,0.4958294284032395512571218487
INTRADAY_EVENT,358,False,37,3341.79,3341.79,3,0,0,0.6449127527047617833257891146
INTRADAY_EVENT,359,False,43,4744.84,4744.84,2,0,0,0.4958294284032395512571218487
INTRADAY_EVENT,360,False,36,3340.68,3340.68,3,0,0,0.6450306975320841807297278343
INTRADAY_EVENT,361,False,43,3341.79,3341.79,3,0,0,0.6449127527047617833257891146
INTRADAY_EVENT,362,False,34,4688.76,4688.76,3,0,0,0.5017882985980504038813411283
INTRADAY_EVENT,363,False,41,3914.79,3914.79,3,0,0,0.5840277202221187991303959758
INTRADAY_EVENT,364,False,33,6228.05,6228.05,2,0,0,0.3382285749502187823418529876
INTRADAY_EVENT,365,False,36,3341.79,3341.79,3,0,0,0.6449127527047617833257891146
INTRADAY_EVENT,366,False,36,5430.65,5430.65,2,0,0,0.4229575887402004849551278373
INTRADAY_EVENT,367,False,40,3830.53,3830.53,3,0,0,0.5929809014385018669284829320
INTRADAY_EVENT,368,False,43,5527.44,5527.44,1,0,0,0.4126730123108898140296965949
INTRADAY_EVENT,369,False,38,5598.43,5598.43,1,0,0,0.4051298561923159476282464048
INTRADAY_EVENT,370,False,32,3341.79,3341.79,3,0,0,0.6449127527047617833257891146
INTRADAY_EVENT,371,False,40,3368.37,3368.37,2,0,0,0.6420884522450957265720132863
INTRADAY_EVENT,372,False,36,6551.15,6551.15,2,0,0,0.3038970671052939163845553905
INTRADAY_EVENT,373,False,42,5527.44,5527.44,1,0,0,0.4126730123108898140296965949
INTRADAY_EVENT,374,False,35,3269.69,3269.69,3,0,0,0.6525738536506580471311780244
INTRADAY_EVENT,375,False,34,4002.95,4002.95,3,0,0,0.5746601382610894701833351397
INTRADAY_EVENT,376,False,34,5430.65,5430.65,2,0,0,0.4229575887402004849551278373
INTRADAY_EVENT,377,False,38,4002.95,4002.95,3,0,0,0.5746601382610894701833351397
INTRADAY_EVENT,378,False,34,6551.15,6551.15,2,0,0,0.3038970671052939163845553905
INTRADAY_EVENT,379,False,37,5369.82,5369.82,2,0,0,0.4294211777906702453889947913
INTRADAY_EVENT,380,False,36,3269.69,3269.69,3,0,0,0.6525738536506580471311780244
INTRADAY_EVENT,381,False,41,4744.84,4744.84,2,0,0,0.4958294284032395512571218487
INTRADAY_EVENT,382,False,31,6551.15,6551.15,2,0,0,0.3038970671052939163845553905
INTRADAY_EVENT,383,False,32,6228.05,6228.05,2,0,0,0.3382285749502187823418529876
INTRADAY_EVENT,384,False,39,5598.43,5598.43,1,0,0,0.4051298561923159476282464048
INTRADAY_EVENT,385,False,38,4002.95,4002.95,3,0,0,0.5746601382610894701833351397
INTRADAY_EVENT,386,False,36,3368.37,3368.37,2,0,0,0.6420884522450957265720132863
INTRADAY_EVENT,387,False,31,7411.03,7411.03,1,0,0,0.2125291408728767274666938684
INTRADAY_EVENT,388,False,48,3341.79,3341.79,3,0,0,0.6449127527047617833257891146
INTRADAY_EVENT,389,False,48,3368.37,3368.37,2,0,0,0.6420884522450957265720132863
INTRADAY_EVENT,390,False,46,3368.37,3368.37,2,0,0,0.6420884522450957265720132863
INTRADAY_EVENT,391,False,37,4744.84,4744.84,2,0,0,0.4958294284032395512571218487
INTRADAY_EVENT,392,False,41,2487.09,2487.09,4,0,0,0.7357302697430077843586032782
INTRADAY_EVENT,393,False,38,3368.37,3368.37,2,0,0,0.6420884522450957265720132863
INTRADAY_EVENT,394,False,29,3172.90,3172.90,4,0,0,0.6628584300799687180566092669
INTRADAY_EVENT,395,False,37,4002.95,4002.95,3,0,0,0.5746601382610894701833351397
INTRADAY_EVENT,396,False,37,2487.09,2487.09,4,0,0,0.7357302697430077843586032782
INTRADAY_EVENT,397,False,43,5598.43,5598.43,1,0,0,0.4051298561923159476282464048
INTRADAY_EVENT,398,False,44,3368.37,3368.37,2,0,0,0.6420884522450957265720132863
INTRADAY_EVENT,399,False,40,3368.37,3368.37,2,0,0,0.6420884522450957265720132863
INTRADAY_EVENT,400,False,42,5430.65,5430.65,2,0,0,0.4229575887402004849551278373
INTRADAY_EVENT,401,False,36,6551.15,6551.15,2,0,0,0.3038970671052939163845553905
INTRADAY_EVENT,402,False,33,8301.62,8301.62,1,0,0,0.1178980744178732103731944347
INTRADAY_EVENT,403,False,38,3341.79,3341.79,3,0,0,0.6449127527047617833257891146
INTRADAY_EVENT,404,False,34,4002.95,4002.95,3,0,0,0.5746601382610894701833351397
INTRADAY_EVENT,405,False,40,5692.92,5692.92,2,0,0,0.3950896699457453794316971942
INTRADAY_EVENT,406,False,38,3368.37,3368.37,2,0,0,0.6420884522450957265720132863
INTRADAY_EVENT,407,False,41,3341.79,3341.79,3,0,0,0.6449127527047617833257891146
INTRADAY_EVENT,408,False,38,4744.84,4744.84,2,0,0,0.4958294284032395512571218487
INTRADAY_EVENT,409,False,36,5598.43,5598.43,1,0,0,0.4051298561923159476282464048
INTRADAY_EVENT,410,False,37,3172.90,3172.90,4,0,0,0.6628584300799687180566092669
INTRADAY_EVENT,411,False,36,3269.69,3269.69,3,0,0,0.6525738536506580471311780244
INTRADAY_EVENT,412,False,39,3340.68,3340.68,3,0,0,0.6450306975320841807297278343
INTRADAY_EVENT,413,False,39,6551.15,6551.15,2,0,0,0.3038970671052939163845553905
INTRADAY_EVENT,414,False,37,6551.15,6551.15,2,0,0,0.3038970671052939163845553905
INTRADAY_EVENT,415,False,41,3341.79,3341.79,3,0,0,0.6449127527047617833257891146
INTRADAY_EVENT,416,False,31,7411.03,7411.03,1,0,0,0.2125291408728767274666938684
INTRADAY_EVENT,417,False,35,3228.98,3228.98,3,0,0,0.6568995598851578654323899872
INTRADAY_EVENT,418,False,46,3368.37,3368.37,2,0,0,0.6420884522450957265720132863
INTRADAY_EVENT,419,False,45,3368.37,3368.37,2,0,0,0.6420884522450957265720132863
INTRADAY_EVENT,420,False,38,3341.79,3341.79,3,0,0,0.6449127527047617833257891146
INTRADAY_EVENT,421,False,39,6228.05,6228.05,2,0,0,0.3382285749502187823418529876
INTRADAY_EVENT,422,False,40,7411.03,7411.03,1,0,0,0.2125291408728767274666938684
INTRADAY_EVENT,423,False,37,5527.44,5527.44,1,0,0,0.4126730123108898140296965949
INTRADAY_EVENT,424,False,43,3368.37,3368.37,2,0,0,0.6420884522450957265720132863
INTRADAY_EVENT,425,False,41,3341.79,3341.79,3,0,0,0.6449127527047617833257891146
INTRADAY_EVENT,426,False,36,8301.62,8301.62,1,0,0,0.1178980744178732103731944347
INTRADAY_EVENT,427,False,45,3341.79,3341.79,3,0,0,0.6449127527047617833257891146
INTRADAY_EVENT,428,False,40,3368.37,3368.37,2,0,0,0.6420884522450957265720132863
INTRADAY_EVENT,429,False,33,4688.76,4688.76,3,0,0,0.5017882985980504038813411283
INTRADAY_EVENT,430,False,35,6228.05,6228.05,2,0,0,0.3382285749502187823418529876
INTRADAY_EVENT,431,False,42,3341.79,3341.79,3,0,0,0.6449127527047617833257891146
INTRADAY_EVENT,432,False,41,3341.79,3341.79,3,0,0,0.6449127527047617833257891146
INTRADAY_EVENT,433,False,32,6228.05,6228.05,2,0,0,0.3382285749502187823418529876
INTRADAY_EVENT,434,False,33,3368.37,3368.37,2,0,0,0.6420884522450957265720132863
INTRADAY_EVENT,435,False,44,3341.79,3341.79,3,0,0,0.6449127527047617833257891146
INTRADAY_EVENT,436,False,46,3341.79,3341.79,3,0,0,0.6449127527047617833257891146
INTRADAY_EVENT,437,False,36,5430.65,5430.65,2,0,0,0.4229575887402004849551278373
INTRADAY_EVENT,438,False,43,4744.84,4744.84,2,0,0,0.4958294284032395512571218487
INTRADAY_EVENT,439,False,38,4688.76,4688.76,3,0,0,0.5017882985980504038813411283
INTRADAY_EVENT,440,False,42,3341.79,3341.79,3,0,0,0.6449127527047617833257891146
INTRADAY_EVENT,441,False,38,7411.03,7411.03,1,0,0,0.2125291408728767274666938684
INTRADAY_EVENT,442,False,32,3172.90,3172.90,4,0,0,0.6628584300799687180566092669
INTRADAY_EVENT,443,False,32,7660.71,7660.71,1,0,0,0.1859989926874207060113609558
INTRADAY_EVENT,444,False,36,4688.76,4688.76,3,0,0,0.5017882985980504038813411283
INTRADAY_EVENT,445,False,38,6228.05,6228.05,2,0,0,0.3382285749502187823418529876
INTRADAY_EVENT,446,False,34,7411.03,7411.03,1,0,0,0.2125291408728767274666938684
INTRADAY_EVENT,447,False,37,6551.15,6551.15,2,0,0,0.3038970671052939163845553905
INTRADAY_EVENT,448,False,38,6802.48,6802.48,1,0,0,0.2771915955278721690585027595
INTRADAY_EVENT,449,False,38,3853.96,3853.96,3,0,0,0.5904913092725885595642629298
INTRADAY_EVENT,450,False,34,6228.05,6228.05,2,0,0,0.3382285749502187823418529876
INTRADAY_EVENT,451,False,40,3341.79,3341.79,3,0,0,0.6449127527047617833257891146
INTRADAY_EVENT,452,False,41,5598.43,5598.43,1,0,0,0.4051298561923159476282464048
INTRADAY_EVENT,453,False,42,3914.79,3914.79,3,0,0,0.5840277202221187991303959758
INTRADAY_EVENT,454,False,36,6228.05,6228.05,2,0,0,0.3382285749502187823418529876
INTRADAY_EVENT,455,False,43,4572.42,4572.42,2,0,0,0.5141501915806519480022696410
INTRADAY_EVENT,456,False,32,6551.15,6551.15,2,0,0,0.3038970671052939163845553905
INTRADAY_EVENT,457,False,39,5598.43,5598.43,1,0,0,0.4051298561923159476282464048
INTRADAY_EVENT,458,False,38,3914.79,3914.79,3,0,0,0.5840277202221187991303959758
INTRADAY_EVENT,459,False,30,6228.05,6228.05,2,0,0,0.3382285749502187823418529876
INTRADAY_EVENT,460,False,34,7660.71,7660.71,1,0,0,0.1859989926874207060113609558
INTRADAY_EVENT,461,False,34,4688.76,4688.76,3,0,0,0.5017882985980504038813411283
INTRADAY_EVENT,462,False,33,5527.44,5527.44,1,0,0,0.4126730123108898140296965949
INTRADAY_EVENT,463,False,32,7660.71,7660.71,1,0,0,0.1859989926874207060113609558
INTRADAY_EVENT,464,False,37,5430.65,5430.65,2,0,0,0.4229575887402004849551278373
INTRADAY_EVENT,465,False,42,3341.79,3341.79,3,0,0,0.6449127527047617833257891146
INTRADAY_EVENT,466,False,41,3368.37,3368.37,2,0,0,0.6420884522450957265720132863
INTRADAY_EVENT,467,False,46,3368.37,3368.37,2,0,0,0.6420884522450957265720132863
INTRADAY_EVENT,468,False,47,3341.79,3341.79,3,0,0,0.6449127527047617833257891146
INTRADAY_EVENT,469,False,38,3228.98,3228.98,3,0,0,0.6568995598851578654323899872
INTRADAY_EVENT,470,False,35,3172.90,3172.90,4,0,0,0.6628584300799687180566092669
INTRADAY_EVENT,471,False,35,6301.47,6301.47,2,0,0,0.3304272152907499378398883031
INTRADAY_EVENT,472,False,32,6301.47,6301.47,2,0,0,0.3304272152907499378398883031
INTRADAY_EVENT,473,False,36,5692.92,5692.92,2,0,0,0.3950896699457453794316971942
INTRADAY_EVENT,474,False,36,7660.71,7660.71,1,0,0,0.1859989926874207060113609558
INTRADAY_EVENT,475,False,31,8301.62,8301.62,1,0,0,0.1178980744178732103731944347
INTRADAY_EVENT,476,False,39,3228.98,3228.98,3,0,0,0.6568995598851578654323899872
INTRADAY_EVENT,477,False,42,4744.84,4744.84,2,0,0,0.4958294284032395512571218487
INTRADAY_EVENT,478,False,45,5527.44,5527.44,1,0,0,0.4126730123108898140296965949
INTRADAY_EVENT,479,False,34,4856.54,4856.54,2,0,0,0.4839605660501658665544596958
INTRADAY_EVENT,480,False,39,3368.37,3368.37,2,0,0,0.6420884522450957265720132863
INTRADAY_EVENT,481,False,36,4002.95,4002.95,3,0,0,0.5746601382610894701833351397
INTRADAY_EVENT,482,False,37,3830.53,3830.53,3,0,0,0.5929809014385018669284829320
INTRADAY_EVENT,483,False,39,3853.96,3853.96,3,0,0,0.5904913092725885595642629298
INTRADAY_EVENT,484,False,42,4856.54,4856.54,2,0,0,0.4839605660501658665544596958
INTRADAY_EVENT,485,False,38,3056.56,3056.56,3,0,0,0.6752203230625702621775377795
INTRADAY_EVENT,486,False,34,3914.79,3914.79,3,0,0,0.5840277202221187991303959758
INTRADAY_EVENT,487,False,44,3341.79,3341.79,3,0,0,0.6449127527047617833257891146
INTRADAY_EVENT,488,False,37,4856.54,4856.54,2,0,0,0.4839605660501658665544596958
INTRADAY_EVENT,489,False,38,5430.65,5430.65,2,0,0,0.4229575887402004849551278373
INTRADAY_EVENT,490,False,36,6551.15,6551.15,2,0,0,0.3038970671052939163845553905
INTRADAY_EVENT,491,False,37,3368.37,3368.37,2,0,0,0.6420884522450957265720132863
INTRADAY_EVENT,492,False,38,3341.79,3341.79,3,0,0,0.6449127527047617833257891146
INTRADAY_EVENT,493,False,42,3341.79,3341.79,3,0,0,0.6449127527047617833257891146
INTRADAY_EVENT,494,False,40,5692.92,5692.92,2,0,0,0.3950896699457453794316971942
INTRADAY_EVENT,495,False,35,6301.47,6301.47,2,0,0,0.3304272152907499378398883031
INTRADAY_EVENT,496,False,41,3368.37,3368.37,2,0,0,0.6420884522450957265720132863
INTRADAY_EVENT,497,False,36,3368.37,3368.37,2,0,0,0.6420884522450957265720132863
INTRADAY_EVENT,498,False,45,5598.43,5598.43,1,0,0,0.4051298561923159476282464048
INTRADAY_EVENT,499,False,34,3368.37,3368.37,2,0,0,0.6420884522450957265720132863
INTRADAY_EVENT,500,False,38,6551.15,6551.15,2,0,0,0.3038970671052939163845553905
INTRADAY_EVENT,501,False,37,4744.84,4744.84,2,0,0,0.4958294284032395512571218487
INTRADAY_EVENT,502,False,30,4688.76,4688.76,3,0,0,0.5017882985980504038813411283
INTRADAY_EVENT,503,False,40,5598.43,5598.43,1,0,0,0.4051298561923159476282464048
INTRADAY_EVENT,504,False,40,4856.54,4856.54,2,0,0,0.4839605660501658665544596958
INTRADAY_EVENT,505,False,29,6228.05,6228.05,2,0,0,0.3382285749502187823418529876
INTRADAY_EVENT,506,False,36,3341.79,3341.79,3,0,0,0.6449127527047617833257891146
INTRADAY_EVENT,507,False,39,4744.84,4744.84,2,0,0,0.4958294284032395512571218487
INTRADAY_EVENT,508,False,42,3368.37,3368.37,2,0,0,0.6420884522450957265720132863
INTRADAY_EVENT,509,False,35,3914.79,3914.79,3,0,0,0.5840277202221187991303959758
INTRADAY_EVENT,510,False,31,6301.47,6301.47,2,0,0,0.3304272152907499378398883031
INTRADAY_EVENT,511,False,39,3341.79,3341.79,3,0,0,0.6449127527047617833257891146
INTRADAY_EVENT,512,False,31,6301.47,6301.47,2,0,0,0.3304272152907499378398883031
INTRADAY_EVENT,513,False,36,3914.79,3914.79,3,0,0,0.5840277202221187991303959758
INTRADAY_EVENT,514,False,37,6228.05,6228.05,2,0,0,0.3382285749502187823418529876
INTRADAY_EVENT,515,False,40,3056.56,3056.56,3,0,0,0.6752203230625702621775377795
INTRADAY_EVENT,516,False,43,4744.84,4744.84,2,0,0,0.4958294284032395512571218487
INTRADAY_EVENT,517,False,38,3914.79,3914.79,3,0,0,0.5840277202221187991303959758
INTRADAY_EVENT,518,False,34,3172.90,3172.90,4,0,0,0.6628584300799687180566092669
INTRADAY_EVENT,519,False,34,2487.09,2487.09,4,0,0,0.7357302697430077843586032782
INTRADAY_EVENT,520,False,34,3172.90,3172.90,4,0,0,0.6628584300799687180566092669
INTRADAY_EVENT,521,False,37,3269.69,3269.69,3,0,0,0.6525738536506580471311780244
INTRADAY_EVENT,522,False,38,5598.43,5598.43,1,0,0,0.4051298561923159476282464048
INTRADAY_EVENT,523,False,41,9411.18,9411.18,0,0,0,0
INTRADAY_EVENT,524,False,32,3172.90,3172.90,4,0,0,0.6628584300799687180566092669
INTRADAY_EVENT,525,False,38,5430.65,5430.65,2,0,0,0.4229575887402004849551278373
INTRADAY_EVENT,526,False,34,5692.92,5692.92,2,0,0,0.3950896699457453794316971942
INTRADAY_EVENT,527,False,44,3341.79,3341.79,3,0,0,0.6449127527047617833257891146
INTRADAY_EVENT,528,False,44,3341.79,3341.79,3,0,0,0.6449127527047617833257891146
INTRADAY_EVENT,529,False,33,3269.69,3269.69,3,0,0,0.6525738536506580471311780244
INTRADAY_EVENT,530,False,35,3172.90,3172.90,4,0,0,0.6628584300799687180566092669
INTRADAY_EVENT,531,False,36,6228.05,6228.05,2,0,0,0.3382285749502187823418529876
INTRADAY_EVENT,532,False,44,4744.84,4744.84,2,0,0,0.4958294284032395512571218487
INTRADAY_EVENT,533,False,37,4688.76,4688.76,3,0,0,0.5017882985980504038813411283
INTRADAY_EVENT,534,False,38,7660.71,7660.71,1,0,0,0.1859989926874207060113609558
INTRADAY_EVENT,535,False,35,3341.79,3341.79,3,0,0,0.6449127527047617833257891146
INTRADAY_EVENT,536,False,41,3228.98,3228.98,3,0,0,0.6568995598851578654323899872
INTRADAY_EVENT,537,False,44,3341.79,3341.79,3,0,0,0.6449127527047617833257891146
INTRADAY_EVENT,538,False,35,5369.82,5369.82,2,0,0,0.4294211777906702453889947913
INTRADAY_EVENT,539,False,37,3368.37,3368.37,2,0,0,0.6420884522450957265720132863
INTRADAY_EVENT,540,False,42,3228.98,3228.98,3,0,0,0.6568995598851578654323899872
INTRADAY_EVENT,541,False,41,3056.56,3056.56,3,0,0,0.6752203230625702621775377795
INTRADAY_EVENT,542,False,31,6228.05,6228.05,2,0,0,0.3382285749502187823418529876
INTRADAY_EVENT,543,False,42,3368.37,3368.37,2,0,0,0.6420884522450957265720132863
INTRADAY_EVENT,544,False,39,3172.90,3172.90,4,0,0,0.6628584300799687180566092669
INTRADAY_EVENT,545,False,39,3830.53,3830.53,3,0,0,0.5929809014385018669284829320
INTRADAY_EVENT,546,False,40,6551.15,6551.15,2,0,0,0.3038970671052939163845553905
INTRADAY_EVENT,547,False,30,7411.03,7411.03,1,0,0,0.2125291408728767274666938684
INTRADAY_EVENT,548,False,34,3914.79,3914.79,3,0,0,0.5840277202221187991303959758
INTRADAY_EVENT,549,False,42,5430.65,5430.65,2,0,0,0.4229575887402004849551278373
INTRADAY_EVENT,550,False,36,3340.68,3340.68,3,0,0,0.6450306975320841807297278343
INTRADAY_EVENT,551,False,35,3853.96,3853.96,3,0,0,0.5904913092725885595642629298
INTRADAY_EVENT,552,False,34,4688.76,4688.76,3,0,0,0.5017882985980504038813411283
INTRADAY_EVENT,553,False,37,4688.76,4688.76,3,0,0,0.5017882985980504038813411283
INTRADAY_EVENT,554,False,37,3341.79,3341.79,3,0,0,0.6449127527047617833257891146
INTRADAY_EVENT,555,False,33,4785.55,4785.55,2,0,0,0.4915037221687397329559098859
INTRADAY_EVENT,556,False,39,3914.79,3914.79,3,0,0,0.5840277202221187991303959758
INTRADAY_EVENT,557,False,35,5527.44,5527.44,1,0,0,0.4126730123108898140296965949
INTRADAY_EVENT,558,False,42,5598.43,5598.43,1,0,0,0.4051298561923159476282464048
INTRADAY_EVENT,559,False,37,6228.05,6228.05,2,0,0,0.3382285749502187823418529876
INTRADAY_EVENT,560,False,35,3368.37,3368.37,2,0,0,0.6420884522450957265720132863
INTRADAY_EVENT,561,False,36,3914.79,3914.79,3,0,0,0.5840277202221187991303959758
INTRADAY_EVENT,562,False,36,4002.95,4002.95,3,0,0,0.5746601382610894701833351397
INTRADAY_EVENT,563,False,32,4856.54,4856.54,2,0,0,0.4839605660501658665544596958
INTRADAY_EVENT,564,False,37,7411.03,7411.03,1,0,0,0.2125291408728767274666938684
INTRADAY_EVENT,565,False,44,4002.95,4002.95,3,0,0,0.5746601382610894701833351397
INTRADAY_EVENT,566,False,43,3368.37,3368.37,2,0,0,0.6420884522450957265720132863
INTRADAY_EVENT,567,False,42,4572.42,4572.42,2,0,0,0.5141501915806519480022696410
INTRADAY_EVENT,568,False,44,3341.79,3341.79,3,0,0,0.6449127527047617833257891146
INTRADAY_EVENT,569,False,35,3340.68,3340.68,3,0,0,0.6450306975320841807297278343
INTRADAY_EVENT,570,False,34,6228.05,6228.05,2,0,0,0.3382285749502187823418529876
INTRADAY_EVENT,571,False,35,2487.09,2487.09,4,0,0,0.7357302697430077843586032782
INTRADAY_EVENT,572,False,42,3368.37,3368.37,2,0,0,0.6420884522450957265720132863
INTRADAY_EVENT,573,False,41,5598.43,5598.43,1,0,0,0.4051298561923159476282464048
INTRADAY_EVENT,574,False,32,4688.76,4688.76,3,0,0,0.5017882985980504038813411283
INTRADAY_EVENT,575,False,33,4688.76,4688.76,3,0,0,0.5017882985980504038813411283
INTRADAY_EVENT,576,False,41,3341.79,3341.79,3,0,0,0.6449127527047617833257891146
INTRADAY_EVENT,577,False,44,3341.79,3341.79,3,0,0,0.6449127527047617833257891146
INTRADAY_EVENT,578,False,41,3368.37,3368.37,2,0,0,0.6420884522450957265720132863
INTRADAY_EVENT,579,False,38,3914.79,3914.79,3,0,0,0.5840277202221187991303959758
INTRADAY_EVENT,580,False,34,6551.15,6551.15,2,0,0,0.3038970671052939163845553905
INTRADAY_EVENT,581,False,37,3269.69,3269.69,3,0,0,0.6525738536506580471311780244
INTRADAY_EVENT,582,False,39,3368.37,3368.37,2,0,0,0.6420884522450957265720132863
INTRADAY_EVENT,583,False,31,6228.05,6228.05,2,0,0,0.3382285749502187823418529876
INTRADAY_EVENT,584,False,39,3368.37,3368.37,2,0,0,0.6420884522450957265720132863
INTRADAY_EVENT,585,False,34,5430.65,5430.65,2,0,0,0.4229575887402004849551278373
INTRADAY_EVENT,586,False,37,4002.95,4002.95,3,0,0,0.5746601382610894701833351397
INTRADAY_EVENT,587,False,45,3341.79,3341.79,3,0,0,0.6449127527047617833257891146
INTRADAY_EVENT,588,False,39,3172.90,3172.90,4,0,0,0.6628584300799687180566092669
INTRADAY_EVENT,589,False,29,3341.79,3341.79,3,0,0,0.6449127527047617833257891146
INTRADAY_EVENT,590,False,42,3341.79,3341.79,3,0,0,0.6449127527047617833257891146
INTRADAY_EVENT,591,False,30,6228.05,6228.05,2,0,0,0.3382285749502187823418529876
INTRADAY_EVENT,592,False,37,6802.48,6802.48,1,0,0,0.2771915955278721690585027595
INTRADAY_EVENT,593,False,33,4688.76,4688.76,3,0,0,0.5017882985980504038813411283
INTRADAY_EVENT,594,False,34,6551.15,6551.15,2,0,0,0.3038970671052939163845553905
INTRADAY_EVENT,595,False,31,6301.47,6301.47,2,0,0,0.3304272152907499378398883031
INTRADAY_EVENT,596,False,40,3341.79,3341.79,3,0,0,0.6449127527047617833257891146
INTRADAY_EVENT,597,False,34,4688.76,4688.76,3,0,0,0.5017882985980504038813411283
INTRADAY_EVENT,598,False,35,5430.65,5430.65,2,0,0,0.4229575887402004849551278373
INTRADAY_EVENT,599,False,39,5598.43,5598.43,1,0,0,0.4051298561923159476282464048
INTRADAY_EVENT,600,False,41,5527.44,5527.44,1,0,0,0.4126730123108898140296965949
INTRADAY_EVENT,601,False,47,3368.37,3368.37,2,0,0,0.6420884522450957265720132863
INTRADAY_EVENT,602,False,36,4688.76,4688.76,3,0,0,0.5017882985980504038813411283
INTRADAY_EVENT,603,False,36,3914.79,3914.79,3,0,0,0.5840277202221187991303959758
INTRADAY_EVENT,604,False,30,6301.47,6301.47,2,0,0,0.3304272152907499378398883031
INTRADAY_EVENT,605,False,38,2487.09,2487.09,4,0,0,0.7357302697430077843586032782
INTRADAY_EVENT,606,False,30,6301.47,6301.47,2,0,0,0.3304272152907499378398883031
INTRADAY_EVENT,607,False,36,3368.37,3368.37,2,0,0,0.6420884522450957265720132863
INTRADAY_EVENT,608,False,39,3056.56,3056.56,3,0,0,0.6752203230625702621775377795
INTRADAY_EVENT,609,False,31,6551.15,6551.15,2,0,0,0.3038970671052939163845553905
INTRADAY_EVENT,610,False,41,4744.84,4744.84,2,0,0,0.4958294284032395512571218487
INTRADAY_EVENT,611,False,35,5430.65,5430.65,2,0,0,0.4229575887402004849551278373
INTRADAY_EVENT,612,False,36,4002.95,4002.95,3,0,0,0.5746601382610894701833351397
INTRADAY_EVENT,613,False,46,5598.43,5598.43,1,0,0,0.4051298561923159476282464048
INTRADAY_EVENT,614,False,41,5598.43,5598.43,1,0,0,0.4051298561923159476282464048
INTRADAY_EVENT,615,False,40,7660.71,7660.71,1,0,0,0.1859989926874207060113609558
INTRADAY_EVENT,616,False,37,3368.37,3368.37,2,0,0,0.6420884522450957265720132863
INTRADAY_EVENT,617,False,40,3368.37,3368.37,2,0,0,0.6420884522450957265720132863
INTRADAY_EVENT,618,False,38,4744.84,4744.84,2,0,0,0.4958294284032395512571218487
INTRADAY_EVENT,619,False,35,4856.54,4856.54,2,0,0,0.4839605660501658665544596958
INTRADAY_EVENT,620,False,35,3056.56,3056.56,3,0,0,0.6752203230625702621775377795
INTRADAY_EVENT,621,False,41,5430.65,5430.65,2,0,0,0.4229575887402004849551278373
INTRADAY_EVENT,622,False,45,3341.79,3341.79,3,0,0,0.6449127527047617833257891146
INTRADAY_EVENT,623,False,45,3368.37,3368.37,2,0,0,0.6420884522450957265720132863
INTRADAY_EVENT,624,False,31,6228.05,6228.05,2,0,0,0.3382285749502187823418529876
INTRADAY_EVENT,625,False,38,6228.05,6228.05,2,0,0,0.3382285749502187823418529876
INTRADAY_EVENT,626,False,34,6228.05,6228.05,2,0,0,0.3382285749502187823418529876
INTRADAY_EVENT,627,False,34,3341.79,3341.79,3,0,0,0.6449127527047617833257891146
INTRADAY_EVENT,628,False,37,4785.55,4785.55,2,0,0,0.4915037221687397329559098859
INTRADAY_EVENT,629,False,36,3172.90,3172.90,4,0,0,0.6628584300799687180566092669
INTRADAY_EVENT,630,False,46,3368.37,3368.37,2,0,0,0.6420884522450957265720132863
INTRADAY_EVENT,631,False,38,5527.44,5527.44,1,0,0,0.4126730123108898140296965949
INTRADAY_EVENT,632,False,33,2487.09,2487.09,4,0,0,0.7357302697430077843586032782
INTRADAY_EVENT,633,False,36,3341.79,3341.79,3,0,0,0.6449127527047617833257891146
INTRADAY_EVENT,634,False,40,3228.98,3228.98,3,0,0,0.6568995598851578654323899872
INTRADAY_EVENT,635,False,40,3368.37,3368.37,2,0,0,0.6420884522450957265720132863
INTRADAY_EVENT,636,False,40,3056.56,3056.56,3,0,0,0.6752203230625702621775377795
INTRADAY_EVENT,637,False,39,5430.65,5430.65,2,0,0,0.4229575887402004849551278373
INTRADAY_EVENT,638,False,28,6301.47,6301.47,2,0,0,0.3304272152907499378398883031
INTRADAY_EVENT,639,False,34,3368.37,3368.37,2,0,0,0.6420884522450957265720132863
INTRADAY_EVENT,640,False,45,3368.37,3368.37,2,0,0,0.6420884522450957265720132863
INTRADAY_EVENT,641,False,41,3341.79,3341.79,3,0,0,0.6449127527047617833257891146
INTRADAY_EVENT,642,False,33,3172.90,3172.90,4,0,0,0.6628584300799687180566092669
INTRADAY_EVENT,643,False,40,7660.71,7660.71,1,0,0,0.1859989926874207060113609558
INTRADAY_EVENT,644,False,46,3341.79,3341.79,3,0,0,0.6449127527047617833257891146
INTRADAY_EVENT,645,False,40,5527.44,5527.44,1,0,0,0.4126730123108898140296965949
INTRADAY_EVENT,646,False,42,3056.56,3056.56,3,0,0,0.6752203230625702621775377795
INTRADAY_EVENT,647,False,26,6228.05,6228.05,2,0,0,0.3382285749502187823418529876
INTRADAY_EVENT,648,False,34,3269.69,3269.69,3,0,0,0.6525738536506580471311780244
INTRADAY_EVENT,649,False,39,4856.54,4856.54,2,0,0,0.4839605660501658665544596958
INTRADAY_EVENT,650,False,38,3341.79,3341.79,3,0,0,0.6449127527047617833257891146
INTRADAY_EVENT,651,False,36,3341.79,3341.79,3,0,0,0.6449127527047617833257891146
INTRADAY_EVENT,652,False,41,3341.79,3341.79,3,0,0,0.6449127527047617833257891146
INTRADAY_EVENT,653,False,36,5430.65,5430.65,2,0,0,0.4229575887402004849551278373
INTRADAY_EVENT,654,False,40,3340.68,3340.68,3,0,0,0.6450306975320841807297278343
INTRADAY_EVENT,655,False,35,7660.71,7660.71,1,0,0,0.1859989926874207060113609558
INTRADAY_EVENT,656,False,40,5598.43,5598.43,1,0,0,0.4051298561923159476282464048
INTRADAY_EVENT,657,False,39,3340.68,3340.68,3,0,0,0.6450306975320841807297278343
INTRADAY_EVENT,658,False,39,6551.15,6551.15,2,0,0,0.3038970671052939163845553905
INTRADAY_EVENT,659,False,37,4785.55,4785.55,2,0,0,0.4915037221687397329559098859
INTRADAY_EVENT,660,False,37,4002.95,4002.95,3,0,0,0.5746601382610894701833351397
INTRADAY_EVENT,661,False,38,4002.95,4002.95,3,0,0,0.5746601382610894701833351397
INTRADAY_EVENT,662,False,42,5369.82,5369.82,2,0,0,0.4294211777906702453889947913
INTRADAY_EVENT,663,False,41,3172.90,3172.90,4,0,0,0.6628584300799687180566092669
INTRADAY_EVENT,664,False,38,3368.37,3368.37,2,0,0,0.6420884522450957265720132863
INTRADAY_EVENT,665,False,39,3368.37,3368.37,2,0,0,0.6420884522450957265720132863
INTRADAY_EVENT,666,False,46,3368.37,3368.37,2,0,0,0.6420884522450957265720132863
INTRADAY_EVENT,667,False,38,3368.37,3368.37,2,0,0,0.6420884522450957265720132863
INTRADAY_EVENT,668,False,38,3340.68,3340.68,3,0,0,0.6450306975320841807297278343
INTRADAY_EVENT,669,False,44,3341.79,3341.79,3,0,0,0.6449127527047617833257891146
INTRADAY_EVENT,670,False,37,6301.47,6301.47,2,0,0,0.3304272152907499378398883031
INTRADAY_EVENT,671,False,34,6802.48,6802.48,1,0,0,0.2771915955278721690585027595
INTRADAY_EVENT,672,False,37,3341.79,3341.79,3,0,0,0.6449127527047617833257891146
INTRADAY_EVENT,673,False,38,6228.05,6228.05,2,0,0,0.3382285749502187823418529876
INTRADAY_EVENT,674,False,36,4688.76,4688.76,3,0,0,0.5017882985980504038813411283
INTRADAY_EVENT,675,False,33,6551.15,6551.15,2,0,0,0.3038970671052939163845553905
INTRADAY_EVENT,676,False,40,2314.67,2314.67,4,0,0,0.7540510329204201811037510705
INTRADAY_EVENT,677,False,31,5369.82,5369.82,2,0,0,0.4294211777906702453889947913
INTRADAY_EVENT,678,False,37,3914.79,3914.79,3,0,0,0.5840277202221187991303959758
INTRADAY_EVENT,679,False,40,4572.42,4572.42,2,0,0,0.5141501915806519480022696410
INTRADAY_EVENT,680,False,37,3269.69,3269.69,3,0,0,0.6525738536506580471311780244
INTRADAY_EVENT,681,False,35,6228.05,6228.05,2,0,0,0.3382285749502187823418529876
INTRADAY_EVENT,682,False,34,6314.95,6314.95,1,0,0,0.3289948763066905531506144819
INTRADAY_EVENT,683,False,42,3341.79,3341.79,3,0,0,0.6449127527047617833257891146
INTRADAY_EVENT,684,False,44,4744.84,4744.84,2,0,0,0.4958294284032395512571218487
INTRADAY_EVENT,685,False,46,3341.79,3341.79,3,0,0,0.6449127527047617833257891146
INTRADAY_EVENT,686,False,35,6301.47,6301.47,2,0,0,0.3304272152907499378398883031
INTRADAY_EVENT,687,False,39,4856.54,4856.54,2,0,0,0.4839605660501658665544596958
INTRADAY_EVENT,688,False,39,4856.54,4856.54,2,0,0,0.4839605660501658665544596958
INTRADAY_EVENT,689,False,36,3340.68,3340.68,3,0,0,0.6450306975320841807297278343
INTRADAY_EVENT,690,False,38,3269.69,3269.69,3,0,0,0.6525738536506580471311780244
INTRADAY_EVENT,691,False,42,3341.79,3341.79,3,0,0,0.6449127527047617833257891146
INTRADAY_EVENT,692,False,40,5598.43,5598.43,1,0,0,0.4051298561923159476282464048
INTRADAY_EVENT,693,False,32,3340.68,3340.68,3,0,0,0.6450306975320841807297278343
INTRADAY_EVENT,694,False,34,5430.65,5430.65,2,0,0,0.4229575887402004849551278373
INTRADAY_EVENT,695,False,35,4856.54,4856.54,2,0,0,0.4839605660501658665544596958
INTRADAY_EVENT,696,False,40,3056.56,3056.56,3,0,0,0.6752203230625702621775377795
INTRADAY_EVENT,697,False,32,6301.47,6301.47,2,0,0,0.3304272152907499378398883031
INTRADAY_EVENT,698,False,40,3340.68,3340.68,3,0,0,0.6450306975320841807297278343
INTRADAY_EVENT,699,False,39,3341.79,3341.79,3,0,0,0.6449127527047617833257891146
INTRADAY_EVENT,700,False,34,3368.37,3368.37,2,0,0,0.6420884522450957265720132863
INTRADAY_EVENT,701,False,42,5692.92,5692.92,2,0,0,0.3950896699457453794316971942
INTRADAY_EVENT,702,False,32,3914.79,3914.79,3,0,0,0.5840277202221187991303959758
INTRADAY_EVENT,703,False,33,4002.95,4002.95,3,0,0,0.5746601382610894701833351397
INTRADAY_EVENT,704,False,39,3914.79,3914.79,3,0,0,0.5840277202221187991303959758
INTRADAY_EVENT,705,False,33,5369.82,5369.82,2,0,0,0.4294211777906702453889947913
INTRADAY_EVENT,706,False,35,2314.67,2314.67,4,0,0,0.7540510329204201811037510705
INTRADAY_EVENT,707,False,36,2314.67,2314.67,4,0,0,0.7540510329204201811037510705
INTRADAY_EVENT,708,False,40,7660.71,7660.71,1,0,0,0.1859989926874207060113609558
INTRADAY_EVENT,709,False,35,4785.55,4785.55,2,0,0,0.4915037221687397329559098859
INTRADAY_EVENT,710,False,39,7660.71,7660.71,1,0,0,0.1859989926874207060113609558
INTRADAY_EVENT,711,False,45,3368.37,3368.37,2,0,0,0.6420884522450957265720132863
INTRADAY_EVENT,712,False,39,4856.54,4856.54,2,0,0,0.4839605660501658665544596958
INTRADAY_EVENT,713,False,33,6228.05,6228.05,2,0,0,0.3382285749502187823418529876
INTRADAY_EVENT,714,False,43,3341.79,3341.79,3,0,0,0.6449127527047617833257891146
INTRADAY_EVENT,715,False,36,5692.92,5692.92,2,0,0,0.3950896699457453794316971942
INTRADAY_EVENT,716,False,40,4744.84,4744.84,2,0,0,0.4958294284032395512571218487
INTRADAY_EVENT,717,False,39,3341.79,3341.79,3,0,0,0.6449127527047617833257891146
INTRADAY_EVENT,718,False,41,5430.65,5430.65,2,0,0,0.4229575887402004849551278373
INTRADAY_EVENT,719,False,38,7411.03,7411.03,1,0,0,0.2125291408728767274666938684
INTRADAY_EVENT,720,False,39,3853.96,3853.96,3,0,0,0.5904913092725885595642629298
INTRADAY_EVENT,721,False,41,5369.82,5369.82,2,0,0,0.4294211777906702453889947913
INTRADAY_EVENT,722,False,38,6228.05,6228.05,2,0,0,0.3382285749502187823418529876
INTRADAY_EVENT,723,False,34,2487.09,2487.09,4,0,0,0.7357302697430077843586032782
INTRADAY_EVENT,724,False,35,3830.53,3830.53,3,0,0,0.5929809014385018669284829320
INTRADAY_EVENT,725,False,41,3341.79,3341.79,3,0,0,0.6449127527047617833257891146
INTRADAY_EVENT,726,False,41,3368.37,3368.37,2,0,0,0.6420884522450957265720132863
INTRADAY_EVENT,727,False,37,4688.76,4688.76,3,0,0,0.5017882985980504038813411283
INTRADAY_EVENT,728,False,43,5598.43,5598.43,1,0,0,0.4051298561923159476282464048
INTRADAY_EVENT,729,False,40,2487.09,2487.09,4,0,0,0.7357302697430077843586032782
INTRADAY_EVENT,730,False,36,5692.92,5692.92,2,0,0,0.3950896699457453794316971942
INTRADAY_EVENT,731,False,38,7660.71,7660.71,1,0,0,0.1859989926874207060113609558
INTRADAY_EVENT,732,False,37,2487.09,2487.09,4,0,0,0.7357302697430077843586032782
INTRADAY_EVENT,733,False,38,3341.79,3341.79,3,0,0,0.6449127527047617833257891146
INTRADAY_EVENT,734,False,42,5598.43,5598.43,1,0,0,0.4051298561923159476282464048
INTRADAY_EVENT,735,False,36,3368.37,3368.37,2,0,0,0.6420884522450957265720132863
INTRADAY_EVENT,736,False,40,3914.79,3914.79,3,0,0,0.5840277202221187991303959758
INTRADAY_EVENT,737,False,38,4785.55,4785.55,2,0,0,0.4915037221687397329559098859
INTRADAY_EVENT,738,False,43,3056.56,3056.56,3,0,0,0.6752203230625702621775377795
INTRADAY_EVENT,739,False,43,5598.43,5598.43,1,0,0,0.4051298561923159476282464048
INTRADAY_EVENT,740,False,46,3368.37,3368.37,2,0,0,0.6420884522450957265720132863
INTRADAY_EVENT,741,False,38,4856.54,4856.54,2,0,0,0.4839605660501658665544596958
INTRADAY_EVENT,742,False,37,3340.68,3340.68,3,0,0,0.6450306975320841807297278343
INTRADAY_EVENT,743,False,40,3368.37,3368.37,2,0,0,0.6420884522450957265720132863
INTRADAY_EVENT,744,False,39,5369.82,5369.82,2,0,0,0.4294211777906702453889947913
INTRADAY_EVENT,745,False,39,3914.79,3914.79,3,0,0,0.5840277202221187991303959758
INTRADAY_EVENT,746,False,38,2487.09,2487.09,4,0,0,0.7357302697430077843586032782
INTRADAY_EVENT,747,False,40,3368.37,3368.37,2,0,0,0.6420884522450957265720132863
INTRADAY_EVENT,748,False,34,6551.15,6551.15,2,0,0,0.3038970671052939163845553905
INTRADAY_EVENT,749,False,37,3830.53,3830.53,3,0,0,0.5929809014385018669284829320
INTRADAY_EVENT,750,False,41,3368.37,3368.37,2,0,0,0.6420884522450957265720132863
INTRADAY_EVENT,751,False,37,3368.37,3368.37,2,0,0,0.6420884522450957265720132863
INTRADAY_EVENT,752,False,38,4572.42,4572.42,2,0,0,0.5141501915806519480022696410
INTRADAY_EVENT,753,False,36,5369.82,5369.82,2,0,0,0.4294211777906702453889947913
INTRADAY_EVENT,754,False,41,4744.84,4744.84,2,0,0,0.4958294284032395512571218487
INTRADAY_EVENT,755,False,38,4856.54,4856.54,2,0,0,0.4839605660501658665544596958
INTRADAY_EVENT,756,False,40,4856.54,4856.54,2,0,0,0.4839605660501658665544596958
INTRADAY_EVENT,757,False,37,6551.15,6551.15,2,0,0,0.3038970671052939163845553905
INTRADAY_EVENT,758,False,35,5430.65,5430.65,2,0,0,0.4229575887402004849551278373
INTRADAY_EVENT,759,False,37,4785.55,4785.55,2,0,0,0.4915037221687397329559098859
INTRADAY_EVENT,760,False,38,4688.76,4688.76,3,0,0,0.5017882985980504038813411283
INTRADAY_EVENT,761,False,39,3368.37,3368.37,2,0,0,0.6420884522450957265720132863
INTRADAY_EVENT,762,False,42,3228.98,3228.98,3,0,0,0.6568995598851578654323899872
INTRADAY_EVENT,763,False,38,4744.84,4744.84,2,0,0,0.4958294284032395512571218487
INTRADAY_EVENT,764,False,34,3914.79,3914.79,3,0,0,0.5840277202221187991303959758
INTRADAY_EVENT,765,False,39,3341.79,3341.79,3,0,0,0.6449127527047617833257891146
INTRADAY_EVENT,766,False,33,7660.71,7660.71,1,0,0,0.1859989926874207060113609558
INTRADAY_EVENT,767,False,36,4856.54,4856.54,2,0,0,0.4839605660501658665544596958
INTRADAY_EVENT,768,False,41,3341.79,3341.79,3,0,0,0.6449127527047617833257891146
INTRADAY_EVENT,769,False,39,4856.54,4856.54,2,0,0,0.4839605660501658665544596958
INTRADAY_EVENT,770,False,41,2487.09,2487.09,4,0,0,0.7357302697430077843586032782
INTRADAY_EVENT,771,False,27,6228.05,6228.05,2,0,0,0.3382285749502187823418529876
INTRADAY_EVENT,772,False,42,3056.56,3056.56,3,0,0,0.6752203230625702621775377795
INTRADAY_EVENT,773,False,44,3341.79,3341.79,3,0,0,0.6449127527047617833257891146
INTRADAY_EVENT,774,False,36,2487.09,2487.09,4,0,0,0.7357302697430077843586032782
INTRADAY_EVENT,775,False,40,4856.54,4856.54,2,0,0,0.4839605660501658665544596958
INTRADAY_EVENT,776,False,34,6228.05,6228.05,2,0,0,0.3382285749502187823418529876
INTRADAY_EVENT,777,False,37,4002.95,4002.95,3,0,0,0.5746601382610894701833351397
INTRADAY_EVENT,778,False,39,4572.42,4572.42,2,0,0,0.5141501915806519480022696410
INTRADAY_EVENT,779,False,45,3368.37,3368.37,2,0,0,0.6420884522450957265720132863
INTRADAY_EVENT,780,False,40,3056.56,3056.56,3,0,0,0.6752203230625702621775377795
INTRADAY_EVENT,781,False,37,4856.54,4856.54,2,0,0,0.4839605660501658665544596958
INTRADAY_EVENT,782,False,43,3056.56,3056.56,3,0,0,0.6752203230625702621775377795
INTRADAY_EVENT,783,False,36,3341.79,3341.79,3,0,0,0.6449127527047617833257891146
INTRADAY_EVENT,784,False,32,6228.05,6228.05,2,0,0,0.3382285749502187823418529876
INTRADAY_EVENT,785,False,37,4002.95,4002.95,3,0,0,0.5746601382610894701833351397
INTRADAY_EVENT,786,False,36,3368.37,3368.37,2,0,0,0.6420884522450957265720132863
INTRADAY_EVENT,787,False,35,6228.05,6228.05,2,0,0,0.3382285749502187823418529876
INTRADAY_EVENT,788,False,39,4744.84,4744.84,2,0,0,0.4958294284032395512571218487
INTRADAY_EVENT,789,False,35,6551.15,6551.15,2,0,0,0.3038970671052939163845553905
INTRADAY_EVENT,790,False,37,2487.09,2487.09,4,0,0,0.7357302697430077843586032782
INTRADAY_EVENT,791,False,42,3368.37,3368.37,2,0,0,0.6420884522450957265720132863
INTRADAY_EVENT,792,False,36,7660.71,7660.71,1,0,0,0.1859989926874207060113609558
INTRADAY_EVENT,793,False,40,3368.37,3368.37,2,0,0,0.6420884522450957265720132863
INTRADAY_EVENT,794,False,43,3341.79,3341.79,3,0,0,0.6449127527047617833257891146
INTRADAY_EVENT,795,False,39,5598.43,5598.43,1,0,0,0.4051298561923159476282464048
INTRADAY_EVENT,796,False,34,6551.15,6551.15,2,0,0,0.3038970671052939163845553905
INTRADAY_EVENT,797,False,39,6228.05,6228.05,2,0,0,0.3382285749502187823418529876
INTRADAY_EVENT,798,False,37,3914.79,3914.79,3,0,0,0.5840277202221187991303959758
INTRADAY_EVENT,799,False,43,3368.37,3368.37,2,0,0,0.6420884522450957265720132863
INTRADAY_EVENT,800,False,39,3830.53,3830.53,3,0,0,0.5929809014385018669284829320
INTRADAY_EVENT,801,False,36,6802.48,6802.48,1,0,0,0.2771915955278721690585027595
INTRADAY_EVENT,802,False,31,4688.76,4688.76,3,0,0,0.5017882985980504038813411283
INTRADAY_EVENT,803,False,39,3368.37,3368.37,2,0,0,0.6420884522450957265720132863
INTRADAY_EVENT,804,False,43,3368.37,3368.37,2,0,0,0.6420884522450957265720132863
INTRADAY_EVENT,805,False,39,2314.67,2314.67,4,0,0,0.7540510329204201811037510705
INTRADAY_EVENT,806,False,35,4688.76,4688.76,3,0,0,0.5017882985980504038813411283
INTRADAY_EVENT,807,False,39,4744.84,4744.84,2,0,0,0.4958294284032395512571218487
INTRADAY_EVENT,808,False,35,7411.03,7411.03,1,0,0,0.2125291408728767274666938684
INTRADAY_EVENT,809,False,34,6228.05,6228.05,2,0,0,0.3382285749502187823418529876
INTRADAY_EVENT,810,False,42,3341.79,3341.79,3,0,0,0.6449127527047617833257891146
INTRADAY_EVENT,811,False,43,3341.79,3341.79,3,0,0,0.6449127527047617833257891146
INTRADAY_EVENT,812,False,43,3368.37,3368.37,2,0,0,0.6420884522450957265720132863
INTRADAY_EVENT,813,False,41,3368.37,3368.37,2,0,0,0.6420884522450957265720132863
INTRADAY_EVENT,814,False,37,6228.05,6228.05,2,0,0,0.3382285749502187823418529876
INTRADAY_EVENT,815,False,43,3368.37,3368.37,2,0,0,0.6420884522450957265720132863
INTRADAY_EVENT,816,False,34,6551.15,6551.15,2,0,0,0.3038970671052939163845553905
INTRADAY_EVENT,817,False,39,5692.92,5692.92,2,0,0,0.3950896699457453794316971942
INTRADAY_EVENT,818,False,34,5430.65,5430.65,2,0,0,0.4229575887402004849551278373
INTRADAY_EVENT,819,False,38,5692.92,5692.92,2,0,0,0.3950896699457453794316971942
INTRADAY_EVENT,820,False,33,6551.15,6551.15,2,0,0,0.3038970671052939163845553905
INTRADAY_EVENT,821,False,39,6314.95,6314.95,1,0,0,0.3289948763066905531506144819
INTRADAY_EVENT,822,False,41,3830.53,3830.53,3,0,0,0.5929809014385018669284829320
INTRADAY_EVENT,823,False,35,3341.79,3341.79,3,0,0,0.6449127527047617833257891146
INTRADAY_EVENT,824,False,37,3340.68,3340.68,3,0,0,0.6450306975320841807297278343
INTRADAY_EVENT,825,False,42,3341.79,3341.79,3,0,0,0.6449127527047617833257891146
INTRADAY_EVENT,826,False,43,3368.37,3368.37,2,0,0,0.6420884522450957265720132863
INTRADAY_EVENT,827,False,40,3340.68,3340.68,3,0,0,0.6450306975320841807297278343
INTRADAY_EVENT,828,False,38,7660.71,7660.71,1,0,0,0.1859989926874207060113609558
INTRADAY_EVENT,829,False,32,4856.54,4856.54,2,0,0,0.4839605660501658665544596958
INTRADAY_EVENT,830,False,38,3340.68,3340.68,3,0,0,0.6450306975320841807297278343
INTRADAY_EVENT,831,False,42,3228.98,3228.98,3,0,0,0.6568995598851578654323899872
INTRADAY_EVENT,832,False,34,4785.55,4785.55,2,0,0,0.4915037221687397329559098859
INTRADAY_EVENT,833,False,36,4688.76,4688.76,3,0,0,0.5017882985980504038813411283
INTRADAY_EVENT,834,False,40,3340.68,3340.68,3,0,0,0.6450306975320841807297278343
INTRADAY_EVENT,835,False,39,5430.65,5430.65,2,0,0,0.4229575887402004849551278373
INTRADAY_EVENT,836,False,36,7660.71,7660.71,1,0,0,0.1859989926874207060113609558
INTRADAY_EVENT,837,False,36,6228.05,6228.05,2,0,0,0.3382285749502187823418529876
INTRADAY_EVENT,838,False,36,6228.05,6228.05,2,0,0,0.3382285749502187823418529876
INTRADAY_EVENT,839,False,38,4744.84,4744.84,2,0,0,0.4958294284032395512571218487
INTRADAY_EVENT,840,False,43,3341.79,3341.79,3,0,0,0.6449127527047617833257891146
INTRADAY_EVENT,841,False,35,3914.79,3914.79,3,0,0,0.5840277202221187991303959758
INTRADAY_EVENT,842,False,35,3853.96,3853.96,3,0,0,0.5904913092725885595642629298
INTRADAY_EVENT,843,False,36,6228.05,6228.05,2,0,0,0.3382285749502187823418529876
INTRADAY_EVENT,844,False,33,3172.90,3172.90,4,0,0,0.6628584300799687180566092669
INTRADAY_EVENT,845,False,48,3368.37,3368.37,2,0,0,0.6420884522450957265720132863
INTRADAY_EVENT,846,False,37,3368.37,3368.37,2,0,0,0.6420884522450957265720132863
INTRADAY_EVENT,847,False,37,6314.95,6314.95,1,0,0,0.3289948763066905531506144819
INTRADAY_EVENT,848,False,33,7660.71,7660.71,1,0,0,0.1859989926874207060113609558
INTRADAY_EVENT,849,False,39,6551.15,6551.15,2,0,0,0.3038970671052939163845553905
INTRADAY_EVENT,850,False,42,5598.43,5598.43,1,0,0,0.4051298561923159476282464048
INTRADAY_EVENT,851,False,40,3341.79,3341.79,3,0,0,0.6449127527047617833257891146
INTRADAY_EVENT,852,False,32,3172.90,3172.90,4,0,0,0.6628584300799687180566092669
INTRADAY_EVENT,853,False,47,3368.37,3368.37,2,0,0,0.6420884522450957265720132863
INTRADAY_EVENT,854,False,40,3341.79,3341.79,3,0,0,0.6449127527047617833257891146
INTRADAY_EVENT,855,False,32,3269.69,3269.69,3,0,0,0.6525738536506580471311780244
INTRADAY_EVENT,856,False,37,8301.62,8301.62,1,0,0,0.1178980744178732103731944347
INTRADAY_EVENT,857,False,37,4785.55,4785.55,2,0,0,0.4915037221687397329559098859
INTRADAY_EVENT,858,False,39,3914.79,3914.79,3,0,0,0.5840277202221187991303959758
INTRADAY_EVENT,859,False,37,3269.69,3269.69,3,0,0,0.6525738536506580471311780244
INTRADAY_EVENT,860,False,34,3172.90,3172.90,4,0,0,0.6628584300799687180566092669
INTRADAY_EVENT,861,False,40,5527.44,5527.44,1,0,0,0.4126730123108898140296965949
INTRADAY_EVENT,862,False,34,2314.67,2314.67,4,0,0,0.7540510329204201811037510705
INTRADAY_EVENT,863,False,36,3340.68,3340.68,3,0,0,0.6450306975320841807297278343
INTRADAY_EVENT,864,False,39,3341.79,3341.79,3,0,0,0.6449127527047617833257891146
INTRADAY_EVENT,865,False,34,4785.55,4785.55,2,0,0,0.4915037221687397329559098859
INTRADAY_EVENT,866,False,38,7411.03,7411.03,1,0,0,0.2125291408728767274666938684
INTRADAY_EVENT,867,False,39,3368.37,3368.37,2,0,0,0.6420884522450957265720132863
INTRADAY_EVENT,868,False,36,5527.44,5527.44,1,0,0,0.4126730123108898140296965949
INTRADAY_EVENT,869,False,42,5598.43,5598.43,1,0,0,0.4051298561923159476282464048
INTRADAY_EVENT,870,False,30,3172.90,3172.90,4,0,0,0.6628584300799687180566092669
INTRADAY_EVENT,871,False,39,3056.56,3056.56,3,0,0,0.6752203230625702621775377795
INTRADAY_EVENT,872,False,42,3341.79,3341.79,3,0,0,0.6449127527047617833257891146
INTRADAY_EVENT,873,False,40,4572.42,4572.42,2,0,0,0.5141501915806519480022696410
INTRADAY_EVENT,874,False,34,3269.69,3269.69,3,0,0,0.6525738536506580471311780244
INTRADAY_EVENT,875,False,34,3172.90,3172.90,4,0,0,0.6628584300799687180566092669
INTRADAY_EVENT,876,False,34,4856.54,4856.54,2,0,0,0.4839605660501658665544596958
INTRADAY_EVENT,877,False,38,7660.71,7660.71,1,0,0,0.1859989926874207060113609558
INTRADAY_EVENT,878,False,39,4744.84,4744.84,2,0,0,0.4958294284032395512571218487
INTRADAY_EVENT,879,False,40,3914.79,3914.79,3,0,0,0.5840277202221187991303959758
INTRADAY_EVENT,880,False,33,3830.53,3830.53,3,0,0,0.5929809014385018669284829320
INTRADAY_EVENT,881,False,38,5598.43,5598.43,1,0,0,0.4051298561923159476282464048
INTRADAY_EVENT,882,False,44,4744.84,4744.84,2,0,0,0.4958294284032395512571218487
INTRADAY_EVENT,883,False,38,3914.79,3914.79,3,0,0,0.5840277202221187991303959758
INTRADAY_EVENT,884,False,35,4785.55,4785.55,2,0,0,0.4915037221687397329559098859
INTRADAY_EVENT,885,False,38,5430.65,5430.65,2,0,0,0.4229575887402004849551278373
INTRADAY_EVENT,886,False,40,5527.44,5527.44,1,0,0,0.4126730123108898140296965949
INTRADAY_EVENT,887,False,33,2487.09,2487.09,4,0,0,0.7357302697430077843586032782
INTRADAY_EVENT,888,False,43,6802.48,6802.48,1,0,0,0.2771915955278721690585027595
INTRADAY_EVENT,889,False,38,3368.37,3368.37,2,0,0,0.6420884522450957265720132863
INTRADAY_EVENT,890,False,45,4744.84,4744.84,2,0,0,0.4958294284032395512571218487
INTRADAY_EVENT,891,False,36,2487.09,2487.09,4,0,0,0.7357302697430077843586032782
INTRADAY_EVENT,892,False,37,3341.79,3341.79,3,0,0,0.6449127527047617833257891146
INTRADAY_EVENT,893,False,42,5598.43,5598.43,1,0,0,0.4051298561923159476282464048
INTRADAY_EVENT,894,False,35,8301.62,8301.62,1,0,0,0.1178980744178732103731944347
INTRADAY_EVENT,895,False,36,6551.15,6551.15,2,0,0,0.3038970671052939163845553905
INTRADAY_EVENT,896,False,34,4688.76,4688.76,3,0,0,0.5017882985980504038813411283
INTRADAY_EVENT,897,False,39,3368.37,3368.37,2,0,0,0.6420884522450957265720132863
INTRADAY_EVENT,898,False,37,5598.43,5598.43,1,0,0,0.4051298561923159476282464048
INTRADAY_EVENT,899,False,35,6228.05,6228.05,2,0,0,0.3382285749502187823418529876
INTRADAY_EVENT,900,False,43,3341.79,3341.79,3,0,0,0.6449127527047617833257891146
INTRADAY_EVENT,901,False,40,4572.42,4572.42,2,0,0,0.5141501915806519480022696410
INTRADAY_EVENT,902,False,41,5598.43,5598.43,1,0,0,0.4051298561923159476282464048
INTRADAY_EVENT,903,False,42,3228.98,3228.98,3,0,0,0.6568995598851578654323899872
INTRADAY_EVENT,904,False,40,7411.03,7411.03,1,0,0,0.2125291408728767274666938684
INTRADAY_EVENT,905,False,42,3341.79,3341.79,3,0,0,0.6449127527047617833257891146
INTRADAY_EVENT,906,False,37,6228.05,6228.05,2,0,0,0.3382285749502187823418529876
INTRADAY_EVENT,907,False,35,4002.95,4002.95,3,0,0,0.5746601382610894701833351397
INTRADAY_EVENT,908,False,38,5527.44,5527.44,1,0,0,0.4126730123108898140296965949
INTRADAY_EVENT,909,False,35,4688.76,4688.76,3,0,0,0.5017882985980504038813411283
INTRADAY_EVENT,910,False,40,5598.43,5598.43,1,0,0,0.4051298561923159476282464048
INTRADAY_EVENT,911,False,31,6551.15,6551.15,2,0,0,0.3038970671052939163845553905
INTRADAY_EVENT,912,False,36,3228.98,3228.98,3,0,0,0.6568995598851578654323899872
INTRADAY_EVENT,913,False,36,5430.65,5430.65,2,0,0,0.4229575887402004849551278373
INTRADAY_EVENT,914,False,46,3368.37,3368.37,2,0,0,0.6420884522450957265720132863
INTRADAY_EVENT,915,False,37,5430.65,5430.65,2,0,0,0.4229575887402004849551278373
INTRADAY_EVENT,916,False,38,3914.79,3914.79,3,0,0,0.5840277202221187991303959758
INTRADAY_EVENT,917,False,36,4785.55,4785.55,2,0,0,0.4915037221687397329559098859
INTRADAY_EVENT,918,False,43,3368.37,3368.37,2,0,0,0.6420884522450957265720132863
INTRADAY_EVENT,919,False,34,3368.37,3368.37,2,0,0,0.6420884522450957265720132863
INTRADAY_EVENT,920,False,42,3228.98,3228.98,3,0,0,0.6568995598851578654323899872
INTRADAY_EVENT,921,False,40,3368.37,3368.37,2,0,0,0.6420884522450957265720132863
INTRADAY_EVENT,922,False,40,5527.44,5527.44,1,0,0,0.4126730123108898140296965949
INTRADAY_EVENT,923,False,40,3368.37,3368.37,2,0,0,0.6420884522450957265720132863
INTRADAY_EVENT,924,False,40,3368.37,3368.37,2,0,0,0.6420884522450957265720132863
INTRADAY_EVENT,925,False,44,3368.37,3368.37,2,0,0,0.6420884522450957265720132863
INTRADAY_EVENT,926,False,36,6551.15,6551.15,2,0,0,0.3038970671052939163845553905
INTRADAY_EVENT,927,False,33,2314.67,2314.67,4,0,0,0.7540510329204201811037510705
INTRADAY_EVENT,928,False,33,4688.76,4688.76,3,0,0,0.5017882985980504038813411283
INTRADAY_EVENT,929,False,34,3269.69,3269.69,3,0,0,0.6525738536506580471311780244
INTRADAY_EVENT,930,False,40,5430.65,5430.65,2,0,0,0.4229575887402004849551278373
INTRADAY_EVENT,931,False,43,3368.37,3368.37,2,0,0,0.6420884522450957265720132863
INTRADAY_EVENT,932,False,39,3341.79,3341.79,3,0,0,0.6449127527047617833257891146
INTRADAY_EVENT,933,False,34,5692.92,5692.92,2,0,0,0.3950896699457453794316971942
INTRADAY_EVENT,934,False,43,5598.43,5598.43,1,0,0,0.4051298561923159476282464048
INTRADAY_EVENT,935,False,41,3914.79,3914.79,3,0,0,0.5840277202221187991303959758
INTRADAY_EVENT,936,False,37,6301.47,6301.47,2,0,0,0.3304272152907499378398883031
INTRADAY_EVENT,937,False,41,3341.79,3341.79,3,0,0,0.6449127527047617833257891146
INTRADAY_EVENT,938,False,38,5527.44,5527.44,1,0,0,0.4126730123108898140296965949
INTRADAY_EVENT,939,False,37,4744.84,4744.84,2,0,0,0.4958294284032395512571218487
INTRADAY_EVENT,940,False,35,3340.68,3340.68,3,0,0,0.6450306975320841807297278343
INTRADAY_EVENT,941,False,39,4688.76,4688.76,3,0,0,0.5017882985980504038813411283
INTRADAY_EVENT,942,False,34,5692.92,5692.92,2,0,0,0.3950896699457453794316971942
INTRADAY_EVENT,943,False,39,6228.05,6228.05,2,0,0,0.3382285749502187823418529876
INTRADAY_EVENT,944,False,42,3341.79,3341.79,3,0,0,0.6449127527047617833257891146
INTRADAY_EVENT,945,False,37,7411.03,7411.03,1,0,0,0.2125291408728767274666938684
INTRADAY_EVENT,946,False,44,3341.79,3341.79,3,0,0,0.6449127527047617833257891146
INTRADAY_EVENT,947,False,38,3056.56,3056.56,3,0,0,0.6752203230625702621775377795
INTRADAY_EVENT,948,False,36,3368.37,3368.37,2,0,0,0.6420884522450957265720132863
INTRADAY_EVENT,949,False,40,3056.56,3056.56,3,0,0,0.6752203230625702621775377795
INTRADAY_EVENT,950,False,33,4785.55,4785.55,2,0,0,0.4915037221687397329559098859
INTRADAY_EVENT,951,False,43,3341.79,3341.79,3,0,0,0.6449127527047617833257891146
INTRADAY_EVENT,952,False,36,2487.09,2487.09,4,0,0,0.7357302697430077843586032782
INTRADAY_EVENT,953,False,40,2487.09,2487.09,4,0,0,0.7357302697430077843586032782
INTRADAY_EVENT,954,False,34,7660.71,7660.71,1,0,0,0.1859989926874207060113609558
INTRADAY_EVENT,955,False,36,5369.82,5369.82,2,0,0,0.4294211777906702453889947913
INTRADAY_EVENT,956,False,33,7660.71,7660.71,1,0,0,0.1859989926874207060113609558
INTRADAY_EVENT,957,False,43,3368.37,3368.37,2,0,0,0.6420884522450957265720132863
INTRADAY_EVENT,958,False,42,3368.37,3368.37,2,0,0,0.6420884522450957265720132863
INTRADAY_EVENT,959,False,38,4856.54,4856.54,2,0,0,0.4839605660501658665544596958
INTRADAY_EVENT,960,False,39,3056.56,3056.56,3,0,0,0.6752203230625702621775377795
INTRADAY_EVENT,961,False,40,4688.76,4688.76,3,0,0,0.5017882985980504038813411283
INTRADAY_EVENT,962,False,37,3269.69,3269.69,3,0,0,0.6525738536506580471311780244
INTRADAY_EVENT,963,False,45,4744.84,4744.84,2,0,0,0.4958294284032395512571218487
INTRADAY_EVENT,964,False,42,3368.37,3368.37,2,0,0,0.6420884522450957265720132863
INTRADAY_EVENT,965,False,39,6551.15,6551.15,2,0,0,0.3038970671052939163845553905
INTRADAY_EVENT,966,False,31,6228.05,6228.05,2,0,0,0.3382285749502187823418529876
INTRADAY_EVENT,967,False,42,5430.65,5430.65,2,0,0,0.4229575887402004849551278373
INTRADAY_EVENT,968,False,37,5527.44,5527.44,1,0,0,0.4126730123108898140296965949
INTRADAY_EVENT,969,False,39,3340.68,3340.68,3,0,0,0.6450306975320841807297278343
INTRADAY_EVENT,970,False,33,7660.71,7660.71,1,0,0,0.1859989926874207060113609558
INTRADAY_EVENT,971,False,34,4002.95,4002.95,3,0,0,0.5746601382610894701833351397
INTRADAY_EVENT,972,False,48,3341.79,3341.79,3,0,0,0.6449127527047617833257891146
INTRADAY_EVENT,973,False,35,6551.15,6551.15,2,0,0,0.3038970671052939163845553905
INTRADAY_EVENT,974,False,34,5430.65,5430.65,2,0,0,0.4229575887402004849551278373
INTRADAY_EVENT,975,False,41,3340.68,3340.68,3,0,0,0.6450306975320841807297278343
INTRADAY_EVENT,976,False,43,4744.84,4744.84,2,0,0,0.4958294284032395512571218487
INTRADAY_EVENT,977,False,49,3341.79,3341.79,3,0,0,0.6449127527047617833257891146
INTRADAY_EVENT,978,False,35,3914.79,3914.79,3,0,0,0.5840277202221187991303959758
INTRADAY_EVENT,979,False,37,3340.68,3340.68,3,0,0,0.6450306975320841807297278343
INTRADAY_EVENT,980,False,40,5430.65,5430.65,2,0,0,0.4229575887402004849551278373
INTRADAY_EVENT,981,False,40,2487.09,2487.09,4,0,0,0.7357302697430077843586032782
INTRADAY_EVENT,982,False,35,5430.65,5430.65,2,0,0,0.4229575887402004849551278373
INTRADAY_EVENT,983,False,35,4002.95,4002.95,3,0,0,0.5746601382610894701833351397
INTRADAY_EVENT,984,False,38,3341.79,3341.79,3,0,0,0.6449127527047617833257891146
INTRADAY_EVENT,985,False,42,4744.84,4744.84,2,0,0,0.4958294284032395512571218487
INTRADAY_EVENT,986,False,34,6551.15,6551.15,2,0,0,0.3038970671052939163845553905
INTRADAY_EVENT,987,False,38,2487.09,2487.09,4,0,0,0.7357302697430077843586032782
INTRADAY_EVENT,988,False,38,6228.05,6228.05,2,0,0,0.3382285749502187823418529876
INTRADAY_EVENT,989,False,36,5598.43,5598.43,1,0,0,0.4051298561923159476282464048
INTRADAY_EVENT,990,False,38,3340.68,3340.68,3,0,0,0.6450306975320841807297278343
INTRADAY_EVENT,991,False,32,2487.09,2487.09,4,0,0,0.7357302697430077843586032782
INTRADAY_EVENT,992,False,42,3340.68,3340.68,3,0,0,0.6450306975320841807297278343
INTRADAY_EVENT,993,False,33,6228.05,6228.05,2,0,0,0.3382285749502187823418529876
INTRADAY_EVENT,994,False,32,3853.96,3853.96,3,0,0,0.5904913092725885595642629298
INTRADAY_EVENT,995,False,32,4688.76,4688.76,3,0,0,0.5017882985980504038813411283
INTRADAY_EVENT,996,False,43,3341.79,3341.79,3,0,0,0.6449127527047617833257891146
INTRADAY_EVENT,997,False,43,5598.43,5598.43,1,0,0,0.4051298561923159476282464048
INTRADAY_EVENT,998,False,37,4002.95,4002.95,3,0,0,0.5746601382610894701833351397
