engine,seed,stopped,gaps,terminal_conditional_cash,last_resolved_cash,trades,wins,targets,drawdown
EVENT_CONTINUATION,0,True,158,,4099.26,5,1,1,0.6616258535061490695109433674
EVENT_CONTINUATION,1,False,138,3812.35,3812.35,6,1,1,0.6921119349539590147037884729
EVENT_CONTINUATION,2,False,146,16559.10,16559.10,8,4,3,0.7078804145707552081673073940
EVENT_CONTINUATION,3,True,42,,2574.15,3,0,0,0.7264795700432889393253555877
EVENT_CONTINUATION,4,False,169,4857.73,4857.73,5,1,1,0.5533312507039499828926872082
EVENT_CONTINUATION,5,True,146,,1345.95,4,0,0,0.8569839276265037965483605669
EVENT_CONTINUATION,6,False,153,16696.37,16696.37,7,3,2,0.4797517420769765321670608787
EVENT_CONTINUATION,7,False,142,9407.90,9407.90,8,3,2,0.7555237494129322784177967056
EVENT_CONTINUATION,8,True,143,,4037.78,7,1,1,0.6681585093473932068029726347
EVENT_CONTINUATION,9,False,162,15956.72,15956.72,9,4,3,0.6858948612182531839790546988
EVENT_CONTINUATION,10,False,148,4134.16,4134.16,5,1,1,0.7555237494129322784177967056
EVENT_CONTINUATION,11,False,165,3335.10,3335.10,3,0,0,0.6456236093667319082197981550
EVENT_CONTINUATION,12,False,160,2956.10,2956.10,3,0,0,0.6858948612182531839790546988
EVENT_CONTINUATION,13,True,31,,10196.93,1,1,0,0
EVENT_CONTINUATION,14,False,154,3590.26,3590.26,5,1,1,0.7023125686683285199092993652
EVENT_CONTINUATION,15,True,21,,10196.93,1,1,0,0
EVENT_CONTINUATION,16,False,159,2718.13,2718.13,5,1,0,0.7111807446037585084973403973
EVENT_CONTINUATION,17,False,148,2297.68,2297.68,5,1,0,0.7961084582379680337640975946
EVENT_CONTINUATION,18,False,143,2885.10,2885.10,4,0,0,0.6934390799028389638706304629
EVENT_CONTINUATION,19,True,136,,4156.24,5,1,1,0.6555713523702660027754224231
EVENT_CONTINUATION,20,False,130,3664.15,3664.15,6,1,1,0.7312951192092808765744571882
EVENT_CONTINUATION,21,False,137,1544.13,1544.13,6,1,0,0.8359259944024022492397340185
EVENT_CONTINUATION,22,False,161,9391.00,9391.00,7,3,2,0.7078804145707552081673073940
EVENT_CONTINUATION,23,True,166,,4456.45,4,1,1,0.7078804145707552081673073940
EVENT_CONTINUATION,24,True,55,,9411.18,0,0,0,0
EVENT_CONTINUATION,25,False,129,3760.78,3760.78,6,1,1,0.6841936930331796862880106427
EVENT_CONTINUATION,26,False,148,2094.84,2094.84,5,1,0,0.8176615472236212674712416509
EVENT_CONTINUATION,27,False,133,3209.44,3209.44,6,1,1,0.7796110583369991860744348743
EVENT_CONTINUATION,28,True,99,,10423.98,5,2,0,0.1888228323654323979252316032
EVENT_CONTINUATION,29,False,139,3436.13,3436.13,6,1,1,0.7555237494129322784177967056
EVENT_CONTINUATION,30,False,151,3039.09,3039.09,3,0,0,0.6770766258853831294269156471
EVENT_CONTINUATION,31,False,132,12775.30,12775.30,11,4,3,0.7312951192092808765744571882
EVENT_CONTINUATION,32,True,43,,4417.28,2,0,0,0.5306348406894778338104254727
EVENT_CONTINUATION,33,True,146,,4218.33,5,1,1,0.7465801312906564320308399159
EVENT_CONTINUATION,34,False,133,7413.62,7413.62,7,3,1,0.5536705655525731764364372414
EVENT_CONTINUATION,35,True,149,,5931.53,7,2,2,0.7555237494129322784177967056
EVENT_CONTINUATION,36,False,139,6312.85,6312.85,7,2,2,0.7312951192092808765744571882
EVENT_CONTINUATION,37,False,150,11749.82,11749.82,9,4,2,0.7719414568630076143480413721
EVENT_CONTINUATION,38,True,30,,10196.93,1,1,0,0
EVENT_CONTINUATION,39,False,151,1943.46,1943.46,4,0,0,0.7934945458486608480551854284
EVENT_CONTINUATION,40,False,165,9184.08,9184.08,10,4,2,0.7356792665744359368325757238
EVENT_CONTINUATION,41,False,157,2674.20,2674.20,5,1,0,0.7158485970940944706189872046
EVENT_CONTINUATION,42,False,154,3468.30,3468.30,7,2,1,0.7555237494129322784177967056
EVENT_CONTINUATION,43,True,42,,4417.28,2,0,0,0.5306348406894778338104254727
EVENT_CONTINUATION,44,False,145,1345.95,1345.95,4,0,0,0.8569839276265037965483605669
EVENT_CONTINUATION,45,False,157,1901.48,1901.48,6,1,0,0.7979551979666736796023452957
EVENT_CONTINUATION,46,False,136,3587.15,3587.15,5,1,0,0.6482127463854316936568163163
EVENT_CONTINUATION,47,False,148,2782.41,2782.41,5,1,0,0.7043505702791785939701503956
EVENT_CONTINUATION,48,True,152,,12559.62,8,4,2,0.6858948612182531839790546988
EVENT_CONTINUATION,49,False,151,14584.24,14584.24,6,3,1,0.4898418689261070343995120697
EVENT_CONTINUATION,50,False,156,1382.97,1382.97,4,0,0,0.8530503082504000561034854290
EVENT_CONTINUATION,51,True,31,,10196.93,1,1,0,0
EVENT_CONTINUATION,52,False,145,3646.39,3646.39,6,1,1,0.7465801312906564320308399159
EVENT_CONTINUATION,53,False,144,1561.51,1561.51,4,0,0,0.8340792546736966034014863173
EVENT_CONTINUATION,54,False,146,3716.35,3716.35,5,1,1,0.7023125686683285199092993652
EVENT_CONTINUATION,55,True,154,,14200.33,5,3,1,0.5306348406894778338104254727
EVENT_CONTINUATION,56,False,169,2718.13,2718.13,5,1,0,0.7111807446037585084973403973
EVENT_CONTINUATION,57,True,33,,9411.18,0,0,0,0
EVENT_CONTINUATION,58,True,103,,7710.59,1,0,0,0.1806989134199962172649975880
EVENT_CONTINUATION,59,True,128,,13645.02,8,4,2,0.7059954224656206766845390270
EVENT_CONTINUATION,60,True,42,,4417.28,2,0,0,0.5306348406894778338104254727
EVENT_CONTINUATION,61,True,46,,4417.28,2,0,0,0.5306348406894778338104254727
EVENT_CONTINUATION,62,False,132,13991.80,13991.80,9,4,3,0.6555713523702660027754224231
EVENT_CONTINUATION,63,True,50,,2574.15,3,0,0,0.7264795700432889393253555877
EVENT_CONTINUATION,64,False,158,10997.93,10997.93,5,2,1,0.5140088703010674538155682922
EVENT_CONTINUATION,65,False,146,4759.84,4759.84,5,1,1,0.6756432243353118312475162519
EVENT_CONTINUATION,66,False,129,4605.59,4605.59,8,2,2,0.7059954224656206766845390270
EVENT_CONTINUATION,67,False,157,4444.57,4444.57,4,1,1,0.7091427429929084344364893669
EVENT_CONTINUATION,68,False,153,3783.16,3783.16,5,1,1,0.7320474159457156275833636165
EVENT_CONTINUATION,69,False,136,1473.71,1473.71,4,0,0,0.8434085842582970467040264876
EVENT_CONTINUATION,70,True,43,,2574.15,3,0,0,0.7264795700432889393253555877
EVENT_CONTINUATION,71,False,159,1157.05,1157.05,5,0,0,0.8770557995915496250204543957
EVENT_CONTINUATION,72,True,50,,2574.15,3,0,0,0.7264795700432889393253555877
EVENT_CONTINUATION,73,False,158,1155.53,1155.53,4,0,0,0.8772173096253604755195416515
EVENT_CONTINUATION,74,False,156,3498.69,3498.69,3,0,0,0.6282410919778391232555322499
EVENT_CONTINUATION,75,False,140,2679.63,2679.63,5,1,0,0.7555237494129322784177967056
EVENT_CONTINUATION,76,False,151,5971.96,5971.96,4,1,1,0.4913124602865953047333065567
EVENT_CONTINUATION,77,False,151,1599.77,1599.77,7,2,0,0.8531608459518426832839056753
EVENT_CONTINUATION,78,False,148,2297.68,2297.68,5,1,0,0.7961084582379680337640975946
EVENT_CONTINUATION,79,False,132,1926.08,1926.08,6,1,0,0.7953412855773664938934331295
EVENT_CONTINUATION,80,True,45,,2574.15,3,0,0,0.7264795700432889393253555877
EVENT_CONTINUATION,81,False,157,1901.48,1901.48,6,1,0,0.7979551979666736796023452957
EVENT_CONTINUATION,82,True,155,,1060.57,4,0,0,0.8873074364744909777519928426
EVENT_CONTINUATION,83,True,33,,10196.93,1,1,0,0
EVENT_CONTINUATION,84,False,141,6182.93,6182.93,10,3,2,0.6756432243353118312475162519
EVENT_CONTINUATION,85,False,164,3278.50,3278.50,3,0,0,0.6516377329941622623305472853
EVENT_CONTINUATION,86,True,29,,10196.93,1,1,0,0
EVENT_CONTINUATION,87,False,149,1345.95,1345.95,4,0,0,0.8569839276265037965483605669
EVENT_CONTINUATION,88,False,138,3128.75,3128.75,7,1,1,0.6925635255090222480071574447
EVENT_CONTINUATION,89,True,134,,5947.62,7,3,1,0.5690306635299717994980438160
EVENT_CONTINUATION,90,True,38,,2574.15,3,0,0,0.7264795700432889393253555877
EVENT_CONTINUATION,91,True,44,,4417.28,2,0,0,0.5306348406894778338104254727
EVENT_CONTINUATION,92,False,124,6388.83,6388.83,9,3,2,0.7453178028685032057616579430
EVENT_CONTINUATION,93,True,39,,9411.18,0,0,0,0
EVENT_CONTINUATION,94,False,141,1544.13,1544.13,6,1,0,0.8359259944024022492397340185
EVENT_CONTINUATION,95,True,30,,10196.93,1,1,0,0
EVENT_CONTINUATION,96,False,142,2322.28,2322.28,5,1,0,0.7934945458486608480551854284
EVENT_CONTINUATION,97,False,155,13547.59,13547.59,8,3,2,0.5140088703010674538155682922
EVENT_CONTINUATION,98,False,162,4419.24,4419.24,3,0,0,0.5304265777511427897458129586
EVENT_CONTINUATION,99,True,33,,10894.71,1,1,0,0
EVENT_CONTINUATION,100,False,147,3436.13,3436.13,6,1,1,0.7555237494129322784177967056
EVENT_CONTINUATION,101,False,130,1716.02,1716.02,4,0,0,0.8176615472236212674712416509
EVENT_CONTINUATION,102,True,146,,4615.20,8,2,1,0.6711137790725957827239091265
EVENT_CONTINUATION,103,False,129,3884.69,3884.69,9,4,1,0.7229940776292472342165730274
EVENT_CONTINUATION,104,False,141,2132.63,2132.63,5,0,0,0.7733939846012933553497011002
EVENT_CONTINUATION,105,False,141,1573.39,1573.39,4,0,0,0.8328169262515433771323043444
EVENT_CONTINUATION,106,False,146,2062.52,2062.52,5,1,0,0.7808436349108188346201007738
EVENT_CONTINUATION,107,False,158,2782.41,2782.41,5,1,0,0.7043505702791785939701503956
EVENT_CONTINUATION,108,True,46,,2574.15,3,0,0,0.7264795700432889393253555877
EVENT_CONTINUATION,109,False,147,3969.26,3969.26,5,1,1,0.6620413168168072441500428214
EVENT_CONTINUATION,110,False,143,2763.80,2763.80,5,1,0,0.7465801312906564320308399159
EVENT_CONTINUATION,111,True,166,,1060.57,4,0,0,0.8873074364744909777519928426
EVENT_CONTINUATION,112,True,40,,2574.15,3,0,0,0.7264795700432889393253555877
EVENT_CONTINUATION,113,True,44,,4417.28,2,0,0,0.5306348406894778338104254727
EVENT_CONTINUATION,114,False,145,3562.22,3562.22,6,1,1,0.7555237494129322784177967056
EVENT_CONTINUATION,115,False,130,16657.34,16657.34,9,5,3,0.7611732158600676870391382504
EVENT_CONTINUATION,116,True,29,,10196.93,1,1,0,0
EVENT_CONTINUATION,117,True,127,,1479.86,5,1,0,0.8548720055938404990521657009
EVENT_CONTINUATION,118,False,138,1952.21,1952.21,5,1,0,0.8328169262515433771323043444
EVENT_CONTINUATION,119,False,154,3744.77,3744.77,5,1,1,0.6858948612182531839790546988
EVENT_CONTINUATION,120,False,141,1319.82,1319.82,5,0,0,0.8597604126156337462464855629
EVENT_CONTINUATION,121,False,147,16281.49,16281.49,11,5,3,0.6516377329941622623305472853
EVENT_CONTINUATION,122,True,42,,4417.28,2,0,0,0.5306348406894778338104254727
EVENT_CONTINUATION,123,False,142,8781.77,8781.77,7,2,1,0.5152807618173279014958804316
EVENT_CONTINUATION,124,False,123,3473.14,3473.14,6,2,1,0.7262038672423955053138542679
EVENT_CONTINUATION,125,False,170,9203.12,9203.12,9,4,2,0.6858948612182531839790546988
EVENT_CONTINUATION,126,True,39,,10894.71,1,1,0,0
EVENT_CONTINUATION,127,True,39,,10894.71,1,1,0,0
EVENT_CONTINUATION,128,False,143,3215.22,3215.22,5,1,1,0.7789968951821131887818530726
EVENT_CONTINUATION,129,False,150,4905.53,4905.53,8,2,2,0.7555237494129322784177967056
EVENT_CONTINUATION,130,False,132,8269.43,8269.43,7,3,2,0.6326666794174588096285481736
EVENT_CONTINUATION,131,True,44,,4417.28,2,0,0,0.5306348406894778338104254727
EVENT_CONTINUATION,132,True,155,,13295.83,6,3,1,0.4913124602865953047333065567
EVENT_CONTINUATION,133,True,47,,2574.15,3,0,0,0.7264795700432889393253555877
EVENT_CONTINUATION,134,True,139,,3850.99,5,1,1,0.6880061798839252888585703387
EVENT_CONTINUATION,135,False,138,1522.66,1522.66,5,0,0,0.8382073236299805125393415066
EVENT_CONTINUATION,136,True,167,,13452.24,7,4,2,0.7264795700432889393253555877
EVENT_CONTINUATION,137,False,168,4281.41,4281.41,4,1,1,0.7264795700432889393253555877
EVENT_CONTINUATION,138,False,151,6358.17,6358.17,6,2,2,0.7264795700432889393253555877
EVENT_CONTINUATION,139,False,140,1177.19,1177.19,5,0,0,0.8749157916435558559075482564
EVENT_CONTINUATION,140,False,132,2074.12,2074.12,4,0,0,0.7796110583369991860744348743
EVENT_CONTINUATION,141,True,46,,4417.28,2,0,0,0.5306348406894778338104254727
EVENT_CONTINUATION,142,True,44,,2574.15,3,0,0,0.7264795700432889393253555877
EVENT_CONTINUATION,143,False,125,16753.27,16753.27,11,5,2,0.6457390788740590616914080320
EVENT_CONTINUATION,144,True,146,,4246.75,5,1,1,0.7301624238405810961005952495
EVENT_CONTINUATION,145,True,160,,5974.06,6,2,2,0.6858948612182531839790546988
EVENT_CONTINUATION,146,False,153,6373.49,6373.49,7,2,1,0.5140088703010674538155682922
EVENT_CONTINUATION,147,False,137,2146.30,2146.30,4,0,0,0.7719414568630076143480413721
EVENT_CONTINUATION,148,False,155,3544.66,3544.66,5,1,1,0.7091427429929084344364893669
EVENT_CONTINUATION,149,False,173,3716.35,3716.35,5,1,1,0.7023125686683285199092993652
EVENT_CONTINUATION,150,True,40,,10894.71,1,1,0,0
EVENT_CONTINUATION,151,False,133,1988.78,1988.78,5,0,0,0.7886789966826689108060838280
EVENT_CONTINUATION,152,False,159,3682.01,3682.01,6,1,1,0.6925635255090222480071574447
EVENT_CONTINUATION,153,True,136,,4383.68,5,1,1,0.6314043509953055833593662006
EVENT_CONTINUATION,154,False,149,6167.79,6167.79,9,2,1,0.5138473602672566033164810364
EVENT_CONTINUATION,155,False,142,3415.82,3415.82,7,2,1,0.7023125686683285199092993652
EVENT_CONTINUATION,156,True,47,,4417.28,2,0,0,0.5306348406894778338104254727
EVENT_CONTINUATION,157,False,147,13162.84,13162.84,9,4,2,0.5746180468042832499585659605
EVENT_CONTINUATION,158,False,148,9947.57,9947.57,7,3,1,0.3579264236790710622897447504
EVENT_CONTINUATION,159,False,141,10317.30,10317.30,5,2,1,0.4898418689261070343995120697
EVENT_CONTINUATION,160,False,147,3039.61,3039.61,4,0,0,0.6770213724527636279403857965
EVENT_CONTINUATION,161,False,140,1952.21,1952.21,5,1,0,0.8328169262515433771323043444
EVENT_CONTINUATION,162,False,136,5302.27,5302.27,4,1,1,0.6314043509953055833593662006
EVENT_CONTINUATION,163,False,145,1918.86,1918.86,4,0,0,0.7961084582379680337640975946
EVENT_CONTINUATION,164,False,159,15991.56,15991.56,8,4,3,0.7264795700432889393253555877
EVENT_CONTINUATION,165,True,64,,6846.04,1,0,0,0.2725630579799770060715021921
EVENT_CONTINUATION,166,False,131,4160.20,4160.20,6,2,1,0.7796110583369991860744348743
EVENT_CONTINUATION,167,True,43,,2574.15,3,0,0,0.7264795700432889393253555877
EVENT_CONTINUATION,168,True,150,,4125.01,3,0,0,0.5616904575196734097105782697
EVENT_CONTINUATION,169,True,43,,4417.28,2,0,0,0.5306348406894778338104254727
EVENT_CONTINUATION,170,False,145,12853.84,12853.84,8,3,2,0.6371634587798766998399775586
EVENT_CONTINUATION,171,True,138,,1149.12,4,0,0,0.8778984144389970226900346184
EVENT_CONTINUATION,172,False,154,3556.54,3556.54,5,1,1,0.7078804145707552081673073940
EVENT_CONTINUATION,173,True,158,,1382.97,4,0,0,0.8530503082504000561034854290
EVENT_CONTINUATION,174,False,125,3081.43,3081.43,7,1,1,0.6841936930331796862880106427
EVENT_CONTINUATION,175,True,35,,10894.71,1,1,0,0
EVENT_CONTINUATION,176,True,29,,10196.93,1,1,0,0
EVENT_CONTINUATION,177,False,147,1716.02,1716.02,4,0,0,0.8176615472236212674712416509
EVENT_CONTINUATION,178,False,147,3556.54,3556.54,5,1,1,0.7078804145707552081673073940
EVENT_CONTINUATION,179,False,113,12847.97,12847.97,11,4,3,0.7235734520007055438319105574
EVENT_CONTINUATION,180,False,149,1143.56,1143.56,4,0,0,0.8784892011416209231998537909
EVENT_CONTINUATION,181,False,151,1901.48,1901.48,6,1,0,0.7979551979666736796023452957
EVENT_CONTINUATION,182,True,31,,10196.93,1,1,0,0
EVENT_CONTINUATION,183,True,47,,4417.28,2,0,0,0.5306348406894778338104254727
EVENT_CONTINUATION,184,True,40,,4417.28,2,0,0,0.5306348406894778338104254727
EVENT_CONTINUATION,185,False,135,2396.86,2396.86,4,0,0,0.7453178028685032057616579430
EVENT_CONTINUATION,186,False,124,1926.08,1926.08,6,1,0,0.7953412855773664938934331295
EVENT_CONTINUATION,187,True,34,,9411.18,0,0,0,0
EVENT_CONTINUATION,188,True,34,,10894.71,1,1,0,0
EVENT_CONTINUATION,189,True,31,,10196.93,1,1,0,0
EVENT_CONTINUATION,190,False,141,9427.61,9427.61,9,4,2,0.6620413168168072441500428214
EVENT_CONTINUATION,191,False,169,3713.92,3713.92,4,1,0,0.6456236093667319082197981550
EVENT_CONTINUATION,192,True,45,,4417.28,2,0,0,0.5306348406894778338104254727
EVENT_CONTINUATION,193,False,150,2297.68,2297.68,5,1,0,0.7961084582379680337640975946
EVENT_CONTINUATION,194,False,168,4640.25,4640.25,7,2,2,0.7023125686683285199092993652
EVENT_CONTINUATION,195,True,36,,10894.71,1,1,0,0
EVENT_CONTINUATION,196,True,148,,1561.51,4,0,0,0.8340792546736966034014863173
EVENT_CONTINUATION,197,True,27,,10196.93,1,1,0,0
EVENT_CONTINUATION,198,True,43,,4417.28,2,0,0,0.5306348406894778338104254727
EVENT_CONTINUATION,199,True,43,,2574.15,3,0,0,0.7264795700432889393253555877
EVENT_CONTINUATION,200,True,37,,9411.18,0,0,0,0
EVENT_CONTINUATION,201,False,166,3808.10,3808.10,6,1,1,0.6925635255090222480071574447
EVENT_CONTINUATION,202,True,147,,4016.18,6,2,1,0.6858948612182531839790546988
EVENT_CONTINUATION,203,False,142,3646.31,3646.31,6,1,1,0.6963568861715534077554568078
EVENT_CONTINUATION,204,True,29,,10196.93,1,1,0,0
EVENT_CONTINUATION,205,True,45,,4417.28,2,0,0,0.5306348406894778338104254727
EVENT_CONTINUATION,206,True,142,,1155.53,4,0,0,0.8772173096253604755195416515
EVENT_CONTINUATION,207,True,147,,1143.56,4,0,0,0.8784892011416209231998537909
EVENT_CONTINUATION,208,True,56,,6475.97,1,0,0,0.3118854383828595351486211081
EVENT_CONTINUATION,209,True,141,,1382.97,4,0,0,0.8530503082504000561034854290
EVENT_CONTINUATION,210,False,139,6209.84,6209.84,5,1,0,0.3463625177714165492531223502
EVENT_CONTINUATION,211,True,46,,4417.28,2,0,0,0.5306348406894778338104254727
EVENT_CONTINUATION,212,True,37,,4417.28,2,0,0,0.5306348406894778338104254727
EVENT_CONTINUATION,213,False,167,2502.57,2502.57,5,1,0,0.7340854175565657016442146468
EVENT_CONTINUATION,214,False,153,3559.41,3559.41,4,1,0,0.6620413168168072441500428214
EVENT_CONTINUATION,215,True,43,,4417.28,2,0,0,0.5306348406894778338104254727
EVENT_CONTINUATION,216,False,138,21361.84,21361.84,10,5,3,0.7719414568630076143480413721
EVENT_CONTINUATION,217,False,133,4501.00,4501.00,6,1,1,0.6314043509953055833593662006
EVENT_CONTINUATION,218,True,151,,13475.86,6,3,1,0.5291642493289895634766309857
EVENT_CONTINUATION,219,False,139,3562.22,3562.22,6,1,1,0.7555237494129322784177967056
EVENT_CONTINUATION,220,True,43,,2574.15,3,0,0,0.7264795700432889393253555877
EVENT_CONTINUATION,221,False,159,6037.03,6037.03,4,1,1,0.5533312507039499828926872082
EVENT_CONTINUATION,222,False,173,3488.91,3488.91,5,1,1,0.7264795700432889393253555877
EVENT_CONTINUATION,223,False,134,3293.55,3293.55,7,1,1,0.6750524376326879307376970794
EVENT_CONTINUATION,224,True,148,,1060.57,4,0,0,0.8873074364744909777519928426
EVENT_CONTINUATION,225,True,47,,10538.13,2,1,0,0.0327296458556492095705163332
EVENT_CONTINUATION,226,True,25,,10196.93,1,1,0,0
EVENT_CONTINUATION,227,True,161,,4587.85,7,2,2,0.7078804145707552081673073940
EVENT_CONTINUATION,228,False,154,2866.39,2866.39,5,1,0,0.7356792665744359368325757238
EVENT_CONTINUATION,229,False,145,9427.61,9427.61,9,4,2,0.6620413168168072441500428214
EVENT_CONTINUATION,230,False,135,1556.01,1556.01,6,1,0,0.8346636659802490229705520455
EVENT_CONTINUATION,231,False,155,3716.35,3716.35,5,1,1,0.7023125686683285199092993652
EVENT_CONTINUATION,232,True,56,,6723.64,3,1,0,0.3828527790092622933515440062
EVENT_CONTINUATION,233,False,153,2458.72,2458.72,4,1,0,0.7789968951821131887818530726
EVENT_CONTINUATION,234,False,171,3657.07,3657.07,5,1,1,0.7320474159457156275833636165
EVENT_CONTINUATION,235,False,124,16130.08,16130.08,7,3,1,0.2918093161537660527160249831
EVENT_CONTINUATION,236,False,148,3562.22,3562.22,6,1,1,0.7555237494129322784177967056
EVENT_CONTINUATION,237,True,157,,3876.42,5,0,0,0.5881047860098308607422236106
EVENT_CONTINUATION,238,False,128,1547.26,1547.26,5,0,0,0.8355934112406733268304293404
EVENT_CONTINUATION,239,True,39,,4417.28,2,0,0,0.5306348406894778338104254727
EVENT_CONTINUATION,240,True,129,,12370.45,9,4,2,0.7059954224656206766845390270
EVENT_CONTINUATION,241,True,37,,10894.71,1,1,0,0
EVENT_CONTINUATION,242,False,161,1918.86,1918.86,4,0,0,0.7961084582379680337640975946
EVENT_CONTINUATION,243,False,157,2091.37,2091.37,5,0,0,0.7777781319664484156078196358
EVENT_CONTINUATION,244,True,147,,4246.75,5,1,1,0.7301624238405810961005952495
EVENT_CONTINUATION,245,False,160,3766.64,3766.64,7,2,1,0.6516377329941622623305472853
EVENT_CONTINUATION,246,False,137,4594.62,4594.62,6,1,1,0.6214566079917714888037419325
EVENT_CONTINUATION,247,False,136,4234.78,4234.78,5,1,1,0.7314343153568415437809073889
EVENT_CONTINUATION,248,True,36,,4417.28,2,0,0,0.5306348406894778338104254727
EVENT_CONTINUATION,249,False,139,8234.70,8234.70,5,1,1,0.4759583814144453724187615156
EVENT_CONTINUATION,250,False,132,3501.23,3501.23,5,1,0,0.6786302710214406808441895195
EVENT_CONTINUATION,251,False,160,3191.51,3191.51,6,1,1,0.6858948612182531839790546988
EVENT_CONTINUATION,252,False,127,2601.50,2601.50,4,0,0,0.7235734520007055438319105574
EVENT_CONTINUATION,253,True,37,,9411.18,0,0,0,0
EVENT_CONTINUATION,254,True,40,,2574.15,3,0,0,0.7264795700432889393253555877
EVENT_CONTINUATION,255,True,145,,1143.56,4,0,0,0.8784892011416209231998537909
EVENT_CONTINUATION,256,False,159,1522.66,1522.66,5,0,0,0.8382073236299805125393415066
EVENT_CONTINUATION,257,False,141,3148.41,3148.41,6,1,1,0.6770766258853831294269156471
EVENT_CONTINUATION,258,False,151,4134.16,4134.16,5,1,1,0.7555237494129322784177967056
EVENT_CONTINUATION,259,False,158,2846.63,2846.63,6,1,1,0.7091427429929084344364893669
EVENT_CONTINUATION,260,False,151,6454.55,6454.55,8,2,1,0.5304265777511427897458129586
EVENT_CONTINUATION,261,True,25,,10196.93,1,1,0,0
EVENT_CONTINUATION,262,True,41,,2574.15,3,0,0,0.7264795700432889393253555877
EVENT_CONTINUATION,263,False,148,1918.86,1918.86,4,0,0,0.7961084582379680337640975946
EVENT_CONTINUATION,264,True,148,,1345.95,4,0,0,0.8569839276265037965483605669
EVENT_CONTINUATION,265,False,169,3590.26,3590.26,5,1,1,0.7023125686683285199092993652
EVENT_CONTINUATION,266,False,138,10086.01,10086.01,9,4,2,0.5920819705924230542822472846
EVENT_CONTINUATION,267,False,139,1544.13,1544.13,6,1,0,0.8359259944024022492397340185
EVENT_CONTINUATION,268,True,126,,4610.36,6,1,1,0.5920819705924230542822472846
EVENT_CONTINUATION,269,False,138,2843.48,2843.48,4,0,0,0.6978614796444229097732696644
EVENT_CONTINUATION,270,False,133,3406.46,3406.46,5,1,0,0.6380411383057172426837017250
EVENT_CONTINUATION,271,False,159,3436.13,3436.13,6,1,1,0.7555237494129322784177967056
EVENT_CONTINUATION,272,False,165,3758.91,3758.91,5,1,1,0.6977902877216247059348562029
EVENT_CONTINUATION,273,False,139,1561.51,1561.51,4,0,0,0.8340792546736966034014863173
EVENT_CONTINUATION,274,False,155,3488.91,3488.91,5,1,1,0.7264795700432889393253555877
EVENT_CONTINUATION,275,False,173,3709.47,3709.47,5,1,1,0.7264795700432889393253555877
EVENT_CONTINUATION,276,True,131,,1345.95,4,0,0,0.8569839276265037965483605669
EVENT_CONTINUATION,277,True,116,,11906.85,10,5,2,0.7741153464817351889245096318
EVENT_CONTINUATION,278,True,161,,3965.82,5,1,1,0.6758047343691226817466035077
EVENT_CONTINUATION,279,False,139,3275.80,3275.80,5,1,0,0.6519246258173789046644522791
EVENT_CONTINUATION,280,True,144,,1345.95,4,0,0,0.8569839276265037965483605669
EVENT_CONTINUATION,281,False,156,7368.10,7368.10,7,2,1,0.4898418689261070343995120697
EVENT_CONTINUATION,282,False,177,17301.20,17301.20,10,5,3,0.7264795700432889393253555877
EVENT_CONTINUATION,283,False,147,1988.78,1988.78,5,0,0,0.7886789966826689108060838280
EVENT_CONTINUATION,284,False,136,3917.25,3917.25,7,1,1,0.6675677226447693062931534622
EVENT_CONTINUATION,285,True,64,,6846.04,1,0,0,0.2725630579799770060715021921
EVENT_CONTINUATION,286,False,132,16786.46,16786.46,8,4,3,0.5920819705924230542822472846
EVENT_CONTINUATION,287,False,128,13446.25,13446.25,8,3,3,0.6160874619335726231992162513
EVENT_CONTINUATION,288,True,44,,2574.15,3,0,0,0.7264795700432889393253555877
EVENT_CONTINUATION,289,True,143,,12845.00,8,4,2,0.6555713523702660027754224231
EVENT_CONTINUATION,290,True,128,,1396.79,6,1,0,0.8717919063472088747658267177
EVENT_CONTINUATION,291,False,170,3180.41,3180.41,4,1,0,0.7023125686683285199092993652
EVENT_CONTINUATION,292,True,160,,4431.12,3,0,0,0.5291642493289895634766309857
EVENT_CONTINUATION,293,True,41,,9411.18,0,0,0,0
EVENT_CONTINUATION,294,True,63,,6846.04,1,0,0,0.2725630579799770060715021921
EVENT_CONTINUATION,295,False,146,4092.24,4092.24,5,1,1,0.7465801312906564320308399159
EVENT_CONTINUATION,296,True,144,,13215.07,8,4,2,0.6162489719673834736983035071
EVENT_CONTINUATION,297,True,149,,1345.95,4,0,0,0.8569839276265037965483605669
EVENT_CONTINUATION,298,False,149,2984.60,2984.60,6,1,1,0.7078804145707552081673073940
EVENT_CONTINUATION,299,True,150,,4355.10,4,1,1,0.7320474159457156275833636165
EVENT_CONTINUATION,300,True,51,,4417.28,2,0,0,0.5306348406894778338104254727
EVENT_CONTINUATION,301,False,153,3644.57,3644.57,6,1,1,0.6377542454825006003497967311
EVENT_CONTINUATION,302,False,142,3791.69,3791.69,7,3,1,0.6949640725198662734764286898
EVENT_CONTINUATION,303,False,136,3182.27,3182.27,6,2,0,0.6879188147805270802094355850
EVENT_CONTINUATION,304,False,153,1901.48,1901.48,6,1,0,0.7979551979666736796023452957
EVENT_CONTINUATION,305,True,60,,6846.04,1,0,0,0.2725630579799770060715021921
EVENT_CONTINUATION,306,False,145,16165.42,16165.42,11,5,3,0.7555237494129322784177967056
EVENT_CONTINUATION,307,False,168,13615.40,13615.40,7,4,2,0.7091427429929084344364893669
EVENT_CONTINUATION,308,True,46,,2574.15,3,0,0,0.7264795700432889393253555877
EVENT_CONTINUATION,309,True,32,,10196.93,1,1,0,0
EVENT_CONTINUATION,310,True,66,,6846.04,1,0,0,0.2725630579799770060715021921
EVENT_CONTINUATION,311,False,152,2965.03,2965.03,3,0,0,0.6849459897696144372969170710
EVENT_CONTINUATION,312,True,57,,9411.18,0,0,0,0
EVENT_CONTINUATION,313,False,151,3570.33,3570.33,7,2,1,0.6858948612182531839790546988
EVENT_CONTINUATION,314,True,32,,10196.93,1,1,0,0
EVENT_CONTINUATION,315,False,137,3588.26,3588.26,7,2,1,0.7796110583369991860744348743
EVENT_CONTINUATION,316,False,144,1157.05,1157.05,5,0,0,0.8770557995915496250204543957
EVENT_CONTINUATION,317,True,141,,5562.22,5,1,1,0.6162489719673834736983035071
EVENT_CONTINUATION,318,False,143,2339.31,2339.31,4,0,0,0.7514328702670653414343366082
EVENT_CONTINUATION,319,False,138,5563.74,5563.74,6,1,1,0.6160874619335726231992162513
EVENT_CONTINUATION,320,True,51,,2574.15,3,0,0,0.7264795700432889393253555877
EVENT_CONTINUATION,321,False,141,3809.27,3809.27,6,2,1,0.7078804145707552081673073940
EVENT_CONTINUATION,322,True,31,,10196.93,1,1,0,0
EVENT_CONTINUATION,323,False,125,1547.26,1547.26,5,0,0,0.8355934112406733268304293404
EVENT_CONTINUATION,324,False,136,1573.39,1573.39,4,0,0,0.8328169262515433771323043444
EVENT_CONTINUATION,325,True,30,,9411.18,0,0,0,0
EVENT_CONTINUATION,326,False,126,14037.11,14037.11,12,5,3,0.7059954224656206766845390270
EVENT_CONTINUATION,327,False,130,2096.36,2096.36,6,1,0,0.8175000371898104169721543951
EVENT_CONTINUATION,328,False,144,1943.46,1943.46,4,0,0,0.7934945458486608480551854284
EVENT_CONTINUATION,329,False,140,1700.16,1700.16,7,1,0,0.8193467769185160628104020962
EVENT_CONTINUATION,330,True,159,,3870.86,5,1,1,0.6858948612182531839790546988
EVENT_CONTINUATION,331,True,125,,4711.93,6,2,1,0.7177013081388221749095070771
EVENT_CONTINUATION,332,True,64,,6846.04,1,0,0,0.2725630579799770060715021921
EVENT_CONTINUATION,333,True,141,,4780.94,2,0,0,0.4919935651002318519037995235
EVENT_CONTINUATION,334,False,142,3471.97,3471.97,5,1,1,0.7651134076704515268011025185
EVENT_CONTINUATION,335,False,140,2525.12,2525.12,5,1,0,0.7719414568630076143480413721
EVENT_CONTINUATION,336,True,41,,4417.28,2,0,0,0.5306348406894778338104254727
EVENT_CONTINUATION,337,False,132,3676.33,3676.33,7,1,1,0.7300009138067702456015079937
EVENT_CONTINUATION,338,False,154,1561.51,1561.51,4,0,0,0.8340792546736966034014863173
EVENT_CONTINUATION,339,False,141,7147.12,7147.12,6,2,2,0.7516676973556982227520884735
EVENT_CONTINUATION,340,False,149,11940.43,11940.43,7,3,3,0.6849459897696144372969170710
EVENT_CONTINUATION,341,True,34,,10894.71,1,1,0,0
EVENT_CONTINUATION,342,True,32,,10196.93,1,1,0,0
EVENT_CONTINUATION,343,False,163,3657.07,3657.07,5,1,1,0.7320474159457156275833636165
EVENT_CONTINUATION,344,False,148,2843.48,2843.48,4,0,0,0.6978614796444229097732696644
EVENT_CONTINUATION,345,True,41,,4417.28,2,0,0,0.5306348406894778338104254727
EVENT_CONTINUATION,346,False,150,13214.67,13214.67,9,4,3,0.6847377268312793932323045569
EVENT_CONTINUATION,347,False,151,3709.47,3709.47,5,1,1,0.7264795700432889393253555877
EVENT_CONTINUATION,348,False,145,2538.23,2538.23,4,0,0,0.7302963071580821958564175799
EVENT_CONTINUATION,349,False,165,4634.94,4634.94,4,1,1,0.7023125686683285199092993652
EVENT_CONTINUATION,350,False,139,1901.48,1901.48,6,1,0,0.7979551979666736796023452957
EVENT_CONTINUATION,351,False,172,2574.15,2574.15,3,0,0,0.7264795700432889393253555877
EVENT_CONTINUATION,352,False,157,2833.18,2833.18,5,0,0,0.6989559226366938046026109372
EVENT_CONTINUATION,353,False,145,1716.02,1716.02,4,0,0,0.8176615472236212674712416509
EVENT_CONTINUATION,354,True,35,,10894.71,1,1,0,0
EVENT_CONTINUATION,355,False,142,15956.21,15956.21,9,4,3,0.7719414568630076143480413721
EVENT_CONTINUATION,356,True,46,,2574.15,3,0,0,0.7264795700432889393253555877
EVENT_CONTINUATION,357,True,28,,10196.93,1,1,0,0
EVENT_CONTINUATION,358,False,150,1901.48,1901.48,6,1,0,0.7979551979666736796023452957
EVENT_CONTINUATION,359,True,165,,3861.85,5,1,1,0.6620413168168072441500428214
EVENT_CONTINUATION,360,True,28,,10196.93,1,1,0,0
EVENT_CONTINUATION,361,True,139,,5930.32,7,2,2,0.7719414568630076143480413721
EVENT_CONTINUATION,362,True,50,,2574.15,3,0,0,0.7264795700432889393253555877
EVENT_CONTINUATION,363,False,160,6305.77,6305.77,6,2,2,0.7320474159457156275833636165
EVENT_CONTINUATION,364,False,157,3379.96,3379.96,7,2,1,0.6927250355428330985062447005
EVENT_CONTINUATION,365,False,135,3953.10,3953.10,7,2,1,0.7059954224656206766845390270
EVENT_CONTINUATION,366,True,49,,10196.93,1,1,0,0
EVENT_CONTINUATION,367,True,35,,4417.28,2,0,0,0.5306348406894778338104254727
EVENT_CONTINUATION,368,True,33,,10894.71,1,1,0,0
EVENT_CONTINUATION,369,True,28,,10196.93,1,1,0,0
EVENT_CONTINUATION,370,True,159,,5182.29,5,1,1,0.6441530180062436378860036680
EVENT_CONTINUATION,371,True,138,,4265.95,6,1,0,0.5467146521477646798807375908
EVENT_CONTINUATION,372,True,33,,10196.93,1,1,0,0
EVENT_CONTINUATION,373,True,34,,10894.71,1,1,0,0
EVENT_CONTINUATION,374,True,30,,9411.18,0,0,0,0
EVENT_CONTINUATION,375,True,145,,1345.95,4,0,0,0.8569839276265037965483605669
EVENT_CONTINUATION,376,False,133,4646.34,4646.34,5,1,1,0.5920819705924230542822472846
EVENT_CONTINUATION,377,True,30,,10196.93,1,1,0,0
EVENT_CONTINUATION,378,False,155,1522.66,1522.66,5,0,0,0.8382073236299805125393415066
EVENT_CONTINUATION,379,False,146,3755.66,3755.66,6,1,1,0.6847377268312793932323045569
EVENT_CONTINUATION,380,True,39,,2574.15,3,0,0,0.7264795700432889393253555877
EVENT_CONTINUATION,381,True,35,,9411.18,0,0,0,0
EVENT_CONTINUATION,382,False,148,3184.50,3184.50,3,0,0,0.6616258535061490695109433674
EVENT_CONTINUATION,383,True,158,,4456.45,4,1,1,0.7078804145707552081673073940
EVENT_CONTINUATION,384,False,148,3425.60,3425.60,5,1,0,0.6360073869589148225833529908
EVENT_CONTINUATION,385,True,51,,2574.15,3,0,0,0.7264795700432889393253555877
EVENT_CONTINUATION,386,True,158,,13677.58,5,3,1,0.5077301677366706406635512231
EVENT_CONTINUATION,387,True,124,,1421.45,5,0,0,0.8489615542365569461002764797
EVENT_CONTINUATION,388,False,131,1926.08,1926.08,6,1,0,0.7953412855773664938934331295
EVENT_CONTINUATION,389,True,29,,10196.93,1,1,0,0
EVENT_CONTINUATION,390,True,37,,9411.18,0,0,0,0
EVENT_CONTINUATION,391,True,29,,10196.93,1,1,0,0
EVENT_CONTINUATION,392,True,68,,6475.97,1,0,0,0.3118854383828595351486211081
EVENT_CONTINUATION,393,True,30,,10196.93,1,1,0,0
EVENT_CONTINUATION,394,False,155,1382.97,1382.97,4,0,0,0.8530503082504000561034854290
EVENT_CONTINUATION,395,True,31,,10196.93,1,1,0,0
EVENT_CONTINUATION,396,False,162,3870.86,3870.86,5,1,1,0.6858948612182531839790546988
EVENT_CONTINUATION,397,False,144,1561.51,1561.51,4,0,0,0.8340792546736966034014863173
EVENT_CONTINUATION,398,False,140,2509.65,2509.65,6,1,0,0.7333331208201309506353082185
EVENT_CONTINUATION,399,False,128,3029.93,3029.93,6,3,0,0.7028586054822382815219875002
EVENT_CONTINUATION,400,True,145,,1345.95,4,0,0,0.8569839276265037965483605669
EVENT_CONTINUATION,401,True,45,,2574.15,3,0,0,0.7264795700432889393253555877
EVENT_CONTINUATION,402,False,144,2297.68,2297.68,5,1,0,0.7961084582379680337640975946
EVENT_CONTINUATION,403,False,140,4120.85,4120.85,5,1,0,0.5958734638758920577075649240
EVENT_CONTINUATION,404,False,131,2303.33,2303.33,5,1,0,0.7741153464817351889245096318
EVENT_CONTINUATION,405,False,141,1904.61,1904.61,5,0,0,0.7976226148049447571930406176
EVENT_CONTINUATION,406,True,43,,2574.15,3,0,0,0.7264795700432889393253555877
EVENT_CONTINUATION,407,False,144,3786.53,3786.53,7,2,1,0.7719414568630076143480413721
EVENT_CONTINUATION,408,True,40,,9411.18,0,0,0,0
EVENT_CONTINUATION,409,False,139,6084.83,6084.83,7,2,2,0.7555237494129322784177967056
EVENT_CONTINUATION,410,False,143,17879.79,17879.79,7,4,3,0.6607789883946540178808608485
EVENT_CONTINUATION,411,False,132,4527.83,4527.83,6,1,1,0.6160874619335726231992162513
EVENT_CONTINUATION,412,False,138,8560.40,8560.40,5,2,1,0.5596258917585254983965878880
EVENT_CONTINUATION,413,False,131,3658.27,3658.27,6,1,1,0.7453178028685032057616579430
EVENT_CONTINUATION,414,False,136,6658.20,6658.20,8,2,1,0.5525789539675152318837807799
EVENT_CONTINUATION,415,False,140,1943.46,1943.46,4,0,0,0.7934945458486608480551854284
EVENT_CONTINUATION,416,False,136,13365.62,13365.62,9,4,3,0.7719414568630076143480413721
EVENT_CONTINUATION,417,False,164,3525.98,3525.98,5,1,1,0.7091427429929084344364893669
EVENT_CONTINUATION,418,False,154,13738.04,13738.04,10,4,3,0.6885778403983347465461291783
EVENT_CONTINUATION,419,True,139,,1561.51,4,0,0,0.8340792546736966034014863173
EVENT_CONTINUATION,420,True,163,,4281.41,4,1,1,0.7264795700432889393253555877
EVENT_CONTINUATION,421,True,170,,4575.97,7,2,2,0.7091427429929084344364893669
EVENT_CONTINUATION,422,True,141,,13406.92,8,4,2,0.7312951192092808765744571882
EVENT_CONTINUATION,423,False,150,3674.81,3674.81,6,1,1,0.7301624238405810961005952495
EVENT_CONTINUATION,424,True,44,,4417.28,2,0,0,0.5306348406894778338104254727
EVENT_CONTINUATION,425,False,118,1952.21,1952.21,5,1,0,0.8328169262515433771323043444
EVENT_CONTINUATION,426,False,145,1716.02,1716.02,4,0,0,0.8176615472236212674712416509
EVENT_CONTINUATION,427,False,131,1547.26,1547.26,5,0,0,0.8355934112406733268304293404
EVENT_CONTINUATION,428,False,155,1060.57,1060.57,4,0,0,0.8873074364744909777519928426
EVENT_CONTINUATION,429,False,151,2079.90,2079.90,3,0,0,0.7789968951821131887818530726
EVENT_CONTINUATION,430,True,153,,5351.34,8,3,2,0.6775793022485224480504758732
EVENT_CONTINUATION,431,True,126,,4010.59,6,2,1,0.7741153464817351889245096318
EVENT_CONTINUATION,432,False,142,16873.35,16873.35,11,5,3,0.7719414568630076143480413721
EVENT_CONTINUATION,433,True,110,,8514.45,3,2,0,0.2202646972705101833825774160
EVENT_CONTINUATION,434,False,156,3537.86,3537.86,5,1,1,0.7078804145707552081673073940
EVENT_CONTINUATION,435,False,147,3797.95,3797.95,6,1,1,0.6214566079917714888037419325
EVENT_CONTINUATION,436,True,153,,1060.57,4,0,0,0.8873074364744909777519928426
EVENT_CONTINUATION,437,True,27,,10196.93,1,1,0,0
EVENT_CONTINUATION,438,False,139,9200.24,9200.24,7,3,2,0.7719414568630076143480413721
EVENT_CONTINUATION,439,True,48,,2574.15,3,0,0,0.7264795700432889393253555877
EVENT_CONTINUATION,440,False,153,1918.86,1918.86,4,0,0,0.7961084582379680337640975946
EVENT_CONTINUATION,441,False,149,3622.89,3622.89,6,1,1,0.7356792665744359368325757238
EVENT_CONTINUATION,442,True,135,,3853.56,5,1,1,0.7719414568630076143480413721
EVENT_CONTINUATION,443,False,164,3709.47,3709.47,5,1,1,0.7264795700432889393253555877
EVENT_CONTINUATION,444,False,154,10191.49,10191.49,5,2,1,0.5064678393145174143943692502
EVENT_CONTINUATION,445,True,161,,4329.18,4,0,0,0.5399960472544356818167328645
EVENT_CONTINUATION,446,True,114,,7030.92,2,1,0,0.2549860910109040524142562357
EVENT_CONTINUATION,447,False,165,4640.25,4640.25,7,2,2,0.7023125686683285199092993652
EVENT_CONTINUATION,448,False,143,2528.83,2528.83,4,0,0,0.7312951192092808765744571882
EVENT_CONTINUATION,449,False,150,1345.95,1345.95,4,0,0,0.8569839276265037965483605669
EVENT_CONTINUATION,450,False,127,4383.68,4383.68,5,1,1,0.6314043509953055833593662006
EVENT_CONTINUATION,451,True,154,,6204.87,6,2,2,0.7264795700432889393253555877
EVENT_CONTINUATION,452,False,137,1544.13,1544.13,6,1,0,0.8359259944024022492397340185
EVENT_CONTINUATION,453,False,145,1561.51,1561.51,4,0,0,0.8340792546736966034014863173
EVENT_CONTINUATION,454,True,49,,2574.15,3,0,0,0.7264795700432889393253555877
EVENT_CONTINUATION,455,True,29,,9411.18,0,0,0,0
EVENT_CONTINUATION,456,True,165,,3987.76,6,2,1,0.7023125686683285199092993652
EVENT_CONTINUATION,457,False,157,1522.66,1522.66,5,0,0,0.8382073236299805125393415066
EVENT_CONTINUATION,458,True,28,,10196.93,1,1,0,0
EVENT_CONTINUATION,459,True,33,,10196.93,1,1,0,0
EVENT_CONTINUATION,460,False,140,1573.39,1573.39,4,0,0,0.8328169262515433771323043444
EVENT_CONTINUATION,461,False,160,2763.16,2763.16,4,0,0,0.7063960098521120624618804443
EVENT_CONTINUATION,462,True,46,,6382.44,2,1,0,0.3740821992501664716733369750
EVENT_CONTINUATION,463,False,144,2444.74,2444.74,4,1,0,0.7756030220171073851437991466
EVENT_CONTINUATION,464,True,49,,6382.44,2,1,0,0.3740821992501664716733369750
EVENT_CONTINUATION,465,False,120,5954.19,5954.19,6,2,2,0.6880061798839252888585703387
EVENT_CONTINUATION,466,False,134,1321.34,1321.34,6,0,0,0.8595989025818228957473983071
EVENT_CONTINUATION,467,False,168,3051.06,3051.06,3,0,0,0.6758047343691226817466035077
EVENT_CONTINUATION,468,True,31,,9411.18,0,0,0,0
EVENT_CONTINUATION,469,False,149,3979.65,3979.65,5,1,1,0.7719414568630076143480413721
EVENT_CONTINUATION,470,True,37,,9411.18,0,0,0,0
EVENT_CONTINUATION,471,False,167,3652.07,3652.07,5,1,1,0.7091427429929084344364893669
EVENT_CONTINUATION,472,False,143,7555.12,7555.12,7,2,1,0.5013707101553684022619905262
EVENT_CONTINUATION,473,True,48,,10196.93,1,1,0,0
EVENT_CONTINUATION,474,False,136,13985.41,13985.41,9,4,3,0.7555237494129322784177967056
EVENT_CONTINUATION,475,False,159,2297.68,2297.68,5,1,0,0.7961084582379680337640975946
EVENT_CONTINUATION,476,False,155,3225.45,3225.45,7,2,1,0.7091427429929084344364893669
EVENT_CONTINUATION,477,False,153,1892.45,1892.45,5,1,0,0.8391668207387383941227348749
EVENT_CONTINUATION,478,True,36,,9411.18,0,0,0,0
EVENT_CONTINUATION,479,True,33,,9411.18,0,0,0,0
EVENT_CONTINUATION,480,True,149,,4386.89,6,2,1,0.7555237494129322784177967056
EVENT_CONTINUATION,481,False,145,3301.79,3301.79,6,1,1,0.6607789883946540178808608485
EVENT_CONTINUATION,482,False,174,2900.57,2900.57,4,1,0,0.7320474159457156275833636165
EVENT_CONTINUATION,483,False,154,1995.97,1995.97,6,2,0,0.8515655763209851386590372759
EVENT_CONTINUATION,484,False,148,2838.46,2838.46,6,1,0,0.6983948877824034818163078381
EVENT_CONTINUATION,485,False,133,15020.82,15020.82,8,4,1,0.3958154025318822931874642712
EVENT_CONTINUATION,486,False,138,7518.20,7518.20,9,3,2,0.7719414568630076143480413721
EVENT_CONTINUATION,487,True,38,,9411.18,0,0,0,0
EVENT_CONTINUATION,488,False,162,13049.27,13049.27,8,4,3,0.7023125686683285199092993652
EVENT_CONTINUATION,489,True,43,,4417.28,2,0,0,0.5306348406894778338104254727
EVENT_CONTINUATION,490,False,143,1177.19,1177.19,5,0,0,0.8749157916435558559075482564
EVENT_CONTINUATION,491,False,177,3488.91,3488.91,5,1,1,0.7264795700432889393253555877
EVENT_CONTINUATION,492,False,135,3562.22,3562.22,6,1,1,0.7555237494129322784177967056
EVENT_CONTINUATION,493,False,154,2297.68,2297.68,5,1,0,0.7961084582379680337640975946
EVENT_CONTINUATION,494,False,142,1177.19,1177.19,5,0,0,0.8749157916435558559075482564
EVENT_CONTINUATION,495,False,113,7078.33,7078.33,10,3,1,0.5024306335338185120423500014
EVENT_CONTINUATION,496,False,139,3680.52,3680.52,6,1,0,0.6089204541832161323022192754
EVENT_CONTINUATION,497,False,136,2322.28,2322.28,5,1,0,0.7934945458486608480551854284
EVENT_CONTINUATION,498,False,128,3631.96,3631.96,8,3,1,0.7229940776292472342165730274
EVENT_CONTINUATION,499,False,152,1918.86,1918.86,4,0,0,0.7961084582379680337640975946
EVENT_CONTINUATION,500,False,171,15884.40,15884.40,10,4,2,0.5304265777511427897458129586
EVENT_CONTINUATION,501,True,44,,4417.28,2,0,0,0.5306348406894778338104254727
EVENT_CONTINUATION,502,False,152,6821.81,6821.81,6,1,1,0.4911509502527844542342193009
EVENT_CONTINUATION,503,False,161,1155.53,1155.53,4,0,0,0.8772173096253604755195416515
EVENT_CONTINUATION,504,True,39,,9411.18,0,0,0,0
EVENT_CONTINUATION,505,False,165,7135.20,7135.20,6,2,2,0.7091427429929084344364893669
EVENT_CONTINUATION,506,True,42,,2574.15,3,0,0,0.7264795700432889393253555877
EVENT_CONTINUATION,507,False,153,2653.06,2653.06,4,0,0,0.7180948616432795887444507490
EVENT_CONTINUATION,508,True,33,,9411.18,0,0,0,0
EVENT_CONTINUATION,509,True,105,,9411.18,0,0,0,0
EVENT_CONTINUATION,510,True,61,,6489.46,2,0,0,0.3104520368327882369692217129
EVENT_CONTINUATION,511,True,37,,10894.71,1,1,0,0
EVENT_CONTINUATION,512,True,42,,4417.28,2,0,0,0.5306348406894778338104254727
EVENT_CONTINUATION,513,True,33,,10196.93,1,1,0,0
EVENT_CONTINUATION,514,False,131,17090.22,17090.22,8,4,2,0.5684575358132524867573345229
EVENT_CONTINUATION,515,True,121,,5931.53,7,2,2,0.7555237494129322784177967056
EVENT_CONTINUATION,516,True,145,,4948.74,4,1,1,0.6555713523702660027754224231
EVENT_CONTINUATION,517,True,41,,4417.28,2,0,0,0.5306348406894778338104254727
EVENT_CONTINUATION,518,False,148,1544.13,1544.13,6,1,0,0.8359259944024022492397340185
EVENT_CONTINUATION,519,True,131,,6084.83,7,2,2,0.7555237494129322784177967056
EVENT_CONTINUATION,520,False,143,4264.39,4264.39,5,1,1,0.6326666794174588096285481736
EVENT_CONTINUATION,521,False,154,8411.33,8411.33,8,3,2,0.7264795700432889393253555877
EVENT_CONTINUATION,522,False,151,9203.12,9203.12,9,4,2,0.6858948612182531839790546988
EVENT_CONTINUATION,523,False,154,2785.75,2785.75,6,1,0,0.7039956732311994882682086625
EVENT_CONTINUATION,524,True,42,,2574.15,3,0,0,0.7264795700432889393253555877
EVENT_CONTINUATION,525,True,106,,8139.76,3,1,0,0.2017440543379232769078536383
EVENT_CONTINUATION,526,False,128,3622.36,3622.36,9,3,1,0.7932495368704109962508323584
EVENT_CONTINUATION,527,True,47,,4417.28,2,0,0,0.5306348406894778338104254727
EVENT_CONTINUATION,528,False,138,1556.01,1556.01,6,1,0,0.8346636659802490229705520455
EVENT_CONTINUATION,529,False,154,3539.20,3539.20,7,2,1,0.6758047343691226817466035077
EVENT_CONTINUATION,530,True,158,,3937.60,7,2,1,0.7076423997840865863791788065
EVENT_CONTINUATION,531,False,162,8655.24,8655.24,8,3,2,0.7264795700432889393253555877
EVENT_CONTINUATION,532,True,48,,4417.28,2,0,0,0.5306348406894778338104254727
EVENT_CONTINUATION,533,False,157,7797.46,7797.46,8,3,2,0.7264795700432889393253555877
EVENT_CONTINUATION,534,True,136,,4474.19,5,1,1,0.7059954224656206766845390270
EVENT_CONTINUATION,535,False,142,3786.53,3786.53,7,2,1,0.7719414568630076143480413721
EVENT_CONTINUATION,536,True,130,,3853.56,5,1,1,0.7719414568630076143480413721
EVENT_CONTINUATION,537,True,36,,9411.18,0,0,0,0
EVENT_CONTINUATION,538,True,44,,4417.28,2,0,0,0.5306348406894778338104254727
EVENT_CONTINUATION,539,True,26,,10196.93,1,1,0,0
EVENT_CONTINUATION,540,False,168,2403.59,2403.59,4,0,0,0.7446026959424854269071466065
EVENT_CONTINUATION,541,True,41,,2574.15,3,0,0,0.7264795700432889393253555877
EVENT_CONTINUATION,542,True,46,,4417.28,2,0,0,0.5306348406894778338104254727
EVENT_CONTINUATION,543,False,139,7672.71,7672.71,9,3,2,0.7555237494129322784177967056
EVENT_CONTINUATION,544,True,50,,2574.15,3,0,0,0.7264795700432889393253555877
EVENT_CONTINUATION,545,False,138,4156.24,4156.24,5,1,1,0.6555713523702660027754224231
EVENT_CONTINUATION,546,True,48,,2574.15,3,0,0,0.7264795700432889393253555877
EVENT_CONTINUATION,547,False,148,3794.82,3794.82,7,2,1,0.6620413168168072441500428214
EVENT_CONTINUATION,548,True,25,,10196.93,1,1,0,0
EVENT_CONTINUATION,549,False,134,1573.39,1573.39,4,0,0,0.8328169262515433771323043444
EVENT_CONTINUATION,550,False,140,1345.95,1345.95,4,0,0,0.8569839276265037965483605669
EVENT_CONTINUATION,551,True,56,,6382.44,2,1,0,0.3740821992501664716733369750
EVENT_CONTINUATION,552,False,128,13674.54,13674.54,9,4,3,0.5920819705924230542822472846
EVENT_CONTINUATION,553,True,66,,6846.04,1,0,0,0.2725630579799770060715021921
EVENT_CONTINUATION,554,False,146,7933.04,7933.04,7,2,2,0.6681585093473932068029726347
EVENT_CONTINUATION,555,False,139,3011.18,3011.18,6,1,0,0.7236108166256834739061434403
EVENT_CONTINUATION,556,True,44,,2574.15,3,0,0,0.7264795700432889393253555877
EVENT_CONTINUATION,557,True,38,,2574.15,3,0,0,0.7264795700432889393253555877
EVENT_CONTINUATION,558,True,34,,9411.18,0,0,0,0
EVENT_CONTINUATION,559,False,158,2718.13,2718.13,5,1,0,0.7111807446037585084973403973
EVENT_CONTINUATION,560,False,150,1716.02,1716.02,4,0,0,0.8176615472236212674712416509
EVENT_CONTINUATION,561,True,160,,1155.53,4,0,0,0.8772173096253604755195416515
EVENT_CONTINUATION,562,True,33,,10196.93,1,1,0,0
EVENT_CONTINUATION,563,True,33,,10196.93,1,1,0,0
EVENT_CONTINUATION,564,False,136,1700.16,1700.16,7,1,0,0.8193467769185160628104020962
EVENT_CONTINUATION,565,False,174,3774.34,3774.34,6,1,1,0.6847377268312793932323045569
EVENT_CONTINUATION,566,True,147,,4203.68,3,0,0,0.5533312507039499828926872082
EVENT_CONTINUATION,567,True,62,,6846.04,1,0,0,0.2725630579799770060715021921
EVENT_CONTINUATION,568,False,152,3660.44,3660.44,7,2,1,0.7719414568630076143480413721
EVENT_CONTINUATION,569,True,44,,4417.28,2,0,0,0.5306348406894778338104254727
EVENT_CONTINUATION,570,True,48,,4417.28,2,0,0,0.5306348406894778338104254727
EVENT_CONTINUATION,571,True,43,,4417.28,2,0,0,0.5306348406894778338104254727
EVENT_CONTINUATION,572,False,136,2146.30,2146.30,4,0,0,0.7719414568630076143480413721
EVENT_CONTINUATION,573,True,41,,4417.28,2,0,0,0.5306348406894778338104254727
EVENT_CONTINUATION,574,False,135,5563.74,5563.74,6,1,1,0.6160874619335726231992162513
EVENT_CONTINUATION,575,False,146,2679.63,2679.63,5,1,0,0.7555237494129322784177967056
EVENT_CONTINUATION,576,False,128,2082.87,2082.87,5,1,0,0.8189334387398817151515537903
EVENT_CONTINUATION,577,False,148,1556.01,1556.01,6,1,0,0.8346636659802490229705520455
EVENT_CONTINUATION,578,False,142,4751.02,4751.02,8,2,2,0.7719414568630076143480413721
EVENT_CONTINUATION,579,False,132,4372.84,4372.84,5,1,1,0.7301624238405810961005952495
EVENT_CONTINUATION,580,False,148,10718.64,10718.64,7,3,2,0.6162489719673834736983035071
EVENT_CONTINUATION,581,False,151,2574.15,2574.15,3,0,0,0.7264795700432889393253555877
EVENT_CONTINUATION,582,False,140,4456.45,4456.45,4,1,1,0.7078804145707552081673073940
EVENT_CONTINUATION,583,False,143,4501.00,4501.00,6,1,1,0.6314043509953055833593662006
EVENT_CONTINUATION,584,False,140,3790.24,3790.24,6,1,1,0.7312951192092808765744571882
EVENT_CONTINUATION,585,True,45,,4417.28,2,0,0,0.5306348406894778338104254727
EVENT_CONTINUATION,586,False,152,1382.97,1382.97,4,0,0,0.8530503082504000561034854290
EVENT_CONTINUATION,587,True,44,,2574.15,3,0,0,0.7264795700432889393253555877
EVENT_CONTINUATION,588,True,32,,10196.93,1,1,0,0
EVENT_CONTINUATION,589,False,142,2509.65,2509.65,6,1,0,0.7333331208201309506353082185
EVENT_CONTINUATION,590,True,45,,2574.15,3,0,0,0.7264795700432889393253555877
EVENT_CONTINUATION,591,False,144,4085.85,4085.85,5,1,1,0.6516377329941622623305472853
EVENT_CONTINUATION,592,False,142,1609.93,1609.93,4,0,0,0.8289343100440114842134567610
EVENT_CONTINUATION,593,False,149,4381.02,4381.02,7,1,1,0.6441530180062436378860036680
EVENT_CONTINUATION,594,False,147,3048.36,3048.36,5,1,0,0.6760916271923393240805085016
EVENT_CONTINUATION,595,False,148,6805.84,6805.84,7,2,1,0.4898418689261070343995120697
EVENT_CONTINUATION,596,True,31,,9411.18,0,0,0,0
EVENT_CONTINUATION,597,False,160,2801.59,2801.59,3,0,0,0.7023125686683285199092993652
EVENT_CONTINUATION,598,False,149,3809.27,3809.27,6,2,1,0.7078804145707552081673073940
EVENT_CONTINUATION,599,False,142,8608.72,8608.72,8,3,2,0.6555713523702660027754224231
EVENT_CONTINUATION,600,True,139,,4008.07,5,1,1,0.7555237494129322784177967056
EVENT_CONTINUATION,601,False,164,3184.50,3184.50,3,0,0,0.6616258535061490695109433674
EVENT_CONTINUATION,602,True,42,,2574.15,3,0,0,0.7264795700432889393253555877
EVENT_CONTINUATION,603,True,133,,4008.07,5,1,1,0.7555237494129322784177967056
EVENT_CONTINUATION,604,True,142,,4575.97,7,2,2,0.7091427429929084344364893669
EVENT_CONTINUATION,605,True,64,,6846.04,1,0,0,0.2725630579799770060715021921
EVENT_CONTINUATION,606,False,141,5407.71,5407.71,5,1,1,0.6326666794174588096285481736
EVENT_CONTINUATION,607,False,135,3275.80,3275.80,5,1,0,0.6519246258173789046644522791
EVENT_CONTINUATION,608,True,152,,4281.41,4,1,1,0.7264795700432889393253555877
EVENT_CONTINUATION,609,True,29,,10196.93,1,1,0,0
EVENT_CONTINUATION,610,True,42,,2574.15,3,0,0,0.7264795700432889393253555877
EVENT_CONTINUATION,611,False,136,1162.61,1162.61,5,0,0,0.8764650128889257245106352232
EVENT_CONTINUATION,612,True,39,,10894.71,1,1,0,0
EVENT_CONTINUATION,613,False,147,3343.85,3343.85,4,1,0,0.6849459897696144372969170710
EVENT_CONTINUATION,614,True,33,,10894.71,1,1,0,0
EVENT_CONTINUATION,615,True,36,,9411.18,0,0,0,0
EVENT_CONTINUATION,616,True,143,,1345.95,4,0,0,0.8569839276265037965483605669
EVENT_CONTINUATION,617,False,138,2297.68,2297.68,5,1,0,0.7961084582379680337640975946
EVENT_CONTINUATION,618,True,165,,1382.97,4,0,0,0.8530503082504000561034854290
EVENT_CONTINUATION,619,True,63,,6489.46,2,0,0,0.3104520368327882369692217129
EVENT_CONTINUATION,620,False,132,2143.29,2143.29,5,0,0,0.7722612892325935748758391615
EVENT_CONTINUATION,621,False,152,16214.34,16214.34,8,4,3,0.7023125686683285199092993652
EVENT_CONTINUATION,622,False,155,17455.78,17455.78,8,4,3,0.6620413168168072441500428214
EVENT_CONTINUATION,623,True,28,,10196.93,1,1,0,0
EVENT_CONTINUATION,624,False,144,2636.48,2636.48,6,2,0,0.7414437482654092947583243192
EVENT_CONTINUATION,625,False,142,1573.39,1573.39,4,0,0,0.8328169262515433771323043444
EVENT_CONTINUATION,626,True,38,,10894.71,1,1,0,0
EVENT_CONTINUATION,627,False,123,1479.86,1479.86,5,1,0,0.8548720055938404990521657009
EVENT_CONTINUATION,628,False,130,1307.85,1307.85,5,0,0,0.8610323041318941939267977023
EVENT_CONTINUATION,629,True,168,,1060.57,4,0,0,0.8873074364744909777519928426
EVENT_CONTINUATION,630,True,44,,4417.28,2,0,0,0.5306348406894778338104254727
EVENT_CONTINUATION,631,True,32,,10894.71,1,1,0,0
EVENT_CONTINUATION,632,True,36,,10196.93,1,1,0,0
EVENT_CONTINUATION,633,True,128,,4104.12,5,1,1,0.7453178028685032057616579430
EVENT_CONTINUATION,634,False,158,4812.22,4812.22,5,1,1,0.6834753984091261669631225840
EVENT_CONTINUATION,635,False,154,16611.50,16611.50,8,4,3,0.7023125686683285199092993652
EVENT_CONTINUATION,636,True,41,,4417.28,2,0,0,0.5306348406894778338104254727
EVENT_CONTINUATION,637,False,141,13573.28,13573.28,10,4,3,0.7555237494129322784177967056
EVENT_CONTINUATION,638,False,146,1918.86,1918.86,4,0,0,0.7961084582379680337640975946
EVENT_CONTINUATION,639,False,136,10271.89,10271.89,9,4,2,0.7555237494129322784177967056
EVENT_CONTINUATION,640,True,55,,9411.18,0,0,0,0
EVENT_CONTINUATION,641,True,154,,4107.23,5,1,1,0.6607789883946540178808608485
EVENT_CONTINUATION,642,False,162,2558.10,2558.10,4,0,0,0.7281849884924100909769019400
EVENT_CONTINUATION,643,False,164,2343.69,2343.69,4,1,0,0.7912195920171540656963313846
EVENT_CONTINUATION,644,False,145,1698.64,1698.64,6,1,0,0.8195082869523269133094893520
EVENT_CONTINUATION,645,False,136,3562.22,3562.22,6,1,1,0.7555237494129322784177967056
EVENT_CONTINUATION,646,False,145,3660.44,3660.44,7,2,1,0.7719414568630076143480413721
EVENT_CONTINUATION,647,False,155,2846.63,2846.63,6,1,1,0.7091427429929084344364893669
EVENT_CONTINUATION,648,True,32,,9411.18,0,0,0,0
EVENT_CONTINUATION,649,False,150,4508.85,4508.85,4,1,1,0.7023125686683285199092993652
EVENT_CONTINUATION,650,False,176,3488.91,3488.91,5,1,1,0.7264795700432889393253555877
EVENT_CONTINUATION,651,True,30,,10196.93,1,1,0,0
EVENT_CONTINUATION,652,True,157,,3868.76,3,0,0,0.5889187115749565941784133339
EVENT_CONTINUATION,653,False,151,3786.53,3786.53,7,2,1,0.7719414568630076143480413721
EVENT_CONTINUATION,654,True,150,,13475.86,6,3,1,0.5291642493289895634766309857
EVENT_CONTINUATION,655,False,170,1060.57,1060.57,4,0,0,0.8873074364744909777519928426
EVENT_CONTINUATION,656,False,164,17310.98,17310.98,8,4,2,0.5306348406894778338104254727
EVENT_CONTINUATION,657,False,162,6432.31,6432.31,6,2,2,0.7023125686683285199092993652
EVENT_CONTINUATION,658,False,147,3558.54,3558.54,6,1,1,0.6468955008829923559001102944
EVENT_CONTINUATION,659,True,134,,1479.86,5,1,0,0.8548720055938404990521657009
EVENT_CONTINUATION,660,False,132,1717.54,1717.54,5,0,0,0.8175000371898104169721543951
EVENT_CONTINUATION,661,True,168,,1382.97,4,0,0,0.8530503082504000561034854290
EVENT_CONTINUATION,662,False,143,1345.95,1345.95,4,0,0,0.8569839276265037965483605669
EVENT_CONTINUATION,663,True,45,,4417.28,2,0,0,0.5306348406894778338104254727
EVENT_CONTINUATION,664,False,142,1901.48,1901.48,6,1,0,0.7979551979666736796023452957
EVENT_CONTINUATION,665,False,148,3858.41,3858.41,5,1,1,0.6758047343691226817466035077
EVENT_CONTINUATION,666,True,41,,2574.15,3,0,0,0.7264795700432889393253555877
EVENT_CONTINUATION,667,False,154,3037.00,3037.00,6,1,1,0.7023125686683285199092993652
EVENT_CONTINUATION,668,False,155,9521.26,9521.26,5,2,1,0.5306348406894778338104254727
EVENT_CONTINUATION,669,False,132,5001.58,5001.58,8,2,2,0.7453178028685032057616579430
EVENT_CONTINUATION,670,True,155,,1060.57,4,0,0,0.8873074364744909777519928426
EVENT_CONTINUATION,671,True,147,,4232.38,6,2,1,0.7719414568630076143480413721
EVENT_CONTINUATION,672,True,125,,5208.74,5,2,1,0.6689797811694304069950465483
EVENT_CONTINUATION,673,False,138,2143.29,2143.29,5,0,0,0.7722612892325935748758391615
EVENT_CONTINUATION,674,False,115,4567.53,4567.53,6,2,0,0.5807570830246973072252496854
EVENT_CONTINUATION,675,True,144,,3979.65,5,1,1,0.7719414568630076143480413721
EVENT_CONTINUATION,676,False,153,4218.33,4218.33,5,1,1,0.7465801312906564320308399159
EVENT_CONTINUATION,677,True,46,,4417.28,2,0,0,0.5306348406894778338104254727
EVENT_CONTINUATION,678,False,143,6473.33,6473.33,9,3,2,0.6885778403983347465461291783
EVENT_CONTINUATION,679,True,28,,10196.93,1,1,0,0
EVENT_CONTINUATION,680,False,154,9855.53,9855.53,6,3,2,0.7023125686683285199092993652
EVENT_CONTINUATION,681,False,154,23383.40,23383.40,7,4,2,0.5291642493289895634766309857
EVENT_CONTINUATION,682,False,149,1143.56,1143.56,4,0,0,0.8784892011416209231998537909
EVENT_CONTINUATION,683,False,151,4386.89,4386.89,6,2,1,0.7555237494129322784177967056
EVENT_CONTINUATION,684,False,134,2763.80,2763.80,5,1,0,0.7465801312906564320308399159
EVENT_CONTINUATION,685,True,30,,10196.93,1,1,0,0
EVENT_CONTINUATION,686,True,48,,4417.28,2,0,0,0.5306348406894778338104254727
EVENT_CONTINUATION,687,False,151,4386.89,4386.89,6,2,1,0.7555237494129322784177967056
EVENT_CONTINUATION,688,False,142,16988.13,16988.13,8,4,3,0.7555237494129322784177967056
EVENT_CONTINUATION,689,False,136,1573.39,1573.39,4,0,0,0.8328169262515433771323043444
EVENT_CONTINUATION,690,False,149,3663.95,3663.95,5,1,1,0.7078804145707552081673073940
EVENT_CONTINUATION,691,True,48,,4417.28,2,0,0,0.5306348406894778338104254727
EVENT_CONTINUATION,692,False,138,1943.46,1943.46,4,0,0,0.7934945458486608480551854284
EVENT_CONTINUATION,693,False,146,3562.22,3562.22,6,1,1,0.7555237494129322784177967056
EVENT_CONTINUATION,694,False,141,12721.89,12721.89,10,4,3,0.6555713523702660027754224231
EVENT_CONTINUATION,695,True,158,,3987.76,6,2,1,0.7023125686683285199092993652
EVENT_CONTINUATION,696,True,45,,2574.15,3,0,0,0.7264795700432889393253555877
EVENT_CONTINUATION,697,False,150,3766.64,3766.64,7,2,1,0.6516377329941622623305472853
EVENT_CONTINUATION,698,False,168,3709.47,3709.47,5,1,1,0.7264795700432889393253555877
EVENT_CONTINUATION,699,False,119,3828.91,3828.91,7,2,1,0.7036794407728600667063518137
EVENT_CONTINUATION,700,False,132,2322.28,2322.28,5,1,0,0.7934945458486608480551854284
EVENT_CONTINUATION,701,True,114,,4136.68,6,2,1,0.7741153464817351889245096318
EVENT_CONTINUATION,702,True,156,,4713.20,4,1,1,0.6939969270590935461865568398
EVENT_CONTINUATION,703,False,159,3563.32,3563.32,4,1,0,0.6616258535061490695109433674
EVENT_CONTINUATION,704,False,167,2801.59,2801.59,3,0,0,0.7023125686683285199092993652
EVENT_CONTINUATION,705,False,131,12434.81,12434.81,9,4,3,0.6326666794174588096285481736
EVENT_CONTINUATION,706,False,141,16737.33,16737.33,8,4,2,0.5379282937952520300323657607
EVENT_CONTINUATION,707,False,140,10385.59,10385.59,7,3,2,0.6516377329941622623305472853
EVENT_CONTINUATION,708,False,145,4134.16,4134.16,5,1,1,0.7555237494129322784177967056
EVENT_CONTINUATION,709,True,33,,9411.18,0,0,0,0
EVENT_CONTINUATION,710,True,45,,4417.28,2,0,0,0.5306348406894778338104254727
EVENT_CONTINUATION,711,True,163,,12340.83,8,4,2,0.7091427429929084344364893669
EVENT_CONTINUATION,712,False,165,4085.85,4085.85,5,1,1,0.6516377329941622623305472853
EVENT_CONTINUATION,713,True,166,,4281.41,4,1,1,0.7264795700432889393253555877
EVENT_CONTINUATION,714,False,139,1698.64,1698.64,6,1,0,0.8195082869523269133094893520
EVENT_CONTINUATION,715,True,132,,13837.34,6,4,1,0.4090515478678386533986209575
EVENT_CONTINUATION,716,True,50,,10894.71,1,1,0,0
EVENT_CONTINUATION,717,True,43,,4417.28,2,0,0,0.5306348406894778338104254727
EVENT_CONTINUATION,718,False,150,3407.71,3407.71,6,1,1,0.7719414568630076143480413721
EVENT_CONTINUATION,719,False,154,3783.16,3783.16,5,1,1,0.7320474159457156275833636165
EVENT_CONTINUATION,720,True,69,,6475.97,1,0,0,0.3118854383828595351486211081
EVENT_CONTINUATION,721,True,60,,6475.97,1,0,0,0.3118854383828595351486211081
EVENT_CONTINUATION,722,False,173,3709.47,3709.47,5,1,1,0.7264795700432889393253555877
EVENT_CONTINUATION,723,True,152,,4526.31,5,1,1,0.6162489719673834736983035071
EVENT_CONTINUATION,724,True,36,,4417.28,2,0,0,0.5306348406894778338104254727
EVENT_CONTINUATION,725,True,47,,10196.93,1,1,0,0
EVENT_CONTINUATION,726,True,152,,1382.97,4,0,0,0.8530503082504000561034854290
EVENT_CONTINUATION,727,False,123,9445.59,9445.59,9,3,2,0.6160874619335726231992162513
EVENT_CONTINUATION,728,False,128,7441.77,7441.77,5,2,2,0.5854228693957612116652747052
EVENT_CONTINUATION,729,True,35,,10196.93,1,1,0,0
EVENT_CONTINUATION,730,True,144,,4218.33,5,1,1,0.7465801312906564320308399159
EVENT_CONTINUATION,731,True,147,,6479.54,9,3,2,0.7356792665744359368325757238
EVENT_CONTINUATION,732,True,32,,10196.93,1,1,0,0
EVENT_CONTINUATION,733,True,32,,10196.93,1,1,0,0
EVENT_CONTINUATION,734,False,142,3787.16,3787.16,4,1,1,0.7789968951821131887818530726
EVENT_CONTINUATION,735,False,151,3427.88,3427.88,6,1,1,0.6607789883946540178808608485
EVENT_CONTINUATION,736,True,49,,10196.93,1,1,0,0
EVENT_CONTINUATION,737,True,33,,9411.18,0,0,0,0
EVENT_CONTINUATION,738,False,135,13645.02,13645.02,8,4,2,0.7059954224656206766845390270
EVENT_CONTINUATION,739,False,159,2928.38,2928.38,6,1,0,0.6888402942032773786071459689
EVENT_CONTINUATION,740,False,118,1760.65,1760.65,6,1,0,0.8129193151124513610408046600
EVENT_CONTINUATION,741,False,161,3714.25,3714.25,3,0,0,0.6053364190250319301086580004
EVENT_CONTINUATION,742,True,126,,1040.70,4,0,0,0.8894187551401630826315084825
EVENT_CONTINUATION,743,False,136,3674.08,3674.08,5,1,1,0.6934061403564696456767376673
EVENT_CONTINUATION,744,True,38,,9411.18,0,0,0,0
EVENT_CONTINUATION,745,True,28,,10196.93,1,1,0,0
EVENT_CONTINUATION,746,True,141,,4232.38,6,2,1,0.7719414568630076143480413721
EVENT_CONTINUATION,747,False,156,12572.86,12572.86,9,4,3,0.7091427429929084344364893669
EVENT_CONTINUATION,748,True,138,,11749.82,9,4,2,0.7719414568630076143480413721
EVENT_CONTINUATION,749,True,151,,4764.20,5,1,1,0.6885778403983347465461291783
EVENT_CONTINUATION,750,True,29,,10196.93,1,1,0,0
EVENT_CONTINUATION,751,False,140,1561.51,1561.51,4,0,0,0.8340792546736966034014863173
EVENT_CONTINUATION,752,False,142,6296.46,6296.46,6,2,2,0.6516377329941622623305472853
EVENT_CONTINUATION,753,True,151,,1060.57,4,0,0,0.8873074364744909777519928426
EVENT_CONTINUATION,754,True,29,,10196.93,1,1,0,0
EVENT_CONTINUATION,755,True,67,,6846.04,1,0,0,0.2725630579799770060715021921
EVENT_CONTINUATION,756,False,134,3477.98,3477.98,6,1,1,0.7510769106530743222422693010
EVENT_CONTINUATION,757,False,145,4008.07,4008.07,5,1,1,0.7555237494129322784177967056
EVENT_CONTINUATION,758,False,156,6358.17,6358.17,6,2,2,0.7264795700432889393253555877
EVENT_CONTINUATION,759,False,150,3646.31,3646.31,6,1,1,0.6963568861715534077554568078
EVENT_CONTINUATION,760,False,133,2322.28,2322.28,5,1,0,0.7934945458486608480551854284
EVENT_CONTINUATION,761,False,162,2782.41,2782.41,5,1,0,0.7043505702791785939701503956
EVENT_CONTINUATION,762,True,59,,6489.46,2,0,0,0.3104520368327882369692217129
EVENT_CONTINUATION,763,True,30,,10196.93,1,1,0,0
EVENT_CONTINUATION,764,False,141,2525.12,2525.12,5,1,0,0.7719414568630076143480413721
EVENT_CONTINUATION,765,False,152,3657.07,3657.07,5,1,1,0.7320474159457156275833636165
EVENT_CONTINUATION,766,True,50,,2574.15,3,0,0,0.7264795700432889393253555877
EVENT_CONTINUATION,767,True,162,,1155.53,4,0,0,0.8772173096253604755195416515
EVENT_CONTINUATION,768,False,167,2773.87,2773.87,6,1,0,0.7052580016533527145373906354
EVENT_CONTINUATION,769,True,147,,13627.28,7,4,2,0.7078804145707552081673073940
EVENT_CONTINUATION,770,True,68,,6846.04,1,0,0,0.2725630579799770060715021921
EVENT_CONTINUATION,771,False,147,1952.21,1952.21,5,1,0,0.8328169262515433771323043444
EVENT_CONTINUATION,772,False,143,1568.67,1568.67,4,0,0,0.8333184574091665444715752966
EVENT_CONTINUATION,773,True,160,,4419.24,3,0,0,0.5304265777511427897458129586
EVENT_CONTINUATION,774,True,45,,4417.28,2,0,0,0.5306348406894778338104254727
EVENT_CONTINUATION,775,False,140,3556.54,3556.54,5,1,1,0.7078804145707552081673073940
EVENT_CONTINUATION,776,True,48,,4417.28,2,0,0,0.5306348406894778338104254727
EVENT_CONTINUATION,777,False,143,3835.86,3835.86,4,1,0,0.6326666794174588096285481736
EVENT_CONTINUATION,778,True,37,,4417.28,2,0,0,0.5306348406894778338104254727
EVENT_CONTINUATION,779,True,27,,10196.93,1,1,0,0
EVENT_CONTINUATION,780,False,152,12556.66,12556.66,6,3,2,0.5533312507039499828926872082
EVENT_CONTINUATION,781,True,64,,6846.04,1,0,0,0.2725630579799770060715021921
EVENT_CONTINUATION,782,True,46,,2574.15,3,0,0,0.7264795700432889393253555877
EVENT_CONTINUATION,783,False,142,6544.19,6544.19,7,2,2,0.7719414568630076143480413721
EVENT_CONTINUATION,784,False,170,3051.06,3051.06,3,0,0,0.6758047343691226817466035077
EVENT_CONTINUATION,785,False,162,3334.92,3334.92,4,1,0,0.6858948612182531839790546988
EVENT_CONTINUATION,786,False,142,1382.97,1382.97,4,0,0,0.8530503082504000561034854290
EVENT_CONTINUATION,787,False,152,2956.10,2956.10,3,0,0,0.6858948612182531839790546988
EVENT_CONTINUATION,788,False,162,3286.47,3286.47,6,1,1,0.6758047343691226817466035077
EVENT_CONTINUATION,789,False,153,9694.08,9694.08,6,3,2,0.7689067683329826865494018816
EVENT_CONTINUATION,790,True,46,,4417.28,2,0,0,0.5306348406894778338104254727
EVENT_CONTINUATION,791,True,28,,9411.18,0,0,0,0
EVENT_CONTINUATION,792,False,137,4737.96,4737.96,5,2,1,0.5823467407912716577517378267
EVENT_CONTINUATION,793,False,152,4355.10,4355.10,4,1,1,0.7320474159457156275833636165
EVENT_CONTINUATION,794,True,50,,4417.28,2,0,0,0.5306348406894778338104254727
EVENT_CONTINUATION,795,False,159,3917.82,3917.82,4,1,1,0.7651134076704515268011025185
EVENT_CONTINUATION,796,False,141,1988.78,1988.78,5,0,0,0.7886789966826689108060838280
EVENT_CONTINUATION,797,True,52,,4417.28,2,0,0,0.5306348406894778338104254727
EVENT_CONTINUATION,798,False,147,3436.27,3436.27,5,1,1,0.7689067683329826865494018816
EVENT_CONTINUATION,799,True,150,,1382.97,4,0,0,0.8530503082504000561034854290
EVENT_CONTINUATION,800,False,152,2782.41,2782.41,5,1,0,0.7043505702791785939701503956
EVENT_CONTINUATION,801,False,138,4246.75,4246.75,5,1,1,0.7301624238405810961005952495
EVENT_CONTINUATION,802,True,159,,4281.41,4,1,1,0.7264795700432889393253555877
EVENT_CONTINUATION,803,False,139,1561.51,1561.51,4,0,0,0.8340792546736966034014863173
EVENT_CONTINUATION,804,True,65,,6475.97,1,0,0,0.3118854383828595351486211081
EVENT_CONTINUATION,805,True,40,,4417.28,2,0,0,0.5306348406894778338104254727
EVENT_CONTINUATION,806,False,174,2554.97,2554.97,5,1,0,0.7285175716541390133862066181
EVENT_CONTINUATION,807,True,31,,10196.93,1,1,0,0
EVENT_CONTINUATION,808,False,166,1060.57,1060.57,4,0,0,0.8873074364744909777519928426
EVENT_CONTINUATION,809,True,165,,3981.14,5,1,1,0.6607789883946540178808608485
EVENT_CONTINUATION,810,False,143,13214.78,13214.78,7,3,2,0.5306348406894778338104254727
EVENT_CONTINUATION,811,True,58,,6489.46,2,0,0,0.3104520368327882369692217129
EVENT_CONTINUATION,812,True,45,,2574.15,3,0,0,0.7264795700432889393253555877
EVENT_CONTINUATION,813,True,40,,2574.15,3,0,0,0.7264795700432889393253555877
EVENT_CONTINUATION,814,True,37,,9411.18,0,0,0,0
EVENT_CONTINUATION,815,True,42,,4417.28,2,0,0,0.5306348406894778338104254727
EVENT_CONTINUATION,816,False,160,8338.89,8338.89,9,3,2,0.6847377268312793932323045569
EVENT_CONTINUATION,817,False,135,9032.71,9032.71,8,3,2,0.7301624238405810961005952495
EVENT_CONTINUATION,818,False,135,4008.07,4008.07,5,1,1,0.7555237494129322784177967056
EVENT_CONTINUATION,819,False,138,3788.93,3788.93,6,1,1,0.7314343153568415437809073889
EVENT_CONTINUATION,820,False,143,18297.31,18297.31,7,4,2,0.4532619713999732233364997800
EVENT_CONTINUATION,821,True,63,,6846.04,1,0,0,0.2725630579799770060715021921
EVENT_CONTINUATION,822,False,133,1716.02,1716.02,4,0,0,0.8176615472236212674712416509
EVENT_CONTINUATION,823,True,37,,10894.71,1,1,0,0
EVENT_CONTINUATION,824,True,38,,10894.71,1,1,0,0
EVENT_CONTINUATION,825,False,127,2407.15,2407.15,6,1,0,0.7639338506785865942004113003
EVENT_CONTINUATION,826,False,139,6818.61,6818.61,6,2,2,0.6516377329941622623305472853
EVENT_CONTINUATION,827,False,161,1319.82,1319.82,5,0,0,0.8597604126156337462464855629
EVENT_CONTINUATION,828,True,36,,10894.71,1,1,0,0
EVENT_CONTINUATION,829,True,159,,1060.57,4,0,0,0.8873074364744909777519928426
EVENT_CONTINUATION,830,False,151,13679.68,13679.68,7,4,2,0.7023125686683285199092993652
EVENT_CONTINUATION,831,True,67,,6846.04,1,0,0,0.2725630579799770060715021921
EVENT_CONTINUATION,832,True,41,,2574.15,3,0,0,0.7264795700432889393253555877
EVENT_CONTINUATION,833,True,37,,9411.18,0,0,0,0
EVENT_CONTINUATION,834,True,34,,9411.18,0,0,0,0
EVENT_CONTINUATION,835,False,149,2916.41,2916.41,6,1,0,0.6901121857195378262874581083
EVENT_CONTINUATION,836,True,37,,9411.18,0,0,0,0
EVENT_CONTINUATION,837,False,138,6445.59,6445.59,4,1,1,0.6314043509953055833593662006
EVENT_CONTINUATION,838,True,54,,4417.28,2,0,0,0.5306348406894778338104254727
EVENT_CONTINUATION,839,True,126,,14680.44,11,6,2,0.6271083551617986982356454345
EVENT_CONTINUATION,840,False,149,1522.66,1522.66,5,0,0,0.8382073236299805125393415066
EVENT_CONTINUATION,841,True,43,,4417.28,2,0,0,0.5306348406894778338104254727
EVENT_CONTINUATION,842,False,143,2006.13,2006.13,3,0,0,0.7868354446519990054382128490
EVENT_CONTINUATION,843,True,156,,4008.07,5,1,1,0.7555237494129322784177967056
EVENT_CONTINUATION,844,True,177,,6358.17,6,2,2,0.7264795700432889393253555877
EVENT_CONTINUATION,845,False,150,4495.15,4495.15,3,1,1,0.7171661789488671983746990282
EVENT_CONTINUATION,846,True,136,,13178.90,8,4,2,0.7555237494129322784177967056
EVENT_CONTINUATION,847,False,159,3663.95,3663.95,5,1,1,0.7078804145707552081673073940
EVENT_CONTINUATION,848,False,151,2248.73,2248.73,4,1,0,0.8013097188662845679287825756
EVENT_CONTINUATION,849,True,50,,2574.15,3,0,0,0.7264795700432889393253555877
EVENT_CONTINUATION,850,False,150,2567.03,2567.03,4,0,0,0.7272361170437713442947643122
EVENT_CONTINUATION,851,False,132,7195.00,7195.00,6,2,2,0.7465801312906564320308399159
EVENT_CONTINUATION,852,False,156,1901.48,1901.48,6,1,0,0.7979551979666736796023452957
EVENT_CONTINUATION,853,True,144,,3853.56,5,1,1,0.7719414568630076143480413721
EVENT_CONTINUATION,854,True,158,,1060.57,4,0,0,0.8873074364744909777519928426
EVENT_CONTINUATION,855,True,29,,10196.93,1,1,0,0
EVENT_CONTINUATION,856,False,132,3622.36,3622.36,9,3,1,0.7932495368704109962508323584
EVENT_CONTINUATION,857,False,165,5011.03,5011.03,5,1,1,0.5533312507039499828926872082
EVENT_CONTINUATION,858,False,149,3657.07,3657.07,5,1,1,0.7320474159457156275833636165
EVENT_CONTINUATION,859,True,30,,9411.18,0,0,0,0
EVENT_CONTINUATION,860,True,30,,10196.93,1,1,0,0
EVENT_CONTINUATION,861,True,26,,10196.93,1,1,0,0
EVENT_CONTINUATION,862,True,23,,10196.93,1,1,0,0
EVENT_CONTINUATION,863,True,63,,6846.04,1,0,0,0.2725630579799770060715021921
EVENT_CONTINUATION,864,True,164,,4355.10,4,1,1,0.7320474159457156275833636165
EVENT_CONTINUATION,865,False,143,1700.16,1700.16,7,1,0,0.8193467769185160628104020962
EVENT_CONTINUATION,866,True,35,,10894.71,1,1,0,0
EVENT_CONTINUATION,867,False,134,2679.63,2679.63,5,1,0,0.7555237494129322784177967056
EVENT_CONTINUATION,868,True,128,,4134.16,5,1,1,0.7555237494129322784177967056
EVENT_CONTINUATION,869,True,132,,3973.68,9,3,1,0.7441409638255630484886701895
EVENT_CONTINUATION,870,False,148,15892.44,15892.44,9,4,3,0.6927250355428330985062447005
EVENT_CONTINUATION,871,False,143,4386.89,4386.89,6,2,1,0.7555237494129322784177967056
EVENT_CONTINUATION,872,True,153,,4805.65,8,2,2,0.6847377268312793932323045569
EVENT_CONTINUATION,873,True,41,,2574.15,3,0,0,0.7264795700432889393253555877
EVENT_CONTINUATION,874,False,125,1700.16,1700.16,7,1,0,0.8193467769185160628104020962
EVENT_CONTINUATION,875,False,154,1060.57,1060.57,4,0,0,0.8873074364744909777519928426
EVENT_CONTINUATION,876,False,135,16872.16,16872.16,10,5,3,0.6326666794174588096285481736
EVENT_CONTINUATION,877,True,149,,4030.15,5,1,1,0.6555713523702660027754224231
EVENT_CONTINUATION,878,True,46,,2574.15,3,0,0,0.7264795700432889393253555877
EVENT_CONTINUATION,879,True,26,,10196.93,1,1,0,0
EVENT_CONTINUATION,880,False,127,2322.28,2322.28,5,1,0,0.7934945458486608480551854284
EVENT_CONTINUATION,881,False,152,13108.00,13108.00,10,4,3,0.7555237494129322784177967056
EVENT_CONTINUATION,882,True,166,,4417.28,2,0,0,0.5306348406894778338104254727
EVENT_CONTINUATION,883,False,139,2842.44,2842.44,5,0,0,0.6979719865096619127463293657
EVENT_CONTINUATION,884,True,41,,4417.28,2,0,0,0.5306348406894778338104254727
EVENT_CONTINUATION,885,False,148,2481.85,2481.85,4,0,0,0.7362870543332504531844040811
EVENT_CONTINUATION,886,True,33,,9411.18,0,0,0,0
EVENT_CONTINUATION,887,False,154,1513.63,1513.63,4,0,0,0.8391668207387383941227348749
EVENT_CONTINUATION,888,False,150,5254.41,5254.41,5,1,1,0.6326666794174588096285481736
EVENT_CONTINUATION,889,False,149,1617.15,1617.15,5,1,0,0.8515655763209851386590372759
EVENT_CONTINUATION,890,False,138,9142.91,9142.91,5,2,1,0.6326666794174588096285481736
EVENT_CONTINUATION,891,False,112,16270.18,16270.18,9,4,2,0.4372482698223877186564975929
EVENT_CONTINUATION,892,False,146,1345.95,1345.95,4,0,0,0.8569839276265037965483605669
EVENT_CONTINUATION,893,False,139,6996.05,6996.05,9,3,2,0.7719414568630076143480413721
EVENT_CONTINUATION,894,False,151,16214.34,16214.34,8,4,3,0.7023125686683285199092993652
EVENT_CONTINUATION,895,True,33,,10196.93,1,1,0,0
EVENT_CONTINUATION,896,True,43,,4417.28,2,0,0,0.5306348406894778338104254727
EVENT_CONTINUATION,897,True,41,,2574.15,3,0,0,0.7264795700432889393253555877
EVENT_CONTINUATION,898,False,137,1345.95,1345.95,4,0,0,0.8569839276265037965483605669
EVENT_CONTINUATION,899,False,144,1143.56,1143.56,4,0,0,0.8784892011416209231998537909
EVENT_CONTINUATION,900,True,29,,10196.93,1,1,0,0
EVENT_CONTINUATION,901,False,124,4834.46,4834.46,6,2,1,0.7245351184198569764592173633
EVENT_CONTINUATION,902,False,132,2074.12,2074.12,4,0,0,0.7796110583369991860744348743
EVENT_CONTINUATION,903,True,43,,2574.15,3,0,0,0.7264795700432889393253555877
EVENT_CONTINUATION,904,True,47,,4417.28,2,0,0,0.5306348406894778338104254727
EVENT_CONTINUATION,905,False,140,2918.31,2918.31,5,1,0,0.7301624238405810961005952495
EVENT_CONTINUATION,906,True,159,,4418.90,5,1,1,0.6162489719673834736983035071
EVENT_CONTINUATION,907,False,147,4587.11,4587.11,4,1,1,0.6939969270590935461865568398
EVENT_CONTINUATION,908,True,30,,9411.18,0,0,0,0
EVENT_CONTINUATION,909,True,36,,10894.71,1,1,0,0
EVENT_CONTINUATION,910,False,162,4575.97,4575.97,7,2,2,0.7091427429929084344364893669
EVENT_CONTINUATION,911,True,131,,4420.42,6,1,1,0.6160874619335726231992162513
EVENT_CONTINUATION,912,False,167,3665.29,3665.29,7,2,1,0.6758047343691226817466035077
EVENT_CONTINUATION,913,False,143,3786.53,3786.53,7,2,1,0.7719414568630076143480413721
EVENT_CONTINUATION,914,True,148,,11917.60,9,5,2,0.7875959984249236556090065729
EVENT_CONTINUATION,915,False,156,4575.97,4575.97,7,2,2,0.7091427429929084344364893669
EVENT_CONTINUATION,916,True,65,,6489.46,2,0,0,0.3104520368327882369692217129
EVENT_CONTINUATION,917,False,137,1556.01,1556.01,6,1,0,0.8346636659802490229705520455
EVENT_CONTINUATION,918,False,153,1345.95,1345.95,4,0,0,0.8569839276265037965483605669
EVENT_CONTINUATION,919,True,25,,10196.93,1,1,0,0
EVENT_CONTINUATION,920,True,44,,4417.28,2,0,0,0.5306348406894778338104254727
EVENT_CONTINUATION,921,False,143,3865.49,3865.49,6,1,1,0.6750524376326879307376970794
EVENT_CONTINUATION,922,False,120,2284.15,2284.15,7,2,0,0.7759963047701612151892775571
EVENT_CONTINUATION,923,False,157,6591.17,6591.17,6,2,2,0.6758047343691226817466035077
EVENT_CONTINUATION,924,True,41,,4417.28,2,0,0,0.5306348406894778338104254727
EVENT_CONTINUATION,925,False,143,1901.48,1901.48,6,1,0,0.7979551979666736796023452957
EVENT_CONTINUATION,926,False,147,3657.32,3657.32,4,1,0,0.6516377329941622623305472853
EVENT_CONTINUATION,927,False,128,20990.81,20990.81,9,5,3,0.6457390788740590616914080320
EVENT_CONTINUATION,928,True,54,,10894.71,1,1,0,0
EVENT_CONTINUATION,929,False,145,6069.02,6069.02,6,2,2,0.6758047343691226817466035077
EVENT_CONTINUATION,930,True,138,,5290.39,4,1,1,0.6326666794174588096285481736
EVENT_CONTINUATION,931,True,142,,4008.07,5,1,1,0.7555237494129322784177967056
EVENT_CONTINUATION,932,True,25,,10196.93,1,1,0,0
EVENT_CONTINUATION,933,True,26,,10196.93,1,1,0,0
EVENT_CONTINUATION,934,True,27,,10196.93,1,1,0,0
EVENT_CONTINUATION,935,False,147,3753.70,3753.70,5,1,1,0.6849459897696144372969170710
EVENT_CONTINUATION,936,True,53,,6382.44,2,1,0,0.3740821992501664716733369750
EVENT_CONTINUATION,937,True,153,,4985.76,4,1,1,0.6516377329941622623305472853
EVENT_CONTINUATION,938,False,123,2521.83,2521.83,7,1,0,0.7320389154176203196623590241
EVENT_CONTINUATION,939,True,100,,7110.44,1,0,0,0.2444688126249843271513242760
EVENT_CONTINUATION,940,True,41,,10894.71,1,1,0,0
EVENT_CONTINUATION,941,False,150,2297.68,2297.68,5,1,0,0.7961084582379680337640975946
EVENT_CONTINUATION,942,False,146,3192.47,3192.47,3,0,0,0.6607789883946540178808608485
EVENT_CONTINUATION,943,True,47,,4417.28,2,0,0,0.5306348406894778338104254727
EVENT_CONTINUATION,944,False,168,3680.49,3680.49,5,1,1,0.6927250355428330985062447005
EVENT_CONTINUATION,945,True,36,,10894.71,1,1,0,0
EVENT_CONTINUATION,946,True,41,,2574.15,3,0,0,0.7264795700432889393253555877
EVENT_CONTINUATION,947,False,153,1683.70,1683.70,4,0,0,0.8210957605741256675570969847
EVENT_CONTINUATION,948,True,120,,4448.24,10,3,1,0.6429425327034705543727376769
EVENT_CONTINUATION,949,False,148,1918.86,1918.86,4,0,0,0.7961084582379680337640975946
EVENT_CONTINUATION,950,True,146,,4386.89,6,2,1,0.7555237494129322784177967056
EVENT_CONTINUATION,951,False,156,3488.91,3488.91,5,1,1,0.7264795700432889393253555877
EVENT_CONTINUATION,952,False,153,2094.84,2094.84,5,1,0,0.8176615472236212674712416509
EVENT_CONTINUATION,953,False,163,7423.90,7423.90,8,3,2,0.7264795700432889393253555877
EVENT_CONTINUATION,954,True,67,,6475.97,1,0,0,0.3118854383828595351486211081
EVENT_CONTINUATION,955,True,148,,12484.93,7,3,1,0.5304265777511427897458129586
EVENT_CONTINUATION,956,True,40,,2574.15,3,0,0,0.7264795700432889393253555877
EVENT_CONTINUATION,957,True,35,,4417.28,2,0,0,0.5306348406894778338104254727
EVENT_CONTINUATION,958,False,127,1952.21,1952.21,5,1,0,0.8328169262515433771323043444
EVENT_CONTINUATION,959,True,142,,1345.95,4,0,0,0.8569839276265037965483605669
EVENT_CONTINUATION,960,False,155,3809.27,3809.27,6,2,1,0.7078804145707552081673073940
EVENT_CONTINUATION,961,False,156,3289.91,3289.91,6,1,1,0.6620413168168072441500428214
EVENT_CONTINUATION,962,False,140,16055.57,16055.57,12,5,3,0.6756432243353118312475162519
EVENT_CONTINUATION,963,True,40,,9411.18,0,0,0,0
EVENT_CONTINUATION,964,True,136,,5596.69,1,0,0,0.4053147426783888949100962897
EVENT_CONTINUATION,965,False,148,2525.12,2525.12,5,1,0,0.7719414568630076143480413721
EVENT_CONTINUATION,966,False,169,2846.63,2846.63,6,1,1,0.7091427429929084344364893669
EVENT_CONTINUATION,967,True,156,,1382.97,4,0,0,0.8530503082504000561034854290
EVENT_CONTINUATION,968,True,139,,1040.70,4,0,0,0.8894187551401630826315084825
EVENT_CONTINUATION,969,True,161,,1382.97,4,0,0,0.8530503082504000561034854290
EVENT_CONTINUATION,970,True,56,,9054.60,1,0,0,0.0378889788528112308977195208
EVENT_CONTINUATION,971,False,156,3278.50,3278.50,3,0,0,0.6516377329941622623305472853
EVENT_CONTINUATION,972,True,45,,4417.28,2,0,0,0.5306348406894778338104254727
EVENT_CONTINUATION,973,False,155,2525.12,2525.12,5,1,0,0.7719414568630076143480413721
EVENT_CONTINUATION,974,True,40,,2574.15,3,0,0,0.7264795700432889393253555877
EVENT_CONTINUATION,975,False,150,9933.79,9933.79,6,3,2,0.6939969270590935461865568398
EVENT_CONTINUATION,976,True,66,,6475.97,1,0,0,0.3118854383828595351486211081
EVENT_CONTINUATION,977,False,147,1157.05,1157.05,5,0,0,0.8770557995915496250204543957
EVENT_CONTINUATION,978,False,141,1716.02,1716.02,4,0,0,0.8176615472236212674712416509
EVENT_CONTINUATION,979,True,32,,10196.93,1,1,0,0
EVENT_CONTINUATION,980,True,122,,4290.15,6,2,1,0.6689797811694304069950465483
EVENT_CONTINUATION,981,False,151,1143.56,1143.56,4,0,0,0.8784892011416209231998537909
EVENT_CONTINUATION,982,False,141,5074.83,5074.83,4,1,1,0.6555713523702660027754224231
EVENT_CONTINUATION,983,True,34,,10196.93,1,1,0,0
EVENT_CONTINUATION,984,True,120,,4182.74,6,2,1,0.6689797811694304069950465483
EVENT_CONTINUATION,985,False,158,5562.22,5562.22,5,1,1,0.6162489719673834736983035071
EVENT_CONTINUATION,986,True,65,,6489.46,2,0,0,0.3104520368327882369692217129
EVENT_CONTINUATION,987,False,160,3363.42,3363.42,7,2,1,0.7078804145707552081673073940
EVENT_CONTINUATION,988,True,37,,9411.18,0,0,0,0
EVENT_CONTINUATION,989,False,145,1544.13,1544.13,6,1,0,0.8359259944024022492397340185
EVENT_CONTINUATION,990,False,145,1544.13,1544.13,6,1,0,0.8359259944024022492397340185
EVENT_CONTINUATION,991,False,138,2528.83,2528.83,4,0,0,0.7312951192092808765744571882
EVENT_CONTINUATION,992,False,135,3275.80,3275.80,5,1,0,0.6519246258173789046644522791
EVENT_CONTINUATION,993,False,168,2521.75,2521.75,3,0,0,0.7320474159457156275833636165
EVENT_CONTINUATION,994,True,145,,1513.63,4,0,0,0.8391668207387383941227348749
EVENT_CONTINUATION,995,False,131,2509.65,2509.65,6,1,0,0.7333331208201309506353082185
EVENT_CONTINUATION,996,True,124,,4752.43,7,2,1,0.7013640379996724504336109005
EVENT_CONTINUATION,997,True,46,,2574.15,3,0,0,0.7264795700432889393253555877
EVENT_CONTINUATION,998,False,141,2322.28,2322.28,5,1,0,0.7934945458486608480551854284
INTRADAY_EVENT,0,False,25,5527.44,5527.44,1,0,0,0.4126730123108898140296965949
INTRADAY_EVENT,1,False,26,5527.44,5527.44,1,0,0,0.4126730123108898140296965949
INTRADAY_EVENT,2,False,26,5369.82,5369.82,2,0,0,0.4294211777906702453889947913
INTRADAY_EVENT,3,False,21,5527.44,5527.44,1,0,0,0.4126730123108898140296965949
INTRADAY_EVENT,4,False,26,3368.37,3368.37,2,0,0,0.6420884522450957265720132863
INTRADAY_EVENT,5,False,24,3368.37,3368.37,2,0,0,0.6420884522450957265720132863
INTRADAY_EVENT,6,False,23,8301.62,8301.62,1,0,0,0.1178980744178732103731944347
INTRADAY_EVENT,7,False,22,4785.55,4785.55,2,0,0,0.4915037221687397329559098859
INTRADAY_EVENT,8,False,21,5598.43,5598.43,1,0,0,0.4051298561923159476282464048
INTRADAY_EVENT,9,False,22,5527.44,5527.44,1,0,0,0.4126730123108898140296965949
INTRADAY_EVENT,10,False,23,7411.03,7411.03,1,0,0,0.2125291408728767274666938684
INTRADAY_EVENT,11,False,22,3368.37,3368.37,2,0,0,0.6420884522450957265720132863
INTRADAY_EVENT,12,False,21,4785.55,4785.55,2,0,0,0.4915037221687397329559098859
INTRADAY_EVENT,13,False,20,4856.54,4856.54,2,0,0,0.4839605660501658665544596958
INTRADAY_EVENT,14,False,17,3830.53,3830.53,3,0,0,0.5929809014385018669284829320
INTRADAY_EVENT,15,False,25,3368.37,3368.37,2,0,0,0.6420884522450957265720132863
INTRADAY_EVENT,16,False,22,4572.42,4572.42,2,0,0,0.5141501915806519480022696410
INTRADAY_EVENT,17,False,25,3368.37,3368.37,2,0,0,0.6420884522450957265720132863
INTRADAY_EVENT,18,False,21,5527.44,5527.44,1,0,0,0.4126730123108898140296965949
INTRADAY_EVENT,19,False,23,3368.37,3368.37,2,0,0,0.6420884522450957265720132863
INTRADAY_EVENT,20,False,22,5369.82,5369.82,2,0,0,0.4294211777906702453889947913
INTRADAY_EVENT,21,False,21,7411.03,7411.03,1,0,0,0.2125291408728767274666938684
INTRADAY_EVENT,22,False,17,5692.92,5692.92,2,0,0,0.3950896699457453794316971942
INTRADAY_EVENT,23,False,20,5369.82,5369.82,2,0,0,0.4294211777906702453889947913
INTRADAY_EVENT,24,False,18,4856.54,4856.54,2,0,0,0.4839605660501658665544596958
INTRADAY_EVENT,25,False,26,5527.44,5527.44,1,0,0,0.4126730123108898140296965949
INTRADAY_EVENT,26,False,21,4856.54,4856.54,2,0,0,0.4839605660501658665544596958
INTRADAY_EVENT,27,False,20,6802.48,6802.48,1,0,0,0.2771915955278721690585027595
INTRADAY_EVENT,28,False,26,5527.44,5527.44,1,0,0,0.4126730123108898140296965949
INTRADAY_EVENT,29,False,24,9411.18,9411.18,0,0,0,0
INTRADAY_EVENT,30,False,21,8301.62,8301.62,1,0,0,0.1178980744178732103731944347
INTRADAY_EVENT,31,False,22,3368.37,3368.37,2,0,0,0.6420884522450957265720132863
INTRADAY_EVENT,32,False,26,3368.37,3368.37,2,0,0,0.6420884522450957265720132863
INTRADAY_EVENT,33,False,21,3830.53,3830.53,3,0,0,0.5929809014385018669284829320
INTRADAY_EVENT,34,False,24,3368.37,3368.37,2,0,0,0.6420884522450957265720132863
INTRADAY_EVENT,35,False,21,7411.03,7411.03,1,0,0,0.2125291408728767274666938684
INTRADAY_EVENT,36,False,27,3368.37,3368.37,2,0,0,0.6420884522450957265720132863
INTRADAY_EVENT,37,False,19,5369.82,5369.82,2,0,0,0.4294211777906702453889947913
INTRADAY_EVENT,38,False,19,8301.62,8301.62,1,0,0,0.1178980744178732103731944347
INTRADAY_EVENT,39,False,20,5369.82,5369.82,2,0,0,0.4294211777906702453889947913
INTRADAY_EVENT,40,False,22,9411.18,9411.18,0,0,0,0
INTRADAY_EVENT,41,False,26,5527.44,5527.44,1,0,0,0.4126730123108898140296965949
INTRADAY_EVENT,42,False,23,5598.43,5598.43,1,0,0,0.4051298561923159476282464048
INTRADAY_EVENT,43,False,23,4572.42,4572.42,2,0,0,0.5141501915806519480022696410
INTRADAY_EVENT,44,False,25,5598.43,5598.43,1,0,0,0.4051298561923159476282464048
INTRADAY_EVENT,45,False,20,7411.03,7411.03,1,0,0,0.2125291408728767274666938684
INTRADAY_EVENT,46,False,27,3368.37,3368.37,2,0,0,0.6420884522450957265720132863
INTRADAY_EVENT,47,False,23,4572.42,4572.42,2,0,0,0.5141501915806519480022696410
INTRADAY_EVENT,48,False,23,3368.37,3368.37,2,0,0,0.6420884522450957265720132863
INTRADAY_EVENT,49,False,28,3368.37,3368.37,2,0,0,0.6420884522450957265720132863
INTRADAY_EVENT,50,False,22,4856.54,4856.54,2,0,0,0.4839605660501658665544596958
INTRADAY_EVENT,51,False,23,3830.53,3830.53,3,0,0,0.5929809014385018669284829320
INTRADAY_EVENT,52,False,24,3368.37,3368.37,2,0,0,0.6420884522450957265720132863
INTRADAY_EVENT,53,False,21,3368.37,3368.37,2,0,0,0.6420884522450957265720132863
INTRADAY_EVENT,54,False,25,5598.43,5598.43,1,0,0,0.4051298561923159476282464048
INTRADAY_EVENT,55,False,18,4785.55,4785.55,2,0,0,0.4915037221687397329559098859
INTRADAY_EVENT,56,False,21,9411.18,9411.18,0,0,0,0
INTRADAY_EVENT,57,False,24,5527.44,5527.44,1,0,0,0.4126730123108898140296965949
INTRADAY_EVENT,58,False,24,3830.53,3830.53,3,0,0,0.5929809014385018669284829320
INTRADAY_EVENT,59,False,25,3368.37,3368.37,2,0,0,0.6420884522450957265720132863
INTRADAY_EVENT,60,False,21,4785.55,4785.55,2,0,0,0.4915037221687397329559098859
INTRADAY_EVENT,61,False,28,3368.37,3368.37,2,0,0,0.6420884522450957265720132863
INTRADAY_EVENT,62,False,25,3368.37,3368.37,2,0,0,0.6420884522450957265720132863
INTRADAY_EVENT,63,False,19,9411.18,9411.18,0,0,0,0
INTRADAY_EVENT,64,False,20,3368.37,3368.37,2,0,0,0.6420884522450957265720132863
INTRADAY_EVENT,65,False,22,5527.44,5527.44,1,0,0,0.4126730123108898140296965949
INTRADAY_EVENT,66,False,25,4785.55,4785.55,2,0,0,0.4915037221687397329559098859
INTRADAY_EVENT,67,False,25,5527.44,5527.44,1,0,0,0.4126730123108898140296965949
INTRADAY_EVENT,68,False,19,4785.55,4785.55,2,0,0,0.4915037221687397329559098859
INTRADAY_EVENT,69,False,23,3830.53,3830.53,3,0,0,0.5929809014385018669284829320
INTRADAY_EVENT,70,False,23,3368.37,3368.37,2,0,0,0.6420884522450957265720132863
INTRADAY_EVENT,71,False,27,3368.37,3368.37,2,0,0,0.6420884522450957265720132863
INTRADAY_EVENT,72,False,19,8301.62,8301.62,1,0,0,0.1178980744178732103731944347
INTRADAY_EVENT,73,False,20,4856.54,4856.54,2,0,0,0.4839605660501658665544596958
INTRADAY_EVENT,74,False,26,5527.44,5527.44,1,0,0,0.4126730123108898140296965949
INTRADAY_EVENT,75,False,23,5598.43,5598.43,1,0,0,0.4051298561923159476282464048
INTRADAY_EVENT,76,False,23,4572.42,4572.42,2,0,0,0.5141501915806519480022696410
INTRADAY_EVENT,77,False,21,7411.03,7411.03,1,0,0,0.2125291408728767274666938684
INTRADAY_EVENT,78,False,22,3368.37,3368.37,2,0,0,0.6420884522450957265720132863
INTRADAY_EVENT,79,False,17,5369.82,5369.82,2,0,0,0.4294211777906702453889947913
INTRADAY_EVENT,80,False,26,5527.44,5527.44,1,0,0,0.4126730123108898140296965949
INTRADAY_EVENT,81,False,23,3368.37,3368.37,2,0,0,0.6420884522450957265720132863
INTRADAY_EVENT,82,False,26,4856.54,4856.54,2,0,0,0.4839605660501658665544596958
INTRADAY_EVENT,83,False,19,4856.54,4856.54,2,0,0,0.4839605660501658665544596958
INTRADAY_EVENT,84,False,21,4785.55,4785.55,2,0,0,0.4915037221687397329559098859
INTRADAY_EVENT,85,False,22,5692.92,5692.92,2,0,0,0.3950896699457453794316971942
INTRADAY_EVENT,86,False,21,3368.37,3368.37,2,0,0,0.6420884522450957265720132863
INTRADAY_EVENT,87,False,23,5598.43,5598.43,1,0,0,0.4051298561923159476282464048
INTRADAY_EVENT,88,False,20,7411.03,7411.03,1,0,0,0.2125291408728767274666938684
INTRADAY_EVENT,89,False,18,3830.53,3830.53,3,0,0,0.5929809014385018669284829320
INTRADAY_EVENT,90,False,22,5527.44,5527.44,1,0,0,0.4126730123108898140296965949
INTRADAY_EVENT,91,False,20,6301.47,6301.47,2,0,0,0.3304272152907499378398883031
INTRADAY_EVENT,92,False,24,9411.18,9411.18,0,0,0,0
INTRADAY_EVENT,93,False,25,5598.43,5598.43,1,0,0,0.4051298561923159476282464048
INTRADAY_EVENT,94,False,18,3830.53,3830.53,3,0,0,0.5929809014385018669284829320
INTRADAY_EVENT,95,False,24,6301.47,6301.47,2,0,0,0.3304272152907499378398883031
INTRADAY_EVENT,96,False,28,5598.43,5598.43,1,0,0,0.4051298561923159476282464048
INTRADAY_EVENT,97,False,24,4856.54,4856.54,2,0,0,0.4839605660501658665544596958
INTRADAY_EVENT,98,False,23,3830.53,3830.53,3,0,0,0.5929809014385018669284829320
INTRADAY_EVENT,99,False,30,3368.37,3368.37,2,0,0,0.6420884522450957265720132863
INTRADAY_EVENT,100,False,21,4785.55,4785.55,2,0,0,0.4915037221687397329559098859
INTRADAY_EVENT,101,False,20,3830.53,3830.53,3,0,0,0.5929809014385018669284829320
INTRADAY_EVENT,102,False,25,4785.55,4785.55,2,0,0,0.4915037221687397329559098859
INTRADAY_EVENT,103,False,26,4572.42,4572.42,2,0,0,0.5141501915806519480022696410
INTRADAY_EVENT,104,False,26,5598.43,5598.43,1,0,0,0.4051298561923159476282464048
INTRADAY_EVENT,105,False,20,3368.37,3368.37,2,0,0,0.6420884522450957265720132863
INTRADAY_EVENT,106,False,25,5598.43,5598.43,1,0,0,0.4051298561923159476282464048
INTRADAY_EVENT,107,False,19,4856.54,4856.54,2,0,0,0.4839605660501658665544596958
INTRADAY_EVENT,108,False,25,5598.43,5598.43,1,0,0,0.4051298561923159476282464048
INTRADAY_EVENT,109,False,21,3368.37,3368.37,2,0,0,0.6420884522450957265720132863
INTRADAY_EVENT,110,False,20,5369.82,5369.82,2,0,0,0.4294211777906702453889947913
INTRADAY_EVENT,111,False,19,4856.54,4856.54,2,0,0,0.4839605660501658665544596958
INTRADAY_EVENT,112,False,26,4856.54,4856.54,2,0,0,0.4839605660501658665544596958
INTRADAY_EVENT,113,False,24,3830.53,3830.53,3,0,0,0.5929809014385018669284829320
INTRADAY_EVENT,114,False,16,5369.82,5369.82,2,0,0,0.4294211777906702453889947913
INTRADAY_EVENT,115,False,18,4785.55,4785.55,2,0,0,0.4915037221687397329559098859
INTRADAY_EVENT,116,False,22,4856.54,4856.54,2,0,0,0.4839605660501658665544596958
INTRADAY_EVENT,117,False,19,5369.82,5369.82,2,0,0,0.4294211777906702453889947913
INTRADAY_EVENT,118,False,27,5527.44,5527.44,1,0,0,0.4126730123108898140296965949
INTRADAY_EVENT,119,False,21,3368.37,3368.37,2,0,0,0.6420884522450957265720132863
INTRADAY_EVENT,120,False,22,3368.37,3368.37,2,0,0,0.6420884522450957265720132863
INTRADAY_EVENT,121,False,23,4785.55,4785.55,2,0,0,0.4915037221687397329559098859
INTRADAY_EVENT,122,False,23,5598.43,5598.43,1,0,0,0.4051298561923159476282464048
INTRADAY_EVENT,123,False,21,5598.43,5598.43,1,0,0,0.4051298561923159476282464048
INTRADAY_EVENT,124,False,26,5527.44,5527.44,1,0,0,0.4126730123108898140296965949
INTRADAY_EVENT,125,False,22,7411.03,7411.03,1,0,0,0.2125291408728767274666938684
INTRADAY_EVENT,126,False,27,4856.54,4856.54,2,0,0,0.4839605660501658665544596958
INTRADAY_EVENT,127,False,22,9411.18,9411.18,0,0,0,0
INTRADAY_EVENT,128,False,24,5598.43,5598.43,1,0,0,0.4051298561923159476282464048
INTRADAY_EVENT,129,False,20,4856.54,4856.54,2,0,0,0.4839605660501658665544596958
INTRADAY_EVENT,130,False,29,3368.37,3368.37,2,0,0,0.6420884522450957265720132863
INTRADAY_EVENT,131,False,19,9411.18,9411.18,0,0,0,0
INTRADAY_EVENT,132,False,24,5692.92,5692.92,2,0,0,0.3950896699457453794316971942
INTRADAY_EVENT,133,False,24,3368.37,3368.37,2,0,0,0.6420884522450957265720132863
INTRADAY_EVENT,134,False,23,6802.48,6802.48,1,0,0,0.2771915955278721690585027595
INTRADAY_EVENT,135,False,23,4572.42,4572.42,2,0,0,0.5141501915806519480022696410
INTRADAY_EVENT,136,False,22,4856.54,4856.54,2,0,0,0.4839605660501658665544596958
INTRADAY_EVENT,137,False,23,5527.44,5527.44,1,0,0,0.4126730123108898140296965949
INTRADAY_EVENT,138,False,28,3368.37,3368.37,2,0,0,0.6420884522450957265720132863
INTRADAY_EVENT,139,False,23,3368.37,3368.37,2,0,0,0.6420884522450957265720132863
INTRADAY_EVENT,140,False,27,3368.37,3368.37,2,0,0,0.6420884522450957265720132863
INTRADAY_EVENT,141,False,27,5598.43,5598.43,1,0,0,0.4051298561923159476282464048
INTRADAY_EVENT,142,False,19,3830.53,3830.53,3,0,0,0.5929809014385018669284829320
INTRADAY_EVENT,143,False,27,3368.37,3368.37,2,0,0,0.6420884522450957265720132863
INTRADAY_EVENT,144,False,22,5598.43,5598.43,1,0,0,0.4051298561923159476282464048
INTRADAY_EVENT,145,False,27,3830.53,3830.53,3,0,0,0.5929809014385018669284829320
INTRADAY_EVENT,146,False,23,3368.37,3368.37,2,0,0,0.6420884522450957265720132863
INTRADAY_EVENT,147,False,18,4785.55,4785.55,2,0,0,0.4915037221687397329559098859
INTRADAY_EVENT,148,False,19,4856.54,4856.54,2,0,0,0.4839605660501658665544596958
INTRADAY_EVENT,149,False,22,3368.37,3368.37,2,0,0,0.6420884522450957265720132863
INTRADAY_EVENT,150,False,26,4856.54,4856.54,2,0,0,0.4839605660501658665544596958
INTRADAY_EVENT,151,False,15,7411.03,7411.03,1,0,0,0.2125291408728767274666938684
INTRADAY_EVENT,152,False,28,5598.43,5598.43,1,0,0,0.4051298561923159476282464048
INTRADAY_EVENT,153,False,26,3830.53,3830.53,3,0,0,0.5929809014385018669284829320
INTRADAY_EVENT,154,False,19,7411.03,7411.03,1,0,0,0.2125291408728767274666938684
INTRADAY_EVENT,155,False,22,3368.37,3368.37,2,0,0,0.6420884522450957265720132863
INTRADAY_EVENT,156,False,26,5598.43,5598.43,1,0,0,0.4051298561923159476282464048
INTRADAY_EVENT,157,False,24,5369.82,5369.82,2,0,0,0.4294211777906702453889947913
INTRADAY_EVENT,158,False,23,4856.54,4856.54,2,0,0,0.4839605660501658665544596958
INTRADAY_EVENT,159,False,21,5598.43,5598.43,1,0,0,0.4051298561923159476282464048
INTRADAY_EVENT,160,False,24,4856.54,4856.54,2,0,0,0.4839605660501658665544596958
INTRADAY_EVENT,161,False,18,5369.82,5369.82,2,0,0,0.4294211777906702453889947913
INTRADAY_EVENT,162,False,23,4785.55,4785.55,2,0,0,0.4915037221687397329559098859
INTRADAY_EVENT,163,False,21,3368.37,3368.37,2,0,0,0.6420884522450957265720132863
INTRADAY_EVENT,164,False,25,3368.37,3368.37,2,0,0,0.6420884522450957265720132863
INTRADAY_EVENT,165,False,22,5598.43,5598.43,1,0,0,0.4051298561923159476282464048
INTRADAY_EVENT,166,False,25,5527.44,5527.44,1,0,0,0.4126730123108898140296965949
INTRADAY_EVENT,167,False,17,3368.37,3368.37,2,0,0,0.6420884522450957265720132863
INTRADAY_EVENT,168,False,20,4856.54,4856.54,2,0,0,0.4839605660501658665544596958
INTRADAY_EVENT,169,False,17,4856.54,4856.54,2,0,0,0.4839605660501658665544596958
INTRADAY_EVENT,170,False,29,9411.18,9411.18,0,0,0,0
INTRADAY_EVENT,171,False,28,5527.44,5527.44,1,0,0,0.4126730123108898140296965949
INTRADAY_EVENT,172,False,24,8301.62,8301.62,1,0,0,0.1178980744178732103731944347
INTRADAY_EVENT,173,False,20,6301.47,6301.47,2,0,0,0.3304272152907499378398883031
INTRADAY_EVENT,174,False,21,3368.37,3368.37,2,0,0,0.6420884522450957265720132863
INTRADAY_EVENT,175,False,25,3830.53,3830.53,3,0,0,0.5929809014385018669284829320
INTRADAY_EVENT,176,False,20,5369.82,5369.82,2,0,0,0.4294211777906702453889947913
INTRADAY_EVENT,177,False,20,4785.55,4785.55,2,0,0,0.4915037221687397329559098859
INTRADAY_EVENT,178,False,24,3368.37,3368.37,2,0,0,0.6420884522450957265720132863
INTRADAY_EVENT,179,False,28,3368.37,3368.37,2,0,0,0.6420884522450957265720132863
INTRADAY_EVENT,180,False,22,3368.37,3368.37,2,0,0,0.6420884522450957265720132863
INTRADAY_EVENT,181,False,21,5369.82,5369.82,2,0,0,0.4294211777906702453889947913
INTRADAY_EVENT,182,False,19,4785.55,4785.55,2,0,0,0.4915037221687397329559098859
INTRADAY_EVENT,183,False,20,5598.43,5598.43,1,0,0,0.4051298561923159476282464048
INTRADAY_EVENT,184,False,17,3368.37,3368.37,2,0,0,0.6420884522450957265720132863
INTRADAY_EVENT,185,False,25,3830.53,3830.53,3,0,0,0.5929809014385018669284829320
INTRADAY_EVENT,186,False,29,3368.37,3368.37,2,0,0,0.6420884522450957265720132863
INTRADAY_EVENT,187,False,26,6802.48,6802.48,1,0,0,0.2771915955278721690585027595
INTRADAY_EVENT,188,False,28,5527.44,5527.44,1,0,0,0.4126730123108898140296965949
INTRADAY_EVENT,189,False,26,3368.37,3368.37,2,0,0,0.6420884522450957265720132863
INTRADAY_EVENT,190,False,23,3830.53,3830.53,3,0,0,0.5929809014385018669284829320
INTRADAY_EVENT,191,False,17,6301.47,6301.47,2,0,0,0.3304272152907499378398883031
INTRADAY_EVENT,192,False,25,3830.53,3830.53,3,0,0,0.5929809014385018669284829320
INTRADAY_EVENT,193,False,22,3830.53,3830.53,3,0,0,0.5929809014385018669284829320
INTRADAY_EVENT,194,False,20,8301.62,8301.62,1,0,0,0.1178980744178732103731944347
INTRADAY_EVENT,195,False,16,4785.55,4785.55,2,0,0,0.4915037221687397329559098859
INTRADAY_EVENT,196,False,26,3368.37,3368.37,2,0,0,0.6420884522450957265720132863
INTRADAY_EVENT,197,False,19,4856.54,4856.54,2,0,0,0.4839605660501658665544596958
INTRADAY_EVENT,198,False,18,4785.55,4785.55,2,0,0,0.4915037221687397329559098859
INTRADAY_EVENT,199,False,20,5369.82,5369.82,2,0,0,0.4294211777906702453889947913
INTRADAY_EVENT,200,False,21,6802.48,6802.48,1,0,0,0.2771915955278721690585027595
INTRADAY_EVENT,201,False,17,6301.47,6301.47,2,0,0,0.3304272152907499378398883031
INTRADAY_EVENT,202,False,25,5598.43,5598.43,1,0,0,0.4051298561923159476282464048
INTRADAY_EVENT,203,False,27,3368.37,3368.37,2,0,0,0.6420884522450957265720132863
INTRADAY_EVENT,204,False,22,5527.44,5527.44,1,0,0,0.4126730123108898140296965949
INTRADAY_EVENT,205,False,22,3368.37,3368.37,2,0,0,0.6420884522450957265720132863
INTRADAY_EVENT,206,False,20,5598.43,5598.43,1,0,0,0.4051298561923159476282464048
INTRADAY_EVENT,207,False,22,3368.37,3368.37,2,0,0,0.6420884522450957265720132863
INTRADAY_EVENT,208,False,24,4572.42,4572.42,2,0,0,0.5141501915806519480022696410
INTRADAY_EVENT,209,False,16,3830.53,3830.53,3,0,0,0.5929809014385018669284829320
INTRADAY_EVENT,210,False,28,3368.37,3368.37,2,0,0,0.6420884522450957265720132863
INTRADAY_EVENT,211,False,16,6301.47,6301.47,2,0,0,0.3304272152907499378398883031
INTRADAY_EVENT,212,False,18,3368.37,3368.37,2,0,0,0.6420884522450957265720132863
INTRADAY_EVENT,213,False,22,8301.62,8301.62,1,0,0,0.1178980744178732103731944347
INTRADAY_EVENT,214,False,20,4856.54,4856.54,2,0,0,0.4839605660501658665544596958
INTRADAY_EVENT,215,False,21,5598.43,5598.43,1,0,0,0.4051298561923159476282464048
INTRADAY_EVENT,216,False,23,3368.37,3368.37,2,0,0,0.6420884522450957265720132863
INTRADAY_EVENT,217,False,26,4572.42,4572.42,2,0,0,0.5141501915806519480022696410
INTRADAY_EVENT,218,False,25,5598.43,5598.43,1,0,0,0.4051298561923159476282464048
INTRADAY_EVENT,219,False,23,8301.62,8301.62,1,0,0,0.1178980744178732103731944347
INTRADAY_EVENT,220,False,21,4785.55,4785.55,2,0,0,0.4915037221687397329559098859
INTRADAY_EVENT,221,False,14,6301.47,6301.47,2,0,0,0.3304272152907499378398883031
INTRADAY_EVENT,222,False,18,6301.47,6301.47,2,0,0,0.3304272152907499378398883031
INTRADAY_EVENT,223,False,25,4856.54,4856.54,2,0,0,0.4839605660501658665544596958
INTRADAY_EVENT,224,False,24,6802.48,6802.48,1,0,0,0.2771915955278721690585027595
INTRADAY_EVENT,225,False,26,3368.37,3368.37,2,0,0,0.6420884522450957265720132863
INTRADAY_EVENT,226,False,23,4572.42,4572.42,2,0,0,0.5141501915806519480022696410
INTRADAY_EVENT,227,False,22,5369.82,5369.82,2,0,0,0.4294211777906702453889947913
INTRADAY_EVENT,228,False,24,5598.43,5598.43,1,0,0,0.4051298561923159476282464048
INTRADAY_EVENT,229,False,17,8301.62,8301.62,1,0,0,0.1178980744178732103731944347
INTRADAY_EVENT,230,False,23,5369.82,5369.82,2,0,0,0.4294211777906702453889947913
INTRADAY_EVENT,231,False,24,6802.48,6802.48,1,0,0,0.2771915955278721690585027595
INTRADAY_EVENT,232,False,28,6802.48,6802.48,1,0,0,0.2771915955278721690585027595
INTRADAY_EVENT,233,False,25,9411.18,9411.18,0,0,0,0
INTRADAY_EVENT,234,False,23,6802.48,6802.48,1,0,0,0.2771915955278721690585027595
INTRADAY_EVENT,235,False,20,3830.53,3830.53,3,0,0,0.5929809014385018669284829320
INTRADAY_EVENT,236,False,21,3830.53,3830.53,3,0,0,0.5929809014385018669284829320
INTRADAY_EVENT,237,False,19,3830.53,3830.53,3,0,0,0.5929809014385018669284829320
INTRADAY_EVENT,238,False,20,3368.37,3368.37,2,0,0,0.6420884522450957265720132863
INTRADAY_EVENT,239,False,26,3368.37,3368.37,2,0,0,0.6420884522450957265720132863
INTRADAY_EVENT,240,False,21,5692.92,5692.92,2,0,0,0.3950896699457453794316971942
INTRADAY_EVENT,241,False,21,4785.55,4785.55,2,0,0,0.4915037221687397329559098859
INTRADAY_EVENT,242,False,24,4856.54,4856.54,2,0,0,0.4839605660501658665544596958
INTRADAY_EVENT,243,False,23,3830.53,3830.53,3,0,0,0.5929809014385018669284829320
INTRADAY_EVENT,244,False,25,5598.43,5598.43,1,0,0,0.4051298561923159476282464048
INTRADAY_EVENT,245,False,26,3830.53,3830.53,3,0,0,0.5929809014385018669284829320
INTRADAY_EVENT,246,False,26,3368.37,3368.37,2,0,0,0.6420884522450957265720132863
INTRADAY_EVENT,247,False,19,4785.55,4785.55,2,0,0,0.4915037221687397329559098859
INTRADAY_EVENT,248,False,22,4785.55,4785.55,2,0,0,0.4915037221687397329559098859
INTRADAY_EVENT,249,False,25,4572.42,4572.42,2,0,0,0.5141501915806519480022696410
INTRADAY_EVENT,250,False,23,5598.43,5598.43,1,0,0,0.4051298561923159476282464048
INTRADAY_EVENT,251,False,25,3368.37,3368.37,2,0,0,0.6420884522450957265720132863
INTRADAY_EVENT,252,False,22,7411.03,7411.03,1,0,0,0.2125291408728767274666938684
INTRADAY_EVENT,253,False,22,4856.54,4856.54,2,0,0,0.4839605660501658665544596958
INTRADAY_EVENT,254,False,23,5527.44,5527.44,1,0,0,0.4126730123108898140296965949
INTRADAY_EVENT,255,False,25,8301.62,8301.62,1,0,0,0.1178980744178732103731944347
INTRADAY_EVENT,256,False,25,3830.53,3830.53,3,0,0,0.5929809014385018669284829320
INTRADAY_EVENT,257,False,26,3368.37,3368.37,2,0,0,0.6420884522450957265720132863
INTRADAY_EVENT,258,False,23,3368.37,3368.37,2,0,0,0.6420884522450957265720132863
INTRADAY_EVENT,259,False,22,3368.37,3368.37,2,0,0,0.6420884522450957265720132863
INTRADAY_EVENT,260,False,21,5369.82,5369.82,2,0,0,0.4294211777906702453889947913
INTRADAY_EVENT,261,False,18,4572.42,4572.42,2,0,0,0.5141501915806519480022696410
INTRADAY_EVENT,262,False,25,3368.37,3368.37,2,0,0,0.6420884522450957265720132863
INTRADAY_EVENT,263,False,24,5527.44,5527.44,1,0,0,0.4126730123108898140296965949
INTRADAY_EVENT,264,False,19,5692.92,5692.92,2,0,0,0.3950896699457453794316971942
INTRADAY_EVENT,265,False,18,4856.54,4856.54,2,0,0,0.4839605660501658665544596958
INTRADAY_EVENT,266,False,27,5598.43,5598.43,1,0,0,0.4051298561923159476282464048
INTRADAY_EVENT,267,False,18,8301.62,8301.62,1,0,0,0.1178980744178732103731944347
INTRADAY_EVENT,268,False,21,5598.43,5598.43,1,0,0,0.4051298561923159476282464048
INTRADAY_EVENT,269,False,21,3830.53,3830.53,3,0,0,0.5929809014385018669284829320
INTRADAY_EVENT,270,False,25,3368.37,3368.37,2,0,0,0.6420884522450957265720132863
INTRADAY_EVENT,271,False,27,5598.43,5598.43,1,0,0,0.4051298561923159476282464048
INTRADAY_EVENT,272,False,24,4785.55,4785.55,2,0,0,0.4915037221687397329559098859
INTRADAY_EVENT,273,False,28,5598.43,5598.43,1,0,0,0.4051298561923159476282464048
INTRADAY_EVENT,274,False,27,5598.43,5598.43,1,0,0,0.4051298561923159476282464048
INTRADAY_EVENT,275,False,24,5598.43,5598.43,1,0,0,0.4051298561923159476282464048
INTRADAY_EVENT,276,False,21,3368.37,3368.37,2,0,0,0.6420884522450957265720132863
INTRADAY_EVENT,277,False,18,3368.37,3368.37,2,0,0,0.6420884522450957265720132863
INTRADAY_EVENT,278,False,26,5527.44,5527.44,1,0,0,0.4126730123108898140296965949
INTRADAY_EVENT,279,False,24,8301.62,8301.62,1,0,0,0.1178980744178732103731944347
INTRADAY_EVENT,280,False,24,5598.43,5598.43,1,0,0,0.4051298561923159476282464048
INTRADAY_EVENT,281,False,25,3368.37,3368.37,2,0,0,0.6420884522450957265720132863
INTRADAY_EVENT,282,False,24,5598.43,5598.43,1,0,0,0.4051298561923159476282464048
INTRADAY_EVENT,283,False,23,4856.54,4856.54,2,0,0,0.4839605660501658665544596958
INTRADAY_EVENT,284,False,21,4856.54,4856.54,2,0,0,0.4839605660501658665544596958
INTRADAY_EVENT,285,False,19,5692.92,5692.92,2,0,0,0.3950896699457453794316971942
INTRADAY_EVENT,286,False,20,4785.55,4785.55,2,0,0,0.4915037221687397329559098859
INTRADAY_EVENT,287,False,26,3368.37,3368.37,2,0,0,0.6420884522450957265720132863
INTRADAY_EVENT,288,False,23,4856.54,4856.54,2,0,0,0.4839605660501658665544596958
INTRADAY_EVENT,289,False,16,4785.55,4785.55,2,0,0,0.4915037221687397329559098859
INTRADAY_EVENT,290,False,28,4572.42,4572.42,2,0,0,0.5141501915806519480022696410
INTRADAY_EVENT,291,False,17,4856.54,4856.54,2,0,0,0.4839605660501658665544596958
INTRADAY_EVENT,292,False,23,4785.55,4785.55,2,0,0,0.4915037221687397329559098859
INTRADAY_EVENT,293,False,20,7411.03,7411.03,1,0,0,0.2125291408728767274666938684
INTRADAY_EVENT,294,False,22,5369.82,5369.82,2,0,0,0.4294211777906702453889947913
INTRADAY_EVENT,295,False,21,4856.54,4856.54,2,0,0,0.4839605660501658665544596958
INTRADAY_EVENT,296,False,28,3368.37,3368.37,2,0,0,0.6420884522450957265720132863
INTRADAY_EVENT,297,False,20,4856.54,4856.54,2,0,0,0.4839605660501658665544596958
INTRADAY_EVENT,298,False,18,4785.55,4785.55,2,0,0,0.4915037221687397329559098859
INTRADAY_EVENT,299,False,25,3368.37,3368.37,2,0,0,0.6420884522450957265720132863
INTRADAY_EVENT,300,False,24,4856.54,4856.54,2,0,0,0.4839605660501658665544596958
INTRADAY_EVENT,301,False,27,3368.37,3368.37,2,0,0,0.6420884522450957265720132863
INTRADAY_EVENT,302,False,24,4856.54,4856.54,2,0,0,0.4839605660501658665544596958
INTRADAY_EVENT,303,False,20,4856.54,4856.54,2,0,0,0.4839605660501658665544596958
INTRADAY_EVENT,304,False,21,8301.62,8301.62,1,0,0,0.1178980744178732103731944347
INTRADAY_EVENT,305,False,20,4785.55,4785.55,2,0,0,0.4915037221687397329559098859
INTRADAY_EVENT,306,False,28,5598.43,5598.43,1,0,0,0.4051298561923159476282464048
INTRADAY_EVENT,307,False,24,5527.44,5527.44,1,0,0,0.4126730123108898140296965949
INTRADAY_EVENT,308,False,20,5598.43,5598.43,1,0,0,0.4051298561923159476282464048
INTRADAY_EVENT,309,False,21,4856.54,4856.54,2,0,0,0.4839605660501658665544596958
INTRADAY_EVENT,310,False,18,5369.82,5369.82,2,0,0,0.4294211777906702453889947913
INTRADAY_EVENT,311,False,28,9411.18,9411.18,0,0,0,0
INTRADAY_EVENT,312,False,23,4856.54,4856.54,2,0,0,0.4839605660501658665544596958
INTRADAY_EVENT,313,False,22,3368.37,3368.37,2,0,0,0.6420884522450957265720132863
INTRADAY_EVENT,314,False,21,5598.43,5598.43,1,0,0,0.4051298561923159476282464048
INTRADAY_EVENT,315,False,24,5598.43,5598.43,1,0,0,0.4051298561923159476282464048
INTRADAY_EVENT,316,False,23,5692.92,5692.92,2,0,0,0.3950896699457453794316971942
INTRADAY_EVENT,317,False,23,7411.03,7411.03,1,0,0,0.2125291408728767274666938684
INTRADAY_EVENT,318,False,23,3830.53,3830.53,3,0,0,0.5929809014385018669284829320
INTRADAY_EVENT,319,False,19,4856.54,4856.54,2,0,0,0.4839605660501658665544596958
INTRADAY_EVENT,320,False,18,6301.47,6301.47,2,0,0,0.3304272152907499378398883031
INTRADAY_EVENT,321,False,22,3368.37,3368.37,2,0,0,0.6420884522450957265720132863
INTRADAY_EVENT,322,False,21,4856.54,4856.54,2,0,0,0.4839605660501658665544596958
INTRADAY_EVENT,323,False,22,4572.42,4572.42,2,0,0,0.5141501915806519480022696410
INTRADAY_EVENT,324,False,18,4856.54,4856.54,2,0,0,0.4839605660501658665544596958
INTRADAY_EVENT,325,False,26,3368.37,3368.37,2,0,0,0.6420884522450957265720132863
INTRADAY_EVENT,326,False,27,3368.37,3368.37,2,0,0,0.6420884522450957265720132863
INTRADAY_EVENT,327,False,21,4785.55,4785.55,2,0,0,0.4915037221687397329559098859
INTRADAY_EVENT,328,False,23,3830.53,3830.53,3,0,0,0.5929809014385018669284829320
INTRADAY_EVENT,329,False,25,3368.37,3368.37,2,0,0,0.6420884522450957265720132863
INTRADAY_EVENT,330,False,24,3368.37,3368.37,2,0,0,0.6420884522450957265720132863
INTRADAY_EVENT,331,False,24,4572.42,4572.42,2,0,0,0.5141501915806519480022696410
INTRADAY_EVENT,332,False,18,4856.54,4856.54,2,0,0,0.4839605660501658665544596958
INTRADAY_EVENT,333,False,20,5369.82,5369.82,2,0,0,0.4294211777906702453889947913
INTRADAY_EVENT,334,False,24,4785.55,4785.55,2,0,0,0.4915037221687397329559098859
INTRADAY_EVENT,335,False,20,4856.54,4856.54,2,0,0,0.4839605660501658665544596958
INTRADAY_EVENT,336,False,19,3368.37,3368.37,2,0,0,0.6420884522450957265720132863
INTRADAY_EVENT,337,False,20,4785.55,4785.55,2,0,0,0.4915037221687397329559098859
INTRADAY_EVENT,338,False,17,4856.54,4856.54,2,0,0,0.4839605660501658665544596958
INTRADAY_EVENT,339,False,24,6802.48,6802.48,1,0,0,0.2771915955278721690585027595
INTRADAY_EVENT,340,False,19,3368.37,3368.37,2,0,0,0.6420884522450957265720132863
INTRADAY_EVENT,341,False,24,4572.42,4572.42,2,0,0,0.5141501915806519480022696410
INTRADAY_EVENT,342,False,22,5598.43,5598.43,1,0,0,0.4051298561923159476282464048
INTRADAY_EVENT,343,False,21,5369.82,5369.82,2,0,0,0.4294211777906702453889947913
INTRADAY_EVENT,344,False,28,4572.42,4572.42,2,0,0,0.5141501915806519480022696410
INTRADAY_EVENT,345,False,26,4572.42,4572.42,2,0,0,0.5141501915806519480022696410
INTRADAY_EVENT,346,False,26,5598.43,5598.43,1,0,0,0.4051298561923159476282464048
INTRADAY_EVENT,347,False,20,5527.44,5527.44,1,0,0,0.4126730123108898140296965949
INTRADAY_EVENT,348,False,26,5598.43,5598.43,1,0,0,0.4051298561923159476282464048
INTRADAY_EVENT,349,False,24,7411.03,7411.03,1,0,0,0.2125291408728767274666938684
INTRADAY_EVENT,350,False,22,4856.54,4856.54,2,0,0,0.4839605660501658665544596958
INTRADAY_EVENT,351,False,20,6301.47,6301.47,2,0,0,0.3304272152907499378398883031
INTRADAY_EVENT,352,False,18,4785.55,4785.55,2,0,0,0.4915037221687397329559098859
INTRADAY_EVENT,353,False,23,3368.37,3368.37,2,0,0,0.6420884522450957265720132863
INTRADAY_EVENT,354,False,21,4856.54,4856.54,2,0,0,0.4839605660501658665544596958
INTRADAY_EVENT,355,False,22,5598.43,5598.43,1,0,0,0.4051298561923159476282464048
INTRADAY_EVENT,356,False,20,5369.82,5369.82,2,0,0,0.4294211777906702453889947913
INTRADAY_EVENT,357,False,28,5598.43,5598.43,1,0,0,0.4051298561923159476282464048
INTRADAY_EVENT,358,False,22,3368.37,3368.37,2,0,0,0.6420884522450957265720132863
INTRADAY_EVENT,359,False,29,5598.43,5598.43,1,0,0,0.4051298561923159476282464048
INTRADAY_EVENT,360,False,22,4856.54,4856.54,2,0,0,0.4839605660501658665544596958
INTRADAY_EVENT,361,False,26,3368.37,3368.37,2,0,0,0.6420884522450957265720132863
INTRADAY_EVENT,362,False,22,4785.55,4785.55,2,0,0,0.4915037221687397329559098859
INTRADAY_EVENT,363,False,26,5527.44,5527.44,1,0,0,0.4126730123108898140296965949
INTRADAY_EVENT,364,False,21,6301.47,6301.47,2,0,0,0.3304272152907499378398883031
INTRADAY_EVENT,365,False,21,3368.37,3368.37,2,0,0,0.6420884522450957265720132863
INTRADAY_EVENT,366,False,23,5527.44,5527.44,1,0,0,0.4126730123108898140296965949
INTRADAY_EVENT,367,False,22,3830.53,3830.53,3,0,0,0.5929809014385018669284829320
INTRADAY_EVENT,368,False,25,5527.44,5527.44,1,0,0,0.4126730123108898140296965949
INTRADAY_EVENT,369,False,24,5598.43,5598.43,1,0,0,0.4051298561923159476282464048
INTRADAY_EVENT,370,False,19,3368.37,3368.37,2,0,0,0.6420884522450957265720132863
INTRADAY_EVENT,371,False,26,3368.37,3368.37,2,0,0,0.6420884522450957265720132863
INTRADAY_EVENT,372,False,22,8301.62,8301.62,1,0,0,0.1178980744178732103731944347
INTRADAY_EVENT,373,False,24,5527.44,5527.44,1,0,0,0.4126730123108898140296965949
INTRADAY_EVENT,374,False,19,4785.55,4785.55,2,0,0,0.4915037221687397329559098859
INTRADAY_EVENT,375,False,21,4856.54,4856.54,2,0,0,0.4839605660501658665544596958
INTRADAY_EVENT,376,False,21,5527.44,5527.44,1,0,0,0.4126730123108898140296965949
INTRADAY_EVENT,377,False,21,4856.54,4856.54,2,0,0,0.4839605660501658665544596958
INTRADAY_EVENT,378,False,23,5692.92,5692.92,2,0,0,0.3950896699457453794316971942
INTRADAY_EVENT,379,False,19,5369.82,5369.82,2,0,0,0.4294211777906702453889947913
INTRADAY_EVENT,380,False,19,4785.55,4785.55,2,0,0,0.4915037221687397329559098859
INTRADAY_EVENT,381,False,27,5598.43,5598.43,1,0,0,0.4051298561923159476282464048
INTRADAY_EVENT,382,False,17,8301.62,8301.62,1,0,0,0.1178980744178732103731944347
INTRADAY_EVENT,383,False,21,5369.82,5369.82,2,0,0,0.4294211777906702453889947913
INTRADAY_EVENT,384,False,25,5598.43,5598.43,1,0,0,0.4051298561923159476282464048
INTRADAY_EVENT,385,False,21,4856.54,4856.54,2,0,0,0.4839605660501658665544596958
INTRADAY_EVENT,386,False,18,3368.37,3368.37,2,0,0,0.6420884522450957265720132863
INTRADAY_EVENT,387,False,18,7411.03,7411.03,1,0,0,0.2125291408728767274666938684
INTRADAY_EVENT,388,False,32,3368.37,3368.37,2,0,0,0.6420884522450957265720132863
INTRADAY_EVENT,389,False,31,3368.37,3368.37,2,0,0,0.6420884522450957265720132863
INTRADAY_EVENT,390,False,29,3368.37,3368.37,2,0,0,0.6420884522450957265720132863
INTRADAY_EVENT,391,False,24,5598.43,5598.43,1,0,0,0.4051298561923159476282464048
INTRADAY_EVENT,392,False,25,4856.54,4856.54,2,0,0,0.4839605660501658665544596958
INTRADAY_EVENT,393,False,21,3368.37,3368.37,2,0,0,0.6420884522450957265720132863
INTRADAY_EVENT,394,False,16,4785.55,4785.55,2,0,0,0.4915037221687397329559098859
INTRADAY_EVENT,395,False,24,4856.54,4856.54,2,0,0,0.4839605660501658665544596958
INTRADAY_EVENT,396,False,21,4856.54,4856.54,2,0,0,0.4839605660501658665544596958
INTRADAY_EVENT,397,False,26,5598.43,5598.43,1,0,0,0.4051298561923159476282464048
INTRADAY_EVENT,398,False,27,3368.37,3368.37,2,0,0,0.6420884522450957265720132863
INTRADAY_EVENT,399,False,25,3368.37,3368.37,2,0,0,0.6420884522450957265720132863
INTRADAY_EVENT,400,False,26,4572.42,4572.42,2,0,0,0.5141501915806519480022696410
INTRADAY_EVENT,401,False,19,8301.62,8301.62,1,0,0,0.1178980744178732103731944347
INTRADAY_EVENT,402,False,20,8301.62,8301.62,1,0,0,0.1178980744178732103731944347
INTRADAY_EVENT,403,False,22,3368.37,3368.37,2,0,0,0.6420884522450957265720132863
INTRADAY_EVENT,404,False,21,4856.54,4856.54,2,0,0,0.4839605660501658665544596958
INTRADAY_EVENT,405,False,25,5692.92,5692.92,2,0,0,0.3950896699457453794316971942
INTRADAY_EVENT,406,False,23,3368.37,3368.37,2,0,0,0.6420884522450957265720132863
INTRADAY_EVENT,407,False,24,3368.37,3368.37,2,0,0,0.6420884522450957265720132863
INTRADAY_EVENT,408,False,24,5598.43,5598.43,1,0,0,0.4051298561923159476282464048
INTRADAY_EVENT,409,False,21,5598.43,5598.43,1,0,0,0.4051298561923159476282464048
INTRADAY_EVENT,410,False,24,4785.55,4785.55,2,0,0,0.4915037221687397329559098859
INTRADAY_EVENT,411,False,22,4785.55,4785.55,2,0,0,0.4915037221687397329559098859
INTRADAY_EVENT,412,False,23,4856.54,4856.54,2,0,0,0.4839605660501658665544596958
INTRADAY_EVENT,413,False,23,5692.92,5692.92,2,0,0,0.3950896699457453794316971942
INTRADAY_EVENT,414,False,21,5692.92,5692.92,2,0,0,0.3950896699457453794316971942
INTRADAY_EVENT,415,False,25,3368.37,3368.37,2,0,0,0.6420884522450957265720132863
INTRADAY_EVENT,416,False,18,7411.03,7411.03,1,0,0,0.2125291408728767274666938684
INTRADAY_EVENT,417,False,23,5598.43,5598.43,1,0,0,0.4051298561923159476282464048
INTRADAY_EVENT,418,False,31,3368.37,3368.37,2,0,0,0.6420884522450957265720132863
INTRADAY_EVENT,419,False,26,3368.37,3368.37,2,0,0,0.6420884522450957265720132863
INTRADAY_EVENT,420,False,22,3368.37,3368.37,2,0,0,0.6420884522450957265720132863
INTRADAY_EVENT,421,False,23,5369.82,5369.82,2,0,0,0.4294211777906702453889947913
INTRADAY_EVENT,422,False,24,7411.03,7411.03,1,0,0,0.2125291408728767274666938684
INTRADAY_EVENT,423,False,22,5527.44,5527.44,1,0,0,0.4126730123108898140296965949
INTRADAY_EVENT,424,False,27,3368.37,3368.37,2,0,0,0.6420884522450957265720132863
INTRADAY_EVENT,425,False,25,3368.37,3368.37,2,0,0,0.6420884522450957265720132863
INTRADAY_EVENT,426,False,21,8301.62,8301.62,1,0,0,0.1178980744178732103731944347
INTRADAY_EVENT,427,False,28,3368.37,3368.37,2,0,0,0.6420884522450957265720132863
INTRADAY_EVENT,428,False,21,3368.37,3368.37,2,0,0,0.6420884522450957265720132863
INTRADAY_EVENT,429,False,20,4785.55,4785.55,2,0,0,0.4915037221687397329559098859
INTRADAY_EVENT,430,False,21,7411.03,7411.03,1,0,0,0.2125291408728767274666938684
INTRADAY_EVENT,431,False,23,3368.37,3368.37,2,0,0,0.6420884522450957265720132863
INTRADAY_EVENT,432,False,25,3368.37,3368.37,2,0,0,0.6420884522450957265720132863
INTRADAY_EVENT,433,False,18,7411.03,7411.03,1,0,0,0.2125291408728767274666938684
INTRADAY_EVENT,434,False,16,3368.37,3368.37,2,0,0,0.6420884522450957265720132863
INTRADAY_EVENT,435,False,27,3368.37,3368.37,2,0,0,0.6420884522450957265720132863
INTRADAY_EVENT,436,False,28,3368.37,3368.37,2,0,0,0.6420884522450957265720132863
INTRADAY_EVENT,437,False,20,4572.42,4572.42,2,0,0,0.5141501915806519480022696410
INTRADAY_EVENT,438,False,26,5598.43,5598.43,1,0,0,0.4051298561923159476282464048
INTRADAY_EVENT,439,False,22,4785.55,4785.55,2,0,0,0.4915037221687397329559098859
INTRADAY_EVENT,440,False,24,3368.37,3368.37,2,0,0,0.6420884522450957265720132863
INTRADAY_EVENT,441,False,21,7411.03,7411.03,1,0,0,0.2125291408728767274666938684
INTRADAY_EVENT,442,False,21,3830.53,3830.53,3,0,0,0.5929809014385018669284829320
INTRADAY_EVENT,443,False,21,6802.48,6802.48,1,0,0,0.2771915955278721690585027595
INTRADAY_EVENT,444,False,21,4785.55,4785.55,2,0,0,0.4915037221687397329559098859
INTRADAY_EVENT,445,False,24,5369.82,5369.82,2,0,0,0.4294211777906702453889947913
INTRADAY_EVENT,446,False,20,7411.03,7411.03,1,0,0,0.2125291408728767274666938684
INTRADAY_EVENT,447,False,21,8301.62,8301.62,1,0,0,0.1178980744178732103731944347
INTRADAY_EVENT,448,False,23,6802.48,6802.48,1,0,0,0.2771915955278721690585027595
INTRADAY_EVENT,449,False,20,5369.82,5369.82,2,0,0,0.4294211777906702453889947913
INTRADAY_EVENT,450,False,20,7411.03,7411.03,1,0,0,0.2125291408728767274666938684
INTRADAY_EVENT,451,False,23,3368.37,3368.37,2,0,0,0.6420884522450957265720132863
INTRADAY_EVENT,452,False,24,5598.43,5598.43,1,0,0,0.4051298561923159476282464048
INTRADAY_EVENT,453,False,28,4572.42,4572.42,2,0,0,0.5141501915806519480022696410
INTRADAY_EVENT,454,False,18,6301.47,6301.47,2,0,0,0.3304272152907499378398883031
INTRADAY_EVENT,455,False,29,4572.42,4572.42,2,0,0,0.5141501915806519480022696410
INTRADAY_EVENT,456,False,20,8301.62,8301.62,1,0,0,0.1178980744178732103731944347
INTRADAY_EVENT,457,False,24,5598.43,5598.43,1,0,0,0.4051298561923159476282464048
INTRADAY_EVENT,458,False,23,4572.42,4572.42,2,0,0,0.5141501915806519480022696410
INTRADAY_EVENT,459,False,18,6301.47,6301.47,2,0,0,0.3304272152907499378398883031
INTRADAY_EVENT,460,False,20,6802.48,6802.48,1,0,0,0.2771915955278721690585027595
INTRADAY_EVENT,461,False,21,4785.55,4785.55,2,0,0,0.4915037221687397329559098859
INTRADAY_EVENT,462,False,18,5527.44,5527.44,1,0,0,0.4126730123108898140296965949
INTRADAY_EVENT,463,False,21,9411.18,9411.18,0,0,0,0
INTRADAY_EVENT,464,False,21,4572.42,4572.42,2,0,0,0.5141501915806519480022696410
INTRADAY_EVENT,465,False,28,3368.37,3368.37,2,0,0,0.6420884522450957265720132863
INTRADAY_EVENT,466,False,21,3368.37,3368.37,2,0,0,0.6420884522450957265720132863
INTRADAY_EVENT,467,False,28,3368.37,3368.37,2,0,0,0.6420884522450957265720132863
INTRADAY_EVENT,468,False,29,3368.37,3368.37,2,0,0,0.6420884522450957265720132863
INTRADAY_EVENT,469,False,25,5598.43,5598.43,1,0,0,0.4051298561923159476282464048
INTRADAY_EVENT,470,False,23,4785.55,4785.55,2,0,0,0.4915037221687397329559098859
INTRADAY_EVENT,471,False,19,6301.47,6301.47,2,0,0,0.3304272152907499378398883031
INTRADAY_EVENT,472,False,19,6301.47,6301.47,2,0,0,0.3304272152907499378398883031
INTRADAY_EVENT,473,False,21,5692.92,5692.92,2,0,0,0.3950896699457453794316971942
INTRADAY_EVENT,474,False,25,6802.48,6802.48,1,0,0,0.2771915955278721690585027595
INTRADAY_EVENT,475,False,19,8301.62,8301.62,1,0,0,0.1178980744178732103731944347
INTRADAY_EVENT,476,False,26,5598.43,5598.43,1,0,0,0.4051298561923159476282464048
INTRADAY_EVENT,477,False,25,5598.43,5598.43,1,0,0,0.4051298561923159476282464048
INTRADAY_EVENT,478,False,27,5527.44,5527.44,1,0,0,0.4126730123108898140296965949
INTRADAY_EVENT,479,False,20,4856.54,4856.54,2,0,0,0.4839605660501658665544596958
INTRADAY_EVENT,480,False,25,3368.37,3368.37,2,0,0,0.6420884522450957265720132863
INTRADAY_EVENT,481,False,20,4856.54,4856.54,2,0,0,0.4839605660501658665544596958
INTRADAY_EVENT,482,False,22,3830.53,3830.53,3,0,0,0.5929809014385018669284829320
INTRADAY_EVENT,483,False,25,5369.82,5369.82,2,0,0,0.4294211777906702453889947913
INTRADAY_EVENT,484,False,24,4856.54,4856.54,2,0,0,0.4839605660501658665544596958
INTRADAY_EVENT,485,False,21,4572.42,4572.42,2,0,0,0.5141501915806519480022696410
INTRADAY_EVENT,486,False,19,4572.42,4572.42,2,0,0,0.5141501915806519480022696410
INTRADAY_EVENT,487,False,26,3368.37,3368.37,2,0,0,0.6420884522450957265720132863
INTRADAY_EVENT,488,False,22,4856.54,4856.54,2,0,0,0.4839605660501658665544596958
INTRADAY_EVENT,489,False,22,4572.42,4572.42,2,0,0,0.5141501915806519480022696410
INTRADAY_EVENT,490,False,22,8301.62,8301.62,1,0,0,0.1178980744178732103731944347
INTRADAY_EVENT,491,False,22,3368.37,3368.37,2,0,0,0.6420884522450957265720132863
INTRADAY_EVENT,492,False,24,3368.37,3368.37,2,0,0,0.6420884522450957265720132863
INTRADAY_EVENT,493,False,28,3368.37,3368.37,2,0,0,0.6420884522450957265720132863
INTRADAY_EVENT,494,False,24,5692.92,5692.92,2,0,0,0.3950896699457453794316971942
INTRADAY_EVENT,495,False,21,6301.47,6301.47,2,0,0,0.3304272152907499378398883031
INTRADAY_EVENT,496,False,23,3368.37,3368.37,2,0,0,0.6420884522450957265720132863
INTRADAY_EVENT,497,False,20,3368.37,3368.37,2,0,0,0.6420884522450957265720132863
INTRADAY_EVENT,498,False,27,5598.43,5598.43,1,0,0,0.4051298561923159476282464048
INTRADAY_EVENT,499,False,19,3368.37,3368.37,2,0,0,0.6420884522450957265720132863
INTRADAY_EVENT,500,False,25,5692.92,5692.92,2,0,0,0.3950896699457453794316971942
INTRADAY_EVENT,501,False,21,5598.43,5598.43,1,0,0,0.4051298561923159476282464048
INTRADAY_EVENT,502,False,17,4785.55,4785.55,2,0,0,0.4915037221687397329559098859
INTRADAY_EVENT,503,False,26,5598.43,5598.43,1,0,0,0.4051298561923159476282464048
INTRADAY_EVENT,504,False,22,4856.54,4856.54,2,0,0,0.4839605660501658665544596958
INTRADAY_EVENT,505,False,16,5369.82,5369.82,2,0,0,0.4294211777906702453889947913
INTRADAY_EVENT,506,False,17,3368.37,3368.37,2,0,0,0.6420884522450957265720132863
INTRADAY_EVENT,507,False,26,5598.43,5598.43,1,0,0,0.4051298561923159476282464048
INTRADAY_EVENT,508,False,25,3368.37,3368.37,2,0,0,0.6420884522450957265720132863
INTRADAY_EVENT,509,False,20,4572.42,4572.42,2,0,0,0.5141501915806519480022696410
INTRADAY_EVENT,510,False,17,6301.47,6301.47,2,0,0,0.3304272152907499378398883031
INTRADAY_EVENT,511,False,23,3368.37,3368.37,2,0,0,0.6420884522450957265720132863
INTRADAY_EVENT,512,False,18,6301.47,6301.47,2,0,0,0.3304272152907499378398883031
INTRADAY_EVENT,513,False,23,5527.44,5527.44,1,0,0,0.4126730123108898140296965949
INTRADAY_EVENT,514,False,21,5369.82,5369.82,2,0,0,0.4294211777906702453889947913
INTRADAY_EVENT,515,False,26,4572.42,4572.42,2,0,0,0.5141501915806519480022696410
INTRADAY_EVENT,516,False,26,5598.43,5598.43,1,0,0,0.4051298561923159476282464048
INTRADAY_EVENT,517,False,26,4572.42,4572.42,2,0,0,0.5141501915806519480022696410
INTRADAY_EVENT,518,False,20,3830.53,3830.53,3,0,0,0.5929809014385018669284829320
INTRADAY_EVENT,519,False,17,4856.54,4856.54,2,0,0,0.4839605660501658665544596958
INTRADAY_EVENT,520,False,22,4785.55,4785.55,2,0,0,0.4915037221687397329559098859
INTRADAY_EVENT,521,False,24,4785.55,4785.55,2,0,0,0.4915037221687397329559098859
INTRADAY_EVENT,522,False,24,5598.43,5598.43,1,0,0,0.4051298561923159476282464048
INTRADAY_EVENT,523,False,24,9411.18,9411.18,0,0,0,0
INTRADAY_EVENT,524,False,21,3830.53,3830.53,3,0,0,0.5929809014385018669284829320
INTRADAY_EVENT,525,False,25,5527.44,5527.44,1,0,0,0.4126730123108898140296965949
INTRADAY_EVENT,526,False,19,5692.92,5692.92,2,0,0,0.3950896699457453794316971942
INTRADAY_EVENT,527,False,28,3368.37,3368.37,2,0,0,0.6420884522450957265720132863
INTRADAY_EVENT,528,False,26,3368.37,3368.37,2,0,0,0.6420884522450957265720132863
INTRADAY_EVENT,529,False,19,4785.55,4785.55,2,0,0,0.4915037221687397329559098859
INTRADAY_EVENT,530,False,22,4785.55,4785.55,2,0,0,0.4915037221687397329559098859
INTRADAY_EVENT,531,False,21,6301.47,6301.47,2,0,0,0.3304272152907499378398883031
INTRADAY_EVENT,532,False,27,5598.43,5598.43,1,0,0,0.4051298561923159476282464048
INTRADAY_EVENT,533,False,21,4785.55,4785.55,2,0,0,0.4915037221687397329559098859
INTRADAY_EVENT,534,False,25,9411.18,9411.18,0,0,0,0
INTRADAY_EVENT,535,False,20,3368.37,3368.37,2,0,0,0.6420884522450957265720132863
INTRADAY_EVENT,536,False,26,5598.43,5598.43,1,0,0,0.4051298561923159476282464048
INTRADAY_EVENT,537,False,26,3368.37,3368.37,2,0,0,0.6420884522450957265720132863
INTRADAY_EVENT,538,False,22,5369.82,5369.82,2,0,0,0.4294211777906702453889947913
INTRADAY_EVENT,539,False,23,3368.37,3368.37,2,0,0,0.6420884522450957265720132863
INTRADAY_EVENT,540,False,26,5598.43,5598.43,1,0,0,0.4051298561923159476282464048
INTRADAY_EVENT,541,False,24,4572.42,4572.42,2,0,0,0.5141501915806519480022696410
INTRADAY_EVENT,542,False,20,5369.82,5369.82,2,0,0,0.4294211777906702453889947913
INTRADAY_EVENT,543,False,25,3368.37,3368.37,2,0,0,0.6420884522450957265720132863
INTRADAY_EVENT,544,False,23,3830.53,3830.53,3,0,0,0.5929809014385018669284829320
INTRADAY_EVENT,545,False,25,3830.53,3830.53,3,0,0,0.5929809014385018669284829320
INTRADAY_EVENT,546,False,24,8301.62,8301.62,1,0,0,0.1178980744178732103731944347
INTRADAY_EVENT,547,False,17,7411.03,7411.03,1,0,0,0.2125291408728767274666938684
INTRADAY_EVENT,548,False,22,4572.42,4572.42,2,0,0,0.5141501915806519480022696410
INTRADAY_EVENT,549,False,26,4572.42,4572.42,2,0,0,0.5141501915806519480022696410
INTRADAY_EVENT,550,False,21,4856.54,4856.54,2,0,0,0.4839605660501658665544596958
INTRADAY_EVENT,551,False,22,5369.82,5369.82,2,0,0,0.4294211777906702453889947913
INTRADAY_EVENT,552,False,22,4785.55,4785.55,2,0,0,0.4915037221687397329559098859
INTRADAY_EVENT,553,False,23,3830.53,3830.53,3,0,0,0.5929809014385018669284829320
INTRADAY_EVENT,554,False,21,3368.37,3368.37,2,0,0,0.6420884522450957265720132863
INTRADAY_EVENT,555,False,19,4785.55,4785.55,2,0,0,0.4915037221687397329559098859
INTRADAY_EVENT,556,False,27,5527.44,5527.44,1,0,0,0.4126730123108898140296965949
INTRADAY_EVENT,557,False,21,5527.44,5527.44,1,0,0,0.4126730123108898140296965949
INTRADAY_EVENT,558,False,28,5598.43,5598.43,1,0,0,0.4051298561923159476282464048
INTRADAY_EVENT,559,False,21,5369.82,5369.82,2,0,0,0.4294211777906702453889947913
INTRADAY_EVENT,560,False,21,3368.37,3368.37,2,0,0,0.6420884522450957265720132863
INTRADAY_EVENT,561,False,24,5527.44,5527.44,1,0,0,0.4126730123108898140296965949
INTRADAY_EVENT,562,False,19,4856.54,4856.54,2,0,0,0.4839605660501658665544596958
INTRADAY_EVENT,563,False,17,4856.54,4856.54,2,0,0,0.4839605660501658665544596958
INTRADAY_EVENT,564,False,24,7411.03,7411.03,1,0,0,0.2125291408728767274666938684
INTRADAY_EVENT,565,False,28,4856.54,4856.54,2,0,0,0.4839605660501658665544596958
INTRADAY_EVENT,566,False,24,3368.37,3368.37,2,0,0,0.6420884522450957265720132863
INTRADAY_EVENT,567,False,28,4572.42,4572.42,2,0,0,0.5141501915806519480022696410
INTRADAY_EVENT,568,False,27,3368.37,3368.37,2,0,0,0.6420884522450957265720132863
INTRADAY_EVENT,569,False,21,4856.54,4856.54,2,0,0,0.4839605660501658665544596958
INTRADAY_EVENT,570,False,21,7411.03,7411.03,1,0,0,0.2125291408728767274666938684
INTRADAY_EVENT,571,False,21,4856.54,4856.54,2,0,0,0.4839605660501658665544596958
INTRADAY_EVENT,572,False,27,3368.37,3368.37,2,0,0,0.6420884522450957265720132863
INTRADAY_EVENT,573,False,24,5598.43,5598.43,1,0,0,0.4051298561923159476282464048
INTRADAY_EVENT,574,False,19,3830.53,3830.53,3,0,0,0.5929809014385018669284829320
INTRADAY_EVENT,575,False,21,4785.55,4785.55,2,0,0,0.4915037221687397329559098859
INTRADAY_EVENT,576,False,23,3368.37,3368.37,2,0,0,0.6420884522450957265720132863
INTRADAY_EVENT,577,False,26,3368.37,3368.37,2,0,0,0.6420884522450957265720132863
INTRADAY_EVENT,578,False,22,3368.37,3368.37,2,0,0,0.6420884522450957265720132863
INTRADAY_EVENT,579,False,25,4572.42,4572.42,2,0,0,0.5141501915806519480022696410
INTRADAY_EVENT,580,False,23,5692.92,5692.92,2,0,0,0.3950896699457453794316971942
INTRADAY_EVENT,581,False,20,4785.55,4785.55,2,0,0,0.4915037221687397329559098859
INTRADAY_EVENT,582,False,24,3368.37,3368.37,2,0,0,0.6420884522450957265720132863
INTRADAY_EVENT,583,False,19,6301.47,6301.47,2,0,0,0.3304272152907499378398883031
INTRADAY_EVENT,584,False,23,3368.37,3368.37,2,0,0,0.6420884522450957265720132863
INTRADAY_EVENT,585,False,22,4572.42,4572.42,2,0,0,0.5141501915806519480022696410
INTRADAY_EVENT,586,False,20,4856.54,4856.54,2,0,0,0.4839605660501658665544596958
INTRADAY_EVENT,587,False,29,3368.37,3368.37,2,0,0,0.6420884522450957265720132863
INTRADAY_EVENT,588,False,23,4785.55,4785.55,2,0,0,0.4915037221687397329559098859
INTRADAY_EVENT,589,False,16,3368.37,3368.37,2,0,0,0.6420884522450957265720132863
INTRADAY_EVENT,590,False,24,3368.37,3368.37,2,0,0,0.6420884522450957265720132863
INTRADAY_EVENT,591,False,19,5369.82,5369.82,2,0,0,0.4294211777906702453889947913
INTRADAY_EVENT,592,False,22,6802.48,6802.48,1,0,0,0.2771915955278721690585027595
INTRADAY_EVENT,593,False,21,4785.55,4785.55,2,0,0,0.4915037221687397329559098859
INTRADAY_EVENT,594,False,21,5692.92,5692.92,2,0,0,0.3950896699457453794316971942
INTRADAY_EVENT,595,False,17,6301.47,6301.47,2,0,0,0.3304272152907499378398883031
INTRADAY_EVENT,596,False,25,3368.37,3368.37,2,0,0,0.6420884522450957265720132863
INTRADAY_EVENT,597,False,18,4785.55,4785.55,2,0,0,0.4915037221687397329559098859
INTRADAY_EVENT,598,False,20,5527.44,5527.44,1,0,0,0.4126730123108898140296965949
INTRADAY_EVENT,599,False,24,5598.43,5598.43,1,0,0,0.4051298561923159476282464048
INTRADAY_EVENT,600,False,23,5527.44,5527.44,1,0,0,0.4126730123108898140296965949
INTRADAY_EVENT,601,False,27,3368.37,3368.37,2,0,0,0.6420884522450957265720132863
INTRADAY_EVENT,602,False,23,4785.55,4785.55,2,0,0,0.4915037221687397329559098859
INTRADAY_EVENT,603,False,21,5527.44,5527.44,1,0,0,0.4126730123108898140296965949
INTRADAY_EVENT,604,False,17,6301.47,6301.47,2,0,0,0.3304272152907499378398883031
INTRADAY_EVENT,605,False,25,4856.54,4856.54,2,0,0,0.4839605660501658665544596958
INTRADAY_EVENT,606,False,17,6301.47,6301.47,2,0,0,0.3304272152907499378398883031
INTRADAY_EVENT,607,False,22,3368.37,3368.37,2,0,0,0.6420884522450957265720132863
INTRADAY_EVENT,608,False,22,4572.42,4572.42,2,0,0,0.5141501915806519480022696410
INTRADAY_EVENT,609,False,20,5692.92,5692.92,2,0,0,0.3950896699457453794316971942
INTRADAY_EVENT,610,False,27,5598.43,5598.43,1,0,0,0.4051298561923159476282464048
INTRADAY_EVENT,611,False,22,4572.42,4572.42,2,0,0,0.5141501915806519480022696410
INTRADAY_EVENT,612,False,23,4856.54,4856.54,2,0,0,0.4839605660501658665544596958
INTRADAY_EVENT,613,False,28,5598.43,5598.43,1,0,0,0.4051298561923159476282464048
INTRADAY_EVENT,614,False,26,5598.43,5598.43,1,0,0,0.4051298561923159476282464048
INTRADAY_EVENT,615,False,27,9411.18,9411.18,0,0,0,0
INTRADAY_EVENT,616,False,22,3368.37,3368.37,2,0,0,0.6420884522450957265720132863
INTRADAY_EVENT,617,False,22,3368.37,3368.37,2,0,0,0.6420884522450957265720132863
INTRADAY_EVENT,618,False,24,5598.43,5598.43,1,0,0,0.4051298561923159476282464048
INTRADAY_EVENT,619,False,21,4856.54,4856.54,2,0,0,0.4839605660501658665544596958
INTRADAY_EVENT,620,False,22,4572.42,4572.42,2,0,0,0.5141501915806519480022696410
INTRADAY_EVENT,621,False,26,4572.42,4572.42,2,0,0,0.5141501915806519480022696410
INTRADAY_EVENT,622,False,26,3368.37,3368.37,2,0,0,0.6420884522450957265720132863
INTRADAY_EVENT,623,False,25,3368.37,3368.37,2,0,0,0.6420884522450957265720132863
INTRADAY_EVENT,624,False,18,5369.82,5369.82,2,0,0,0.4294211777906702453889947913
INTRADAY_EVENT,625,False,22,5369.82,5369.82,2,0,0,0.4294211777906702453889947913
INTRADAY_EVENT,626,False,23,7411.03,7411.03,1,0,0,0.2125291408728767274666938684
INTRADAY_EVENT,627,False,21,3368.37,3368.37,2,0,0,0.6420884522450957265720132863
INTRADAY_EVENT,628,False,20,4785.55,4785.55,2,0,0,0.4915037221687397329559098859
INTRADAY_EVENT,629,False,26,3830.53,3830.53,3,0,0,0.5929809014385018669284829320
INTRADAY_EVENT,630,False,26,3368.37,3368.37,2,0,0,0.6420884522450957265720132863
INTRADAY_EVENT,631,False,23,5527.44,5527.44,1,0,0,0.4126730123108898140296965949
INTRADAY_EVENT,632,False,16,4856.54,4856.54,2,0,0,0.4839605660501658665544596958
INTRADAY_EVENT,633,False,20,3368.37,3368.37,2,0,0,0.6420884522450957265720132863
INTRADAY_EVENT,634,False,24,5598.43,5598.43,1,0,0,0.4051298561923159476282464048
INTRADAY_EVENT,635,False,26,3368.37,3368.37,2,0,0,0.6420884522450957265720132863
INTRADAY_EVENT,636,False,22,4572.42,4572.42,2,0,0,0.5141501915806519480022696410
INTRADAY_EVENT,637,False,27,5527.44,5527.44,1,0,0,0.4126730123108898140296965949
INTRADAY_EVENT,638,False,15,6301.47,6301.47,2,0,0,0.3304272152907499378398883031
INTRADAY_EVENT,639,False,18,3368.37,3368.37,2,0,0,0.6420884522450957265720132863
INTRADAY_EVENT,640,False,25,3368.37,3368.37,2,0,0,0.6420884522450957265720132863
INTRADAY_EVENT,641,False,22,3368.37,3368.37,2,0,0,0.6420884522450957265720132863
INTRADAY_EVENT,642,False,21,3830.53,3830.53,3,0,0,0.5929809014385018669284829320
INTRADAY_EVENT,643,False,23,9411.18,9411.18,0,0,0,0
INTRADAY_EVENT,644,False,27,3368.37,3368.37,2,0,0,0.6420884522450957265720132863
INTRADAY_EVENT,645,False,22,5527.44,5527.44,1,0,0,0.4126730123108898140296965949
INTRADAY_EVENT,646,False,24,4572.42,4572.42,2,0,0,0.5141501915806519480022696410
INTRADAY_EVENT,647,False,15,5369.82,5369.82,2,0,0,0.4294211777906702453889947913
INTRADAY_EVENT,648,False,21,4785.55,4785.55,2,0,0,0.4915037221687397329559098859
INTRADAY_EVENT,649,False,21,4856.54,4856.54,2,0,0,0.4839605660501658665544596958
INTRADAY_EVENT,650,False,22,3368.37,3368.37,2,0,0,0.6420884522450957265720132863
INTRADAY_EVENT,651,False,22,3368.37,3368.37,2,0,0,0.6420884522450957265720132863
INTRADAY_EVENT,652,False,22,3368.37,3368.37,2,0,0,0.6420884522450957265720132863
INTRADAY_EVENT,653,False,24,4572.42,4572.42,2,0,0,0.5141501915806519480022696410
INTRADAY_EVENT,654,False,22,4856.54,4856.54,2,0,0,0.4839605660501658665544596958
INTRADAY_EVENT,655,False,21,6802.48,6802.48,1,0,0,0.2771915955278721690585027595
INTRADAY_EVENT,656,False,25,5598.43,5598.43,1,0,0,0.4051298561923159476282464048
INTRADAY_EVENT,657,False,23,4856.54,4856.54,2,0,0,0.4839605660501658665544596958
INTRADAY_EVENT,658,False,26,5692.92,5692.92,2,0,0,0.3950896699457453794316971942
INTRADAY_EVENT,659,False,19,4785.55,4785.55,2,0,0,0.4915037221687397329559098859
INTRADAY_EVENT,660,False,21,4856.54,4856.54,2,0,0,0.4839605660501658665544596958
INTRADAY_EVENT,661,False,25,4856.54,4856.54,2,0,0,0.4839605660501658665544596958
INTRADAY_EVENT,662,False,24,5369.82,5369.82,2,0,0,0.4294211777906702453889947913
INTRADAY_EVENT,663,False,26,3830.53,3830.53,3,0,0,0.5929809014385018669284829320
INTRADAY_EVENT,664,False,21,3368.37,3368.37,2,0,0,0.6420884522450957265720132863
INTRADAY_EVENT,665,False,20,3368.37,3368.37,2,0,0,0.6420884522450957265720132863
INTRADAY_EVENT,666,False,32,3368.37,3368.37,2,0,0,0.6420884522450957265720132863
INTRADAY_EVENT,667,False,21,3368.37,3368.37,2,0,0,0.6420884522450957265720132863
INTRADAY_EVENT,668,False,23,4856.54,4856.54,2,0,0,0.4839605660501658665544596958
INTRADAY_EVENT,669,False,28,3368.37,3368.37,2,0,0,0.6420884522450957265720132863
INTRADAY_EVENT,670,False,21,6301.47,6301.47,2,0,0,0.3304272152907499378398883031
INTRADAY_EVENT,671,False,21,6802.48,6802.48,1,0,0,0.2771915955278721690585027595
INTRADAY_EVENT,672,False,21,3368.37,3368.37,2,0,0,0.6420884522450957265720132863
INTRADAY_EVENT,673,False,25,5369.82,5369.82,2,0,0,0.4294211777906702453889947913
INTRADAY_EVENT,674,False,23,3830.53,3830.53,3,0,0,0.5929809014385018669284829320
INTRADAY_EVENT,675,False,21,8301.62,8301.62,1,0,0,0.1178980744178732103731944347
INTRADAY_EVENT,676,False,23,3830.53,3830.53,3,0,0,0.5929809014385018669284829320
INTRADAY_EVENT,677,False,18,5369.82,5369.82,2,0,0,0.4294211777906702453889947913
INTRADAY_EVENT,678,False,25,4572.42,4572.42,2,0,0,0.5141501915806519480022696410
INTRADAY_EVENT,679,False,22,4572.42,4572.42,2,0,0,0.5141501915806519480022696410
INTRADAY_EVENT,680,False,20,4785.55,4785.55,2,0,0,0.4915037221687397329559098859
INTRADAY_EVENT,681,False,22,5369.82,5369.82,2,0,0,0.4294211777906702453889947913
INTRADAY_EVENT,682,False,21,9411.18,9411.18,0,0,0,0
INTRADAY_EVENT,683,False,28,3368.37,3368.37,2,0,0,0.6420884522450957265720132863
INTRADAY_EVENT,684,False,28,5598.43,5598.43,1,0,0,0.4051298561923159476282464048
INTRADAY_EVENT,685,False,27,3368.37,3368.37,2,0,0,0.6420884522450957265720132863
INTRADAY_EVENT,686,False,22,6301.47,6301.47,2,0,0,0.3304272152907499378398883031
INTRADAY_EVENT,687,False,22,4856.54,4856.54,2,0,0,0.4839605660501658665544596958
INTRADAY_EVENT,688,False,24,4856.54,4856.54,2,0,0,0.4839605660501658665544596958
INTRADAY_EVENT,689,False,20,4856.54,4856.54,2,0,0,0.4839605660501658665544596958
INTRADAY_EVENT,690,False,20,4785.55,4785.55,2,0,0,0.4915037221687397329559098859
INTRADAY_EVENT,691,False,25,3368.37,3368.37,2,0,0,0.6420884522450957265720132863
INTRADAY_EVENT,692,False,26,5598.43,5598.43,1,0,0,0.4051298561923159476282464048
INTRADAY_EVENT,693,False,19,4856.54,4856.54,2,0,0,0.4839605660501658665544596958
INTRADAY_EVENT,694,False,22,5527.44,5527.44,1,0,0,0.4126730123108898140296965949
INTRADAY_EVENT,695,False,21,4856.54,4856.54,2,0,0,0.4839605660501658665544596958
INTRADAY_EVENT,696,False,22,4572.42,4572.42,2,0,0,0.5141501915806519480022696410
INTRADAY_EVENT,697,False,19,6301.47,6301.47,2,0,0,0.3304272152907499378398883031
INTRADAY_EVENT,698,False,25,4856.54,4856.54,2,0,0,0.4839605660501658665544596958
INTRADAY_EVENT,699,False,24,3368.37,3368.37,2,0,0,0.6420884522450957265720132863
INTRADAY_EVENT,700,False,20,3368.37,3368.37,2,0,0,0.6420884522450957265720132863
INTRADAY_EVENT,701,False,24,5692.92,5692.92,2,0,0,0.3950896699457453794316971942
INTRADAY_EVENT,702,False,20,4572.42,4572.42,2,0,0,0.5141501915806519480022696410
INTRADAY_EVENT,703,False,19,4856.54,4856.54,2,0,0,0.4839605660501658665544596958
INTRADAY_EVENT,704,False,27,5527.44,5527.44,1,0,0,0.4126730123108898140296965949
INTRADAY_EVENT,705,False,20,5369.82,5369.82,2,0,0,0.4294211777906702453889947913
INTRADAY_EVENT,706,False,22,3830.53,3830.53,3,0,0,0.5929809014385018669284829320
INTRADAY_EVENT,707,False,23,3830.53,3830.53,3,0,0,0.5929809014385018669284829320
INTRADAY_EVENT,708,False,23,9411.18,9411.18,0,0,0,0
INTRADAY_EVENT,709,False,21,4785.55,4785.55,2,0,0,0.4915037221687397329559098859
INTRADAY_EVENT,710,False,24,9411.18,9411.18,0,0,0,0
INTRADAY_EVENT,711,False,25,3368.37,3368.37,2,0,0,0.6420884522450957265720132863
INTRADAY_EVENT,712,False,22,4856.54,4856.54,2,0,0,0.4839605660501658665544596958
INTRADAY_EVENT,713,False,18,6301.47,6301.47,2,0,0,0.3304272152907499378398883031
INTRADAY_EVENT,714,False,29,3368.37,3368.37,2,0,0,0.6420884522450957265720132863
INTRADAY_EVENT,715,False,20,5692.92,5692.92,2,0,0,0.3950896699457453794316971942
INTRADAY_EVENT,716,False,24,5598.43,5598.43,1,0,0,0.4051298561923159476282464048
INTRADAY_EVENT,717,False,23,3368.37,3368.37,2,0,0,0.6420884522450957265720132863
INTRADAY_EVENT,718,False,25,4572.42,4572.42,2,0,0,0.5141501915806519480022696410
INTRADAY_EVENT,719,False,21,7411.03,7411.03,1,0,0,0.2125291408728767274666938684
INTRADAY_EVENT,720,False,23,5369.82,5369.82,2,0,0,0.4294211777906702453889947913
INTRADAY_EVENT,721,False,23,5369.82,5369.82,2,0,0,0.4294211777906702453889947913
INTRADAY_EVENT,722,False,24,5369.82,5369.82,2,0,0,0.4294211777906702453889947913
INTRADAY_EVENT,723,False,21,4856.54,4856.54,2,0,0,0.4839605660501658665544596958
INTRADAY_EVENT,724,False,20,3830.53,3830.53,3,0,0,0.5929809014385018669284829320
INTRADAY_EVENT,725,False,25,3368.37,3368.37,2,0,0,0.6420884522450957265720132863
INTRADAY_EVENT,726,False,25,3368.37,3368.37,2,0,0,0.6420884522450957265720132863
INTRADAY_EVENT,727,False,26,3830.53,3830.53,3,0,0,0.5929809014385018669284829320
INTRADAY_EVENT,728,False,29,5598.43,5598.43,1,0,0,0.4051298561923159476282464048
INTRADAY_EVENT,729,False,23,4856.54,4856.54,2,0,0,0.4839605660501658665544596958
INTRADAY_EVENT,730,False,21,5692.92,5692.92,2,0,0,0.3950896699457453794316971942
INTRADAY_EVENT,731,False,22,6802.48,6802.48,1,0,0,0.2771915955278721690585027595
INTRADAY_EVENT,732,False,24,4856.54,4856.54,2,0,0,0.4839605660501658665544596958
INTRADAY_EVENT,733,False,22,3368.37,3368.37,2,0,0,0.6420884522450957265720132863
INTRADAY_EVENT,734,False,28,5598.43,5598.43,1,0,0,0.4051298561923159476282464048
INTRADAY_EVENT,735,False,19,3368.37,3368.37,2,0,0,0.6420884522450957265720132863
INTRADAY_EVENT,736,False,24,5527.44,5527.44,1,0,0,0.4126730123108898140296965949
INTRADAY_EVENT,737,False,23,4785.55,4785.55,2,0,0,0.4915037221687397329559098859
INTRADAY_EVENT,738,False,25,4572.42,4572.42,2,0,0,0.5141501915806519480022696410
INTRADAY_EVENT,739,False,26,5598.43,5598.43,1,0,0,0.4051298561923159476282464048
INTRADAY_EVENT,740,False,26,3368.37,3368.37,2,0,0,0.6420884522450957265720132863
INTRADAY_EVENT,741,False,20,4856.54,4856.54,2,0,0,0.4839605660501658665544596958
INTRADAY_EVENT,742,False,20,4856.54,4856.54,2,0,0,0.4839605660501658665544596958
INTRADAY_EVENT,743,False,20,3368.37,3368.37,2,0,0,0.6420884522450957265720132863
INTRADAY_EVENT,744,False,23,5369.82,5369.82,2,0,0,0.4294211777906702453889947913
INTRADAY_EVENT,745,False,23,4572.42,4572.42,2,0,0,0.5141501915806519480022696410
INTRADAY_EVENT,746,False,22,4856.54,4856.54,2,0,0,0.4839605660501658665544596958
INTRADAY_EVENT,747,False,26,3368.37,3368.37,2,0,0,0.6420884522450957265720132863
INTRADAY_EVENT,748,False,20,5692.92,5692.92,2,0,0,0.3950896699457453794316971942
INTRADAY_EVENT,749,False,23,3830.53,3830.53,3,0,0,0.5929809014385018669284829320
INTRADAY_EVENT,750,False,22,3368.37,3368.37,2,0,0,0.6420884522450957265720132863
INTRADAY_EVENT,751,False,22,3368.37,3368.37,2,0,0,0.6420884522450957265720132863
INTRADAY_EVENT,752,False,24,4572.42,4572.42,2,0,0,0.5141501915806519480022696410
INTRADAY_EVENT,753,False,18,5369.82,5369.82,2,0,0,0.4294211777906702453889947913
INTRADAY_EVENT,754,False,27,5598.43,5598.43,1,0,0,0.4051298561923159476282464048
INTRADAY_EVENT,755,False,24,4856.54,4856.54,2,0,0,0.4839605660501658665544596958
INTRADAY_EVENT,756,False,22,4856.54,4856.54,2,0,0,0.4839605660501658665544596958
INTRADAY_EVENT,757,False,23,5692.92,5692.92,2,0,0,0.3950896699457453794316971942
INTRADAY_EVENT,758,False,22,4572.42,4572.42,2,0,0,0.5141501915806519480022696410
INTRADAY_EVENT,759,False,22,4785.55,4785.55,2,0,0,0.4915037221687397329559098859
INTRADAY_EVENT,760,False,22,3830.53,3830.53,3,0,0,0.5929809014385018669284829320
INTRADAY_EVENT,761,False,25,3368.37,3368.37,2,0,0,0.6420884522450957265720132863
INTRADAY_EVENT,762,False,28,5598.43,5598.43,1,0,0,0.4051298561923159476282464048
INTRADAY_EVENT,763,False,22,5598.43,5598.43,1,0,0,0.4051298561923159476282464048
INTRADAY_EVENT,764,False,22,5527.44,5527.44,1,0,0,0.4126730123108898140296965949
INTRADAY_EVENT,765,False,26,3368.37,3368.37,2,0,0,0.6420884522450957265720132863
INTRADAY_EVENT,766,False,19,6802.48,6802.48,1,0,0,0.2771915955278721690585027595
INTRADAY_EVENT,767,False,19,4856.54,4856.54,2,0,0,0.4839605660501658665544596958
INTRADAY_EVENT,768,False,25,3368.37,3368.37,2,0,0,0.6420884522450957265720132863
INTRADAY_EVENT,769,False,22,4856.54,4856.54,2,0,0,0.4839605660501658665544596958
INTRADAY_EVENT,770,False,25,4856.54,4856.54,2,0,0,0.4839605660501658665544596958
INTRADAY_EVENT,771,False,16,5369.82,5369.82,2,0,0,0.4294211777906702453889947913
INTRADAY_EVENT,772,False,28,4572.42,4572.42,2,0,0,0.5141501915806519480022696410
INTRADAY_EVENT,773,False,25,3368.37,3368.37,2,0,0,0.6420884522450957265720132863
INTRADAY_EVENT,774,False,20,4856.54,4856.54,2,0,0,0.4839605660501658665544596958
INTRADAY_EVENT,775,False,23,4856.54,4856.54,2,0,0,0.4839605660501658665544596958
INTRADAY_EVENT,776,False,22,7411.03,7411.03,1,0,0,0.2125291408728767274666938684
INTRADAY_EVENT,777,False,20,4856.54,4856.54,2,0,0,0.4839605660501658665544596958
INTRADAY_EVENT,778,False,24,4572.42,4572.42,2,0,0,0.5141501915806519480022696410
INTRADAY_EVENT,779,False,25,3368.37,3368.37,2,0,0,0.6420884522450957265720132863
INTRADAY_EVENT,780,False,27,4572.42,4572.42,2,0,0,0.5141501915806519480022696410
INTRADAY_EVENT,781,False,22,4856.54,4856.54,2,0,0,0.4839605660501658665544596958
INTRADAY_EVENT,782,False,25,4572.42,4572.42,2,0,0,0.5141501915806519480022696410
INTRADAY_EVENT,783,False,22,3368.37,3368.37,2,0,0,0.6420884522450957265720132863
INTRADAY_EVENT,784,False,18,5369.82,5369.82,2,0,0,0.4294211777906702453889947913
INTRADAY_EVENT,785,False,21,4856.54,4856.54,2,0,0,0.4839605660501658665544596958
INTRADAY_EVENT,786,False,22,3368.37,3368.37,2,0,0,0.6420884522450957265720132863
INTRADAY_EVENT,787,False,24,5369.82,5369.82,2,0,0,0.4294211777906702453889947913
INTRADAY_EVENT,788,False,25,5598.43,5598.43,1,0,0,0.4051298561923159476282464048
INTRADAY_EVENT,789,False,21,5692.92,5692.92,2,0,0,0.3950896699457453794316971942
INTRADAY_EVENT,790,False,22,4856.54,4856.54,2,0,0,0.4839605660501658665544596958
INTRADAY_EVENT,791,False,23,3368.37,3368.37,2,0,0,0.6420884522450957265720132863
INTRADAY_EVENT,792,False,25,6802.48,6802.48,1,0,0,0.2771915955278721690585027595
INTRADAY_EVENT,793,False,20,3368.37,3368.37,2,0,0,0.6420884522450957265720132863
INTRADAY_EVENT,794,False,28,3368.37,3368.37,2,0,0,0.6420884522450957265720132863
INTRADAY_EVENT,795,False,25,5598.43,5598.43,1,0,0,0.4051298561923159476282464048
INTRADAY_EVENT,796,False,21,5692.92,5692.92,2,0,0,0.3950896699457453794316971942
INTRADAY_EVENT,797,False,23,5369.82,5369.82,2,0,0,0.4294211777906702453889947913
INTRADAY_EVENT,798,False,24,4572.42,4572.42,2,0,0,0.5141501915806519480022696410
INTRADAY_EVENT,799,False,26,3368.37,3368.37,2,0,0,0.6420884522450957265720132863
INTRADAY_EVENT,800,False,24,3830.53,3830.53,3,0,0,0.5929809014385018669284829320
INTRADAY_EVENT,801,False,23,6802.48,6802.48,1,0,0,0.2771915955278721690585027595
INTRADAY_EVENT,802,False,19,3830.53,3830.53,3,0,0,0.5929809014385018669284829320
INTRADAY_EVENT,803,False,23,3368.37,3368.37,2,0,0,0.6420884522450957265720132863
INTRADAY_EVENT,804,False,23,3368.37,3368.37,2,0,0,0.6420884522450957265720132863
INTRADAY_EVENT,805,False,22,3830.53,3830.53,3,0,0,0.5929809014385018669284829320
INTRADAY_EVENT,806,False,19,4785.55,4785.55,2,0,0,0.4915037221687397329559098859
INTRADAY_EVENT,807,False,25,5598.43,5598.43,1,0,0,0.4051298561923159476282464048
INTRADAY_EVENT,808,False,18,7411.03,7411.03,1,0,0,0.2125291408728767274666938684
INTRADAY_EVENT,809,False,18,6301.47,6301.47,2,0,0,0.3304272152907499378398883031
INTRADAY_EVENT,810,False,24,3368.37,3368.37,2,0,0,0.6420884522450957265720132863
INTRADAY_EVENT,811,False,25,3368.37,3368.37,2,0,0,0.6420884522450957265720132863
INTRADAY_EVENT,812,False,23,3368.37,3368.37,2,0,0,0.6420884522450957265720132863
INTRADAY_EVENT,813,False,27,3368.37,3368.37,2,0,0,0.6420884522450957265720132863
INTRADAY_EVENT,814,False,23,5369.82,5369.82,2,0,0,0.4294211777906702453889947913
INTRADAY_EVENT,815,False,26,3368.37,3368.37,2,0,0,0.6420884522450957265720132863
INTRADAY_EVENT,816,False,20,8301.62,8301.62,1,0,0,0.1178980744178732103731944347
INTRADAY_EVENT,817,False,24,5692.92,5692.92,2,0,0,0.3950896699457453794316971942
INTRADAY_EVENT,818,False,22,4572.42,4572.42,2,0,0,0.5141501915806519480022696410
INTRADAY_EVENT,819,False,22,5692.92,5692.92,2,0,0,0.3950896699457453794316971942
INTRADAY_EVENT,820,False,22,8301.62,8301.62,1,0,0,0.1178980744178732103731944347
INTRADAY_EVENT,821,False,22,9411.18,9411.18,0,0,0,0
INTRADAY_EVENT,822,False,26,3830.53,3830.53,3,0,0,0.5929809014385018669284829320
INTRADAY_EVENT,823,False,19,3368.37,3368.37,2,0,0,0.6420884522450957265720132863
INTRADAY_EVENT,824,False,23,4856.54,4856.54,2,0,0,0.4839605660501658665544596958
INTRADAY_EVENT,825,False,25,3368.37,3368.37,2,0,0,0.6420884522450957265720132863
INTRADAY_EVENT,826,False,25,3368.37,3368.37,2,0,0,0.6420884522450957265720132863
INTRADAY_EVENT,827,False,23,4856.54,4856.54,2,0,0,0.4839605660501658665544596958
INTRADAY_EVENT,828,False,21,9411.18,9411.18,0,0,0,0
INTRADAY_EVENT,829,False,18,4856.54,4856.54,2,0,0,0.4839605660501658665544596958
INTRADAY_EVENT,830,False,24,4856.54,4856.54,2,0,0,0.4839605660501658665544596958
INTRADAY_EVENT,831,False,29,5598.43,5598.43,1,0,0,0.4051298561923159476282464048
INTRADAY_EVENT,832,False,20,4785.55,4785.55,2,0,0,0.4915037221687397329559098859
INTRADAY_EVENT,833,False,21,4785.55,4785.55,2,0,0,0.4915037221687397329559098859
INTRADAY_EVENT,834,False,23,4856.54,4856.54,2,0,0,0.4839605660501658665544596958
INTRADAY_EVENT,835,False,26,5527.44,5527.44,1,0,0,0.4126730123108898140296965949
INTRADAY_EVENT,836,False,22,9411.18,9411.18,0,0,0,0
INTRADAY_EVENT,837,False,23,5369.82,5369.82,2,0,0,0.4294211777906702453889947913
INTRADAY_EVENT,838,False,18,6301.47,6301.47,2,0,0,0.3304272152907499378398883031
INTRADAY_EVENT,839,False,22,5598.43,5598.43,1,0,0,0.4051298561923159476282464048
INTRADAY_EVENT,840,False,25,3368.37,3368.37,2,0,0,0.6420884522450957265720132863
INTRADAY_EVENT,841,False,20,5527.44,5527.44,1,0,0,0.4126730123108898140296965949
INTRADAY_EVENT,842,False,21,5369.82,5369.82,2,0,0,0.4294211777906702453889947913
INTRADAY_EVENT,843,False,25,5369.82,5369.82,2,0,0,0.4294211777906702453889947913
INTRADAY_EVENT,844,False,21,4785.55,4785.55,2,0,0,0.4915037221687397329559098859
INTRADAY_EVENT,845,False,31,3368.37,3368.37,2,0,0,0.6420884522450957265720132863
INTRADAY_EVENT,846,False,20,3368.37,3368.37,2,0,0,0.6420884522450957265720132863
INTRADAY_EVENT,847,False,22,9411.18,9411.18,0,0,0,0
INTRADAY_EVENT,848,False,19,6802.48,6802.48,1,0,0,0.2771915955278721690585027595
INTRADAY_EVENT,849,False,23,5692.92,5692.92,2,0,0,0.3950896699457453794316971942
INTRADAY_EVENT,850,False,25,5598.43,5598.43,1,0,0,0.4051298561923159476282464048
INTRADAY_EVENT,851,False,26,3368.37,3368.37,2,0,0,0.6420884522450957265720132863
INTRADAY_EVENT,852,False,20,3830.53,3830.53,3,0,0,0.5929809014385018669284829320
INTRADAY_EVENT,853,False,29,3368.37,3368.37,2,0,0,0.6420884522450957265720132863
INTRADAY_EVENT,854,False,22,3368.37,3368.37,2,0,0,0.6420884522450957265720132863
INTRADAY_EVENT,855,False,17,4785.55,4785.55,2,0,0,0.4915037221687397329559098859
INTRADAY_EVENT,856,False,22,8301.62,8301.62,1,0,0,0.1178980744178732103731944347
INTRADAY_EVENT,857,False,20,4785.55,4785.55,2,0,0,0.4915037221687397329559098859
INTRADAY_EVENT,858,False,24,4572.42,4572.42,2,0,0,0.5141501915806519480022696410
INTRADAY_EVENT,859,False,21,4785.55,4785.55,2,0,0,0.4915037221687397329559098859
INTRADAY_EVENT,860,False,22,4785.55,4785.55,2,0,0,0.4915037221687397329559098859
INTRADAY_EVENT,861,False,25,5527.44,5527.44,1,0,0,0.4126730123108898140296965949
INTRADAY_EVENT,862,False,17,3830.53,3830.53,3,0,0,0.5929809014385018669284829320
INTRADAY_EVENT,863,False,22,4856.54,4856.54,2,0,0,0.4839605660501658665544596958
INTRADAY_EVENT,864,False,25,3368.37,3368.37,2,0,0,0.6420884522450957265720132863
INTRADAY_EVENT,865,False,17,4785.55,4785.55,2,0,0,0.4915037221687397329559098859
INTRADAY_EVENT,866,False,21,7411.03,7411.03,1,0,0,0.2125291408728767274666938684
INTRADAY_EVENT,867,False,24,3368.37,3368.37,2,0,0,0.6420884522450957265720132863
INTRADAY_EVENT,868,False,22,5527.44,5527.44,1,0,0,0.4126730123108898140296965949
INTRADAY_EVENT,869,False,28,5598.43,5598.43,1,0,0,0.4051298561923159476282464048
INTRADAY_EVENT,870,False,17,4785.55,4785.55,2,0,0,0.4915037221687397329559098859
INTRADAY_EVENT,871,False,25,4572.42,4572.42,2,0,0,0.5141501915806519480022696410
INTRADAY_EVENT,872,False,25,3368.37,3368.37,2,0,0,0.6420884522450957265720132863
INTRADAY_EVENT,873,False,23,4572.42,4572.42,2,0,0,0.5141501915806519480022696410
INTRADAY_EVENT,874,False,18,4785.55,4785.55,2,0,0,0.4915037221687397329559098859
INTRADAY_EVENT,875,False,18,4785.55,4785.55,2,0,0,0.4915037221687397329559098859
INTRADAY_EVENT,876,False,20,4856.54,4856.54,2,0,0,0.4839605660501658665544596958
INTRADAY_EVENT,877,False,24,6802.48,6802.48,1,0,0,0.2771915955278721690585027595
INTRADAY_EVENT,878,False,26,5598.43,5598.43,1,0,0,0.4051298561923159476282464048
INTRADAY_EVENT,879,False,25,5527.44,5527.44,1,0,0,0.4126730123108898140296965949
INTRADAY_EVENT,880,False,19,3830.53,3830.53,3,0,0,0.5929809014385018669284829320
INTRADAY_EVENT,881,False,24,5598.43,5598.43,1,0,0,0.4051298561923159476282464048
INTRADAY_EVENT,882,False,28,5598.43,5598.43,1,0,0,0.4051298561923159476282464048
INTRADAY_EVENT,883,False,26,5527.44,5527.44,1,0,0,0.4126730123108898140296965949
INTRADAY_EVENT,884,False,21,4785.55,4785.55,2,0,0,0.4915037221687397329559098859
INTRADAY_EVENT,885,False,26,4572.42,4572.42,2,0,0,0.5141501915806519480022696410
INTRADAY_EVENT,886,False,26,5527.44,5527.44,1,0,0,0.4126730123108898140296965949
INTRADAY_EVENT,887,False,17,4856.54,4856.54,2,0,0,0.4839605660501658665544596958
INTRADAY_EVENT,888,False,25,6802.48,6802.48,1,0,0,0.2771915955278721690585027595
INTRADAY_EVENT,889,False,20,3368.37,3368.37,2,0,0,0.6420884522450957265720132863
INTRADAY_EVENT,890,False,28,5598.43,5598.43,1,0,0,0.4051298561923159476282464048
INTRADAY_EVENT,891,False,19,4856.54,4856.54,2,0,0,0.4839605660501658665544596958
INTRADAY_EVENT,892,False,21,3368.37,3368.37,2,0,0,0.6420884522450957265720132863
INTRADAY_EVENT,893,False,25,5598.43,5598.43,1,0,0,0.4051298561923159476282464048
INTRADAY_EVENT,894,False,22,8301.62,8301.62,1,0,0,0.1178980744178732103731944347
INTRADAY_EVENT,895,False,20,5692.92,5692.92,2,0,0,0.3950896699457453794316971942
INTRADAY_EVENT,896,False,21,3830.53,3830.53,3,0,0,0.5929809014385018669284829320
INTRADAY_EVENT,897,False,22,3368.37,3368.37,2,0,0,0.6420884522450957265720132863
INTRADAY_EVENT,898,False,22,5598.43,5598.43,1,0,0,0.4051298561923159476282464048
INTRADAY_EVENT,899,False,20,6301.47,6301.47,2,0,0,0.3304272152907499378398883031
INTRADAY_EVENT,900,False,26,3368.37,3368.37,2,0,0,0.6420884522450957265720132863
INTRADAY_EVENT,901,False,23,4572.42,4572.42,2,0,0,0.5141501915806519480022696410
INTRADAY_EVENT,902,False,23,5598.43,5598.43,1,0,0,0.4051298561923159476282464048
INTRADAY_EVENT,903,False,26,5598.43,5598.43,1,0,0,0.4051298561923159476282464048
INTRADAY_EVENT,904,False,23,7411.03,7411.03,1,0,0,0.2125291408728767274666938684
INTRADAY_EVENT,905,False,23,3368.37,3368.37,2,0,0,0.6420884522450957265720132863
INTRADAY_EVENT,906,False,23,5369.82,5369.82,2,0,0,0.4294211777906702453889947913
INTRADAY_EVENT,907,False,21,4856.54,4856.54,2,0,0,0.4839605660501658665544596958
INTRADAY_EVENT,908,False,24,5527.44,5527.44,1,0,0,0.4126730123108898140296965949
INTRADAY_EVENT,909,False,20,4785.55,4785.55,2,0,0,0.4915037221687397329559098859
INTRADAY_EVENT,910,False,26,5598.43,5598.43,1,0,0,0.4051298561923159476282464048
INTRADAY_EVENT,911,False,20,5692.92,5692.92,2,0,0,0.3950896699457453794316971942
INTRADAY_EVENT,912,False,22,5598.43,5598.43,1,0,0,0.4051298561923159476282464048
INTRADAY_EVENT,913,False,20,4572.42,4572.42,2,0,0,0.5141501915806519480022696410
INTRADAY_EVENT,914,False,27,3368.37,3368.37,2,0,0,0.6420884522450957265720132863
INTRADAY_EVENT,915,False,24,4572.42,4572.42,2,0,0,0.5141501915806519480022696410
INTRADAY_EVENT,916,False,23,4572.42,4572.42,2,0,0,0.5141501915806519480022696410
INTRADAY_EVENT,917,False,18,4785.55,4785.55,2,0,0,0.4915037221687397329559098859
INTRADAY_EVENT,918,False,23,3368.37,3368.37,2,0,0,0.6420884522450957265720132863
INTRADAY_EVENT,919,False,19,3368.37,3368.37,2,0,0,0.6420884522450957265720132863
INTRADAY_EVENT,920,False,26,5598.43,5598.43,1,0,0,0.4051298561923159476282464048
INTRADAY_EVENT,921,False,21,3368.37,3368.37,2,0,0,0.6420884522450957265720132863
INTRADAY_EVENT,922,False,25,5527.44,5527.44,1,0,0,0.4126730123108898140296965949
INTRADAY_EVENT,923,False,20,3368.37,3368.37,2,0,0,0.6420884522450957265720132863
INTRADAY_EVENT,924,False,24,3368.37,3368.37,2,0,0,0.6420884522450957265720132863
INTRADAY_EVENT,925,False,28,3368.37,3368.37,2,0,0,0.6420884522450957265720132863
INTRADAY_EVENT,926,False,23,5692.92,5692.92,2,0,0,0.3950896699457453794316971942
INTRADAY_EVENT,927,False,19,3830.53,3830.53,3,0,0,0.5929809014385018669284829320
INTRADAY_EVENT,928,False,21,3830.53,3830.53,3,0,0,0.5929809014385018669284829320
INTRADAY_EVENT,929,False,19,4785.55,4785.55,2,0,0,0.4915037221687397329559098859
INTRADAY_EVENT,930,False,28,5527.44,5527.44,1,0,0,0.4126730123108898140296965949
INTRADAY_EVENT,931,False,27,3368.37,3368.37,2,0,0,0.6420884522450957265720132863
INTRADAY_EVENT,932,False,26,3368.37,3368.37,2,0,0,0.6420884522450957265720132863
INTRADAY_EVENT,933,False,19,5692.92,5692.92,2,0,0,0.3950896699457453794316971942
INTRADAY_EVENT,934,False,25,5598.43,5598.43,1,0,0,0.4051298561923159476282464048
INTRADAY_EVENT,935,False,26,4572.42,4572.42,2,0,0,0.5141501915806519480022696410
INTRADAY_EVENT,936,False,20,6301.47,6301.47,2,0,0,0.3304272152907499378398883031
INTRADAY_EVENT,937,False,22,3368.37,3368.37,2,0,0,0.6420884522450957265720132863
INTRADAY_EVENT,938,False,23,5527.44,5527.44,1,0,0,0.4126730123108898140296965949
INTRADAY_EVENT,939,False,23,5598.43,5598.43,1,0,0,0.4051298561923159476282464048
INTRADAY_EVENT,940,False,18,4856.54,4856.54,2,0,0,0.4839605660501658665544596958
INTRADAY_EVENT,941,False,23,4785.55,4785.55,2,0,0,0.4915037221687397329559098859
INTRADAY_EVENT,942,False,16,5692.92,5692.92,2,0,0,0.3950896699457453794316971942
INTRADAY_EVENT,943,False,25,5369.82,5369.82,2,0,0,0.4294211777906702453889947913
INTRADAY_EVENT,944,False,25,3368.37,3368.37,2,0,0,0.6420884522450957265720132863
INTRADAY_EVENT,945,False,20,7411.03,7411.03,1,0,0,0.2125291408728767274666938684
INTRADAY_EVENT,946,False,26,3368.37,3368.37,2,0,0,0.6420884522450957265720132863
INTRADAY_EVENT,947,False,21,4572.42,4572.42,2,0,0,0.5141501915806519480022696410
INTRADAY_EVENT,948,False,21,3368.37,3368.37,2,0,0,0.6420884522450957265720132863
INTRADAY_EVENT,949,False,26,4572.42,4572.42,2,0,0,0.5141501915806519480022696410
INTRADAY_EVENT,950,False,19,4785.55,4785.55,2,0,0,0.4915037221687397329559098859
INTRADAY_EVENT,951,False,27,3368.37,3368.37,2,0,0,0.6420884522450957265720132863
INTRADAY_EVENT,952,False,20,4856.54,4856.54,2,0,0,0.4839605660501658665544596958
INTRADAY_EVENT,953,False,23,4856.54,4856.54,2,0,0,0.4839605660501658665544596958
INTRADAY_EVENT,954,False,22,9411.18,9411.18,0,0,0,0
INTRADAY_EVENT,955,False,20,5369.82,5369.82,2,0,0,0.4294211777906702453889947913
INTRADAY_EVENT,956,False,18,9411.18,9411.18,0,0,0,0
INTRADAY_EVENT,957,False,25,3368.37,3368.37,2,0,0,0.6420884522450957265720132863
INTRADAY_EVENT,958,False,23,3368.37,3368.37,2,0,0,0.6420884522450957265720132863
INTRADAY_EVENT,959,False,20,4856.54,4856.54,2,0,0,0.4839605660501658665544596958
INTRADAY_EVENT,960,False,22,4572.42,4572.42,2,0,0,0.5141501915806519480022696410
INTRADAY_EVENT,961,False,25,4785.55,4785.55,2,0,0,0.4915037221687397329559098859
INTRADAY_EVENT,962,False,24,4785.55,4785.55,2,0,0,0.4915037221687397329559098859
INTRADAY_EVENT,963,False,29,5598.43,5598.43,1,0,0,0.4051298561923159476282464048
INTRADAY_EVENT,964,False,26,3368.37,3368.37,2,0,0,0.6420884522450957265720132863
INTRADAY_EVENT,965,False,23,5692.92,5692.92,2,0,0,0.3950896699457453794316971942
INTRADAY_EVENT,966,False,18,6301.47,6301.47,2,0,0,0.3304272152907499378398883031
INTRADAY_EVENT,967,False,26,5527.44,5527.44,1,0,0,0.4126730123108898140296965949
INTRADAY_EVENT,968,False,22,5527.44,5527.44,1,0,0,0.4126730123108898140296965949
INTRADAY_EVENT,969,False,22,4856.54,4856.54,2,0,0,0.4839605660501658665544596958
INTRADAY_EVENT,970,False,22,6802.48,6802.48,1,0,0,0.2771915955278721690585027595
INTRADAY_EVENT,971,False,21,4856.54,4856.54,2,0,0,0.4839605660501658665544596958
INTRADAY_EVENT,972,False,32,3368.37,3368.37,2,0,0,0.6420884522450957265720132863
INTRADAY_EVENT,973,False,21,8301.62,8301.62,1,0,0,0.1178980744178732103731944347
INTRADAY_EVENT,974,False,19,4572.42,4572.42,2,0,0,0.5141501915806519480022696410
INTRADAY_EVENT,975,False,24,4856.54,4856.54,2,0,0,0.4839605660501658665544596958
INTRADAY_EVENT,976,False,26,5598.43,5598.43,1,0,0,0.4051298561923159476282464048
INTRADAY_EVENT,977,False,30,3368.37,3368.37,2,0,0,0.6420884522450957265720132863
INTRADAY_EVENT,978,False,23,5527.44,5527.44,1,0,0,0.4126730123108898140296965949
INTRADAY_EVENT,979,False,22,4856.54,4856.54,2,0,0,0.4839605660501658665544596958
INTRADAY_EVENT,980,False,25,5527.44,5527.44,1,0,0,0.4126730123108898140296965949
INTRADAY_EVENT,981,False,25,4856.54,4856.54,2,0,0,0.4839605660501658665544596958
INTRADAY_EVENT,982,False,23,4572.42,4572.42,2,0,0,0.5141501915806519480022696410
INTRADAY_EVENT,983,False,22,4856.54,4856.54,2,0,0,0.4839605660501658665544596958
INTRADAY_EVENT,984,False,22,3368.37,3368.37,2,0,0,0.6420884522450957265720132863
INTRADAY_EVENT,985,False,28,5598.43,5598.43,1,0,0,0.4051298561923159476282464048
INTRADAY_EVENT,986,False,21,5692.92,5692.92,2,0,0,0.3950896699457453794316971942
INTRADAY_EVENT,987,False,21,4856.54,4856.54,2,0,0,0.4839605660501658665544596958
INTRADAY_EVENT,988,False,22,7411.03,7411.03,1,0,0,0.2125291408728767274666938684
INTRADAY_EVENT,989,False,22,5598.43,5598.43,1,0,0,0.4051298561923159476282464048
INTRADAY_EVENT,990,False,22,4856.54,4856.54,2,0,0,0.4839605660501658665544596958
INTRADAY_EVENT,991,False,19,4856.54,4856.54,2,0,0,0.4839605660501658665544596958
INTRADAY_EVENT,992,False,26,4856.54,4856.54,2,0,0,0.4839605660501658665544596958
INTRADAY_EVENT,993,False,15,6301.47,6301.47,2,0,0,0.3304272152907499378398883031
INTRADAY_EVENT,994,False,20,5369.82,5369.82,2,0,0,0.4294211777906702453889947913
INTRADAY_EVENT,995,False,17,4785.55,4785.55,2,0,0,0.4915037221687397329559098859
INTRADAY_EVENT,996,False,27,3368.37,3368.37,2,0,0,0.6420884522450957265720132863
INTRADAY_EVENT,997,False,28,5598.43,5598.43,1,0,0,0.4051298561923159476282464048
INTRADAY_EVENT,998,False,20,4856.54,4856.54,2,0,0,0.4839605660501658665544596958
NONEXPIRY_FORCED_FLOW,0,False,17,9093.96,9093.96,1,0,0,0.0337067190299197337634600550
NONEXPIRY_FORCED_FLOW,1,False,21,9711.77,9711.77,1,1,0,0
NONEXPIRY_FORCED_FLOW,2,False,23,9711.77,9711.77,1,1,0,0
NONEXPIRY_FORCED_FLOW,3,False,16,9711.77,9711.77,1,1,0,0
NONEXPIRY_FORCED_FLOW,4,False,17,9711.77,9711.77,1,1,0,0
NONEXPIRY_FORCED_FLOW,5,False,15,9093.96,9093.96,1,0,0,0.0337067190299197337634600550
NONEXPIRY_FORCED_FLOW,6,False,15,9394.55,9394.55,2,1,0,0.0326634588751586991866570151
NONEXPIRY_FORCED_FLOW,7,False,20,9411.18,9411.18,0,0,0,0
NONEXPIRY_FORCED_FLOW,8,False,22,9711.77,9711.77,1,1,0,0
NONEXPIRY_FORCED_FLOW,9,False,23,9411.18,9411.18,0,0,0,0
NONEXPIRY_FORCED_FLOW,10,False,18,9711.77,9711.77,1,1,0,0
NONEXPIRY_FORCED_FLOW,11,False,20,9093.96,9093.96,1,0,0,0.0337067190299197337634600550
NONEXPIRY_FORCED_FLOW,12,False,21,9093.96,9093.96,1,0,0,0.0337067190299197337634600550
NONEXPIRY_FORCED_FLOW,13,False,17,9411.18,9411.18,0,0,0,0
NONEXPIRY_FORCED_FLOW,14,False,12,9394.55,9394.55,2,1,0,0.0326634588751586991866570151
NONEXPIRY_FORCED_FLOW,15,False,23,9394.55,9394.55,2,1,0,0.0326634588751586991866570151
NONEXPIRY_FORCED_FLOW,16,False,19,9093.96,9093.96,1,0,0,0.0337067190299197337634600550
NONEXPIRY_FORCED_FLOW,17,False,16,9411.18,9411.18,0,0,0,0
NONEXPIRY_FORCED_FLOW,18,False,13,9711.77,9711.77,1,1,0,0
NONEXPIRY_FORCED_FLOW,19,False,15,9711.77,9711.77,1,1,0,0
NONEXPIRY_FORCED_FLOW,20,False,29,9711.77,9711.77,1,1,0,0
NONEXPIRY_FORCED_FLOW,21,False,18,9711.77,9711.77,1,1,0,0
NONEXPIRY_FORCED_FLOW,22,False,19,9711.77,9711.77,1,1,0,0
NONEXPIRY_FORCED_FLOW,23,False,15,9411.18,9411.18,0,0,0,0
NONEXPIRY_FORCED_FLOW,24,False,12,9093.96,9093.96,1,0,0,0.0337067190299197337634600550
NONEXPIRY_FORCED_FLOW,25,False,17,9093.96,9093.96,1,0,0,0.0337067190299197337634600550
NONEXPIRY_FORCED_FLOW,26,False,9,9394.55,9394.55,2,1,0,0.0326634588751586991866570151
NONEXPIRY_FORCED_FLOW,27,False,13,9093.96,9093.96,1,0,0,0.0337067190299197337634600550
NONEXPIRY_FORCED_FLOW,28,False,14,9711.77,9711.77,1,1,0,0
NONEXPIRY_FORCED_FLOW,29,False,16,9711.77,9711.77,1,1,0,0
NONEXPIRY_FORCED_FLOW,30,False,13,9411.18,9411.18,0,0,0,0
NONEXPIRY_FORCED_FLOW,31,False,18,9711.77,9711.77,1,1,0,0
NONEXPIRY_FORCED_FLOW,32,False,16,9711.77,9711.77,1,1,0,0
NONEXPIRY_FORCED_FLOW,33,False,16,9394.55,9394.55,2,1,0,0.0326634588751586991866570151
NONEXPIRY_FORCED_FLOW,34,False,23,9093.96,9093.96,1,0,0,0.0337067190299197337634600550
NONEXPIRY_FORCED_FLOW,35,False,13,9093.96,9093.96,1,0,0,0.0337067190299197337634600550
NONEXPIRY_FORCED_FLOW,36,False,18,9093.96,9093.96,1,0,0,0.0337067190299197337634600550
NONEXPIRY_FORCED_FLOW,37,False,18,9394.55,9394.55,2,1,0,0.0326634588751586991866570151
NONEXPIRY_FORCED_FLOW,38,False,19,9411.18,9411.18,0,0,0,0
NONEXPIRY_FORCED_FLOW,39,False,15,9394.55,9394.55,2,1,0,0.0326634588751586991866570151
NONEXPIRY_FORCED_FLOW,40,False,19,9093.96,9093.96,1,0,0,0.0337067190299197337634600550
NONEXPIRY_FORCED_FLOW,41,False,24,9411.18,9411.18,0,0,0,0
NONEXPIRY_FORCED_FLOW,42,False,12,9394.55,9394.55,2,1,0,0.0326634588751586991866570151
NONEXPIRY_FORCED_FLOW,43,False,13,9711.77,9711.77,1,1,0,0
NONEXPIRY_FORCED_FLOW,44,False,27,9411.18,9411.18,0,0,0,0
NONEXPIRY_FORCED_FLOW,45,False,15,9411.18,9411.18,0,0,0,0
NONEXPIRY_FORCED_FLOW,46,False,20,9394.55,9394.55,2,1,0,0.0326634588751586991866570151
NONEXPIRY_FORCED_FLOW,47,False,22,9411.18,9411.18,0,0,0,0
NONEXPIRY_FORCED_FLOW,48,False,14,9093.96,9093.96,1,0,0,0.0337067190299197337634600550
NONEXPIRY_FORCED_FLOW,49,False,23,9711.77,9711.77,1,1,0,0
NONEXPIRY_FORCED_FLOW,50,False,29,9411.18,9411.18,0,0,0,0
NONEXPIRY_FORCED_FLOW,51,False,12,9394.55,9394.55,2,1,0,0.0326634588751586991866570151
NONEXPIRY_FORCED_FLOW,52,False,11,9093.96,9093.96,1,0,0,0.0337067190299197337634600550
NONEXPIRY_FORCED_FLOW,53,False,9,9394.55,9394.55,2,1,0,0.0326634588751586991866570151
NONEXPIRY_FORCED_FLOW,54,False,21,9394.55,9394.55,2,1,0,0.0326634588751586991866570151
NONEXPIRY_FORCED_FLOW,55,False,16,9394.55,9394.55,2,1,0,0.0326634588751586991866570151
NONEXPIRY_FORCED_FLOW,56,False,10,9394.55,9394.55,2,1,0,0.0326634588751586991866570151
NONEXPIRY_FORCED_FLOW,57,False,21,9394.55,9394.55,2,1,0,0.0326634588751586991866570151
NONEXPIRY_FORCED_FLOW,58,False,13,9394.55,9394.55,2,1,0,0.0326634588751586991866570151
NONEXPIRY_FORCED_FLOW,59,False,15,9394.55,9394.55,2,1,0,0.0326634588751586991866570151
NONEXPIRY_FORCED_FLOW,60,False,21,9411.18,9411.18,0,0,0,0
NONEXPIRY_FORCED_FLOW,61,False,22,9093.96,9093.96,1,0,0,0.0337067190299197337634600550
NONEXPIRY_FORCED_FLOW,62,False,17,9711.77,9711.77,1,1,0,0
NONEXPIRY_FORCED_FLOW,63,False,14,9411.18,9411.18,0,0,0,0
NONEXPIRY_FORCED_FLOW,64,False,12,9411.18,9411.18,0,0,0,0
NONEXPIRY_FORCED_FLOW,65,False,18,9093.96,9093.96,1,0,0,0.0337067190299197337634600550
NONEXPIRY_FORCED_FLOW,66,False,12,9394.55,9394.55,2,1,0,0.0326634588751586991866570151
NONEXPIRY_FORCED_FLOW,67,False,13,9394.55,9394.55,2,1,0,0.0326634588751586991866570151
NONEXPIRY_FORCED_FLOW,68,False,17,9093.96,9093.96,1,0,0,0.0337067190299197337634600550
NONEXPIRY_FORCED_FLOW,69,False,19,9394.55,9394.55,2,1,0,0.0326634588751586991866570151
NONEXPIRY_FORCED_FLOW,70,False,12,9711.77,9711.77,1,1,0,0
NONEXPIRY_FORCED_FLOW,71,False,24,9411.18,9411.18,0,0,0,0
NONEXPIRY_FORCED_FLOW,72,False,13,9394.55,9394.55,2,1,0,0.0326634588751586991866570151
NONEXPIRY_FORCED_FLOW,73,False,19,9093.96,9093.96,1,0,0,0.0337067190299197337634600550
NONEXPIRY_FORCED_FLOW,74,False,15,9394.55,9394.55,2,1,0,0.0326634588751586991866570151
NONEXPIRY_FORCED_FLOW,75,False,22,9411.18,9411.18,0,0,0,0
NONEXPIRY_FORCED_FLOW,76,False,12,9093.96,9093.96,1,0,0,0.0337067190299197337634600550
NONEXPIRY_FORCED_FLOW,77,False,27,9411.18,9411.18,0,0,0,0
NONEXPIRY_FORCED_FLOW,78,False,13,9711.77,9711.77,1,1,0,0
NONEXPIRY_FORCED_FLOW,79,False,20,9711.77,9711.77,1,1,0,0
NONEXPIRY_FORCED_FLOW,80,False,12,9093.96,9093.96,1,0,0,0.0337067190299197337634600550
NONEXPIRY_FORCED_FLOW,81,False,18,9411.18,9411.18,0,0,0,0
NONEXPIRY_FORCED_FLOW,82,False,14,9394.55,9394.55,2,1,0,0.0326634588751586991866570151
NONEXPIRY_FORCED_FLOW,83,False,21,9411.18,9411.18,0,0,0,0
NONEXPIRY_FORCED_FLOW,84,False,17,9093.96,9093.96,1,0,0,0.0337067190299197337634600550
NONEXPIRY_FORCED_FLOW,85,False,9,9394.55,9394.55,2,1,0,0.0326634588751586991866570151
NONEXPIRY_FORCED_FLOW,86,False,19,9394.55,9394.55,2,1,0,0.0326634588751586991866570151
NONEXPIRY_FORCED_FLOW,87,False,12,9711.77,9711.77,1,1,0,0
NONEXPIRY_FORCED_FLOW,88,False,27,9411.18,9411.18,0,0,0,0
NONEXPIRY_FORCED_FLOW,89,False,16,9711.77,9711.77,1,1,0,0
NONEXPIRY_FORCED_FLOW,90,False,10,9394.55,9394.55,2,1,0,0.0326634588751586991866570151
NONEXPIRY_FORCED_FLOW,91,False,15,9394.55,9394.55,2,1,0,0.0326634588751586991866570151
NONEXPIRY_FORCED_FLOW,92,False,25,9411.18,9411.18,0,0,0,0
NONEXPIRY_FORCED_FLOW,93,False,28,9411.18,9411.18,0,0,0,0
NONEXPIRY_FORCED_FLOW,94,False,12,9394.55,9394.55,2,1,0,0.0326634588751586991866570151
NONEXPIRY_FORCED_FLOW,95,False,27,9711.77,9711.77,1,1,0,0
NONEXPIRY_FORCED_FLOW,96,False,18,9411.18,9411.18,0,0,0,0
NONEXPIRY_FORCED_FLOW,97,False,18,9394.55,9394.55,2,1,0,0.0326634588751586991866570151
NONEXPIRY_FORCED_FLOW,98,False,9,9093.96,9093.96,1,0,0,0.0337067190299197337634600550
NONEXPIRY_FORCED_FLOW,99,False,20,9093.96,9093.96,1,0,0,0.0337067190299197337634600550
NONEXPIRY_FORCED_FLOW,100,False,16,9711.77,9711.77,1,1,0,0
NONEXPIRY_FORCED_FLOW,101,False,12,9711.77,9711.77,1,1,0,0
NONEXPIRY_FORCED_FLOW,102,False,9,9711.77,9711.77,1,1,0,0
NONEXPIRY_FORCED_FLOW,103,False,14,9093.96,9093.96,1,0,0,0.0337067190299197337634600550
NONEXPIRY_FORCED_FLOW,104,False,26,9711.77,9711.77,1,1,0,0
NONEXPIRY_FORCED_FLOW,105,False,26,9411.18,9411.18,0,0,0,0
NONEXPIRY_FORCED_FLOW,106,False,19,9093.96,9093.96,1,0,0,0.0337067190299197337634600550
NONEXPIRY_FORCED_FLOW,107,False,10,9394.55,9394.55,2,1,0,0.0326634588751586991866570151
NONEXPIRY_FORCED_FLOW,108,False,20,9711.77,9711.77,1,1,0,0
NONEXPIRY_FORCED_FLOW,109,False,21,9093.96,9093.96,1,0,0,0.0337067190299197337634600550
NONEXPIRY_FORCED_FLOW,110,False,23,9411.18,9411.18,0,0,0,0
NONEXPIRY_FORCED_FLOW,111,False,22,9394.55,9394.55,2,1,0,0.0326634588751586991866570151
NONEXPIRY_FORCED_FLOW,112,False,24,9411.18,9411.18,0,0,0,0
NONEXPIRY_FORCED_FLOW,113,False,22,9711.77,9711.77,1,1,0,0
NONEXPIRY_FORCED_FLOW,114,False,18,9394.55,9394.55,2,1,0,0.0326634588751586991866570151
NONEXPIRY_FORCED_FLOW,115,False,20,9093.96,9093.96,1,0,0,0.0337067190299197337634600550
NONEXPIRY_FORCED_FLOW,116,False,24,9093.96,9093.96,1,0,0,0.0337067190299197337634600550
NONEXPIRY_FORCED_FLOW,117,False,16,9394.55,9394.55,2,1,0,0.0326634588751586991866570151
NONEXPIRY_FORCED_FLOW,118,False,10,9711.77,9711.77,1,1,0,0
NONEXPIRY_FORCED_FLOW,119,False,22,9093.96,9093.96,1,0,0,0.0337067190299197337634600550
NONEXPIRY_FORCED_FLOW,120,False,21,9394.55,9394.55,2,1,0,0.0326634588751586991866570151
NONEXPIRY_FORCED_FLOW,121,False,14,9394.55,9394.55,2,1,0,0.0326634588751586991866570151
NONEXPIRY_FORCED_FLOW,122,False,16,9394.55,9394.55,2,1,0,0.0326634588751586991866570151
NONEXPIRY_FORCED_FLOW,123,False,21,9394.55,9394.55,2,1,0,0.0326634588751586991866570151
NONEXPIRY_FORCED_FLOW,124,False,13,9093.96,9093.96,1,0,0,0.0337067190299197337634600550
NONEXPIRY_FORCED_FLOW,125,False,21,9711.77,9711.77,1,1,0,0
NONEXPIRY_FORCED_FLOW,126,False,20,9711.77,9711.77,1,1,0,0
NONEXPIRY_FORCED_FLOW,127,False,14,9394.55,9394.55,2,1,0,0.0326634588751586991866570151
NONEXPIRY_FORCED_FLOW,128,False,21,9394.55,9394.55,2,1,0,0.0326634588751586991866570151
NONEXPIRY_FORCED_FLOW,129,False,20,9411.18,9411.18,0,0,0,0
NONEXPIRY_FORCED_FLOW,130,False,18,9411.18,9411.18,0,0,0,0
NONEXPIRY_FORCED_FLOW,131,False,18,9093.96,9093.96,1,0,0,0.0337067190299197337634600550
NONEXPIRY_FORCED_FLOW,132,False,21,9411.18,9411.18,0,0,0,0
NONEXPIRY_FORCED_FLOW,133,False,20,9093.96,9093.96,1,0,0,0.0337067190299197337634600550
NONEXPIRY_FORCED_FLOW,134,False,17,9093.96,9093.96,1,0,0,0.0337067190299197337634600550
NONEXPIRY_FORCED_FLOW,135,False,18,9411.18,9411.18,0,0,0,0
NONEXPIRY_FORCED_FLOW,136,False,13,9093.96,9093.96,1,0,0,0.0337067190299197337634600550
NONEXPIRY_FORCED_FLOW,137,False,13,9711.77,9711.77,1,1,0,0
NONEXPIRY_FORCED_FLOW,138,False,15,9711.77,9711.77,1,1,0,0
NONEXPIRY_FORCED_FLOW,139,False,12,9711.77,9711.77,1,1,0,0
NONEXPIRY_FORCED_FLOW,140,False,9,9394.55,9394.55,2,1,0,0.0326634588751586991866570151
NONEXPIRY_FORCED_FLOW,141,False,12,9394.55,9394.55,2,1,0,0.0326634588751586991866570151
NONEXPIRY_FORCED_FLOW,142,False,18,9411.18,9411.18,0,0,0,0
NONEXPIRY_FORCED_FLOW,143,False,22,9394.55,9394.55,2,1,0,0.0326634588751586991866570151
NONEXPIRY_FORCED_FLOW,144,False,16,9093.96,9093.96,1,0,0,0.0337067190299197337634600550
NONEXPIRY_FORCED_FLOW,145,False,17,9093.96,9093.96,1,0,0,0.0337067190299197337634600550
NONEXPIRY_FORCED_FLOW,146,False,20,9711.77,9711.77,1,1,0,0
NONEXPIRY_FORCED_FLOW,147,False,17,9711.77,9711.77,1,1,0,0
NONEXPIRY_FORCED_FLOW,148,False,17,9093.96,9093.96,1,0,0,0.0337067190299197337634600550
NONEXPIRY_FORCED_FLOW,149,False,18,9711.77,9711.77,1,1,0,0
NONEXPIRY_FORCED_FLOW,150,False,19,9093.96,9093.96,1,0,0,0.0337067190299197337634600550
NONEXPIRY_FORCED_FLOW,151,False,18,9411.18,9411.18,0,0,0,0
NONEXPIRY_FORCED_FLOW,152,False,11,9411.18,9411.18,0,0,0,0
NONEXPIRY_FORCED_FLOW,153,False,16,9093.96,9093.96,1,0,0,0.0337067190299197337634600550
NONEXPIRY_FORCED_FLOW,154,False,21,9394.55,9394.55,2,1,0,0.0326634588751586991866570151
NONEXPIRY_FORCED_FLOW,155,False,19,9411.18,9411.18,0,0,0,0
NONEXPIRY_FORCED_FLOW,156,False,9,9093.96,9093.96,1,0,0,0.0337067190299197337634600550
NONEXPIRY_FORCED_FLOW,157,False,14,9093.96,9093.96,1,0,0,0.0337067190299197337634600550
NONEXPIRY_FORCED_FLOW,158,False,16,9711.77,9711.77,1,1,0,0
NONEXPIRY_FORCED_FLOW,159,False,20,9093.96,9093.96,1,0,0,0.0337067190299197337634600550
NONEXPIRY_FORCED_FLOW,160,False,12,9394.55,9394.55,2,1,0,0.0326634588751586991866570151
NONEXPIRY_FORCED_FLOW,161,False,9,9394.55,9394.55,2,1,0,0.0326634588751586991866570151
NONEXPIRY_FORCED_FLOW,162,False,23,9711.77,9711.77,1,1,0,0
NONEXPIRY_FORCED_FLOW,163,False,26,9411.18,9411.18,0,0,0,0
NONEXPIRY_FORCED_FLOW,164,False,18,9394.55,9394.55,2,1,0,0.0326634588751586991866570151
NONEXPIRY_FORCED_FLOW,165,False,20,9394.55,9394.55,2,1,0,0.0326634588751586991866570151
NONEXPIRY_FORCED_FLOW,166,False,14,9394.55,9394.55,2,1,0,0.0326634588751586991866570151
NONEXPIRY_FORCED_FLOW,167,False,16,9394.55,9394.55,2,1,0,0.0326634588751586991866570151
NONEXPIRY_FORCED_FLOW,168,False,24,9711.77,9711.77,1,1,0,0
NONEXPIRY_FORCED_FLOW,169,False,21,9411.18,9411.18,0,0,0,0
NONEXPIRY_FORCED_FLOW,170,False,18,9411.18,9411.18,0,0,0,0
NONEXPIRY_FORCED_FLOW,171,False,20,9411.18,9411.18,0,0,0,0
NONEXPIRY_FORCED_FLOW,172,False,18,9093.96,9093.96,1,0,0,0.0337067190299197337634600550
NONEXPIRY_FORCED_FLOW,173,False,14,9411.18,9411.18,0,0,0,0
NONEXPIRY_FORCED_FLOW,174,False,17,9711.77,9711.77,1,1,0,0
NONEXPIRY_FORCED_FLOW,175,False,15,9093.96,9093.96,1,0,0,0.0337067190299197337634600550
NONEXPIRY_FORCED_FLOW,176,False,24,9711.77,9711.77,1,1,0,0
NONEXPIRY_FORCED_FLOW,177,False,21,9394.55,9394.55,2,1,0,0.0326634588751586991866570151
NONEXPIRY_FORCED_FLOW,178,False,14,9394.55,9394.55,2,1,0,0.0326634588751586991866570151
NONEXPIRY_FORCED_FLOW,179,False,21,9711.77,9711.77,1,1,0,0
NONEXPIRY_FORCED_FLOW,180,False,19,9711.77,9711.77,1,1,0,0
NONEXPIRY_FORCED_FLOW,181,False,11,9394.55,9394.55,2,1,0,0.0326634588751586991866570151
NONEXPIRY_FORCED_FLOW,182,False,10,9093.96,9093.96,1,0,0,0.0337067190299197337634600550
NONEXPIRY_FORCED_FLOW,183,False,22,9711.77,9711.77,1,1,0,0
NONEXPIRY_FORCED_FLOW,184,False,23,9411.18,9411.18,0,0,0,0
NONEXPIRY_FORCED_FLOW,185,False,17,9711.77,9711.77,1,1,0,0
NONEXPIRY_FORCED_FLOW,186,False,17,9093.96,9093.96,1,0,0,0.0337067190299197337634600550
NONEXPIRY_FORCED_FLOW,187,False,22,9093.96,9093.96,1,0,0,0.0337067190299197337634600550
NONEXPIRY_FORCED_FLOW,188,False,12,9394.55,9394.55,2,1,0,0.0326634588751586991866570151
NONEXPIRY_FORCED_FLOW,189,False,22,9411.18,9411.18,0,0,0,0
NONEXPIRY_FORCED_FLOW,190,False,26,9711.77,9711.77,1,1,0,0
NONEXPIRY_FORCED_FLOW,191,False,11,9394.55,9394.55,2,1,0,0.0326634588751586991866570151
NONEXPIRY_FORCED_FLOW,192,False,16,9093.96,9093.96,1,0,0,0.0337067190299197337634600550
NONEXPIRY_FORCED_FLOW,193,False,21,9093.96,9093.96,1,0,0,0.0337067190299197337634600550
NONEXPIRY_FORCED_FLOW,194,False,17,9394.55,9394.55,2,1,0,0.0326634588751586991866570151
NONEXPIRY_FORCED_FLOW,195,False,14,9093.96,9093.96,1,0,0,0.0337067190299197337634600550
NONEXPIRY_FORCED_FLOW,196,False,22,9711.77,9711.77,1,1,0,0
NONEXPIRY_FORCED_FLOW,197,False,17,9394.55,9394.55,2,1,0,0.0326634588751586991866570151
NONEXPIRY_FORCED_FLOW,198,False,15,9394.55,9394.55,2,1,0,0.0326634588751586991866570151
NONEXPIRY_FORCED_FLOW,199,False,17,9411.18,9411.18,0,0,0,0
NONEXPIRY_FORCED_FLOW,200,False,12,9711.77,9711.77,1,1,0,0
NONEXPIRY_FORCED_FLOW,201,False,10,9394.55,9394.55,2,1,0,0.0326634588751586991866570151
NONEXPIRY_FORCED_FLOW,202,False,19,9093.96,9093.96,1,0,0,0.0337067190299197337634600550
NONEXPIRY_FORCED_FLOW,203,False,16,9711.77,9711.77,1,1,0,0
NONEXPIRY_FORCED_FLOW,204,False,13,9411.18,9411.18,0,0,0,0
NONEXPIRY_FORCED_FLOW,205,False,23,9411.18,9411.18,0,0,0,0
NONEXPIRY_FORCED_FLOW,206,False,15,9394.55,9394.55,2,1,0,0.0326634588751586991866570151
NONEXPIRY_FORCED_FLOW,207,False,20,9394.55,9394.55,2,1,0,0.0326634588751586991866570151
NONEXPIRY_FORCED_FLOW,208,False,18,9093.96,9093.96,1,0,0,0.0337067190299197337634600550
NONEXPIRY_FORCED_FLOW,209,False,14,9711.77,9711.77,1,1,0,0
NONEXPIRY_FORCED_FLOW,210,False,21,9411.18,9411.18,0,0,0,0
NONEXPIRY_FORCED_FLOW,211,False,18,9411.18,9411.18,0,0,0,0
NONEXPIRY_FORCED_FLOW,212,False,24,9411.18,9411.18,0,0,0,0
NONEXPIRY_FORCED_FLOW,213,False,18,9711.77,9711.77,1,1,0,0
NONEXPIRY_FORCED_FLOW,214,False,22,9411.18,9411.18,0,0,0,0
NONEXPIRY_FORCED_FLOW,215,False,18,9394.55,9394.55,2,1,0,0.0326634588751586991866570151
NONEXPIRY_FORCED_FLOW,216,False,15,9394.55,9394.55,2,1,0,0.0326634588751586991866570151
NONEXPIRY_FORCED_FLOW,217,False,11,9093.96,9093.96,1,0,0,0.0337067190299197337634600550
NONEXPIRY_FORCED_FLOW,218,False,14,9093.96,9093.96,1,0,0,0.0337067190299197337634600550
NONEXPIRY_FORCED_FLOW,219,False,20,9093.96,9093.96,1,0,0,0.0337067190299197337634600550
NONEXPIRY_FORCED_FLOW,220,False,14,9394.55,9394.55,2,1,0,0.0326634588751586991866570151
NONEXPIRY_FORCED_FLOW,221,False,18,9711.77,9711.77,1,1,0,0
NONEXPIRY_FORCED_FLOW,222,False,8,9394.55,9394.55,2,1,0,0.0326634588751586991866570151
NONEXPIRY_FORCED_FLOW,223,False,30,9411.18,9411.18,0,0,0,0
NONEXPIRY_FORCED_FLOW,224,False,11,9711.77,9711.77,1,1,0,0
NONEXPIRY_FORCED_FLOW,225,False,20,9711.77,9711.77,1,1,0,0
NONEXPIRY_FORCED_FLOW,226,False,19,9093.96,9093.96,1,0,0,0.0337067190299197337634600550
NONEXPIRY_FORCED_FLOW,227,False,16,9411.18,9411.18,0,0,0,0
NONEXPIRY_FORCED_FLOW,228,False,10,9394.55,9394.55,2,1,0,0.0326634588751586991866570151
NONEXPIRY_FORCED_FLOW,229,False,25,9711.77,9711.77,1,1,0,0
NONEXPIRY_FORCED_FLOW,230,False,17,9394.55,9394.55,2,1,0,0.0326634588751586991866570151
NONEXPIRY_FORCED_FLOW,231,False,10,9394.55,9394.55,2,1,0,0.0326634588751586991866570151
NONEXPIRY_FORCED_FLOW,232,False,23,9093.96,9093.96,1,0,0,0.0337067190299197337634600550
NONEXPIRY_FORCED_FLOW,233,False,20,9711.77,9711.77,1,1,0,0
NONEXPIRY_FORCED_FLOW,234,False,22,9093.96,9093.96,1,0,0,0.0337067190299197337634600550
NONEXPIRY_FORCED_FLOW,235,False,23,9411.18,9411.18,0,0,0,0
NONEXPIRY_FORCED_FLOW,236,False,10,9093.96,9093.96,1,0,0,0.0337067190299197337634600550
NONEXPIRY_FORCED_FLOW,237,False,16,9093.96,9093.96,1,0,0,0.0337067190299197337634600550
NONEXPIRY_FORCED_FLOW,238,False,27,9411.18,9411.18,0,0,0,0
NONEXPIRY_FORCED_FLOW,239,False,12,9394.55,9394.55,2,1,0,0.0326634588751586991866570151
NONEXPIRY_FORCED_FLOW,240,False,16,9711.77,9711.77,1,1,0,0
NONEXPIRY_FORCED_FLOW,241,False,25,9711.77,9711.77,1,1,0,0
NONEXPIRY_FORCED_FLOW,242,False,24,9411.18,9411.18,0,0,0,0
NONEXPIRY_FORCED_FLOW,243,False,21,9411.18,9411.18,0,0,0,0
NONEXPIRY_FORCED_FLOW,244,False,20,9093.96,9093.96,1,0,0,0.0337067190299197337634600550
NONEXPIRY_FORCED_FLOW,245,False,22,9711.77,9711.77,1,1,0,0
NONEXPIRY_FORCED_FLOW,246,False,17,9711.77,9711.77,1,1,0,0
NONEXPIRY_FORCED_FLOW,247,False,15,9093.96,9093.96,1,0,0,0.0337067190299197337634600550
NONEXPIRY_FORCED_FLOW,248,False,18,9093.96,9093.96,1,0,0,0.0337067190299197337634600550
NONEXPIRY_FORCED_FLOW,249,False,16,9093.96,9093.96,1,0,0,0.0337067190299197337634600550
NONEXPIRY_FORCED_FLOW,250,False,15,9093.96,9093.96,1,0,0,0.0337067190299197337634600550
NONEXPIRY_FORCED_FLOW,251,False,17,9411.18,9411.18,0,0,0,0
NONEXPIRY_FORCED_FLOW,252,False,18,9394.55,9394.55,2,1,0,0.0326634588751586991866570151
NONEXPIRY_FORCED_FLOW,253,False,12,9093.96,9093.96,1,0,0,0.0337067190299197337634600550
NONEXPIRY_FORCED_FLOW,254,False,16,9411.18,9411.18,0,0,0,0
NONEXPIRY_FORCED_FLOW,255,False,11,9394.55,9394.55,2,1,0,0.0326634588751586991866570151
NONEXPIRY_FORCED_FLOW,256,False,23,9411.18,9411.18,0,0,0,0
NONEXPIRY_FORCED_FLOW,257,False,19,9411.18,9411.18,0,0,0,0
NONEXPIRY_FORCED_FLOW,258,False,10,9394.55,9394.55,2,1,0,0.0326634588751586991866570151
NONEXPIRY_FORCED_FLOW,259,False,16,9711.77,9711.77,1,1,0,0
NONEXPIRY_FORCED_FLOW,260,False,16,9711.77,9711.77,1,1,0,0
NONEXPIRY_FORCED_FLOW,261,False,23,9093.96,9093.96,1,0,0,0.0337067190299197337634600550
NONEXPIRY_FORCED_FLOW,262,False,17,9411.18,9411.18,0,0,0,0
NONEXPIRY_FORCED_FLOW,263,False,14,9411.18,9411.18,0,0,0,0
NONEXPIRY_FORCED_FLOW,264,False,14,9093.96,9093.96,1,0,0,0.0337067190299197337634600550
NONEXPIRY_FORCED_FLOW,265,False,21,9093.96,9093.96,1,0,0,0.0337067190299197337634600550
NONEXPIRY_FORCED_FLOW,266,False,19,9711.77,9711.77,1,1,0,0
NONEXPIRY_FORCED_FLOW,267,False,22,9711.77,9711.77,1,1,0,0
NONEXPIRY_FORCED_FLOW,268,False,21,9411.18,9411.18,0,0,0,0
NONEXPIRY_FORCED_FLOW,269,False,15,9711.77,9711.77,1,1,0,0
NONEXPIRY_FORCED_FLOW,270,False,15,9394.55,9394.55,2,1,0,0.0326634588751586991866570151
NONEXPIRY_FORCED_FLOW,271,False,15,9093.96,9093.96,1,0,0,0.0337067190299197337634600550
NONEXPIRY_FORCED_FLOW,272,False,10,9093.96,9093.96,1,0,0,0.0337067190299197337634600550
NONEXPIRY_FORCED_FLOW,273,False,16,9711.77,9711.77,1,1,0,0
NONEXPIRY_FORCED_FLOW,274,False,29,9711.77,9711.77,1,1,0,0
NONEXPIRY_FORCED_FLOW,275,False,11,9394.55,9394.55,2,1,0,0.0326634588751586991866570151
NONEXPIRY_FORCED_FLOW,276,False,21,9411.18,9411.18,0,0,0,0
NONEXPIRY_FORCED_FLOW,277,False,17,9394.55,9394.55,2,1,0,0.0326634588751586991866570151
NONEXPIRY_FORCED_FLOW,278,False,12,9093.96,9093.96,1,0,0,0.0337067190299197337634600550
NONEXPIRY_FORCED_FLOW,279,False,15,9093.96,9093.96,1,0,0,0.0337067190299197337634600550
NONEXPIRY_FORCED_FLOW,280,False,26,9411.18,9411.18,0,0,0,0
NONEXPIRY_FORCED_FLOW,281,False,14,9394.55,9394.55,2,1,0,0.0326634588751586991866570151
NONEXPIRY_FORCED_FLOW,282,False,12,9394.55,9394.55,2,1,0,0.0326634588751586991866570151
NONEXPIRY_FORCED_FLOW,283,False,27,9711.77,9711.77,1,1,0,0
NONEXPIRY_FORCED_FLOW,284,False,23,9711.77,9711.77,1,1,0,0
NONEXPIRY_FORCED_FLOW,285,False,19,9411.18,9411.18,0,0,0,0
NONEXPIRY_FORCED_FLOW,286,False,17,9411.18,9411.18,0,0,0,0
NONEXPIRY_FORCED_FLOW,287,False,10,9711.77,9711.77,1,1,0,0
NONEXPIRY_FORCED_FLOW,288,False,16,9093.96,9093.96,1,0,0,0.0337067190299197337634600550
NONEXPIRY_FORCED_FLOW,289,False,14,9411.18,9411.18,0,0,0,0
NONEXPIRY_FORCED_FLOW,290,False,20,9411.18,9411.18,0,0,0,0
NONEXPIRY_FORCED_FLOW,291,False,12,9093.96,9093.96,1,0,0,0.0337067190299197337634600550
NONEXPIRY_FORCED_FLOW,292,False,12,9394.55,9394.55,2,1,0,0.0326634588751586991866570151
NONEXPIRY_FORCED_FLOW,293,False,22,9411.18,9411.18,0,0,0,0
NONEXPIRY_FORCED_FLOW,294,False,22,9394.55,9394.55,2,1,0,0.0326634588751586991866570151
NONEXPIRY_FORCED_FLOW,295,False,16,9411.18,9411.18,0,0,0,0
NONEXPIRY_FORCED_FLOW,296,False,18,9394.55,9394.55,2,1,0,0.0326634588751586991866570151
NONEXPIRY_FORCED_FLOW,297,False,20,9411.18,9411.18,0,0,0,0
NONEXPIRY_FORCED_FLOW,298,False,14,9394.55,9394.55,2,1,0,0.0326634588751586991866570151
NONEXPIRY_FORCED_FLOW,299,False,16,9093.96,9093.96,1,0,0,0.0337067190299197337634600550
NONEXPIRY_FORCED_FLOW,300,False,12,9411.18,9411.18,0,0,0,0
NONEXPIRY_FORCED_FLOW,301,False,18,9411.18,9411.18,0,0,0,0
NONEXPIRY_FORCED_FLOW,302,False,17,9093.96,9093.96,1,0,0,0.0337067190299197337634600550
NONEXPIRY_FORCED_FLOW,303,False,16,9394.55,9394.55,2,1,0,0.0326634588751586991866570151
NONEXPIRY_FORCED_FLOW,304,False,20,9711.77,9711.77,1,1,0,0
NONEXPIRY_FORCED_FLOW,305,False,23,9711.77,9711.77,1,1,0,0
NONEXPIRY_FORCED_FLOW,306,False,13,9093.96,9093.96,1,0,0,0.0337067190299197337634600550
NONEXPIRY_FORCED_FLOW,307,False,18,9093.96,9093.96,1,0,0,0.0337067190299197337634600550
NONEXPIRY_FORCED_FLOW,308,False,10,9394.55,9394.55,2,1,0,0.0326634588751586991866570151
NONEXPIRY_FORCED_FLOW,309,False,15,9394.55,9394.55,2,1,0,0.0326634588751586991866570151
NONEXPIRY_FORCED_FLOW,310,False,20,9394.55,9394.55,2,1,0,0.0326634588751586991866570151
NONEXPIRY_FORCED_FLOW,311,False,11,9093.96,9093.96,1,0,0,0.0337067190299197337634600550
NONEXPIRY_FORCED_FLOW,312,False,14,9394.55,9394.55,2,1,0,0.0326634588751586991866570151
NONEXPIRY_FORCED_FLOW,313,False,23,9394.55,9394.55,2,1,0,0.0326634588751586991866570151
NONEXPIRY_FORCED_FLOW,314,False,12,9711.77,9711.77,1,1,0,0
NONEXPIRY_FORCED_FLOW,315,False,10,9093.96,9093.96,1,0,0,0.0337067190299197337634600550
NONEXPIRY_FORCED_FLOW,316,False,8,9394.55,9394.55,2,1,0,0.0326634588751586991866570151
NONEXPIRY_FORCED_FLOW,317,False,19,9093.96,9093.96,1,0,0,0.0337067190299197337634600550
NONEXPIRY_FORCED_FLOW,318,False,11,9394.55,9394.55,2,1,0,0.0326634588751586991866570151
NONEXPIRY_FORCED_FLOW,319,False,21,9711.77,9711.77,1,1,0,0
NONEXPIRY_FORCED_FLOW,320,False,13,9093.96,9093.96,1,0,0,0.0337067190299197337634600550
NONEXPIRY_FORCED_FLOW,321,False,19,9093.96,9093.96,1,0,0,0.0337067190299197337634600550
NONEXPIRY_FORCED_FLOW,322,False,25,9411.18,9411.18,0,0,0,0
NONEXPIRY_FORCED_FLOW,323,False,22,9394.55,9394.55,2,1,0,0.0326634588751586991866570151
NONEXPIRY_FORCED_FLOW,324,False,24,9711.77,9711.77,1,1,0,0
NONEXPIRY_FORCED_FLOW,325,False,21,9711.77,9711.77,1,1,0,0
NONEXPIRY_FORCED_FLOW,326,False,16,9394.55,9394.55,2,1,0,0.0326634588751586991866570151
NONEXPIRY_FORCED_FLOW,327,False,17,9711.77,9711.77,1,1,0,0
NONEXPIRY_FORCED_FLOW,328,False,13,9093.96,9093.96,1,0,0,0.0337067190299197337634600550
NONEXPIRY_FORCED_FLOW,329,False,15,9093.96,9093.96,1,0,0,0.0337067190299197337634600550
NONEXPIRY_FORCED_FLOW,330,False,15,9711.77,9711.77,1,1,0,0
NONEXPIRY_FORCED_FLOW,331,False,25,9093.96,9093.96,1,0,0,0.0337067190299197337634600550
NONEXPIRY_FORCED_FLOW,332,False,21,9711.77,9711.77,1,1,0,0
NONEXPIRY_FORCED_FLOW,333,False,14,9093.96,9093.96,1,0,0,0.0337067190299197337634600550
NONEXPIRY_FORCED_FLOW,334,False,10,9711.77,9711.77,1,1,0,0
NONEXPIRY_FORCED_FLOW,335,False,12,9394.55,9394.55,2,1,0,0.0326634588751586991866570151
NONEXPIRY_FORCED_FLOW,336,False,19,9394.55,9394.55,2,1,0,0.0326634588751586991866570151
NONEXPIRY_FORCED_FLOW,337,False,12,9394.55,9394.55,2,1,0,0.0326634588751586991866570151
NONEXPIRY_FORCED_FLOW,338,False,9,9394.55,9394.55,2,1,0,0.0326634588751586991866570151
NONEXPIRY_FORCED_FLOW,339,False,10,9394.55,9394.55,2,1,0,0.0326634588751586991866570151
NONEXPIRY_FORCED_FLOW,340,False,17,9093.96,9093.96,1,0,0,0.0337067190299197337634600550
NONEXPIRY_FORCED_FLOW,341,False,18,9093.96,9093.96,1,0,0,0.0337067190299197337634600550
NONEXPIRY_FORCED_FLOW,342,False,13,9711.77,9711.77,1,1,0,0
NONEXPIRY_FORCED_FLOW,343,False,14,9394.55,9394.55,2,1,0,0.0326634588751586991866570151
NONEXPIRY_FORCED_FLOW,344,False,14,9093.96,9093.96,1,0,0,0.0337067190299197337634600550
NONEXPIRY_FORCED_FLOW,345,False,10,9093.96,9093.96,1,0,0,0.0337067190299197337634600550
NONEXPIRY_FORCED_FLOW,346,False,15,9711.77,9711.77,1,1,0,0
NONEXPIRY_FORCED_FLOW,347,False,19,9411.18,9411.18,0,0,0,0
NONEXPIRY_FORCED_FLOW,348,False,16,9093.96,9093.96,1,0,0,0.0337067190299197337634600550
NONEXPIRY_FORCED_FLOW,349,False,19,9093.96,9093.96,1,0,0,0.0337067190299197337634600550
NONEXPIRY_FORCED_FLOW,350,False,19,9411.18,9411.18,0,0,0,0
NONEXPIRY_FORCED_FLOW,351,False,20,9093.96,9093.96,1,0,0,0.0337067190299197337634600550
NONEXPIRY_FORCED_FLOW,352,False,13,9411.18,9411.18,0,0,0,0
NONEXPIRY_FORCED_FLOW,353,False,19,9394.55,9394.55,2,1,0,0.0326634588751586991866570151
NONEXPIRY_FORCED_FLOW,354,False,25,9711.77,9711.77,1,1,0,0
NONEXPIRY_FORCED_FLOW,355,False,17,9711.77,9711.77,1,1,0,0
NONEXPIRY_FORCED_FLOW,356,False,16,9394.55,9394.55,2,1,0,0.0326634588751586991866570151
NONEXPIRY_FORCED_FLOW,357,False,20,9394.55,9394.55,2,1,0,0.0326634588751586991866570151
NONEXPIRY_FORCED_FLOW,358,False,24,9711.77,9711.77,1,1,0,0
NONEXPIRY_FORCED_FLOW,359,False,18,9711.77,9711.77,1,1,0,0
NONEXPIRY_FORCED_FLOW,360,False,23,9711.77,9711.77,1,1,0,0
NONEXPIRY_FORCED_FLOW,361,False,13,9394.55,9394.55,2,1,0,0.0326634588751586991866570151
NONEXPIRY_FORCED_FLOW,362,False,15,9411.18,9411.18,0,0,0,0
NONEXPIRY_FORCED_FLOW,363,False,12,9394.55,9394.55,2,1,0,0.0326634588751586991866570151
NONEXPIRY_FORCED_FLOW,364,False,18,9711.77,9711.77,1,1,0,0
NONEXPIRY_FORCED_FLOW,365,False,25,9411.18,9411.18,0,0,0,0
NONEXPIRY_FORCED_FLOW,366,False,15,9711.77,9711.77,1,1,0,0
NONEXPIRY_FORCED_FLOW,367,False,21,9394.55,9394.55,2,1,0,0.0326634588751586991866570151
NONEXPIRY_FORCED_FLOW,368,False,16,9093.96,9093.96,1,0,0,0.0337067190299197337634600550
NONEXPIRY_FORCED_FLOW,369,False,20,9411.18,9411.18,0,0,0,0
NONEXPIRY_FORCED_FLOW,370,False,18,9711.77,9711.77,1,1,0,0
NONEXPIRY_FORCED_FLOW,371,False,16,9411.18,9411.18,0,0,0,0
NONEXPIRY_FORCED_FLOW,372,False,9,9394.55,9394.55,2,1,0,0.0326634588751586991866570151
NONEXPIRY_FORCED_FLOW,373,False,13,9394.55,9394.55,2,1,0,0.0326634588751586991866570151
NONEXPIRY_FORCED_FLOW,374,False,19,9093.96,9093.96,1,0,0,0.0337067190299197337634600550
NONEXPIRY_FORCED_FLOW,375,False,17,9711.77,9711.77,1,1,0,0
NONEXPIRY_FORCED_FLOW,376,False,10,9411.18,9411.18,0,0,0,0
NONEXPIRY_FORCED_FLOW,377,False,17,9394.55,9394.55,2,1,0,0.0326634588751586991866570151
NONEXPIRY_FORCED_FLOW,378,False,14,9711.77,9711.77,1,1,0,0
NONEXPIRY_FORCED_FLOW,379,False,20,9394.55,9394.55,2,1,0,0.0326634588751586991866570151
NONEXPIRY_FORCED_FLOW,380,False,10,9394.55,9394.55,2,1,0,0.0326634588751586991866570151
NONEXPIRY_FORCED_FLOW,381,False,18,9411.18,9411.18,0,0,0,0
NONEXPIRY_FORCED_FLOW,382,False,11,9711.77,9711.77,1,1,0,0
NONEXPIRY_FORCED_FLOW,383,False,20,9411.18,9411.18,0,0,0,0
NONEXPIRY_FORCED_FLOW,384,False,18,9411.18,9411.18,0,0,0,0
NONEXPIRY_FORCED_FLOW,385,False,15,9394.55,9394.55,2,1,0,0.0326634588751586991866570151
NONEXPIRY_FORCED_FLOW,386,False,14,9093.96,9093.96,1,0,0,0.0337067190299197337634600550
NONEXPIRY_FORCED_FLOW,387,False,28,9411.18,9411.18,0,0,0,0
NONEXPIRY_FORCED_FLOW,388,False,10,9093.96,9093.96,1,0,0,0.0337067190299197337634600550
NONEXPIRY_FORCED_FLOW,389,False,25,9411.18,9411.18,0,0,0,0
NONEXPIRY_FORCED_FLOW,390,False,25,9711.77,9711.77,1,1,0,0
NONEXPIRY_FORCED_FLOW,391,False,25,9411.18,9411.18,0,0,0,0
NONEXPIRY_FORCED_FLOW,392,False,10,9093.96,9093.96,1,0,0,0.0337067190299197337634600550
NONEXPIRY_FORCED_FLOW,393,False,23,9411.18,9411.18,0,0,0,0
NONEXPIRY_FORCED_FLOW,394,False,21,9711.77,9711.77,1,1,0,0
NONEXPIRY_FORCED_FLOW,395,False,19,9411.18,9411.18,0,0,0,0
NONEXPIRY_FORCED_FLOW,396,False,22,9394.55,9394.55,2,1,0,0.0326634588751586991866570151
NONEXPIRY_FORCED_FLOW,397,False,21,9394.55,9394.55,2,1,0,0.0326634588751586991866570151
NONEXPIRY_FORCED_FLOW,398,False,18,9411.18,9411.18,0,0,0,0
NONEXPIRY_FORCED_FLOW,399,False,20,9711.77,9711.77,1,1,0,0
NONEXPIRY_FORCED_FLOW,400,False,16,9093.96,9093.96,1,0,0,0.0337067190299197337634600550
NONEXPIRY_FORCED_FLOW,401,False,16,9093.96,9093.96,1,0,0,0.0337067190299197337634600550
NONEXPIRY_FORCED_FLOW,402,False,18,9411.18,9411.18,0,0,0,0
NONEXPIRY_FORCED_FLOW,403,False,16,9394.55,9394.55,2,1,0,0.0326634588751586991866570151
NONEXPIRY_FORCED_FLOW,404,False,17,9711.77,9711.77,1,1,0,0
NONEXPIRY_FORCED_FLOW,405,False,22,9711.77,9711.77,1,1,0,0
NONEXPIRY_FORCED_FLOW,406,False,16,9411.18,9411.18,0,0,0,0
NONEXPIRY_FORCED_FLOW,407,False,19,9394.55,9394.55,2,1,0,0.0326634588751586991866570151
NONEXPIRY_FORCED_FLOW,408,False,13,9411.18,9411.18,0,0,0,0
NONEXPIRY_FORCED_FLOW,409,False,19,9411.18,9411.18,0,0,0,0
NONEXPIRY_FORCED_FLOW,410,False,23,9711.77,9711.77,1,1,0,0
NONEXPIRY_FORCED_FLOW,411,False,26,9711.77,9711.77,1,1,0,0
NONEXPIRY_FORCED_FLOW,412,False,22,9093.96,9093.96,1,0,0,0.0337067190299197337634600550
NONEXPIRY_FORCED_FLOW,413,False,18,9093.96,9093.96,1,0,0,0.0337067190299197337634600550
NONEXPIRY_FORCED_FLOW,414,False,15,9093.96,9093.96,1,0,0,0.0337067190299197337634600550
NONEXPIRY_FORCED_FLOW,415,False,19,9093.96,9093.96,1,0,0,0.0337067190299197337634600550
NONEXPIRY_FORCED_FLOW,416,False,11,9411.18,9411.18,0,0,0,0
NONEXPIRY_FORCED_FLOW,417,False,21,9711.77,9711.77,1,1,0,0
NONEXPIRY_FORCED_FLOW,418,False,21,9411.18,9411.18,0,0,0,0
NONEXPIRY_FORCED_FLOW,419,False,15,9394.55,9394.55,2,1,0,0.0326634588751586991866570151
NONEXPIRY_FORCED_FLOW,420,False,20,9394.55,9394.55,2,1,0,0.0326634588751586991866570151
NONEXPIRY_FORCED_FLOW,421,False,14,9093.96,9093.96,1,0,0,0.0337067190299197337634600550
NONEXPIRY_FORCED_FLOW,422,False,20,9093.96,9093.96,1,0,0,0.0337067190299197337634600550
NONEXPIRY_FORCED_FLOW,423,False,18,9411.18,9411.18,0,0,0,0
NONEXPIRY_FORCED_FLOW,424,False,17,9411.18,9411.18,0,0,0,0
NONEXPIRY_FORCED_FLOW,425,False,18,9093.96,9093.96,1,0,0,0.0337067190299197337634600550
NONEXPIRY_FORCED_FLOW,426,False,18,9394.55,9394.55,2,1,0,0.0326634588751586991866570151
NONEXPIRY_FORCED_FLOW,427,False,16,9394.55,9394.55,2,1,0,0.0326634588751586991866570151
NONEXPIRY_FORCED_FLOW,428,False,14,9093.96,9093.96,1,0,0,0.0337067190299197337634600550
NONEXPIRY_FORCED_FLOW,429,False,14,9711.77,9711.77,1,1,0,0
NONEXPIRY_FORCED_FLOW,430,False,23,9411.18,9411.18,0,0,0,0
NONEXPIRY_FORCED_FLOW,431,False,17,9093.96,9093.96,1,0,0,0.0337067190299197337634600550
NONEXPIRY_FORCED_FLOW,432,False,27,9411.18,9411.18,0,0,0,0
NONEXPIRY_FORCED_FLOW,433,False,15,9711.77,9711.77,1,1,0,0
NONEXPIRY_FORCED_FLOW,434,False,18,9093.96,9093.96,1,0,0,0.0337067190299197337634600550
NONEXPIRY_FORCED_FLOW,435,False,19,9394.55,9394.55,2,1,0,0.0326634588751586991866570151
NONEXPIRY_FORCED_FLOW,436,False,15,9093.96,9093.96,1,0,0,0.0337067190299197337634600550
NONEXPIRY_FORCED_FLOW,437,False,18,9093.96,9093.96,1,0,0,0.0337067190299197337634600550
NONEXPIRY_FORCED_FLOW,438,False,14,9394.55,9394.55,2,1,0,0.0326634588751586991866570151
NONEXPIRY_FORCED_FLOW,439,False,20,9093.96,9093.96,1,0,0,0.0337067190299197337634600550
NONEXPIRY_FORCED_FLOW,440,False,12,9394.55,9394.55,2,1,0,0.0326634588751586991866570151
NONEXPIRY_FORCED_FLOW,441,False,19,9394.55,9394.55,2,1,0,0.0326634588751586991866570151
NONEXPIRY_FORCED_FLOW,442,False,14,9411.18,9411.18,0,0,0,0
NONEXPIRY_FORCED_FLOW,443,False,19,9711.77,9711.77,1,1,0,0
NONEXPIRY_FORCED_FLOW,444,False,20,9093.96,9093.96,1,0,0,0.0337067190299197337634600550
NONEXPIRY_FORCED_FLOW,445,False,16,9093.96,9093.96,1,0,0,0.0337067190299197337634600550
NONEXPIRY_FORCED_FLOW,446,False,16,9411.18,9411.18,0,0,0,0
NONEXPIRY_FORCED_FLOW,447,False,8,9093.96,9093.96,1,0,0,0.0337067190299197337634600550
NONEXPIRY_FORCED_FLOW,448,False,26,9411.18,9411.18,0,0,0,0
NONEXPIRY_FORCED_FLOW,449,False,15,9394.55,9394.55,2,1,0,0.0326634588751586991866570151
NONEXPIRY_FORCED_FLOW,450,False,18,9711.77,9711.77,1,1,0,0
NONEXPIRY_FORCED_FLOW,451,False,16,9394.55,9394.55,2,1,0,0.0326634588751586991866570151
NONEXPIRY_FORCED_FLOW,452,False,17,9093.96,9093.96,1,0,0,0.0337067190299197337634600550
NONEXPIRY_FORCED_FLOW,453,False,12,9394.55,9394.55,2,1,0,0.0326634588751586991866570151
NONEXPIRY_FORCED_FLOW,454,False,8,9093.96,9093.96,1,0,0,0.0337067190299197337634600550
NONEXPIRY_FORCED_FLOW,455,False,22,9711.77,9711.77,1,1,0,0
NONEXPIRY_FORCED_FLOW,456,False,21,9411.18,9411.18,0,0,0,0
NONEXPIRY_FORCED_FLOW,457,False,21,9711.77,9711.77,1,1,0,0
NONEXPIRY_FORCED_FLOW,458,False,14,9394.55,9394.55,2,1,0,0.0326634588751586991866570151
NONEXPIRY_FORCED_FLOW,459,False,16,9711.77,9711.77,1,1,0,0
NONEXPIRY_FORCED_FLOW,460,False,15,9093.96,9093.96,1,0,0,0.0337067190299197337634600550
NONEXPIRY_FORCED_FLOW,461,False,18,9411.18,9411.18,0,0,0,0
NONEXPIRY_FORCED_FLOW,462,False,22,9711.77,9711.77,1,1,0,0
NONEXPIRY_FORCED_FLOW,463,False,10,9711.77,9711.77,1,1,0,0
NONEXPIRY_FORCED_FLOW,464,False,16,9093.96,9093.96,1,0,0,0.0337067190299197337634600550
NONEXPIRY_FORCED_FLOW,465,False,18,9711.77,9711.77,1,1,0,0
NONEXPIRY_FORCED_FLOW,466,False,15,9394.55,9394.55,2,1,0,0.0326634588751586991866570151
NONEXPIRY_FORCED_FLOW,467,False,18,9093.96,9093.96,1,0,0,0.0337067190299197337634600550
NONEXPIRY_FORCED_FLOW,468,False,17,9394.55,9394.55,2,1,0,0.0326634588751586991866570151
NONEXPIRY_FORCED_FLOW,469,False,21,9411.18,9411.18,0,0,0,0
NONEXPIRY_FORCED_FLOW,470,False,17,9711.77,9711.77,1,1,0,0
NONEXPIRY_FORCED_FLOW,471,False,15,9394.55,9394.55,2,1,0,0.0326634588751586991866570151
NONEXPIRY_FORCED_FLOW,472,False,22,9711.77,9711.77,1,1,0,0
NONEXPIRY_FORCED_FLOW,473,False,25,9411.18,9411.18,0,0,0,0
NONEXPIRY_FORCED_FLOW,474,False,14,9711.77,9711.77,1,1,0,0
NONEXPIRY_FORCED_FLOW,475,False,22,9711.77,9711.77,1,1,0,0
NONEXPIRY_FORCED_FLOW,476,False,22,9411.18,9411.18,0,0,0,0
NONEXPIRY_FORCED_FLOW,477,False,10,9093.96,9093.96,1,0,0,0.0337067190299197337634600550
NONEXPIRY_FORCED_FLOW,478,False,17,9093.96,9093.96,1,0,0,0.0337067190299197337634600550
NONEXPIRY_FORCED_FLOW,479,False,24,9411.18,9411.18,0,0,0,0
NONEXPIRY_FORCED_FLOW,480,False,18,9411.18,9411.18,0,0,0,0
NONEXPIRY_FORCED_FLOW,481,False,20,9093.96,9093.96,1,0,0,0.0337067190299197337634600550
NONEXPIRY_FORCED_FLOW,482,False,18,9411.18,9411.18,0,0,0,0
NONEXPIRY_FORCED_FLOW,483,False,23,9411.18,9411.18,0,0,0,0
NONEXPIRY_FORCED_FLOW,484,False,22,9394.55,9394.55,2,1,0,0.0326634588751586991866570151
NONEXPIRY_FORCED_FLOW,485,False,13,9394.55,9394.55,2,1,0,0.0326634588751586991866570151
NONEXPIRY_FORCED_FLOW,486,False,15,9394.55,9394.55,2,1,0,0.0326634588751586991866570151
NONEXPIRY_FORCED_FLOW,487,False,14,9093.96,9093.96,1,0,0,0.0337067190299197337634600550
NONEXPIRY_FORCED_FLOW,488,False,19,9711.77,9711.77,1,1,0,0
NONEXPIRY_FORCED_FLOW,489,False,12,9394.55,9394.55,2,1,0,0.0326634588751586991866570151
NONEXPIRY_FORCED_FLOW,490,False,15,9093.96,9093.96,1,0,0,0.0337067190299197337634600550
NONEXPIRY_FORCED_FLOW,491,False,20,9411.18,9411.18,0,0,0,0
NONEXPIRY_FORCED_FLOW,492,False,20,9711.77,9711.77,1,1,0,0
NONEXPIRY_FORCED_FLOW,493,False,17,9411.18,9411.18,0,0,0,0
NONEXPIRY_FORCED_FLOW,494,False,19,9394.55,9394.55,2,1,0,0.0326634588751586991866570151
NONEXPIRY_FORCED_FLOW,495,False,20,9711.77,9711.77,1,1,0,0
NONEXPIRY_FORCED_FLOW,496,False,11,9093.96,9093.96,1,0,0,0.0337067190299197337634600550
NONEXPIRY_FORCED_FLOW,497,False,18,9411.18,9411.18,0,0,0,0
NONEXPIRY_FORCED_FLOW,498,False,17,9093.96,9093.96,1,0,0,0.0337067190299197337634600550
NONEXPIRY_FORCED_FLOW,499,False,15,9711.77,9711.77,1,1,0,0
NONEXPIRY_FORCED_FLOW,500,False,20,9411.18,9411.18,0,0,0,0
NONEXPIRY_FORCED_FLOW,501,False,17,9093.96,9093.96,1,0,0,0.0337067190299197337634600550
NONEXPIRY_FORCED_FLOW,502,False,14,9411.18,9411.18,0,0,0,0
NONEXPIRY_FORCED_FLOW,503,False,21,9711.77,9711.77,1,1,0,0
NONEXPIRY_FORCED_FLOW,504,False,19,9093.96,9093.96,1,0,0,0.0337067190299197337634600550
NONEXPIRY_FORCED_FLOW,505,False,16,9711.77,9711.77,1,1,0,0
NONEXPIRY_FORCED_FLOW,506,False,19,9093.96,9093.96,1,0,0,0.0337067190299197337634600550
NONEXPIRY_FORCED_FLOW,507,False,18,9411.18,9411.18,0,0,0,0
NONEXPIRY_FORCED_FLOW,508,False,20,9093.96,9093.96,1,0,0,0.0337067190299197337634600550
NONEXPIRY_FORCED_FLOW,509,False,13,9093.96,9093.96,1,0,0,0.0337067190299197337634600550
NONEXPIRY_FORCED_FLOW,510,False,17,9411.18,9411.18,0,0,0,0
NONEXPIRY_FORCED_FLOW,511,False,23,9711.77,9711.77,1,1,0,0
NONEXPIRY_FORCED_FLOW,512,False,24,9711.77,9711.77,1,1,0,0
NONEXPIRY_FORCED_FLOW,513,False,17,9711.77,9711.77,1,1,0,0
NONEXPIRY_FORCED_FLOW,514,False,19,9093.96,9093.96,1,0,0,0.0337067190299197337634600550
NONEXPIRY_FORCED_FLOW,515,False,28,9711.77,9711.77,1,1,0,0
NONEXPIRY_FORCED_FLOW,516,False,14,9394.55,9394.55,2,1,0,0.0326634588751586991866570151
NONEXPIRY_FORCED_FLOW,517,False,26,9411.18,9411.18,0,0,0,0
NONEXPIRY_FORCED_FLOW,518,False,13,9093.96,9093.96,1,0,0,0.0337067190299197337634600550
NONEXPIRY_FORCED_FLOW,519,False,19,9093.96,9093.96,1,0,0,0.0337067190299197337634600550
NONEXPIRY_FORCED_FLOW,520,False,20,9711.77,9711.77,1,1,0,0
NONEXPIRY_FORCED_FLOW,521,False,12,9711.77,9711.77,1,1,0,0
NONEXPIRY_FORCED_FLOW,522,False,18,9711.77,9711.77,1,1,0,0
NONEXPIRY_FORCED_FLOW,523,False,14,9093.96,9093.96,1,0,0,0.0337067190299197337634600550
NONEXPIRY_FORCED_FLOW,524,False,22,9711.77,9711.77,1,1,0,0
NONEXPIRY_FORCED_FLOW,525,False,26,9711.77,9711.77,1,1,0,0
NONEXPIRY_FORCED_FLOW,526,False,20,9711.77,9711.77,1,1,0,0
NONEXPIRY_FORCED_FLOW,527,False,17,9411.18,9411.18,0,0,0,0
NONEXPIRY_FORCED_FLOW,528,False,18,9394.55,9394.55,2,1,0,0.0326634588751586991866570151
NONEXPIRY_FORCED_FLOW,529,False,23,9711.77,9711.77,1,1,0,0
NONEXPIRY_FORCED_FLOW,530,False,16,9411.18,9411.18,0,0,0,0
NONEXPIRY_FORCED_FLOW,531,False,10,9394.55,9394.55,2,1,0,0.0326634588751586991866570151
NONEXPIRY_FORCED_FLOW,532,False,14,9394.55,9394.55,2,1,0,0.0326634588751586991866570151
NONEXPIRY_FORCED_FLOW,533,False,14,9093.96,9093.96,1,0,0,0.0337067190299197337634600550
NONEXPIRY_FORCED_FLOW,534,False,20,9411.18,9411.18,0,0,0,0
NONEXPIRY_FORCED_FLOW,535,False,10,9711.77,9711.77,1,1,0,0
NONEXPIRY_FORCED_FLOW,536,False,20,9394.55,9394.55,2,1,0,0.0326634588751586991866570151
NONEXPIRY_FORCED_FLOW,537,False,19,9093.96,9093.96,1,0,0,0.0337067190299197337634600550
NONEXPIRY_FORCED_FLOW,538,False,29,9411.18,9411.18,0,0,0,0
NONEXPIRY_FORCED_FLOW,539,False,18,9411.18,9411.18,0,0,0,0
NONEXPIRY_FORCED_FLOW,540,False,15,9093.96,9093.96,1,0,0,0.0337067190299197337634600550
NONEXPIRY_FORCED_FLOW,541,False,17,9093.96,9093.96,1,0,0,0.0337067190299197337634600550
NONEXPIRY_FORCED_FLOW,542,False,16,9411.18,9411.18,0,0,0,0
NONEXPIRY_FORCED_FLOW,543,False,14,9394.55,9394.55,2,1,0,0.0326634588751586991866570151
NONEXPIRY_FORCED_FLOW,544,False,11,9093.96,9093.96,1,0,0,0.0337067190299197337634600550
NONEXPIRY_FORCED_FLOW,545,False,28,9711.77,9711.77,1,1,0,0
NONEXPIRY_FORCED_FLOW,546,False,12,9394.55,9394.55,2,1,0,0.0326634588751586991866570151
NONEXPIRY_FORCED_FLOW,547,False,12,9711.77,9711.77,1,1,0,0
NONEXPIRY_FORCED_FLOW,548,False,27,9711.77,9711.77,1,1,0,0
NONEXPIRY_FORCED_FLOW,549,False,12,9394.55,9394.55,2,1,0,0.0326634588751586991866570151
NONEXPIRY_FORCED_FLOW,550,False,23,9411.18,9411.18,0,0,0,0
NONEXPIRY_FORCED_FLOW,551,False,13,9711.77,9711.77,1,1,0,0
NONEXPIRY_FORCED_FLOW,552,False,15,9711.77,9711.77,1,1,0,0
NONEXPIRY_FORCED_FLOW,553,False,21,9093.96,9093.96,1,0,0,0.0337067190299197337634600550
NONEXPIRY_FORCED_FLOW,554,False,20,9093.96,9093.96,1,0,0,0.0337067190299197337634600550
NONEXPIRY_FORCED_FLOW,555,False,13,9711.77,9711.77,1,1,0,0
NONEXPIRY_FORCED_FLOW,556,False,18,9411.18,9411.18,0,0,0,0
NONEXPIRY_FORCED_FLOW,557,False,19,9711.77,9711.77,1,1,0,0
NONEXPIRY_FORCED_FLOW,558,False,28,9411.18,9411.18,0,0,0,0
NONEXPIRY_FORCED_FLOW,559,False,19,9394.55,9394.55,2,1,0,0.0326634588751586991866570151
NONEXPIRY_FORCED_FLOW,560,False,17,9711.77,9711.77,1,1,0,0
NONEXPIRY_FORCED_FLOW,561,False,19,9711.77,9711.77,1,1,0,0
NONEXPIRY_FORCED_FLOW,562,False,23,9093.96,9093.96,1,0,0,0.0337067190299197337634600550
NONEXPIRY_FORCED_FLOW,563,False,16,9411.18,9411.18,0,0,0,0
NONEXPIRY_FORCED_FLOW,564,False,23,9411.18,9411.18,0,0,0,0
NONEXPIRY_FORCED_FLOW,565,False,9,9093.96,9093.96,1,0,0,0.0337067190299197337634600550
NONEXPIRY_FORCED_FLOW,566,False,18,9093.96,9093.96,1,0,0,0.0337067190299197337634600550
NONEXPIRY_FORCED_FLOW,567,False,16,9711.77,9711.77,1,1,0,0
NONEXPIRY_FORCED_FLOW,568,False,15,9394.55,9394.55,2,1,0,0.0326634588751586991866570151
NONEXPIRY_FORCED_FLOW,569,False,19,9711.77,9711.77,1,1,0,0
NONEXPIRY_FORCED_FLOW,570,False,21,9711.77,9711.77,1,1,0,0
NONEXPIRY_FORCED_FLOW,571,False,21,9711.77,9711.77,1,1,0,0
NONEXPIRY_FORCED_FLOW,572,False,25,9711.77,9711.77,1,1,0,0
NONEXPIRY_FORCED_FLOW,573,False,20,9093.96,9093.96,1,0,0,0.0337067190299197337634600550
NONEXPIRY_FORCED_FLOW,574,False,23,9411.18,9411.18,0,0,0,0
NONEXPIRY_FORCED_FLOW,575,False,17,9411.18,9411.18,0,0,0,0
NONEXPIRY_FORCED_FLOW,576,False,21,9093.96,9093.96,1,0,0,0.0337067190299197337634600550
NONEXPIRY_FORCED_FLOW,577,False,11,9093.96,9093.96,1,0,0,0.0337067190299197337634600550
NONEXPIRY_FORCED_FLOW,578,False,14,9093.96,9093.96,1,0,0,0.0337067190299197337634600550
NONEXPIRY_FORCED_FLOW,579,False,21,9411.18,9411.18,0,0,0,0
NONEXPIRY_FORCED_FLOW,580,False,17,9411.18,9411.18,0,0,0,0
NONEXPIRY_FORCED_FLOW,581,False,16,9394.55,9394.55,2,1,0,0.0326634588751586991866570151
NONEXPIRY_FORCED_FLOW,582,False,20,9711.77,9711.77,1,1,0,0
NONEXPIRY_FORCED_FLOW,583,False,19,9711.77,9711.77,1,1,0,0
NONEXPIRY_FORCED_FLOW,584,False,24,9411.18,9411.18,0,0,0,0
NONEXPIRY_FORCED_FLOW,585,False,18,9711.77,9711.77,1,1,0,0
NONEXPIRY_FORCED_FLOW,586,False,17,9093.96,9093.96,1,0,0,0.0337067190299197337634600550
NONEXPIRY_FORCED_FLOW,587,False,11,9411.18,9411.18,0,0,0,0
NONEXPIRY_FORCED_FLOW,588,False,14,9093.96,9093.96,1,0,0,0.0337067190299197337634600550
NONEXPIRY_FORCED_FLOW,589,False,23,9711.77,9711.77,1,1,0,0
NONEXPIRY_FORCED_FLOW,590,False,14,9394.55,9394.55,2,1,0,0.0326634588751586991866570151
NONEXPIRY_FORCED_FLOW,591,False,16,9411.18,9411.18,0,0,0,0
NONEXPIRY_FORCED_FLOW,592,False,18,9711.77,9711.77,1,1,0,0
NONEXPIRY_FORCED_FLOW,593,False,15,9411.18,9411.18,0,0,0,0
NONEXPIRY_FORCED_FLOW,594,False,19,9711.77,9711.77,1,1,0,0
NONEXPIRY_FORCED_FLOW,595,False,14,9411.18,9411.18,0,0,0,0
NONEXPIRY_FORCED_FLOW,596,False,29,9411.18,9411.18,0,0,0,0
NONEXPIRY_FORCED_FLOW,597,False,14,9394.55,9394.55,2,1,0,0.0326634588751586991866570151
NONEXPIRY_FORCED_FLOW,598,False,12,9394.55,9394.55,2,1,0,0.0326634588751586991866570151
NONEXPIRY_FORCED_FLOW,599,False,23,9711.77,9711.77,1,1,0,0
NONEXPIRY_FORCED_FLOW,600,False,22,9093.96,9093.96,1,0,0,0.0337067190299197337634600550
NONEXPIRY_FORCED_FLOW,601,False,15,9394.55,9394.55,2,1,0,0.0326634588751586991866570151
NONEXPIRY_FORCED_FLOW,602,False,14,9411.18,9411.18,0,0,0,0
NONEXPIRY_FORCED_FLOW,603,False,8,9394.55,9394.55,2,1,0,0.0326634588751586991866570151
NONEXPIRY_FORCED_FLOW,604,False,23,9711.77,9711.77,1,1,0,0
NONEXPIRY_FORCED_FLOW,605,False,16,9711.77,9711.77,1,1,0,0
NONEXPIRY_FORCED_FLOW,606,False,22,9711.77,9711.77,1,1,0,0
NONEXPIRY_FORCED_FLOW,607,False,23,9711.77,9711.77,1,1,0,0
NONEXPIRY_FORCED_FLOW,608,False,20,9394.55,9394.55,2,1,0,0.0326634588751586991866570151
NONEXPIRY_FORCED_FLOW,609,False,18,9411.18,9411.18,0,0,0,0
NONEXPIRY_FORCED_FLOW,610,False,26,9411.18,9411.18,0,0,0,0
NONEXPIRY_FORCED_FLOW,611,False,19,9411.18,9411.18,0,0,0,0
NONEXPIRY_FORCED_FLOW,612,False,16,9711.77,9711.77,1,1,0,0
NONEXPIRY_FORCED_FLOW,613,False,12,9093.96,9093.96,1,0,0,0.0337067190299197337634600550
NONEXPIRY_FORCED_FLOW,614,False,25,9411.18,9411.18,0,0,0,0
NONEXPIRY_FORCED_FLOW,615,False,22,9711.77,9711.77,1,1,0,0
NONEXPIRY_FORCED_FLOW,616,False,24,9711.77,9711.77,1,1,0,0
NONEXPIRY_FORCED_FLOW,617,False,17,9093.96,9093.96,1,0,0,0.0337067190299197337634600550
NONEXPIRY_FORCED_FLOW,618,False,17,9411.18,9411.18,0,0,0,0
NONEXPIRY_FORCED_FLOW,619,False,22,9711.77,9711.77,1,1,0,0
NONEXPIRY_FORCED_FLOW,620,False,21,9711.77,9711.77,1,1,0,0
NONEXPIRY_FORCED_FLOW,621,False,10,9093.96,9093.96,1,0,0,0.0337067190299197337634600550
NONEXPIRY_FORCED_FLOW,622,False,19,9093.96,9093.96,1,0,0,0.0337067190299197337634600550
NONEXPIRY_FORCED_FLOW,623,False,17,9394.55,9394.55,2,1,0,0.0326634588751586991866570151
NONEXPIRY_FORCED_FLOW,624,False,19,9711.77,9711.77,1,1,0,0
NONEXPIRY_FORCED_FLOW,625,False,14,9093.96,9093.96,1,0,0,0.0337067190299197337634600550
NONEXPIRY_FORCED_FLOW,626,False,16,9411.18,9411.18,0,0,0,0
NONEXPIRY_FORCED_FLOW,627,False,25,9411.18,9411.18,0,0,0,0
NONEXPIRY_FORCED_FLOW,628,False,18,9093.96,9093.96,1,0,0,0.0337067190299197337634600550
NONEXPIRY_FORCED_FLOW,629,False,12,9711.77,9711.77,1,1,0,0
NONEXPIRY_FORCED_FLOW,630,False,23,9093.96,9093.96,1,0,0,0.0337067190299197337634600550
NONEXPIRY_FORCED_FLOW,631,False,16,9411.18,9411.18,0,0,0,0
NONEXPIRY_FORCED_FLOW,632,False,13,9093.96,9093.96,1,0,0,0.0337067190299197337634600550
NONEXPIRY_FORCED_FLOW,633,False,23,9711.77,9711.77,1,1,0,0
NONEXPIRY_FORCED_FLOW,634,False,11,9394.55,9394.55,2,1,0,0.0326634588751586991866570151
NONEXPIRY_FORCED_FLOW,635,False,19,9411.18,9411.18,0,0,0,0
NONEXPIRY_FORCED_FLOW,636,False,12,9394.55,9394.55,2,1,0,0.0326634588751586991866570151
NONEXPIRY_FORCED_FLOW,637,False,25,9411.18,9411.18,0,0,0,0
NONEXPIRY_FORCED_FLOW,638,False,22,9711.77,9711.77,1,1,0,0
NONEXPIRY_FORCED_FLOW,639,False,24,9411.18,9411.18,0,0,0,0
NONEXPIRY_FORCED_FLOW,640,False,15,9394.55,9394.55,2,1,0,0.0326634588751586991866570151
NONEXPIRY_FORCED_FLOW,641,False,17,9093.96,9093.96,1,0,0,0.0337067190299197337634600550
NONEXPIRY_FORCED_FLOW,642,False,13,9411.18,9411.18,0,0,0,0
NONEXPIRY_FORCED_FLOW,643,False,15,9093.96,9093.96,1,0,0,0.0337067190299197337634600550
NONEXPIRY_FORCED_FLOW,644,False,15,9093.96,9093.96,1,0,0,0.0337067190299197337634600550
NONEXPIRY_FORCED_FLOW,645,False,20,9394.55,9394.55,2,1,0,0.0326634588751586991866570151
NONEXPIRY_FORCED_FLOW,646,False,18,9093.96,9093.96,1,0,0,0.0337067190299197337634600550
NONEXPIRY_FORCED_FLOW,647,False,21,9411.18,9411.18,0,0,0,0
NONEXPIRY_FORCED_FLOW,648,False,18,9711.77,9711.77,1,1,0,0
NONEXPIRY_FORCED_FLOW,649,False,19,9093.96,9093.96,1,0,0,0.0337067190299197337634600550
NONEXPIRY_FORCED_FLOW,650,False,9,9093.96,9093.96,1,0,0,0.0337067190299197337634600550
NONEXPIRY_FORCED_FLOW,651,False,16,9711.77,9711.77,1,1,0,0
NONEXPIRY_FORCED_FLOW,652,False,16,9394.55,9394.55,2,1,0,0.0326634588751586991866570151
NONEXPIRY_FORCED_FLOW,653,False,21,9411.18,9411.18,0,0,0,0
NONEXPIRY_FORCED_FLOW,654,False,19,9093.96,9093.96,1,0,0,0.0337067190299197337634600550
NONEXPIRY_FORCED_FLOW,655,False,18,9394.55,9394.55,2,1,0,0.0326634588751586991866570151
NONEXPIRY_FORCED_FLOW,656,False,21,9411.18,9411.18,0,0,0,0
NONEXPIRY_FORCED_FLOW,657,False,12,9093.96,9093.96,1,0,0,0.0337067190299197337634600550
NONEXPIRY_FORCED_FLOW,658,False,24,9711.77,9711.77,1,1,0,0
NONEXPIRY_FORCED_FLOW,659,False,19,9093.96,9093.96,1,0,0,0.0337067190299197337634600550
NONEXPIRY_FORCED_FLOW,660,False,10,9394.55,9394.55,2,1,0,0.0326634588751586991866570151
NONEXPIRY_FORCED_FLOW,661,False,23,9711.77,9711.77,1,1,0,0
NONEXPIRY_FORCED_FLOW,662,False,21,9394.55,9394.55,2,1,0,0.0326634588751586991866570151
NONEXPIRY_FORCED_FLOW,663,False,8,9394.55,9394.55,2,1,0,0.0326634588751586991866570151
NONEXPIRY_FORCED_FLOW,664,False,17,9093.96,9093.96,1,0,0,0.0337067190299197337634600550
NONEXPIRY_FORCED_FLOW,665,False,22,9394.55,9394.55,2,1,0,0.0326634588751586991866570151
NONEXPIRY_FORCED_FLOW,666,False,11,9411.18,9411.18,0,0,0,0
NONEXPIRY_FORCED_FLOW,667,False,14,9394.55,9394.55,2,1,0,0.0326634588751586991866570151
NONEXPIRY_FORCED_FLOW,668,False,14,9411.18,9411.18,0,0,0,0
NONEXPIRY_FORCED_FLOW,669,False,18,9093.96,9093.96,1,0,0,0.0337067190299197337634600550
NONEXPIRY_FORCED_FLOW,670,False,16,9093.96,9093.96,1,0,0,0.0337067190299197337634600550
NONEXPIRY_FORCED_FLOW,671,False,22,9711.77,9711.77,1,1,0,0
NONEXPIRY_FORCED_FLOW,672,False,20,9394.55,9394.55,2,1,0,0.0326634588751586991866570151
NONEXPIRY_FORCED_FLOW,673,False,27,9411.18,9411.18,0,0,0,0
NONEXPIRY_FORCED_FLOW,674,False,21,9411.18,9411.18,0,0,0,0
NONEXPIRY_FORCED_FLOW,675,False,24,9711.77,9711.77,1,1,0,0
NONEXPIRY_FORCED_FLOW,676,False,15,9394.55,9394.55,2,1,0,0.0326634588751586991866570151
NONEXPIRY_FORCED_FLOW,677,False,12,9711.77,9711.77,1,1,0,0
NONEXPIRY_FORCED_FLOW,678,False,24,9711.77,9711.77,1,1,0,0
NONEXPIRY_FORCED_FLOW,679,False,24,9093.96,9093.96,1,0,0,0.0337067190299197337634600550
NONEXPIRY_FORCED_FLOW,680,False,15,9093.96,9093.96,1,0,0,0.0337067190299197337634600550
NONEXPIRY_FORCED_FLOW,681,False,26,9411.18,9411.18,0,0,0,0
NONEXPIRY_FORCED_FLOW,682,False,15,9711.77,9711.77,1,1,0,0
NONEXPIRY_FORCED_FLOW,683,False,12,9411.18,9411.18,0,0,0,0
NONEXPIRY_FORCED_FLOW,684,False,18,9093.96,9093.96,1,0,0,0.0337067190299197337634600550
NONEXPIRY_FORCED_FLOW,685,False,21,9093.96,9093.96,1,0,0,0.0337067190299197337634600550
NONEXPIRY_FORCED_FLOW,686,False,22,9411.18,9411.18,0,0,0,0
NONEXPIRY_FORCED_FLOW,687,False,19,9093.96,9093.96,1,0,0,0.0337067190299197337634600550
NONEXPIRY_FORCED_FLOW,688,False,23,9411.18,9411.18,0,0,0,0
NONEXPIRY_FORCED_FLOW,689,False,21,9394.55,9394.55,2,1,0,0.0326634588751586991866570151
NONEXPIRY_FORCED_FLOW,690,False,20,9093.96,9093.96,1,0,0,0.0337067190299197337634600550
NONEXPIRY_FORCED_FLOW,691,False,17,9394.55,9394.55,2,1,0,0.0326634588751586991866570151
NONEXPIRY_FORCED_FLOW,692,False,27,9711.77,9711.77,1,1,0,0
NONEXPIRY_FORCED_FLOW,693,False,20,9411.18,9411.18,0,0,0,0
NONEXPIRY_FORCED_FLOW,694,False,16,9411.18,9411.18,0,0,0,0
NONEXPIRY_FORCED_FLOW,695,False,14,9411.18,9411.18,0,0,0,0
NONEXPIRY_FORCED_FLOW,696,False,9,9394.55,9394.55,2,1,0,0.0326634588751586991866570151
NONEXPIRY_FORCED_FLOW,697,False,15,9711.77,9711.77,1,1,0,0
NONEXPIRY_FORCED_FLOW,698,False,23,9411.18,9411.18,0,0,0,0
NONEXPIRY_FORCED_FLOW,699,False,19,9411.18,9411.18,0,0,0,0
NONEXPIRY_FORCED_FLOW,700,False,17,9711.77,9711.77,1,1,0,0
NONEXPIRY_FORCED_FLOW,701,False,17,9093.96,9093.96,1,0,0,0.0337067190299197337634600550
NONEXPIRY_FORCED_FLOW,702,False,16,9711.77,9711.77,1,1,0,0
NONEXPIRY_FORCED_FLOW,703,False,22,9711.77,9711.77,1,1,0,0
NONEXPIRY_FORCED_FLOW,704,False,15,9411.18,9411.18,0,0,0,0
NONEXPIRY_FORCED_FLOW,705,False,21,9411.18,9411.18,0,0,0,0
NONEXPIRY_FORCED_FLOW,706,False,28,9411.18,9411.18,0,0,0,0
NONEXPIRY_FORCED_FLOW,707,False,24,9711.77,9711.77,1,1,0,0
NONEXPIRY_FORCED_FLOW,708,False,12,9394.55,9394.55,2,1,0,0.0326634588751586991866570151
NONEXPIRY_FORCED_FLOW,709,False,20,9411.18,9411.18,0,0,0,0
NONEXPIRY_FORCED_FLOW,710,False,20,9093.96,9093.96,1,0,0,0.0337067190299197337634600550
NONEXPIRY_FORCED_FLOW,711,False,11,9093.96,9093.96,1,0,0,0.0337067190299197337634600550
NONEXPIRY_FORCED_FLOW,712,False,22,9093.96,9093.96,1,0,0,0.0337067190299197337634600550
NONEXPIRY_FORCED_FLOW,713,False,13,9093.96,9093.96,1,0,0,0.0337067190299197337634600550
NONEXPIRY_FORCED_FLOW,714,False,20,9711.77,9711.77,1,1,0,0
NONEXPIRY_FORCED_FLOW,715,False,14,9394.55,9394.55,2,1,0,0.0326634588751586991866570151
NONEXPIRY_FORCED_FLOW,716,False,23,9394.55,9394.55,2,1,0,0.0326634588751586991866570151
NONEXPIRY_FORCED_FLOW,717,False,18,9711.77,9711.77,1,1,0,0
NONEXPIRY_FORCED_FLOW,718,False,11,9093.96,9093.96,1,0,0,0.0337067190299197337634600550
NONEXPIRY_FORCED_FLOW,719,False,21,9093.96,9093.96,1,0,0,0.0337067190299197337634600550
NONEXPIRY_FORCED_FLOW,720,False,17,9394.55,9394.55,2,1,0,0.0326634588751586991866570151
NONEXPIRY_FORCED_FLOW,721,False,15,9394.55,9394.55,2,1,0,0.0326634588751586991866570151
NONEXPIRY_FORCED_FLOW,722,False,13,9394.55,9394.55,2,1,0,0.0326634588751586991866570151
NONEXPIRY_FORCED_FLOW,723,False,12,9711.77,9711.77,1,1,0,0
NONEXPIRY_FORCED_FLOW,724,False,19,9411.18,9411.18,0,0,0,0
NONEXPIRY_FORCED_FLOW,725,False,13,9711.77,9711.77,1,1,0,0
NONEXPIRY_FORCED_FLOW,726,False,30,9411.18,9411.18,0,0,0,0
NONEXPIRY_FORCED_FLOW,727,False,23,9711.77,9711.77,1,1,0,0
NONEXPIRY_FORCED_FLOW,728,False,24,9711.77,9711.77,1,1,0,0
NONEXPIRY_FORCED_FLOW,729,False,16,9093.96,9093.96,1,0,0,0.0337067190299197337634600550
NONEXPIRY_FORCED_FLOW,730,False,18,9411.18,9411.18,0,0,0,0
NONEXPIRY_FORCED_FLOW,731,False,20,9394.55,9394.55,2,1,0,0.0326634588751586991866570151
NONEXPIRY_FORCED_FLOW,732,False,16,9711.77,9711.77,1,1,0,0
NONEXPIRY_FORCED_FLOW,733,False,25,9411.18,9411.18,0,0,0,0
NONEXPIRY_FORCED_FLOW,734,False,25,9411.18,9411.18,0,0,0,0
NONEXPIRY_FORCED_FLOW,735,False,24,9411.18,9411.18,0,0,0,0
NONEXPIRY_FORCED_FLOW,736,False,15,9093.96,9093.96,1,0,0,0.0337067190299197337634600550
NONEXPIRY_FORCED_FLOW,737,False,19,9711.77,9711.77,1,1,0,0
NONEXPIRY_FORCED_FLOW,738,False,15,9394.55,9394.55,2,1,0,0.0326634588751586991866570151
NONEXPIRY_FORCED_FLOW,739,False,24,9394.55,9394.55,2,1,0,0.0326634588751586991866570151
NONEXPIRY_FORCED_FLOW,740,False,11,9394.55,9394.55,2,1,0,0.0326634588751586991866570151
NONEXPIRY_FORCED_FLOW,741,False,15,9394.55,9394.55,2,1,0,0.0326634588751586991866570151
NONEXPIRY_FORCED_FLOW,742,False,15,9093.96,9093.96,1,0,0,0.0337067190299197337634600550
NONEXPIRY_FORCED_FLOW,743,False,19,9093.96,9093.96,1,0,0,0.0337067190299197337634600550
NONEXPIRY_FORCED_FLOW,744,False,15,9093.96,9093.96,1,0,0,0.0337067190299197337634600550
NONEXPIRY_FORCED_FLOW,745,False,22,9394.55,9394.55,2,1,0,0.0326634588751586991866570151
NONEXPIRY_FORCED_FLOW,746,False,13,9093.96,9093.96,1,0,0,0.0337067190299197337634600550
NONEXPIRY_FORCED_FLOW,747,False,18,9411.18,9411.18,0,0,0,0
NONEXPIRY_FORCED_FLOW,748,False,14,9394.55,9394.55,2,1,0,0.0326634588751586991866570151
NONEXPIRY_FORCED_FLOW,749,False,25,9411.18,9411.18,0,0,0,0
NONEXPIRY_FORCED_FLOW,750,False,18,9093.96,9093.96,1,0,0,0.0337067190299197337634600550
NONEXPIRY_FORCED_FLOW,751,False,16,9711.77,9711.77,1,1,0,0
NONEXPIRY_FORCED_FLOW,752,False,14,9711.77,9711.77,1,1,0,0
NONEXPIRY_FORCED_FLOW,753,False,18,9093.96,9093.96,1,0,0,0.0337067190299197337634600550
NONEXPIRY_FORCED_FLOW,754,False,25,9711.77,9711.77,1,1,0,0
NONEXPIRY_FORCED_FLOW,755,False,21,9411.18,9411.18,0,0,0,0
NONEXPIRY_FORCED_FLOW,756,False,23,9093.96,9093.96,1,0,0,0.0337067190299197337634600550
NONEXPIRY_FORCED_FLOW,757,False,10,9093.96,9093.96,1,0,0,0.0337067190299197337634600550
NONEXPIRY_FORCED_FLOW,758,False,15,9411.18,9411.18,0,0,0,0
NONEXPIRY_FORCED_FLOW,759,False,14,9711.77,9711.77,1,1,0,0
NONEXPIRY_FORCED_FLOW,760,False,15,9394.55,9394.55,2,1,0,0.0326634588751586991866570151
NONEXPIRY_FORCED_FLOW,761,False,12,9711.77,9711.77,1,1,0,0
NONEXPIRY_FORCED_FLOW,762,False,20,9411.18,9411.18,0,0,0,0
NONEXPIRY_FORCED_FLOW,763,False,16,9394.55,9394.55,2,1,0,0.0326634588751586991866570151
NONEXPIRY_FORCED_FLOW,764,False,13,9711.77,9711.77,1,1,0,0
NONEXPIRY_FORCED_FLOW,765,False,20,9711.77,9711.77,1,1,0,0
NONEXPIRY_FORCED_FLOW,766,False,10,9093.96,9093.96,1,0,0,0.0337067190299197337634600550
NONEXPIRY_FORCED_FLOW,767,False,15,9394.55,9394.55,2,1,0,0.0326634588751586991866570151
NONEXPIRY_FORCED_FLOW,768,False,18,9711.77,9711.77,1,1,0,0
NONEXPIRY_FORCED_FLOW,769,False,20,9394.55,9394.55,2,1,0,0.0326634588751586991866570151
NONEXPIRY_FORCED_FLOW,770,False,11,9093.96,9093.96,1,0,0,0.0337067190299197337634600550
NONEXPIRY_FORCED_FLOW,771,False,12,9411.18,9411.18,0,0,0,0
NONEXPIRY_FORCED_FLOW,772,False,25,9711.77,9711.77,1,1,0,0
NONEXPIRY_FORCED_FLOW,773,False,7,9394.55,9394.55,2,1,0,0.0326634588751586991866570151
NONEXPIRY_FORCED_FLOW,774,False,21,9093.96,9093.96,1,0,0,0.0337067190299197337634600550
NONEXPIRY_FORCED_FLOW,775,False,17,9093.96,9093.96,1,0,0,0.0337067190299197337634600550
NONEXPIRY_FORCED_FLOW,776,False,19,9411.18,9411.18,0,0,0,0
NONEXPIRY_FORCED_FLOW,777,False,19,9394.55,9394.55,2,1,0,0.0326634588751586991866570151
NONEXPIRY_FORCED_FLOW,778,False,18,9711.77,9711.77,1,1,0,0
NONEXPIRY_FORCED_FLOW,779,False,19,9394.55,9394.55,2,1,0,0.0326634588751586991866570151
NONEXPIRY_FORCED_FLOW,780,False,20,9711.77,9711.77,1,1,0,0
NONEXPIRY_FORCED_FLOW,781,False,25,9711.77,9711.77,1,1,0,0
NONEXPIRY_FORCED_FLOW,782,False,16,9394.55,9394.55,2,1,0,0.0326634588751586991866570151
NONEXPIRY_FORCED_FLOW,783,False,24,9711.77,9711.77,1,1,0,0
NONEXPIRY_FORCED_FLOW,784,False,12,9093.96,9093.96,1,0,0,0.0337067190299197337634600550
NONEXPIRY_FORCED_FLOW,785,False,11,9394.55,9394.55,2,1,0,0.0326634588751586991866570151
NONEXPIRY_FORCED_FLOW,786,False,24,9411.18,9411.18,0,0,0,0
NONEXPIRY_FORCED_FLOW,787,False,22,9411.18,9411.18,0,0,0,0
NONEXPIRY_FORCED_FLOW,788,False,17,9411.18,9411.18,0,0,0,0
NONEXPIRY_FORCED_FLOW,789,False,16,9093.96,9093.96,1,0,0,0.0337067190299197337634600550
NONEXPIRY_FORCED_FLOW,790,False,17,9093.96,9093.96,1,0,0,0.0337067190299197337634600550
NONEXPIRY_FORCED_FLOW,791,False,15,9394.55,9394.55,2,1,0,0.0326634588751586991866570151
NONEXPIRY_FORCED_FLOW,792,False,17,9411.18,9411.18,0,0,0,0
NONEXPIRY_FORCED_FLOW,793,False,17,9093.96,9093.96,1,0,0,0.0337067190299197337634600550
NONEXPIRY_FORCED_FLOW,794,False,15,9411.18,9411.18,0,0,0,0
NONEXPIRY_FORCED_FLOW,795,False,24,9411.18,9411.18,0,0,0,0
NONEXPIRY_FORCED_FLOW,796,False,14,9411.18,9411.18,0,0,0,0
NONEXPIRY_FORCED_FLOW,797,False,12,9093.96,9093.96,1,0,0,0.0337067190299197337634600550
NONEXPIRY_FORCED_FLOW,798,False,22,9411.18,9411.18,0,0,0,0
NONEXPIRY_FORCED_FLOW,799,False,18,9711.77,9711.77,1,1,0,0
NONEXPIRY_FORCED_FLOW,800,False,22,9411.18,9411.18,0,0,0,0
NONEXPIRY_FORCED_FLOW,801,False,21,9711.77,9711.77,1,1,0,0
NONEXPIRY_FORCED_FLOW,802,False,20,9711.77,9711.77,1,1,0,0
NONEXPIRY_FORCED_FLOW,803,False,20,9711.77,9711.77,1,1,0,0
NONEXPIRY_FORCED_FLOW,804,False,13,9093.96,9093.96,1,0,0,0.0337067190299197337634600550
NONEXPIRY_FORCED_FLOW,805,False,19,9093.96,9093.96,1,0,0,0.0337067190299197337634600550
NONEXPIRY_FORCED_FLOW,806,False,9,9093.96,9093.96,1,0,0,0.0337067190299197337634600550
NONEXPIRY_FORCED_FLOW,807,False,21,9411.18,9411.18,0,0,0,0
NONEXPIRY_FORCED_FLOW,808,False,17,9093.96,9093.96,1,0,0,0.0337067190299197337634600550
NONEXPIRY_FORCED_FLOW,809,False,12,9394.55,9394.55,2,1,0,0.0326634588751586991866570151
NONEXPIRY_FORCED_FLOW,810,False,12,9093.96,9093.96,1,0,0,0.0337067190299197337634600550
NONEXPIRY_FORCED_FLOW,811,False,11,9394.55,9394.55,2,1,0,0.0326634588751586991866570151
NONEXPIRY_FORCED_FLOW,812,False,21,9394.55,9394.55,2,1,0,0.0326634588751586991866570151
NONEXPIRY_FORCED_FLOW,813,False,22,9711.77,9711.77,1,1,0,0
NONEXPIRY_FORCED_FLOW,814,False,16,9394.55,9394.55,2,1,0,0.0326634588751586991866570151
NONEXPIRY_FORCED_FLOW,815,False,18,9711.77,9711.77,1,1,0,0
NONEXPIRY_FORCED_FLOW,816,False,14,9711.77,9711.77,1,1,0,0
NONEXPIRY_FORCED_FLOW,817,False,22,9711.77,9711.77,1,1,0,0
NONEXPIRY_FORCED_FLOW,818,False,23,9411.18,9411.18,0,0,0,0
NONEXPIRY_FORCED_FLOW,819,False,24,9093.96,9093.96,1,0,0,0.0337067190299197337634600550
NONEXPIRY_FORCED_FLOW,820,False,19,9711.77,9711.77,1,1,0,0
NONEXPIRY_FORCED_FLOW,821,False,14,9093.96,9093.96,1,0,0,0.0337067190299197337634600550
NONEXPIRY_FORCED_FLOW,822,False,16,9711.77,9711.77,1,1,0,0
NONEXPIRY_FORCED_FLOW,823,False,24,9411.18,9411.18,0,0,0,0
NONEXPIRY_FORCED_FLOW,824,False,24,9711.77,9711.77,1,1,0,0
NONEXPIRY_FORCED_FLOW,825,False,14,9093.96,9093.96,1,0,0,0.0337067190299197337634600550
NONEXPIRY_FORCED_FLOW,826,False,21,9093.96,9093.96,1,0,0,0.0337067190299197337634600550
NONEXPIRY_FORCED_FLOW,827,False,19,9093.96,9093.96,1,0,0,0.0337067190299197337634600550
NONEXPIRY_FORCED_FLOW,828,False,15,9394.55,9394.55,2,1,0,0.0326634588751586991866570151
NONEXPIRY_FORCED_FLOW,829,False,15,9711.77,9711.77,1,1,0,0
NONEXPIRY_FORCED_FLOW,830,False,19,9711.77,9711.77,1,1,0,0
NONEXPIRY_FORCED_FLOW,831,False,20,9711.77,9711.77,1,1,0,0
NONEXPIRY_FORCED_FLOW,832,False,17,9411.18,9411.18,0,0,0,0
NONEXPIRY_FORCED_FLOW,833,False,15,9093.96,9093.96,1,0,0,0.0337067190299197337634600550
NONEXPIRY_FORCED_FLOW,834,False,24,9093.96,9093.96,1,0,0,0.0337067190299197337634600550
NONEXPIRY_FORCED_FLOW,835,False,19,9711.77,9711.77,1,1,0,0
NONEXPIRY_FORCED_FLOW,836,False,17,9411.18,9411.18,0,0,0,0
NONEXPIRY_FORCED_FLOW,837,False,15,9411.18,9411.18,0,0,0,0
NONEXPIRY_FORCED_FLOW,838,False,15,9093.96,9093.96,1,0,0,0.0337067190299197337634600550
NONEXPIRY_FORCED_FLOW,839,False,17,9394.55,9394.55,2,1,0,0.0326634588751586991866570151
NONEXPIRY_FORCED_FLOW,840,False,13,9394.55,9394.55,2,1,0,0.0326634588751586991866570151
NONEXPIRY_FORCED_FLOW,841,False,19,9093.96,9093.96,1,0,0,0.0337067190299197337634600550
NONEXPIRY_FORCED_FLOW,842,False,27,9711.77,9711.77,1,1,0,0
NONEXPIRY_FORCED_FLOW,843,False,21,9711.77,9711.77,1,1,0,0
NONEXPIRY_FORCED_FLOW,844,False,19,9711.77,9711.77,1,1,0,0
NONEXPIRY_FORCED_FLOW,845,False,16,9394.55,9394.55,2,1,0,0.0326634588751586991866570151
NONEXPIRY_FORCED_FLOW,846,False,20,9394.55,9394.55,2,1,0,0.0326634588751586991866570151
NONEXPIRY_FORCED_FLOW,847,False,13,9093.96,9093.96,1,0,0,0.0337067190299197337634600550
NONEXPIRY_FORCED_FLOW,848,False,16,9093.96,9093.96,1,0,0,0.0337067190299197337634600550
NONEXPIRY_FORCED_FLOW,849,False,8,9394.55,9394.55,2,1,0,0.0326634588751586991866570151
NONEXPIRY_FORCED_FLOW,850,False,22,9093.96,9093.96,1,0,0,0.0337067190299197337634600550
NONEXPIRY_FORCED_FLOW,851,False,15,9411.18,9411.18,0,0,0,0
NONEXPIRY_FORCED_FLOW,852,False,15,9711.77,9711.77,1,1,0,0
NONEXPIRY_FORCED_FLOW,853,False,12,9093.96,9093.96,1,0,0,0.0337067190299197337634600550
NONEXPIRY_FORCED_FLOW,854,False,14,9093.96,9093.96,1,0,0,0.0337067190299197337634600550
NONEXPIRY_FORCED_FLOW,855,False,11,9711.77,9711.77,1,1,0,0
NONEXPIRY_FORCED_FLOW,856,False,10,9394.55,9394.55,2,1,0,0.0326634588751586991866570151
NONEXPIRY_FORCED_FLOW,857,False,15,9093.96,9093.96,1,0,0,0.0337067190299197337634600550
NONEXPIRY_FORCED_FLOW,858,False,13,9394.55,9394.55,2,1,0,0.0326634588751586991866570151
NONEXPIRY_FORCED_FLOW,859,False,21,9394.55,9394.55,2,1,0,0.0326634588751586991866570151
NONEXPIRY_FORCED_FLOW,860,False,14,9711.77,9711.77,1,1,0,0
NONEXPIRY_FORCED_FLOW,861,False,23,9411.18,9411.18,0,0,0,0
NONEXPIRY_FORCED_FLOW,862,False,23,9394.55,9394.55,2,1,0,0.0326634588751586991866570151
NONEXPIRY_FORCED_FLOW,863,False,13,9411.18,9411.18,0,0,0,0
NONEXPIRY_FORCED_FLOW,864,False,12,9411.18,9411.18,0,0,0,0
NONEXPIRY_FORCED_FLOW,865,False,15,9093.96,9093.96,1,0,0,0.0337067190299197337634600550
NONEXPIRY_FORCED_FLOW,866,False,20,9394.55,9394.55,2,1,0,0.0326634588751586991866570151
NONEXPIRY_FORCED_FLOW,867,False,24,9711.77,9711.77,1,1,0,0
NONEXPIRY_FORCED_FLOW,868,False,26,9411.18,9411.18,0,0,0,0
NONEXPIRY_FORCED_FLOW,869,False,23,9411.18,9411.18,0,0,0,0
NONEXPIRY_FORCED_FLOW,870,False,21,9711.77,9711.77,1,1,0,0
NONEXPIRY_FORCED_FLOW,871,False,16,9411.18,9411.18,0,0,0,0
NONEXPIRY_FORCED_FLOW,872,False,21,9093.96,9093.96,1,0,0,0.0337067190299197337634600550
NONEXPIRY_FORCED_FLOW,873,False,15,9394.55,9394.55,2,1,0,0.0326634588751586991866570151
NONEXPIRY_FORCED_FLOW,874,False,14,9394.55,9394.55,2,1,0,0.0326634588751586991866570151
NONEXPIRY_FORCED_FLOW,875,False,14,9093.96,9093.96,1,0,0,0.0337067190299197337634600550
NONEXPIRY_FORCED_FLOW,876,False,15,9711.77,9711.77,1,1,0,0
NONEXPIRY_FORCED_FLOW,877,False,15,9394.55,9394.55,2,1,0,0.0326634588751586991866570151
NONEXPIRY_FORCED_FLOW,878,False,17,9411.18,9411.18,0,0,0,0
NONEXPIRY_FORCED_FLOW,879,False,18,9394.55,9394.55,2,1,0,0.0326634588751586991866570151
NONEXPIRY_FORCED_FLOW,880,False,17,9711.77,9711.77,1,1,0,0
NONEXPIRY_FORCED_FLOW,881,False,19,9411.18,9411.18,0,0,0,0
NONEXPIRY_FORCED_FLOW,882,False,13,9394.55,9394.55,2,1,0,0.0326634588751586991866570151
NONEXPIRY_FORCED_FLOW,883,False,18,9711.77,9711.77,1,1,0,0
NONEXPIRY_FORCED_FLOW,884,False,20,9711.77,9711.77,1,1,0,0
NONEXPIRY_FORCED_FLOW,885,False,14,9411.18,9411.18,0,0,0,0
NONEXPIRY_FORCED_FLOW,886,False,25,9711.77,9711.77,1,1,0,0
NONEXPIRY_FORCED_FLOW,887,False,11,9093.96,9093.96,1,0,0,0.0337067190299197337634600550
NONEXPIRY_FORCED_FLOW,888,False,11,9394.55,9394.55,2,1,0,0.0326634588751586991866570151
NONEXPIRY_FORCED_FLOW,889,False,16,9394.55,9394.55,2,1,0,0.0326634588751586991866570151
NONEXPIRY_FORCED_FLOW,890,False,20,9394.55,9394.55,2,1,0,0.0326634588751586991866570151
NONEXPIRY_FORCED_FLOW,891,False,22,9093.96,9093.96,1,0,0,0.0337067190299197337634600550
NONEXPIRY_FORCED_FLOW,892,False,19,9711.77,9711.77,1,1,0,0
NONEXPIRY_FORCED_FLOW,893,False,20,9093.96,9093.96,1,0,0,0.0337067190299197337634600550
NONEXPIRY_FORCED_FLOW,894,False,10,9411.18,9411.18,0,0,0,0
NONEXPIRY_FORCED_FLOW,895,False,13,9394.55,9394.55,2,1,0,0.0326634588751586991866570151
NONEXPIRY_FORCED_FLOW,896,False,17,9711.77,9711.77,1,1,0,0
NONEXPIRY_FORCED_FLOW,897,False,23,9711.77,9711.77,1,1,0,0
NONEXPIRY_FORCED_FLOW,898,False,18,9411.18,9411.18,0,0,0,0
NONEXPIRY_FORCED_FLOW,899,False,13,9394.55,9394.55,2,1,0,0.0326634588751586991866570151
NONEXPIRY_FORCED_FLOW,900,False,12,9394.55,9394.55,2,1,0,0.0326634588751586991866570151
NONEXPIRY_FORCED_FLOW,901,False,15,9093.96,9093.96,1,0,0,0.0337067190299197337634600550
NONEXPIRY_FORCED_FLOW,902,False,18,9093.96,9093.96,1,0,0,0.0337067190299197337634600550
NONEXPIRY_FORCED_FLOW,903,False,21,9394.55,9394.55,2,1,0,0.0326634588751586991866570151
NONEXPIRY_FORCED_FLOW,904,False,16,9093.96,9093.96,1,0,0,0.0337067190299197337634600550
NONEXPIRY_FORCED_FLOW,905,False,14,9093.96,9093.96,1,0,0,0.0337067190299197337634600550
NONEXPIRY_FORCED_FLOW,906,False,11,9394.55,9394.55,2,1,0,0.0326634588751586991866570151
NONEXPIRY_FORCED_FLOW,907,False,14,9411.18,9411.18,0,0,0,0
NONEXPIRY_FORCED_FLOW,908,False,22,9711.77,9711.77,1,1,0,0
NONEXPIRY_FORCED_FLOW,909,False,16,9394.55,9394.55,2,1,0,0.0326634588751586991866570151
NONEXPIRY_FORCED_FLOW,910,False,26,9411.18,9411.18,0,0,0,0
NONEXPIRY_FORCED_FLOW,911,False,19,9411.18,9411.18,0,0,0,0
NONEXPIRY_FORCED_FLOW,912,False,11,9411.18,9411.18,0,0,0,0
NONEXPIRY_FORCED_FLOW,913,False,12,9394.55,9394.55,2,1,0,0.0326634588751586991866570151
NONEXPIRY_FORCED_FLOW,914,False,20,9394.55,9394.55,2,1,0,0.0326634588751586991866570151
NONEXPIRY_FORCED_FLOW,915,False,12,9711.77,9711.77,1,1,0,0
NONEXPIRY_FORCED_FLOW,916,False,9,9394.55,9394.55,2,1,0,0.0326634588751586991866570151
NONEXPIRY_FORCED_FLOW,917,False,15,9394.55,9394.55,2,1,0,0.0326634588751586991866570151
NONEXPIRY_FORCED_FLOW,918,False,15,9093.96,9093.96,1,0,0,0.0337067190299197337634600550
NONEXPIRY_FORCED_FLOW,919,False,20,9411.18,9411.18,0,0,0,0
NONEXPIRY_FORCED_FLOW,920,False,16,9093.96,9093.96,1,0,0,0.0337067190299197337634600550
NONEXPIRY_FORCED_FLOW,921,False,17,9093.96,9093.96,1,0,0,0.0337067190299197337634600550
NONEXPIRY_FORCED_FLOW,922,False,24,9711.77,9711.77,1,1,0,0
NONEXPIRY_FORCED_FLOW,923,False,18,9093.96,9093.96,1,0,0,0.0337067190299197337634600550
NONEXPIRY_FORCED_FLOW,924,False,23,9411.18,9411.18,0,0,0,0
NONEXPIRY_FORCED_FLOW,925,False,16,9711.77,9711.77,1,1,0,0
NONEXPIRY_FORCED_FLOW,926,False,22,9411.18,9411.18,0,0,0,0
NONEXPIRY_FORCED_FLOW,927,False,21,9711.77,9711.77,1,1,0,0
NONEXPIRY_FORCED_FLOW,928,False,16,9411.18,9411.18,0,0,0,0
NONEXPIRY_FORCED_FLOW,929,False,22,9711.77,9711.77,1,1,0,0
NONEXPIRY_FORCED_FLOW,930,False,16,9711.77,9711.77,1,1,0,0
NONEXPIRY_FORCED_FLOW,931,False,16,9411.18,9411.18,0,0,0,0
NONEXPIRY_FORCED_FLOW,932,False,26,9711.77,9711.77,1,1,0,0
NONEXPIRY_FORCED_FLOW,933,False,21,9711.77,9711.77,1,1,0,0
NONEXPIRY_FORCED_FLOW,934,False,24,9093.96,9093.96,1,0,0,0.0337067190299197337634600550
NONEXPIRY_FORCED_FLOW,935,False,12,9093.96,9093.96,1,0,0,0.0337067190299197337634600550
NONEXPIRY_FORCED_FLOW,936,False,12,9394.55,9394.55,2,1,0,0.0326634588751586991866570151
NONEXPIRY_FORCED_FLOW,937,False,14,9394.55,9394.55,2,1,0,0.0326634588751586991866570151
NONEXPIRY_FORCED_FLOW,938,False,17,9411.18,9411.18,0,0,0,0
NONEXPIRY_FORCED_FLOW,939,False,14,9711.77,9711.77,1,1,0,0
NONEXPIRY_FORCED_FLOW,940,False,21,9093.96,9093.96,1,0,0,0.0337067190299197337634600550
NONEXPIRY_FORCED_FLOW,941,False,16,9093.96,9093.96,1,0,0,0.0337067190299197337634600550
NONEXPIRY_FORCED_FLOW,942,False,19,9093.96,9093.96,1,0,0,0.0337067190299197337634600550
NONEXPIRY_FORCED_FLOW,943,False,14,9394.55,9394.55,2,1,0,0.0326634588751586991866570151
NONEXPIRY_FORCED_FLOW,944,False,13,9394.55,9394.55,2,1,0,0.0326634588751586991866570151
NONEXPIRY_FORCED_FLOW,945,False,24,9093.96,9093.96,1,0,0,0.0337067190299197337634600550
NONEXPIRY_FORCED_FLOW,946,False,12,9394.55,9394.55,2,1,0,0.0326634588751586991866570151
NONEXPIRY_FORCED_FLOW,947,False,15,9394.55,9394.55,2,1,0,0.0326634588751586991866570151
NONEXPIRY_FORCED_FLOW,948,False,25,9411.18,9411.18,0,0,0,0
NONEXPIRY_FORCED_FLOW,949,False,16,9411.18,9411.18,0,0,0,0
NONEXPIRY_FORCED_FLOW,950,False,16,9711.77,9711.77,1,1,0,0
NONEXPIRY_FORCED_FLOW,951,False,13,9394.55,9394.55,2,1,0,0.0326634588751586991866570151
NONEXPIRY_FORCED_FLOW,952,False,14,9394.55,9394.55,2,1,0,0.0326634588751586991866570151
NONEXPIRY_FORCED_FLOW,953,False,9,9394.55,9394.55,2,1,0,0.0326634588751586991866570151
NONEXPIRY_FORCED_FLOW,954,False,19,9711.77,9711.77,1,1,0,0
NONEXPIRY_FORCED_FLOW,955,False,20,9093.96,9093.96,1,0,0,0.0337067190299197337634600550
NONEXPIRY_FORCED_FLOW,956,False,10,9093.96,9093.96,1,0,0,0.0337067190299197337634600550
NONEXPIRY_FORCED_FLOW,957,False,23,9093.96,9093.96,1,0,0,0.0337067190299197337634600550
NONEXPIRY_FORCED_FLOW,958,False,21,9093.96,9093.96,1,0,0,0.0337067190299197337634600550
NONEXPIRY_FORCED_FLOW,959,False,13,9093.96,9093.96,1,0,0,0.0337067190299197337634600550
NONEXPIRY_FORCED_FLOW,960,False,18,9093.96,9093.96,1,0,0,0.0337067190299197337634600550
NONEXPIRY_FORCED_FLOW,961,False,13,9394.55,9394.55,2,1,0,0.0326634588751586991866570151
NONEXPIRY_FORCED_FLOW,962,False,28,9411.18,9411.18,0,0,0,0
NONEXPIRY_FORCED_FLOW,963,False,14,9093.96,9093.96,1,0,0,0.0337067190299197337634600550
NONEXPIRY_FORCED_FLOW,964,False,25,9411.18,9411.18,0,0,0,0
NONEXPIRY_FORCED_FLOW,965,False,13,9394.55,9394.55,2,1,0,0.0326634588751586991866570151
NONEXPIRY_FORCED_FLOW,966,False,15,9711.77,9711.77,1,1,0,0
NONEXPIRY_FORCED_FLOW,967,False,8,9394.55,9394.55,2,1,0,0.0326634588751586991866570151
NONEXPIRY_FORCED_FLOW,968,False,12,9711.77,9711.77,1,1,0,0
NONEXPIRY_FORCED_FLOW,969,False,19,9093.96,9093.96,1,0,0,0.0337067190299197337634600550
NONEXPIRY_FORCED_FLOW,970,False,18,9411.18,9411.18,0,0,0,0
NONEXPIRY_FORCED_FLOW,971,False,15,9411.18,9411.18,0,0,0,0
NONEXPIRY_FORCED_FLOW,972,False,20,9394.55,9394.55,2,1,0,0.0326634588751586991866570151
NONEXPIRY_FORCED_FLOW,973,False,14,9711.77,9711.77,1,1,0,0
NONEXPIRY_FORCED_FLOW,974,False,11,9093.96,9093.96,1,0,0,0.0337067190299197337634600550
NONEXPIRY_FORCED_FLOW,975,False,12,9093.96,9093.96,1,0,0,0.0337067190299197337634600550
NONEXPIRY_FORCED_FLOW,976,False,15,9093.96,9093.96,1,0,0,0.0337067190299197337634600550
NONEXPIRY_FORCED_FLOW,977,False,13,9394.55,9394.55,2,1,0,0.0326634588751586991866570151
NONEXPIRY_FORCED_FLOW,978,False,25,9711.77,9711.77,1,1,0,0
NONEXPIRY_FORCED_FLOW,979,False,24,9411.18,9411.18,0,0,0,0
NONEXPIRY_FORCED_FLOW,980,False,16,9093.96,9093.96,1,0,0,0.0337067190299197337634600550
NONEXPIRY_FORCED_FLOW,981,False,15,9394.55,9394.55,2,1,0,0.0326634588751586991866570151
NONEXPIRY_FORCED_FLOW,982,False,21,9711.77,9711.77,1,1,0,0
NONEXPIRY_FORCED_FLOW,983,False,15,9411.18,9411.18,0,0,0,0
NONEXPIRY_FORCED_FLOW,984,False,21,9394.55,9394.55,2,1,0,0.0326634588751586991866570151
NONEXPIRY_FORCED_FLOW,985,False,20,9411.18,9411.18,0,0,0,0
NONEXPIRY_FORCED_FLOW,986,False,17,9711.77,9711.77,1,1,0,0
NONEXPIRY_FORCED_FLOW,987,False,12,9394.55,9394.55,2,1,0,0.0326634588751586991866570151
NONEXPIRY_FORCED_FLOW,988,False,16,9093.96,9093.96,1,0,0,0.0337067190299197337634600550
NONEXPIRY_FORCED_FLOW,989,False,22,9711.77,9711.77,1,1,0,0
NONEXPIRY_FORCED_FLOW,990,False,12,9394.55,9394.55,2,1,0,0.0326634588751586991866570151
NONEXPIRY_FORCED_FLOW,991,False,18,9711.77,9711.77,1,1,0,0
NONEXPIRY_FORCED_FLOW,992,False,23,9394.55,9394.55,2,1,0,0.0326634588751586991866570151
NONEXPIRY_FORCED_FLOW,993,False,15,9394.55,9394.55,2,1,0,0.0326634588751586991866570151
NONEXPIRY_FORCED_FLOW,994,False,24,9711.77,9711.77,1,1,0,0
NONEXPIRY_FORCED_FLOW,995,False,14,9394.55,9394.55,2,1,0,0.0326634588751586991866570151
NONEXPIRY_FORCED_FLOW,996,False,19,9093.96,9093.96,1,0,0,0.0337067190299197337634600550
NONEXPIRY_FORCED_FLOW,997,False,24,9411.18,9411.18,0,0,0,0
NONEXPIRY_FORCED_FLOW,998,False,15,9394.55,9394.55,2,1,0,0.0326634588751586991866570151
SECTOR_SHOCK_LAG,0,False,82,5600.15,5600.15,11,1,0,0.4049470948382668273266476680
SECTOR_SHOCK_LAG,1,False,102,4425.73,4425.73,11,0,0,0.5297369724094109346543153993
SECTOR_SHOCK_LAG,2,False,78,5708.82,5708.82,9,0,0,0.3934001899868029301320344526
SECTOR_SHOCK_LAG,3,False,95,9103.68,9103.68,7,2,0,0.1293132210838598347922364677
SECTOR_SHOCK_LAG,4,False,92,5959.32,5959.32,9,1,0,0.3667829113883700024864044679
SECTOR_SHOCK_LAG,5,False,98,6971.61,6971.61,6,0,0,0.2592204165683793105646688301
SECTOR_SHOCK_LAG,6,False,96,9011.94,9011.94,6,1,0,0.1613297088737528511908694887
SECTOR_SHOCK_LAG,7,False,94,6914.54,6914.54,8,1,0,0.2652844807983695987113199408
SECTOR_SHOCK_LAG,8,False,99,5256.56,5256.56,10,0,0,0.4414558004416024345512464962
SECTOR_SHOCK_LAG,9,False,98,6717.42,6717.42,6,0,0,0.2862297820252083160666356397
SECTOR_SHOCK_LAG,10,False,100,7054.14,7054.14,9,1,0,0.2504510592720572765583061848
SECTOR_SHOCK_LAG,11,False,92,7454.44,7454.44,9,1,0,0.2351639220586578941216723089
SECTOR_SHOCK_LAG,12,False,99,5827.33,5827.33,9,0,0,0.3808077201796161586538563708
SECTOR_SHOCK_LAG,13,False,95,5918.46,5918.46,13,2,0,0.3711245561130485231395000414
SECTOR_SHOCK_LAG,14,False,94,5240.47,5240.47,11,1,0,0.4431654691547712401632951447
SECTOR_SHOCK_LAG,15,False,88,6882.05,6882.05,11,2,0,0.2687367577710765281293100334
SECTOR_SHOCK_LAG,16,False,94,9352.45,9352.45,7,2,0,0.1495434153846807732930408302
SECTOR_SHOCK_LAG,17,False,86,5958.61,5958.61,13,1,0,0.3668583535752158602853202255
SECTOR_SHOCK_LAG,18,False,110,6192.38,6192.38,7,1,0,0.3420187479147142016197756286
SECTOR_SHOCK_LAG,19,False,102,6228.88,6228.88,7,1,0,0.3381403819712299626614303414
SECTOR_SHOCK_LAG,20,False,98,5963.20,5963.20,12,2,0,0.3663706357757475683176817360
SECTOR_SHOCK_LAG,21,False,97,8512.69,8512.69,8,1,0,0.1515612282413044910415059536
SECTOR_SHOCK_LAG,22,False,90,8309.75,8309.75,2,0,0,0.1170342082501875429011027310
SECTOR_SHOCK_LAG,23,False,93,5885.74,5885.74,9,0,0,0.3746012721040294628303783373
SECTOR_SHOCK_LAG,24,False,88,9745.69,9745.69,7,1,0,0.1489961938885453258783701937
SECTOR_SHOCK_LAG,25,False,85,6085.41,6085.41,9,1,0,0.3533850165441528054930412552
SECTOR_SHOCK_LAG,26,False,89,6866.11,6866.11,10,2,0,0.2767049402944157905809898440
SECTOR_SHOCK_LAG,27,False,91,7993.98,7993.98,8,1,0,0.1957960773582931599237040554
SECTOR_SHOCK_LAG,28,False,101,6972.30,6972.30,4,0,0,0.2591470995135572797460042205
SECTOR_SHOCK_LAG,29,False,93,8086.31,8086.31,6,1,0,0.1999026689533087243044974169
SECTOR_SHOCK_LAG,30,False,96,7703.48,7703.48,8,1,0,0.1814543978544667087442807384
SECTOR_SHOCK_LAG,31,False,100,7063.06,7063.06,10,1,0,0.2495032503894304433662941310
SECTOR_SHOCK_LAG,32,False,96,9867.56,9867.56,7,2,0,0.0948095775450049834345958743
SECTOR_SHOCK_LAG,33,False,100,5905.28,5905.28,9,1,0,0.3725250181167505031250066410
SECTOR_SHOCK_LAG,34,False,112,9475.93,9475.93,7,2,0,0.1536799848690599903519006118
SECTOR_SHOCK_LAG,35,False,98,7274.91,7274.91,5,0,0,0.2269927894270431550560078545
SECTOR_SHOCK_LAG,36,False,106,7564.50,7564.50,8,1,0,0.2242439311542229561011477838
SECTOR_SHOCK_LAG,37,False,87,5283.12,5283.12,10,0,0,0.4386336251139602047777218160
SECTOR_SHOCK_LAG,38,False,103,7616.25,7616.25,9,1,0,0.2050497387150176704727781213
SECTOR_SHOCK_LAG,39,False,88,6207.99,6207.99,7,0,0,0.3403600823701172435337545345
SECTOR_SHOCK_LAG,40,False,96,8722.21,8722.21,6,1,0,0.1725537703773413071855742084
SECTOR_SHOCK_LAG,41,False,89,6815.14,6815.14,6,1,0,0.2824162326084508000059503697
SECTOR_SHOCK_LAG,42,False,108,7595.61,7595.61,8,1,0,0.2209382882911600883204869102
SECTOR_SHOCK_LAG,43,False,97,6070.55,6070.55,7,0,0,0.3549639896378562518196442954
SECTOR_SHOCK_LAG,44,False,90,6869.30,6869.30,10,1,0,0.2700915294362662280394169488
SECTOR_SHOCK_LAG,45,False,80,7318.15,7318.15,9,1,0,0.2639520230194300820938500804
SECTOR_SHOCK_LAG,46,False,100,8266.92,8266.92,5,0,0,0.1215851784792130211089363927
SECTOR_SHOCK_LAG,47,False,88,6266.75,6266.75,10,1,0,0.3341164444841135755558814091
SECTOR_SHOCK_LAG,48,False,97,5815.14,5815.14,11,1,0,0.3821029881481387031169311393
SECTOR_SHOCK_LAG,49,False,99,6159.89,6159.89,8,0,0,0.3454710248874211310377657212
SECTOR_SHOCK_LAG,50,False,96,5802.93,5802.93,9,0,0,0.3834003812486850745602570560
SECTOR_SHOCK_LAG,51,False,101,7919.58,7919.58,8,1,0,0.1857397265805138144207208873
SECTOR_SHOCK_LAG,52,False,93,6886.08,6886.08,11,2,0,0.2683085436682753916087036907
SECTOR_SHOCK_LAG,53,False,110,7851.27,7851.27,7,1,0,0.2857378139616923701384948540
SECTOR_SHOCK_LAG,54,False,106,6271.67,6271.67,12,1,0,0.3335936620062521384140989759
SECTOR_SHOCK_LAG,55,False,102,6251.01,6251.01,9,0,0,0.3357889233868654090135349659
SECTOR_SHOCK_LAG,56,False,95,5876.72,5876.72,9,0,0,0.3755597066467754309236461315
SECTOR_SHOCK_LAG,57,False,98,9934.67,9934.67,6,2,0,0.1488654982690799665929245854
SECTOR_SHOCK_LAG,58,False,95,5887.43,5887.43,10,1,0,0.3744216984480160829991563226
SECTOR_SHOCK_LAG,59,False,113,7746.90,7746.90,3,0,0,0.1768407362307383346190382077
SECTOR_SHOCK_LAG,60,False,87,6131.52,6131.52,11,1,0,0.3484855246632197025240193047
SECTOR_SHOCK_LAG,61,False,103,6295.92,6295.92,6,0,0,0.3310169394273619248595819015
SECTOR_SHOCK_LAG,62,False,93,8511.66,8511.66,7,1,0,0.2345526243609401205951519130
SECTOR_SHOCK_LAG,63,False,87,9558.03,9558.03,7,2,0,0.1151587792391602328294645305
SECTOR_SHOCK_LAG,64,False,110,6960.42,6960.42,6,1,0,0.2604094279357105060151861934
SECTOR_SHOCK_LAG,65,False,101,5505.37,5505.37,11,1,0,0.4150180954991828867368385261
SECTOR_SHOCK_LAG,66,False,99,6151.65,6151.65,11,2,0,0.3463465792812378469012387395
SECTOR_SHOCK_LAG,67,False,87,7082.72,7082.72,6,1,0,0.2474142456100085217794155462
SECTOR_SHOCK_LAG,68,False,85,6764.91,6764.91,10,1,0,0.2811836560346311514602844702
SECTOR_SHOCK_LAG,69,False,98,7445.11,7445.11,9,1,0,0.2367662716046234372310379782
SECTOR_SHOCK_LAG,70,False,99,5100.07,5100.07,12,0,0,0.4580838959620366415263548248
SECTOR_SHOCK_LAG,71,False,91,7275.26,7275.26,7,1,0,0.2269555996166261829016127627
SECTOR_SHOCK_LAG,72,False,101,7773.52,7773.52,8,1,0,0.1872485703174309703990360401
SECTOR_SHOCK_LAG,73,False,97,8118.33,8118.33,6,1,0,0.1689575589883521513774043212
SECTOR_SHOCK_LAG,74,False,93,7720.64,7720.64,5,0,0,0.1796310345780231596887956664
SECTOR_SHOCK_LAG,75,False,95,5991.09,5991.09,10,1,0,0.3634071391685208443574557069
SECTOR_SHOCK_LAG,76,False,101,9423.72,9423.72,5,1,0,0.1352678410146230334559534511
SECTOR_SHOCK_LAG,77,False,102,6569.81,6569.81,6,1,0,0.3019143189270633438102342108
SECTOR_SHOCK_LAG,78,False,98,6863.97,6863.97,10,2,0,0.2802804749245046848535465266
SECTOR_SHOCK_LAG,79,False,96,8561.81,8561.81,8,1,0,0.1662129509795796063830465468
SECTOR_SHOCK_LAG,80,False,84,7308.17,7308.17,7,1,0,0.2234586948714188868983485599
SECTOR_SHOCK_LAG,81,False,93,6229.73,6229.73,6,1,0,0.3446199095118784254471809061
SECTOR_SHOCK_LAG,82,False,92,6325.56,6325.56,8,1,0,0.3278674937680503401273804135
SECTOR_SHOCK_LAG,83,False,109,6675.22,6675.22,5,0,0,0.2907138105954832443965581362
SECTOR_SHOCK_LAG,84,False,107,5957.86,5957.86,10,2,0,0.3669380460261093720447382794
SECTOR_SHOCK_LAG,85,False,91,6168.43,6168.43,8,0,0,0.3445635935132470104705254814
SECTOR_SHOCK_LAG,86,False,99,5816.00,5816.00,14,2,0,0.3820116074711141429661317709
SECTOR_SHOCK_LAG,87,False,86,7825.01,7825.01,9,1,0,0.1957884133551796905382746903
SECTOR_SHOCK_LAG,88,False,91,6442.88,6442.88,10,2,0,0.3154014693162812739741456438
SECTOR_SHOCK_LAG,89,False,104,8793.64,8793.64,6,1,0,0.1542283580740162236298688683
SECTOR_SHOCK_LAG,90,False,102,6656.45,6656.45,6,0,0,0.2927082469998448653622606304
SECTOR_SHOCK_LAG,91,False,92,7588.85,7588.85,5,0,0,0.1936345920490310460537360884
SECTOR_SHOCK_LAG,92,False,89,7107.92,7107.92,10,1,0,0.2464919383116676123504172697
SECTOR_SHOCK_LAG,93,False,94,7238.92,7238.92,6,1,0,0.2373868101555809154643732242
SECTOR_SHOCK_LAG,94,False,94,6008.12,6008.12,8,1,0,0.3615975892502321706736030976
SECTOR_SHOCK_LAG,95,False,85,5412.46,5412.46,12,1,0,0.4248903963158711234935470366
SECTOR_SHOCK_LAG,96,False,93,5912.02,5912.02,9,1,0,0.3718088486247208107803697305
SECTOR_SHOCK_LAG,97,False,109,5613.09,5613.09,10,1,0,0.4035721344188507711041548456
SECTOR_SHOCK_LAG,98,False,90,6010.48,6010.48,8,1,0,0.3613468236714205870039676215
SECTOR_SHOCK_LAG,99,False,101,6649.65,6649.65,8,1,0,0.2934307918879460386476509853
SECTOR_SHOCK_LAG,100,False,98,6082.10,6082.10,7,0,0,0.3537367258940961707246062662
SECTOR_SHOCK_LAG,101,False,102,6566.78,6566.78,8,0,0,0.3022362764286731313182831483
SECTOR_SHOCK_LAG,102,False,102,8106.55,8106.55,8,1,0,0.2005763358048618770441113654
SECTOR_SHOCK_LAG,103,False,95,8229.27,8229.27,10,1,0,0.2313758742261863018240008161
SECTOR_SHOCK_LAG,104,False,90,5802.46,5802.46,9,0,0,0.3834503218512450085961590364
SECTOR_SHOCK_LAG,105,False,95,6003.48,6003.48,6,1,0,0.3620906198797600300918694574
SECTOR_SHOCK_LAG,106,False,88,7931.62,7931.62,9,1,0,0.2140156094544618543461113115
SECTOR_SHOCK_LAG,107,False,101,5806.33,5806.33,10,1,0,0.3830391088046344879175618785
SECTOR_SHOCK_LAG,108,False,95,6810.32,6810.32,9,1,0,0.2763585437745319928000527033
SECTOR_SHOCK_LAG,109,False,86,5871.34,5871.34,10,1,0,0.3761313671611848886112049711
SECTOR_SHOCK_LAG,110,False,76,6237.67,6237.67,11,1,0,0.3372063864467580048410507503
SECTOR_SHOCK_LAG,111,False,100,7821.22,7821.22,9,1,0,0.2173627536610711940479302277
SECTOR_SHOCK_LAG,112,False,80,6897.89,6897.89,6,0,0,0.2670536532082055597704007361
SECTOR_SHOCK_LAG,113,False,84,8197.52,8197.52,7,1,0,0.1727987351214194181813545166
SECTOR_SHOCK_LAG,114,False,85,5641.25,5641.25,11,0,0,0.4005799485293023829105383172
SECTOR_SHOCK_LAG,115,False,99,5327.75,5327.75,10,1,0,0.4338913930027902983472848251
SECTOR_SHOCK_LAG,116,False,101,11084.86,11084.86,3,2,0,0.0579183481773805197647903876
SECTOR_SHOCK_LAG,117,False,92,7566.61,7566.61,9,1,0,0.2450819132138584109537805036
SECTOR_SHOCK_LAG,118,False,97,8462.74,8462.74,8,1,0,0.1627500483467535420638007136
SECTOR_SHOCK_LAG,119,False,110,5714.66,5714.66,9,1,0,0.3927796514358454518986992067
SECTOR_SHOCK_LAG,120,False,89,5807.16,5807.16,12,2,0,0.3829509158256456682371392323
SECTOR_SHOCK_LAG,121,False,107,6198.53,6198.53,9,1,0,0.3413652698173874051925475870
SECTOR_SHOCK_LAG,122,False,101,5658.79,5658.79,7,0,0,0.3987162077444061212302814312
SECTOR_SHOCK_LAG,123,False,91,8095.34,8095.34,8,1,0,0.2322609917141102390986040008
SECTOR_SHOCK_LAG,124,False,91,7372.89,7372.89,7,1,0,0.2165817676423147788056333000
SECTOR_SHOCK_LAG,125,False,94,8557.51,8557.51,6,1,0,0.1494069959763991157620191161
SECTOR_SHOCK_LAG,126,False,113,8590.42,8590.42,6,1,0,0.1847128317458630232672910253
SECTOR_SHOCK_LAG,127,False,90,7694.69,7694.69,9,1,0,0.1823883933789386665646603295
SECTOR_SHOCK_LAG,128,False,94,6042.19,6042.19,10,1,0,0.3579774268476429098157723049
SECTOR_SHOCK_LAG,129,False,102,6646.96,6646.96,7,1,0,0.2937166221451507674914304051
SECTOR_SHOCK_LAG,130,False,88,9072.04,9072.04,6,1,0,0.1730941284727313684362641029
SECTOR_SHOCK_LAG,131,False,83,5132.56,5132.56,11,0,0,0.4546316189893297121083647322
SECTOR_SHOCK_LAG,132,False,99,7015.55,7015.55,6,0,0,0.2545515015120314349528964487
SECTOR_SHOCK_LAG,133,False,100,5546.64,5546.64,8,0,0,0.4106328855680159129885944164
SECTOR_SHOCK_LAG,134,False,88,5660.65,5660.65,10,0,0,0.3985185704661902120669246577
SECTOR_SHOCK_LAG,135,False,88,6599.24,6599.24,8,1,0,0.2987871871540019423706697779
SECTOR_SHOCK_LAG,136,False,93,4988.05,4988.05,9,0,0,0.4699867604274915579130353473
SECTOR_SHOCK_LAG,137,False,92,9223.73,9223.73,6,1,0,0.1266897456004454276721941351
SECTOR_SHOCK_LAG,138,False,94,7440.63,7440.63,9,1,0,0.2093839454776127966949946765
SECTOR_SHOCK_LAG,139,False,115,7869.02,7869.02,4,0,0,0.1638646800932507932055278934
SECTOR_SHOCK_LAG,140,False,102,7620.30,7620.30,8,1,0,0.2183148128077456812004445776
SECTOR_SHOCK_LAG,141,False,104,8904.89,8904.89,7,2,0,0.1583192263813706947803805144
SECTOR_SHOCK_LAG,142,False,98,6670.37,6670.37,6,0,0,0.2912291551112612871074615510
SECTOR_SHOCK_LAG,143,False,96,8150.95,8150.95,6,1,0,0.2273922456284028694056447821
SECTOR_SHOCK_LAG,144,False,104,6298.52,6298.52,7,0,0,0.3307406722642644174269326482
SECTOR_SHOCK_LAG,145,False,86,8375.18,8375.18,7,1,0,0.1784278930242915257762095489
SECTOR_SHOCK_LAG,146,False,104,7446.72,7446.72,6,1,0,0.2087368427763574812085200793
SECTOR_SHOCK_LAG,147,False,111,7565.08,7565.08,8,1,0,0.2377140804872502704230500320
SECTOR_SHOCK_LAG,148,False,92,7596.96,7596.96,8,1,0,0.2067838464464604863577149730
SECTOR_SHOCK_LAG,149,False,94,7489.70,7489.70,5,0,0,0.2041699340571533006488028069
SECTOR_SHOCK_LAG,150,False,95,6267.25,6267.25,11,1,0,0.3340633161835179010496027066
SECTOR_SHOCK_LAG,151,False,84,5634.16,5634.16,9,0,0,0.4013333078317490474095703196
SECTOR_SHOCK_LAG,152,False,95,5473.30,5473.30,9,0,0,0.4184257446993894495695545086
SECTOR_SHOCK_LAG,153,False,80,5406.51,5406.51,11,0,0,0.4255226230929596501182635971
SECTOR_SHOCK_LAG,154,False,102,7110.71,7110.71,9,1,0,0.2444401233426626629179337766
SECTOR_SHOCK_LAG,155,False,92,7042.24,7042.24,8,1,0,0.2517155128262343298077393058
SECTOR_SHOCK_LAG,156,False,92,9053.02,9053.02,7,1,0,0.1471143894814465348659785489
SECTOR_SHOCK_LAG,157,False,88,6922.34,6922.34,10,1,0,0.2644556793090770764133721807
SECTOR_SHOCK_LAG,158,False,95,9322.45,9322.45,5,1,0,0.1616388710279365279207902984
SECTOR_SHOCK_LAG,159,False,104,6279.79,6279.79,10,1,0,0.3327308584045783844321328463
SECTOR_SHOCK_LAG,160,False,95,6355.96,6355.96,9,1,0,0.3312071387434944395920596567
SECTOR_SHOCK_LAG,161,False,89,9603.14,9603.14,6,2,0,0.1507357883193604301531713184
SECTOR_SHOCK_LAG,162,False,81,5873.86,5873.86,9,1,0,0.3758636005261826890995603102
SECTOR_SHOCK_LAG,163,False,90,5164.11,5164.11,12,0,0,0.4512792232217426507621786003
SECTOR_SHOCK_LAG,164,False,97,5961.84,5961.84,9,0,0,0.3665151447533678029747598070
SECTOR_SHOCK_LAG,165,False,94,5977.13,5977.13,11,2,0,0.3648904813211520765727570825
SECTOR_SHOCK_LAG,166,False,104,5795.48,5795.48,9,0,0,0.3841919929275606247038097242
SECTOR_SHOCK_LAG,167,False,91,6855.43,6855.43,9,1,0,0.2715653084947902388435881579
SECTOR_SHOCK_LAG,168,False,111,7578.32,7578.32,7,1,0,0.2087644694926672319517850046
SECTOR_SHOCK_LAG,169,False,99,6759.47,6759.47,8,0,0,0.2817616919451120900885967541
SECTOR_SHOCK_LAG,170,False,92,6563.80,6563.80,6,0,0,0.3025529211002233513757042156
SECTOR_SHOCK_LAG,171,False,97,5989.51,5989.51,6,0,0,0.3635750245984031757972964070
SECTOR_SHOCK_LAG,172,False,82,6298.58,6298.58,10,2,0,0.3307342968681929364861792039
SECTOR_SHOCK_LAG,173,False,93,5739.35,5739.35,9,1,0,0.3901561759524310447786568741
SECTOR_SHOCK_LAG,174,False,106,6260.07,6260.07,10,1,0,0.3348262385800717869597648754
SECTOR_SHOCK_LAG,175,False,102,8203.42,8203.42,7,1,0,0.2355623843131254529187625781
SECTOR_SHOCK_LAG,176,False,96,7447.45,7447.45,3,0,0,0.2086592754574877964293531736
SECTOR_SHOCK_LAG,177,False,104,6865.92,6865.92,13,2,0,0.2704506767482929877018609781
SECTOR_SHOCK_LAG,178,False,88,6200.54,6200.54,9,1,0,0.3411516940489927936773072027
SECTOR_SHOCK_LAG,179,False,90,6995.51,6995.51,9,1,0,0.2566808837999060691645468475
SECTOR_SHOCK_LAG,180,False,84,6487.19,6487.19,8,1,0,0.3106932393174925992277270225
SECTOR_SHOCK_LAG,181,False,95,8809.88,8809.88,8,1,0,0.1520416727625530342113976392
SECTOR_SHOCK_LAG,182,False,103,5181.23,5181.23,8,0,0,0.4494601102093467556671958245
SECTOR_SHOCK_LAG,183,False,97,8831.91,8831.91,6,1,0,0.1673413960842317328964061892
SECTOR_SHOCK_LAG,184,False,102,8200.05,8200.05,4,0,0,0.1286905574008785295786500736
SECTOR_SHOCK_LAG,185,False,91,9780.45,9780.45,6,2,0,0.1488654982690799665929245854
SECTOR_SHOCK_LAG,186,False,94,7630.61,7630.61,8,1,0,0.2032083118163715920851582905
SECTOR_SHOCK_LAG,187,False,94,6681.92,6681.92,8,0,0,0.2900018913675012060124235218
SECTOR_SHOCK_LAG,188,False,104,8023.58,8023.58,7,1,0,0.1903976784265608666346468197
SECTOR_SHOCK_LAG,189,False,91,5919.95,5919.95,10,1,0,0.3709662337772734131107895078
SECTOR_SHOCK_LAG,190,False,89,7205.55,7205.55,10,1,0,0.2751419056908910466062704145
SECTOR_SHOCK_LAG,191,False,119,4474.31,4474.31,12,0,0,0.5245750267235351996242766582
SECTOR_SHOCK_LAG,192,False,89,7879.29,7879.29,8,1,0,0.2417971027880901380477018031
SECTOR_SHOCK_LAG,193,False,82,5820.94,5820.94,12,1,0,0.3814866998612288788440981896
SECTOR_SHOCK_LAG,194,False,87,7879.99,7879.99,7,1,0,0.2034782035833976185770540995
SECTOR_SHOCK_LAG,195,False,104,8247.38,8247.38,9,1,0,0.2168803486916624695309196084
SECTOR_SHOCK_LAG,196,False,95,6488.84,6488.84,8,1,0,0.3105179159255268733570073041
SECTOR_SHOCK_LAG,197,False,99,8296.54,8296.54,6,1,0,0.2256677696101870328694170125
SECTOR_SHOCK_LAG,198,False,105,9104.04,9104.04,6,1,0,0.1258758200353196942360044118
SECTOR_SHOCK_LAG,199,False,78,6867.04,6867.04,11,1,0,0.2703316693549586768077966844
SECTOR_SHOCK_LAG,200,False,86,6211.52,6211.52,8,0,0,0.3399849965679117815194268944
SECTOR_SHOCK_LAG,201,False,104,6199.41,6199.41,9,0,0,0.3412717640083390180614970705
SECTOR_SHOCK_LAG,202,False,87,6347.05,6347.05,12,1,0,0.3255840394084482498475217773
SECTOR_SHOCK_LAG,203,False,92,6787.11,6787.11,6,0,0,0.2788247594881832033815100763
SECTOR_SHOCK_LAG,204,False,107,7839.94,7839.94,3,0,0,0.1669546220558952224906972346
SECTOR_SHOCK_LAG,205,False,90,5579.14,5579.14,10,0,0,0.4071795460292970700804787497
SECTOR_SHOCK_LAG,206,False,94,6359.25,6359.25,10,1,0,0.3242877088739137918943214347
SECTOR_SHOCK_LAG,207,False,87,6744.07,6744.07,7,1,0,0.2833980436034588648819807931
SECTOR_SHOCK_LAG,208,False,83,8095.11,8095.11,10,1,0,0.1909994793285436889322837290
SECTOR_SHOCK_LAG,209,False,110,5425.93,5425.93,10,0,0,0.4234591198978236522943987895
SECTOR_SHOCK_LAG,210,False,96,7122.17,7122.17,9,1,0,0.2432224226930098032340259139
SECTOR_SHOCK_LAG,211,False,76,7620.08,7620.08,9,1,0,0.2667401843330388777585964669
SECTOR_SHOCK_LAG,212,False,86,7356.49,7356.49,5,0,0,0.2183243759018529026115747441
SECTOR_SHOCK_LAG,213,False,104,5916.65,5916.65,7,0,0,0.3713168805612048648522289447
SECTOR_SHOCK_LAG,214,False,79,5165.27,5165.27,10,0,0,0.4511559655643606859076120104
SECTOR_SHOCK_LAG,215,False,102,9079.35,9079.35,6,1,0,0.1284992955187341013560467444
SECTOR_SHOCK_LAG,216,False,100,5757.91,5757.91,9,1,0,0.3881840534343196071055914349
SECTOR_SHOCK_LAG,217,False,100,8909.51,8909.51,6,1,0,0.1299953884635082954528550086
SECTOR_SHOCK_LAG,218,False,104,7110.94,7110.94,7,1,0,0.2444156843243886526450455735
SECTOR_SHOCK_LAG,219,False,84,6221.33,6221.33,8,1,0,0.3389426193102246477062387501
SECTOR_SHOCK_LAG,220,False,105,7092.72,7092.72,8,2,0,0.2802804749245046848535465266
SECTOR_SHOCK_LAG,221,False,98,6352.06,6352.06,8,1,0,0.3250516938364795912946091776
SECTOR_SHOCK_LAG,222,False,94,9129.80,9129.80,4,1,0,0.1804885253496373462201339258
SECTOR_SHOCK_LAG,223,False,89,7749.02,7749.02,10,1,0,0.2278830259254867692234111560
SECTOR_SHOCK_LAG,224,False,91,8361.68,8361.68,8,1,0,0.1951812980772932724514703278
SECTOR_SHOCK_LAG,225,False,98,5717.76,5717.76,9,1,0,0.3924502559721522699597712508
SECTOR_SHOCK_LAG,226,False,97,7283.68,7283.68,7,1,0,0.2260609190345950242158794115
SECTOR_SHOCK_LAG,227,False,81,7813.03,7813.03,9,1,0,0.1698139871939544244186170066
SECTOR_SHOCK_LAG,228,False,104,6609.75,6609.75,9,1,0,0.2976704302754808642486914500
SECTOR_SHOCK_LAG,229,False,75,7028.69,7028.69,9,1,0,0.2531552897723771089278921453
SECTOR_SHOCK_LAG,230,False,101,6366.42,6366.42,10,1,0,0.3235258490433718194742848399
SECTOR_SHOCK_LAG,231,False,108,6209.80,6209.80,6,1,0,0.3401677579219609018210256312
SECTOR_SHOCK_LAG,232,False,95,5842.88,5842.88,8,0,0,0.3791554300310906815085887211
SECTOR_SHOCK_LAG,233,False,81,6835.30,6835.30,7,0,0,0.2737042538767720944663687232
SECTOR_SHOCK_LAG,234,False,85,8790.89,8790.89,4,1,0,0.1495434153846807732930408302
SECTOR_SHOCK_LAG,235,False,91,7735.55,7735.55,8,1,0,0.2073448813007508091440180721
SECTOR_SHOCK_LAG,236,False,91,5742.48,5742.48,10,0,0,0.3898235927907021223693521960
SECTOR_SHOCK_LAG,237,False,90,5632.37,5632.37,7,0,0,0.4015235071478815621420480747
SECTOR_SHOCK_LAG,238,False,87,7889.82,7889.82,7,1,0,0.2032083118163715920851582905
SECTOR_SHOCK_LAG,239,False,87,6477.89,6477.89,12,1,0,0.3116814257085721450445108902
SECTOR_SHOCK_LAG,240,False,93,5193.84,5193.84,11,0,0,0.4481202144683238446188469459
SECTOR_SHOCK_LAG,241,False,112,8123.39,8123.39,4,0,0,0.1368361884482073448813007508
SECTOR_SHOCK_LAG,242,False,103,6636.21,6636.21,7,0,0,0.2948588806079577693764225102
SECTOR_SHOCK_LAG,243,False,87,7720.84,7720.84,9,1,0,0.1813651423094659755737325181
SECTOR_SHOCK_LAG,244,False,100,7407.54,7407.54,8,1,0,0.2584946839822423968089017530
SECTOR_SHOCK_LAG,245,False,87,8201.65,8201.65,6,1,0,0.1999026689533087243044974169
SECTOR_SHOCK_LAG,246,False,97,6652.80,6652.80,10,1,0,0.2930960835941932892580951592
SECTOR_SHOCK_LAG,247,False,90,5701.81,5701.81,10,1,0,0.3941450487611542867100618626
SECTOR_SHOCK_LAG,248,False,82,7293.04,7293.04,9,1,0,0.2250663572474439974583420995
SECTOR_SHOCK_LAG,249,False,100,6612.41,6612.41,7,1,0,0.2973877877163118758752887523
SECTOR_SHOCK_LAG,250,False,93,8192.17,8192.17,7,1,0,0.2086289723499232505817789443
SECTOR_SHOCK_LAG,251,False,105,7060.56,7060.56,9,2,0,0.2835861177875675526342074001
SECTOR_SHOCK_LAG,252,False,91,5478.44,5478.44,10,0,0,0.4178795857692659156450094462
SECTOR_SHOCK_LAG,253,False,88,5052.63,5052.63,12,0,0,0.4631247091225542386820781241
SECTOR_SHOCK_LAG,254,False,85,7993.09,7993.09,7,1,0,0.2308464346818628837785771060
SECTOR_SHOCK_LAG,255,False,85,6762.87,6762.87,10,1,0,0.2814004195010615034459015766
SECTOR_SHOCK_LAG,256,False,97,6777.65,6777.65,11,2,0,0.2798299469354533650403031288
SECTOR_SHOCK_LAG,257,False,87,6079.20,6079.20,12,2,0,0.3540448700375510828610227410
SECTOR_SHOCK_LAG,258,False,103,7945.06,7945.06,9,1,0,0.1690213129490669607849387643
SECTOR_SHOCK_LAG,259,False,95,6635.10,6635.10,9,2,0,0.2949768254352801667803612299
SECTOR_SHOCK_LAG,260,False,90,6783.85,6783.85,11,1,0,0.2791711560080670011624472170
SECTOR_SHOCK_LAG,261,False,96,6959.38,6959.38,8,1,0,0.2890434568247552379191557275
SECTOR_SHOCK_LAG,262,False,97,7928.95,7928.95,9,1,0,0.2639520230194300820938500804
SECTOR_SHOCK_LAG,263,False,97,8084.91,8084.91,9,1,0,0.2194834921575801691572355217
SECTOR_SHOCK_LAG,264,False,94,6284.00,6284.00,11,2,0,0.3322835181135628050892661707
SECTOR_SHOCK_LAG,265,False,93,6650.82,6650.82,6,1,0,0.2998763173162132697493831804
SECTOR_SHOCK_LAG,266,False,95,9746.14,9746.14,6,1,0,0.0914869336257514998119258159
SECTOR_SHOCK_LAG,267,False,83,5477.91,5477.91,10,1,0,0.4179359017678973306216648709
SECTOR_SHOCK_LAG,268,False,96,6323.00,6323.00,12,1,0,0.3281395106671001935995273706
SECTOR_SHOCK_LAG,269,False,98,7187.88,7187.88,9,1,0,0.2362403014287262596188788228
SECTOR_SHOCK_LAG,270,False,98,5661.85,5661.85,8,0,0,0.3983910625447605932518557715
SECTOR_SHOCK_LAG,271,False,94,6690.48,6690.48,8,1,0,0.2890923348613032584649321339
SECTOR_SHOCK_LAG,272,False,99,7259.95,7259.95,6,1,0,0.2285823881808657362838666352
SECTOR_SHOCK_LAG,273,False,98,6103.96,6103.96,7,1,0,0.3514139565920532813101013900
SECTOR_SHOCK_LAG,274,False,73,9734.34,9734.34,8,2,0,0.1402332119882947728127609928
SECTOR_SHOCK_LAG,275,False,88,5845.45,5845.45,10,0,0,0.3788823505660289145463161899
SECTOR_SHOCK_LAG,276,False,101,8026.31,8026.31,7,1,0,0.1879307376970794310596545810
SECTOR_SHOCK_LAG,277,False,99,4770.74,4770.74,11,0,0,0.4930773824323836118318850559
SECTOR_SHOCK_LAG,278,False,103,6205.80,6205.80,8,1,0,0.3405927843267262978712552517
SECTOR_SHOCK_LAG,279,False,86,8991.23,8991.23,6,1,0,0.1536799848690599903519006118
SECTOR_SHOCK_LAG,280,False,98,5908.96,5908.96,7,0,0,0.3721339938243663387587953902
SECTOR_SHOCK_LAG,281,False,101,7578.51,7578.51,8,1,0,0.1947332853053495948435796574
SECTOR_SHOCK_LAG,282,False,93,7910.08,7910.08,9,1,0,0.2012327751780798678361604627
SECTOR_SHOCK_LAG,283,False,74,7204.70,7204.70,9,1,0,0.2354338138256839206135681179
SECTOR_SHOCK_LAG,284,False,91,5785.13,5785.13,8,0,0,0.3852917487498910869837788673
SECTOR_SHOCK_LAG,285,False,102,6674.23,6674.23,8,1,0,0.2908190046306626799189899673
SECTOR_SHOCK_LAG,286,False,97,6918.92,6918.92,6,0,0,0.2648190768851514900363185063
SECTOR_SHOCK_LAG,287,False,107,6594.91,6594.91,6,0,0,0.2992472782371604835950433421
SECTOR_SHOCK_LAG,288,False,98,7472.19,7472.19,12,1,0,0.2557550030079801114745477074
SECTOR_SHOCK_LAG,289,False,91,7339.27,7339.27,5,0,0,0.2201541145743679326078132604
SECTOR_SHOCK_LAG,290,False,92,8674.16,8674.16,7,2,0,0.1771121095291581919188852797
SECTOR_SHOCK_LAG,291,False,89,5962.31,5962.31,8,0,0,0.3664652041508078689388578265
SECTOR_SHOCK_LAG,292,False,95,6382.28,6382.28,7,1,0,0.3218406193484770241351243946
SECTOR_SHOCK_LAG,293,False,88,8064.79,8064.79,7,1,0,0.2009131692306384534139183397
SECTOR_SHOCK_LAG,294,False,93,5695.41,5695.41,7,1,0,0.3948250910087789203904292554
SECTOR_SHOCK_LAG,295,False,104,6339.08,6339.08,9,1,0,0.3264309045199433014776042962
SECTOR_SHOCK_LAG,296,False,98,5920.69,5920.69,8,0,0,0.3708876038923918148414970280
SECTOR_SHOCK_LAG,297,False,85,5937.97,5937.97,9,1,0,0.3690514898238053039045050674
SECTOR_SHOCK_LAG,298,False,104,9377.12,9377.12,6,1,0,0.1089512685975616235158609229
SECTOR_SHOCK_LAG,299,False,96,6425.03,6425.03,8,1,0,0.3172981496475468538482953253
SECTOR_SHOCK_LAG,300,False,90,7166.60,7166.60,6,0,0,0.2385014419020781666061004040
SECTOR_SHOCK_LAG,301,False,96,10281.91,10281.91,4,1,0,0.0957446356354888547451010394
SECTOR_SHOCK_LAG,302,False,97,6698.64,6698.64,10,1,0,0.2882252809955818505224637081
SECTOR_SHOCK_LAG,303,False,105,9024.62,9024.62,2,0,0,0.0410745517565278742941905266
SECTOR_SHOCK_LAG,304,False,86,8232.42,8232.42,8,1,0,0.1948890975237648163361107851
SECTOR_SHOCK_LAG,305,False,95,7074.46,7074.46,8,1,0,0.2482919251358490646231397126
SECTOR_SHOCK_LAG,306,False,85,6292.95,6292.95,9,1,0,0.3313325215329002314268773948
SECTOR_SHOCK_LAG,307,False,100,7776.52,7776.52,5,0,0,0.1736934157034505768670878678
SECTOR_SHOCK_LAG,308,False,100,5148.37,5148.37,10,0,0,0.4529517021244944842198321571
SECTOR_SHOCK_LAG,309,False,96,9025.91,9025.91,5,1,0,0.1318886467292092663587626645
SECTOR_SHOCK_LAG,310,False,84,8312.59,8312.59,8,1,0,0.1897152214916876647967364763
SECTOR_SHOCK_LAG,311,False,96,5800.19,5800.19,10,1,0,0.3836915243359493708546643460
SECTOR_SHOCK_LAG,312,False,95,6677.76,6677.76,8,0,0,0.2904439188284572179046623271
SECTOR_SHOCK_LAG,313,False,94,6041.08,6041.08,12,1,0,0.3580953716749653072197110245
SECTOR_SHOCK_LAG,314,False,113,6499.09,6499.09,9,1,0,0.3094287857633155459782939015
SECTOR_SHOCK_LAG,315,False,93,7326.16,7326.16,10,1,0,0.2706313129703182810232085668
SECTOR_SHOCK_LAG,316,False,102,7722.96,7722.96,7,1,0,0.2209382882911600883204869102
SECTOR_SHOCK_LAG,317,False,88,9353.76,9353.76,6,1,0,0.1151587792391602328294645305
SECTOR_SHOCK_LAG,318,False,97,5802.77,5802.77,13,2,0,0.3834173823048756904022662408
SECTOR_SHOCK_LAG,319,False,92,7983.16,7983.16,8,1,0,0.1697884856096685006556032294
SECTOR_SHOCK_LAG,320,False,96,6679.87,6679.87,7,1,0,0.2967895630516045809345905614
SECTOR_SHOCK_LAG,321,False,100,6611.41,6611.41,8,1,0,0.2974940443175032248878461574
SECTOR_SHOCK_LAG,322,False,94,7393.48,7393.48,10,2,0,0.2206683965241340618285911012
SECTOR_SHOCK_LAG,323,False,96,5609.45,5609.45,10,0,0,0.4039589084471872815098638003
SECTOR_SHOCK_LAG,324,False,98,5431.10,5431.10,10,0,0,0.4229097732696643778994770050
SECTOR_SHOCK_LAG,325,False,90,8247.47,8247.47,8,1,0,0.1789371091910597150585323653
SECTOR_SHOCK_LAG,326,False,95,6863.99,6863.99,7,1,0,0.2706557519885922912960967700
SECTOR_SHOCK_LAG,327,False,108,5308.74,5308.74,8,0,0,0.4359113309914378430760010966
SECTOR_SHOCK_LAG,328,False,98,8296.62,8296.62,7,1,0,0.1696404980183354017374594660
SECTOR_SHOCK_LAG,329,False,97,7234.94,7234.94,6,0,0,0.2312398657766613750879273375
SECTOR_SHOCK_LAG,330,False,101,5621.54,5621.54,9,1,0,0.4026742661387838719480447723
SECTOR_SHOCK_LAG,331,False,96,5756.39,5756.39,7,1,0,0.3883455634681304576046786907
SECTOR_SHOCK_LAG,332,False,97,7473.33,7473.33,8,2,0,0.2173627536610711940479302277
SECTOR_SHOCK_LAG,333,False,83,6961.37,6961.37,6,1,0,0.2603084841645787244532566586
SECTOR_SHOCK_LAG,334,False,98,5204.61,5204.61,11,0,0,0.4469758308734930157536036926
SECTOR_SHOCK_LAG,335,False,93,5747.85,5747.85,9,1,0,0.3892529948423045781719189305
SECTOR_SHOCK_LAG,336,False,87,5603.33,5603.33,10,1,0,0.4046091988464783374667151197
SECTOR_SHOCK_LAG,337,False,108,7749.32,7749.32,7,1,0,0.2173627536610711940479302277
SECTOR_SHOCK_LAG,338,False,96,6041.19,6041.19,7,0,0,0.3580836834488342588283297100
SECTOR_SHOCK_LAG,339,False,83,5788.88,5788.88,10,1,0,0.3848932864954235281866885980
SECTOR_SHOCK_LAG,340,False,100,5578.69,5578.69,9,1,0,0.4072273614998331771361295821
SECTOR_SHOCK_LAG,341,False,91,8403.93,8403.93,7,1,0,0.2034249977251357335678971155
SECTOR_SHOCK_LAG,342,False,93,7061.82,7061.82,4,0,0,0.2496350085749077161418653134
SECTOR_SHOCK_LAG,343,False,82,6536.76,6536.76,6,0,0,0.3054260995964374286752564503
SECTOR_SHOCK_LAG,344,False,96,7315.89,7315.89,8,1,0,0.2226383939102216725214053923
SECTOR_SHOCK_LAG,345,False,101,7994.40,7994.40,5,1,0,0.1689575589883521513774043212
SECTOR_SHOCK_LAG,346,False,92,6253.79,6253.79,10,1,0,0.3354935300355534587586253796
SECTOR_SHOCK_LAG,347,False,95,6603.09,6603.09,5,0,0,0.2983780992394152486723237681
SECTOR_SHOCK_LAG,348,False,99,6169.46,6169.46,9,1,0,0.3444541492140199209875913541
SECTOR_SHOCK_LAG,349,False,89,5682.76,5682.76,8,1,0,0.3961692370138494853992804303
SECTOR_SHOCK_LAG,350,False,82,6123.12,6123.12,8,1,0,0.3493780801132270342295015078
SECTOR_SHOCK_LAG,351,False,101,5778.80,5778.80,11,1,0,0.3859643530354323262332672417
SECTOR_SHOCK_LAG,352,False,106,7720.90,7720.90,8,1,0,0.1905542131804938381796969137
SECTOR_SHOCK_LAG,353,False,90,6733.27,6733.27,12,1,0,0.2845456148963254342176007684
SECTOR_SHOCK_LAG,354,False,104,5757.43,5757.43,8,1,0,0.3882350566028914546316189893
SECTOR_SHOCK_LAG,355,False,100,6069.22,6069.22,9,1,0,0.3551053109174407460063456442
SECTOR_SHOCK_LAG,356,False,99,8831.66,8831.66,6,1,0,0.1846250948340165632789937075
SECTOR_SHOCK_LAG,357,False,92,8505.63,8505.63,8,1,0,0.1834723231539729457042113580
SECTOR_SHOCK_LAG,358,False,92,6480.22,6480.22,7,0,0,0.3114338478277963018452521363
SECTOR_SHOCK_LAG,359,False,97,7744.47,7744.47,7,1,0,0.2209382882911600883204869102
SECTOR_SHOCK_LAG,360,False,103,6577.62,6577.62,7,0,0,0.3010844548717589080221608767
SECTOR_SHOCK_LAG,361,False,120,6730.79,6730.79,10,1,0,0.2848091312672799797687431332
SECTOR_SHOCK_LAG,362,False,109,8493.20,8493.20,7,1,0,0.1536262271034528805228997858
SECTOR_SHOCK_LAG,363,False,86,7166.11,7166.11,8,1,0,0.2793326660418778516615344728
SECTOR_SHOCK_LAG,364,False,88,6690.37,6690.37,12,2,0,0.2891040230874343068563134485
SECTOR_SHOCK_LAG,365,False,97,6338.41,6338.41,11,2,0,0.3265020964427415053160177576
SECTOR_SHOCK_LAG,366,False,112,9249.77,9249.77,7,1,0,0.1120360032754686406517145811
SECTOR_SHOCK_LAG,367,False,99,7806.25,7806.25,9,1,0,0.1863007614348041372070239864
SECTOR_SHOCK_LAG,368,False,109,7242.16,7242.16,9,1,0,0.2584946839822423968089017530
SECTOR_SHOCK_LAG,369,False,86,6359.83,6359.83,11,1,0,0.3242260800452228094670381397
SECTOR_SHOCK_LAG,370,False,123,4765.04,4765.04,10,0,0,0.4936830450591743012034622651
SECTOR_SHOCK_LAG,371,False,90,5140.00,5140.00,9,0,0,0.4538410698764660754549376380
SECTOR_SHOCK_LAG,372,False,102,4894.22,4894.22,10,0,0,0.4799568173172758357612966706
SECTOR_SHOCK_LAG,373,False,101,7540.04,7540.04,8,1,0,0.2005763358048618770441113654
SECTOR_SHOCK_LAG,374,False,103,7367.70,7367.70,8,1,0,0.2171332394024978801808062326
SECTOR_SHOCK_LAG,375,False,96,6376.48,6376.48,8,1,0,0.3224569076353868484079573444
SECTOR_SHOCK_LAG,376,False,105,8980.15,8980.15,8,1,0,0.1525717285186342201509268763
SECTOR_SHOCK_LAG,377,False,104,10951.61,10951.61,4,2,0,0.0720770402861277756880646210
SECTOR_SHOCK_LAG,378,False,101,7043.88,7043.88,5,0,0,0.2515412520002805174271451614
SECTOR_SHOCK_LAG,379,False,77,6533.04,6533.04,8,0,0,0.3058213741528692470019699974
SECTOR_SHOCK_LAG,380,False,103,5163.67,5163.67,11,0,0,0.4513259761262668443277038586
SECTOR_SHOCK_LAG,381,False,88,5614.17,5614.17,9,0,0,0.4034573772895641141705928481
SECTOR_SHOCK_LAG,382,False,104,9055.05,9055.05,6,1,0,0.1254513969037963216041769486
SECTOR_SHOCK_LAG,383,False,90,7500.65,7500.65,6,0,0,0.2030064242741080289612992207
SECTOR_SHOCK_LAG,384,False,83,6916.75,6916.75,11,1,0,0.2650496537097367173935680754
SECTOR_SHOCK_LAG,385,False,106,5995.48,5995.48,7,1,0,0.3629406726892908221923286984
SECTOR_SHOCK_LAG,386,False,102,6722.38,6722.38,6,0,0,0.2857027492832992249643509103
SECTOR_SHOCK_LAG,387,False,87,5516.73,5516.73,11,1,0,0.4138110205096491619541864038
SECTOR_SHOCK_LAG,388,False,90,8588.29,8588.29,9,1,0,0.1494095320671796735372184997
SECTOR_SHOCK_LAG,389,False,86,6897.26,6897.26,9,0,0,0.2671205948669561096483119014
SECTOR_SHOCK_LAG,390,False,99,5988.46,5988.46,10,1,0,0.3636865940296540922604816824
SECTOR_SHOCK_LAG,391,False,91,5137.34,5137.34,9,0,0,0.4541237124356350638283403356
SECTOR_SHOCK_LAG,392,False,87,6550.74,6550.74,9,0,0,0.3039406323117823694797039266
SECTOR_SHOCK_LAG,393,False,96,6163.50,6163.50,13,2,0,0.3450874385571203611024334887
SECTOR_SHOCK_LAG,394,False,105,5851.21,5851.21,9,0,0,0.3782703125431667442339855364
SECTOR_SHOCK_LAG,395,False,97,7305.29,7305.29,9,1,0,0.2242439311542229561011477838
SECTOR_SHOCK_LAG,396,False,93,4957.88,4957.88,12,0,0,0.4731925220854345576218922601
SECTOR_SHOCK_LAG,397,False,90,5305.92,5305.92,12,0,0,0.4362109746067974472914129790
SECTOR_SHOCK_LAG,398,False,114,7103.40,7103.40,6,1,0,0.2517867047490325336461527672
SECTOR_SHOCK_LAG,399,False,90,6577.92,6577.92,7,1,0,0.3010525778914015033183936552
SECTOR_SHOCK_LAG,400,False,87,7706.39,7706.39,6,1,0,0.1811451911449998831177386895
SECTOR_SHOCK_LAG,401,False,93,6072.61,6072.61,10,1,0,0.3547451010394020728537760408
SECTOR_SHOCK_LAG,402,False,96,5106.97,5106.97,8,0,0,0.4573507254138163333397087294
SECTOR_SHOCK_LAG,403,False,99,6421.30,6421.30,7,0,0,0.3176944867699905856651344465
SECTOR_SHOCK_LAG,404,False,115,8072.47,8072.47,5,1,0,0.1878414821520786978891063607
SECTOR_SHOCK_LAG,405,False,93,6883.69,6883.69,8,1,0,0.2685624969451227157487158890
SECTOR_SHOCK_LAG,406,False,99,5794.52,5794.52,6,0,0,0.3842939992647043197558648331
SECTOR_SHOCK_LAG,407,False,100,6471.57,6471.57,6,0,0,0.3123529674281014708038736907
SECTOR_SHOCK_LAG,408,False,106,7879.25,7879.25,9,1,0,0.2387394566887467883942289915
SECTOR_SHOCK_LAG,409,False,101,8928.82,8928.82,7,1,0,0.1290433293168338083003406587
SECTOR_SHOCK_LAG,410,False,99,5593.03,5593.03,7,0,0,0.4057036418387492322960563925
SECTOR_SHOCK_LAG,411,False,99,7246.81,7246.81,7,1,0,0.2299785999205200623088709386
SECTOR_SHOCK_LAG,412,False,80,5941.71,5941.71,9,1,0,0.3686540901353496585975403722
SECTOR_SHOCK_LAG,413,False,91,6085.35,6085.35,12,1,0,0.3533913919402242864337946995
SECTOR_SHOCK_LAG,414,False,81,8720.94,8720.94,9,1,0,0.1525717285186342201509268763
SECTOR_SHOCK_LAG,415,False,96,7721.10,7721.10,9,1,0,0.2584946839822423968089017530
SECTOR_SHOCK_LAG,416,False,96,5810.55,5810.55,9,1,0,0.3825907059476069950845696289
SECTOR_SHOCK_LAG,417,False,90,7746.93,7746.93,5,0,0,0.1768375485327025941486614856
SECTOR_SHOCK_LAG,418,False,89,5797.30,5797.30,8,0,0,0.3839986059133923695009552468
SECTOR_SHOCK_LAG,419,False,90,6108.64,6108.64,8,0,0,0.3509166756984777679313327340
SECTOR_SHOCK_LAG,420,False,97,4976.40,4976.40,9,0,0,0.4712246498313707739093291171
SECTOR_SHOCK_LAG,421,False,93,7445.32,7445.32,8,1,0,0.2088856020180253698261004465
SECTOR_SHOCK_LAG,422,False,97,5750.11,5750.11,8,1,0,0.3890128549236121294035391949
SECTOR_SHOCK_LAG,423,False,101,6035.33,6035.33,8,0,0,0.3587063471318155640419161040
SECTOR_SHOCK_LAG,424,False,95,7677.81,7677.81,8,1,0,0.1974183896174549843909052850
SECTOR_SHOCK_LAG,425,False,78,8631.40,8631.40,9,1,0,0.1471143894814465348659785489
SECTOR_SHOCK_LAG,426,False,96,6599.80,6599.80,10,1,0,0.2987276834573347869236376310
SECTOR_SHOCK_LAG,427,False,106,6566.63,6566.63,10,1,0,0.3022522149188518336701667591
SECTOR_SHOCK_LAG,428,False,98,7145.22,7145.22,7,1,0,0.2407732080355492084945777256
SECTOR_SHOCK_LAG,429,False,103,7836.33,7836.33,8,1,0,0.2081173667914119164653104074
SECTOR_SHOCK_LAG,430,False,95,7931.73,7931.73,9,1,0,0.2238085172593988714895515903
SECTOR_SHOCK_LAG,431,False,91,6416.56,6416.56,11,1,0,0.3181981430596375799846565468
SECTOR_SHOCK_LAG,432,False,100,6892.21,6892.21,11,1,0,0.2676571907029724221617267973
SECTOR_SHOCK_LAG,433,False,106,7159.06,7159.06,7,1,0,0.2393026166750609381607832387
SECTOR_SHOCK_LAG,434,False,90,5948.27,5948.27,10,1,0,0.3679570468315344090751637946
SECTOR_SHOCK_LAG,435,False,103,6664.25,6664.25,9,1,0,0.2918794455105523430643128704
SECTOR_SHOCK_LAG,436,False,87,7135.31,7135.31,6,0,0,0.2418262109533554772090216105
SECTOR_SHOCK_LAG,437,False,99,6142.93,6142.93,9,0,0,0.3472731368436264102907393122
SECTOR_SHOCK_LAG,438,False,80,7782.70,7782.70,5,0,0,0.1730367499080880399694831041
SECTOR_SHOCK_LAG,439,False,86,7234.32,7234.32,5,1,0,0.2313057448694000114757129287
SECTOR_SHOCK_LAG,440,False,106,7478.59,7478.59,7,1,0,0.2332088005967370722906160545
SECTOR_SHOCK_LAG,441,False,95,6275.69,6275.69,8,0,0,0.3331665104694629153836182073
SECTOR_SHOCK_LAG,442,False,101,8173.43,8173.43,8,1,0,0.2410345992744799270654689423
SECTOR_SHOCK_LAG,443,False,87,7168.83,7168.83,12,2,0,0.2751419056908910466062704145
SECTOR_SHOCK_LAG,444,False,98,6267.36,6267.36,8,0,0,0.3340516279573868526582213920
SECTOR_SHOCK_LAG,445,False,85,5968.55,5968.55,8,0,0,0.3658021629593738511004996185
SECTOR_SHOCK_LAG,446,False,89,6406.94,6406.94,7,1,0,0.3192203315630983574854587841
SECTOR_SHOCK_LAG,447,False,91,6714.86,6714.86,10,2,0,0.2865017989242581695387825969
SECTOR_SHOCK_LAG,448,False,99,7618.07,7618.07,8,1,0,0.1910089914335928119534426076
SECTOR_SHOCK_LAG,449,False,76,6638.45,6638.45,10,1,0,0.2946208658212891475882939228
SECTOR_SHOCK_LAG,450,False,99,6313.13,6313.13,9,0,0,0.3291882633208588083534689593
SECTOR_SHOCK_LAG,451,False,92,6456.52,6456.52,8,0,0,0.3139521292760312734428626378
SECTOR_SHOCK_LAG,452,False,83,6772.07,6772.07,8,1,0,0.2804228587701010925303734495
SECTOR_SHOCK_LAG,453,False,102,5808.68,5808.68,8,0,0,0.3827894057918348177380519765
SECTOR_SHOCK_LAG,454,False,94,5722.75,5722.75,9,0,0,0.3919200355322074383871097992
SECTOR_SHOCK_LAG,455,False,81,6506.05,6506.05,12,1,0,0.3086892398190237568508943618
SECTOR_SHOCK_LAG,456,False,97,6156.86,6156.86,13,2,0,0.3457929823890309185458146587
SECTOR_SHOCK_LAG,457,False,96,6899.50,6899.50,8,1,0,0.2668825800802874878601833139
SECTOR_SHOCK_LAG,458,False,106,5915.38,5915.38,13,2,0,0.3714518264447178780981768492
SECTOR_SHOCK_LAG,459,False,84,6700.53,6700.53,9,0,0,0.2880244560193302008887302124
SECTOR_SHOCK_LAG,460,False,94,6913.86,6913.86,8,1,0,0.2653567352871797160398589762
SECTOR_SHOCK_LAG,461,False,98,5005.97,5005.97,12,1,0,0.4680826421341425836080066474
SECTOR_SHOCK_LAG,462,False,108,9582.62,9582.62,6,2,0,0.0948095775450049834345958743
SECTOR_SHOCK_LAG,463,False,101,6809.34,6809.34,7,1,0,0.2764626752436995148323589603
SECTOR_SHOCK_LAG,464,False,108,6798.99,6798.99,12,2,0,0.2775624310660299771123281034
SECTOR_SHOCK_LAG,465,False,97,8035.70,8035.70,7,1,0,0.1877075988345775981332840303
SECTOR_SHOCK_LAG,466,False,97,6305.45,6305.45,9,0,0,0.3300043140180083687699098306
SECTOR_SHOCK_LAG,467,False,101,6457.02,6457.02,8,1,0,0.3138990009754355989365839353
SECTOR_SHOCK_LAG,468,False,95,9328.96,9328.96,6,2,0,0.1186564294709554054679624712
SECTOR_SHOCK_LAG,469,False,95,6757.46,6757.46,10,1,0,0.2819752677135067016038371384
SECTOR_SHOCK_LAG,470,False,93,6231.96,6231.96,9,2,0,0.3378131116395606077027535336
SECTOR_SHOCK_LAG,471,False,98,6686.45,6686.45,7,0,0,0.2895205489641043949855384766
SECTOR_SHOCK_LAG,472,False,104,7888.20,7888.20,6,1,0,0.2332088005967370722906160545
SECTOR_SHOCK_LAG,473,False,85,5642.27,5642.27,9,0,0,0.4004715667960872069177297640
SECTOR_SHOCK_LAG,474,False,91,5840.38,5840.38,8,0,0,0.3794210715340690540399822339
SECTOR_SHOCK_LAG,475,False,83,6234.80,6234.80,11,2,0,0.3375113428921771765070905030
SECTOR_SHOCK_LAG,476,False,86,8753.37,8753.37,8,2,0,0.1392238886987715799535064843
SECTOR_SHOCK_LAG,477,False,90,6317.04,6317.04,7,1,0,0.3353426456618617431607938643
SECTOR_SHOCK_LAG,478,False,94,5968.68,5968.68,11,1,0,0.3657883496012189757288671559
SECTOR_SHOCK_LAG,479,False,95,6461.46,6461.46,8,0,0,0.3134272216661460093208290565
SECTOR_SHOCK_LAG,480,False,109,8525.11,8525.11,6,1,0,0.1873697028427891082733514820
SECTOR_SHOCK_LAG,481,False,98,6716.16,6716.16,9,1,0,0.2863636653427094158224579702
SECTOR_SHOCK_LAG,482,False,97,5890.75,5890.75,9,1,0,0.3740689265320608042774657376
SECTOR_SHOCK_LAG,483,False,93,6824.53,6824.53,11,1,0,0.2748486374716029233316119764
SECTOR_SHOCK_LAG,484,False,87,5733.29,5733.29,14,2,0,0.3908000909556506197947547491
SECTOR_SHOCK_LAG,485,False,87,7738.57,7738.57,10,1,0,0.2403418062347123315035946608
SECTOR_SHOCK_LAG,486,False,103,6237.84,6237.84,8,0,0,0.3371883228245554755089159914
SECTOR_SHOCK_LAG,487,False,94,5936.52,5936.52,9,0,0,0.3692055618955327599727133048
SECTOR_SHOCK_LAG,488,False,109,6598.86,6598.86,9,1,0,0.2988275646624546549954415918
SECTOR_SHOCK_LAG,489,False,98,7527.21,7527.21,10,2,0,0.2199904794085332551284748565
SECTOR_SHOCK_LAG,490,False,96,6186.90,6186.90,11,2,0,0.3426010340892427942085902087
SECTOR_SHOCK_LAG,491,False,102,5765.07,5765.07,10,1,0,0.3874232561697895481756804141
SECTOR_SHOCK_LAG,492,False,101,7747.65,7747.65,7,1,0,0.2183148128077456812004445776
SECTOR_SHOCK_LAG,493,False,103,6872.55,6872.55,8,1,0,0.2697461954823943437486053821
SECTOR_SHOCK_LAG,494,False,88,8704.33,8704.33,7,1,0,0.1668866178311327591226604953
SECTOR_SHOCK_LAG,495,False,97,8741.87,8741.87,7,1,0,0.1420833885364070404773471120
SECTOR_SHOCK_LAG,496,False,110,6275.05,6275.05,10,2,0,0.3332345146942253787516549466
SECTOR_SHOCK_LAG,497,False,107,7184.38,7184.38,5,0,0,0.2366121995328959811628297408
SECTOR_SHOCK_LAG,498,False,101,6068.42,6068.42,12,2,0,0.3551903161983938252163915683
SECTOR_SHOCK_LAG,499,False,96,5924.02,5924.02,8,0,0,0.3705337694104246226296808689
SECTOR_SHOCK_LAG,500,False,79,7676.15,7676.15,11,1,0,0.2312095193550939386321685858
SECTOR_SHOCK_LAG,501,False,98,5235.94,5235.94,13,1,0,0.4436468115581680511901801899
SECTOR_SHOCK_LAG,502,False,98,7390.73,7390.73,5,0,0,0.2146861498770611124216091925
SECTOR_SHOCK_LAG,503,False,93,4996.40,4996.40,9,0,0,0.4690995178075437936581810145
SECTOR_SHOCK_LAG,504,False,95,7454.47,7454.47,7,1,0,0.2079133541171245263612001896
SECTOR_SHOCK_LAG,505,False,89,6634.98,6634.98,8,1,0,0.2949895762274231286618681186
SECTOR_SHOCK_LAG,506,False,98,7664.94,7664.94,8,1,0,0.1855495272643812996882431321
SECTOR_SHOCK_LAG,507,False,95,5878.71,5878.71,8,1,0,0.3753482560104046463886568953
SECTOR_SHOCK_LAG,508,False,101,5914.21,5914.21,11,0,0,0.3715761466681117564428690132
SECTOR_SHOCK_LAG,509,False,91,6404.38,6404.38,7,0,0,0.3194923484621482109576057413
SECTOR_SHOCK_LAG,510,False,109,5934.23,5934.23,9,1,0,0.3694488895122609492114697626
SECTOR_SHOCK_LAG,511,False,111,6699.28,6699.28,8,1,0,0.2881572767708193871544269688
SECTOR_SHOCK_LAG,512,False,91,9215.95,9215.95,7,1,0,0.1479134391224054794404102355
SECTOR_SHOCK_LAG,513,False,95,6959.77,6959.77,7,0,0,0.2604784947264848828733485068
SECTOR_SHOCK_LAG,514,False,99,6429.51,6429.51,6,0,0,0.3168221200742096102720381504
SECTOR_SHOCK_LAG,515,False,104,6133.05,6133.05,8,0,0,0.3483229520633969385348064749
SECTOR_SHOCK_LAG,516,False,92,6441.98,6441.98,7,0,0,0.3154971002573534880854473084
SECTOR_SHOCK_LAG,517,False,90,6406.64,6406.64,10,1,0,0.3192522085434557621892260057
SECTOR_SHOCK_LAG,518,False,93,7989.55,7989.55,9,1,0,0.1813651423094659755737325181
SECTOR_SHOCK_LAG,519,False,93,5659.78,5659.78,13,2,0,0.3986110137092266857078496002
SECTOR_SHOCK_LAG,520,False,96,8236.83,8236.83,7,1,0,0.2066988475370269421688185858
SECTOR_SHOCK_LAG,521,False,87,5643.69,5643.69,10,0,0,0.4003206824223954913198982487
SECTOR_SHOCK_LAG,522,False,97,7229.93,7229.93,9,2,0,0.2317722113486300336408399372
SECTOR_SHOCK_LAG,523,False,84,6476.61,6476.61,8,1,0,0.3118174341580970717805843688
SECTOR_SHOCK_LAG,524,False,97,5111.56,5111.56,10,0,0,0.4568630076143480413720702399
SECTOR_SHOCK_LAG,525,False,97,7209.74,7209.74,7,1,0,0.2339175321266833702043739467
SECTOR_SHOCK_LAG,526,False,92,9015.03,9015.03,6,1,0,0.1488654982690799665929245854
SECTOR_SHOCK_LAG,527,False,93,6294.83,6294.83,7,1,0,0.3377026047743216047296938322
SECTOR_SHOCK_LAG,528,False,90,9387.25,9387.25,6,1,0,0.1116002456652619543989170327
SECTOR_SHOCK_LAG,529,False,96,6340.78,6340.78,12,1,0,0.3262502682979180081562567074
SECTOR_SHOCK_LAG,530,False,101,6824.47,6824.47,9,1,0,0.2880913976780807507666413776
SECTOR_SHOCK_LAG,531,False,99,8044.02,8044.02,8,1,0,0.2377140804872502704230500320
SECTOR_SHOCK_LAG,532,False,90,5502.93,5502.93,11,1,0,0.4152773616060897783274785946
SECTOR_SHOCK_LAG,533,False,97,7720.14,7720.14,10,1,0,0.2069315431221164614851697662
SECTOR_SHOCK_LAG,534,False,100,5528.42,5528.42,9,0,0,0.4125688808417222919973903379
SECTOR_SHOCK_LAG,535,False,106,7603.81,7603.81,7,2,0,0.2424541874663963498732358748
SECTOR_SHOCK_LAG,536,False,83,7313.79,7313.79,5,0,0,0.2228615327727235054477759431
SECTOR_SHOCK_LAG,537,False,94,4916.62,4916.62,12,0,0,0.4775766694505896178800107957
SECTOR_SHOCK_LAG,538,False,93,6497.53,6497.53,7,0,0,0.3095945460611740504378834535
SECTOR_SHOCK_LAG,539,False,98,5934.23,5934.23,9,1,0,0.3694488895122609492114697626
SECTOR_SHOCK_LAG,540,False,101,5322.29,5322.29,8,0,0,0.4344715540452950639558482571
SECTOR_SHOCK_LAG,541,False,100,6335.66,6335.66,8,1,0,0.3267943020960177151005506217
SECTOR_SHOCK_LAG,542,False,91,5581.85,5581.85,10,0,0,0.4068915906400685142564481818
SECTOR_SHOCK_LAG,543,False,99,6698.58,6698.58,9,1,0,0.2882316563916533314632171524
SECTOR_SHOCK_LAG,544,False,102,9312.16,9312.16,5,1,0,0.1158536974109516553715899600
SECTOR_SHOCK_LAG,545,False,93,5637.06,5637.06,10,1,0,0.4010251636882941352731538447
SECTOR_SHOCK_LAG,546,False,77,6302.02,6302.02,8,0,0,0.3303687741600946958829817302
SECTOR_SHOCK_LAG,547,False,87,8786.09,8786.09,6,1,0,0.2034782035833976185770540995
SECTOR_SHOCK_LAG,548,False,86,7337.25,7337.25,8,1,0,0.2203687529087744576131792188
SECTOR_SHOCK_LAG,549,False,101,7175.14,7175.14,8,1,0,0.2375940105279040460388601642
SECTOR_SHOCK_LAG,550,False,96,5198.39,5198.39,10,0,0,0.4476367469329032066117107525
SECTOR_SHOCK_LAG,551,False,92,6109.58,6109.58,9,1,0,0.3508167944933578998595287732
SECTOR_SHOCK_LAG,552,False,103,6162.34,6162.34,12,2,0,0.3452106962145023259570000786
SECTOR_SHOCK_LAG,553,False,95,8297.85,8297.85,9,1,0,0.1706164216519204704922817356
SECTOR_SHOCK_LAG,554,False,113,6465.70,6465.70,8,1,0,0.3129766936770946895075856588
SECTOR_SHOCK_LAG,555,False,118,7134.04,7134.04,9,2,0,0.2625419979216208806972133144
SECTOR_SHOCK_LAG,556,False,79,7075.46,7075.46,10,1,0,0.2639520230194300820938500804
SECTOR_SHOCK_LAG,557,False,90,7699.07,7699.07,10,1,0,0.2751419056908910466062704145
SECTOR_SHOCK_LAG,558,False,92,7325.34,7325.34,7,1,0,0.2282041146806245337991622730
SECTOR_SHOCK_LAG,559,False,91,8198.01,8198.01,8,1,0,0.1690213129490669607849387643
SECTOR_SHOCK_LAG,560,False,113,5716.68,5716.68,7,0,0,0.3925650131014389268933332483
SECTOR_SHOCK_LAG,561,False,100,6860.23,6860.23,8,1,0,0.2710552768090717635833126133
SECTOR_SHOCK_LAG,562,False,104,5519.31,5519.31,8,0,0,0.4135368784785754815017882986
SECTOR_SHOCK_LAG,563,False,114,7186.60,7186.60,4,1,0,0.2429461555299122958013766605
SECTOR_SHOCK_LAG,564,False,83,5314.82,5314.82,8,0,0,0.4352652908561944410796520734
SECTOR_SHOCK_LAG,565,False,100,7244.86,7244.86,10,1,0,0.2441967957259344736791773189
SECTOR_SHOCK_LAG,566,False,91,6112.16,6112.16,12,2,0,0.3505426524622842194071306680
SECTOR_SHOCK_LAG,567,False,85,8108.14,8108.14,9,1,0,0.1989927319823402088233754148
SECTOR_SHOCK_LAG,568,False,113,6744.65,6744.65,8,0,0,0.2833364147747678824546974981
SECTOR_SHOCK_LAG,569,False,83,6676.24,6676.24,8,0,0,0.2906054288622680684037495829
SECTOR_SHOCK_LAG,570,False,100,7352.93,7352.93,7,1,0,0.2625419979216208806972133144
SECTOR_SHOCK_LAG,571,False,96,7486.12,7486.12,6,0,0,0.2045503326894183301137583172
SECTOR_SHOCK_LAG,572,False,93,8870.36,8870.36,9,1,0,0.1492660856555713523702660028
SECTOR_SHOCK_LAG,573,False,91,7496.06,7496.06,9,1,0,0.2034941420735763209289377103
SECTOR_SHOCK_LAG,574,False,105,6572.33,6572.33,11,1,0,0.3016465522920611442985895499
SECTOR_SHOCK_LAG,575,False,100,5734.93,5734.93,8,0,0,0.3906258301296968074141606047
SECTOR_SHOCK_LAG,576,False,90,8272.30,8272.30,9,1,0,0.2105070777522053557577264488
SECTOR_SHOCK_LAG,577,False,98,7131.01,7131.01,4,0,0,0.2422831143384782779630184525
SECTOR_SHOCK_LAG,578,False,94,9612.97,9612.97,5,1,0,0.1151587792391602328294645305
SECTOR_SHOCK_LAG,579,False,95,6191.55,6191.55,13,2,0,0.3421069408937030213001982748
SECTOR_SHOCK_LAG,580,False,99,5802.36,5802.36,8,0,0,0.3834609475113641434974147769
SECTOR_SHOCK_LAG,581,False,95,6929.00,6929.00,6,0,0,0.2637480103451426919897398626
SECTOR_SHOCK_LAG,582,False,96,6419.06,6419.06,9,1,0,0.3179325015566592074532630340
SECTOR_SHOCK_LAG,583,False,92,8669.72,8669.72,6,2,0,0.1771867419338918900450616323
SECTOR_SHOCK_LAG,584,False,95,5498.00,5498.00,10,0,0,0.4158012066499631289593866019
SECTOR_SHOCK_LAG,585,False,94,5875.57,5875.57,8,0,0,0.3756819017381454822880871474
SECTOR_SHOCK_LAG,586,False,95,7338.94,7338.94,9,1,0,0.2206683965241340618285911012
SECTOR_SHOCK_LAG,587,False,114,5693.39,5693.39,10,1,0,0.3950397293431854453957952138
SECTOR_SHOCK_LAG,588,False,90,5529.27,5529.27,9,0,0,0.4124785627307096453367165435
SECTOR_SHOCK_LAG,589,False,91,4753.25,4753.25,10,0,0,0.4949358103872203060615140716
SECTOR_SHOCK_LAG,590,False,89,7785.57,7785.57,7,1,0,0.2318582791955950263410114353
SECTOR_SHOCK_LAG,591,False,90,6880.50,6880.50,13,2,0,0.2689014555029231190987740113
SECTOR_SHOCK_LAG,592,False,99,5308.33,5308.33,10,0,0,0.4359548961979262961711496327
SECTOR_SHOCK_LAG,593,False,102,6149.12,6149.12,12,1,0,0.3466154084822519599030089744
SECTOR_SHOCK_LAG,594,False,93,7388.60,7388.60,9,2,0,0.2793326660418778516615344728
SECTOR_SHOCK_LAG,595,False,99,9473.34,9473.34,5,1,0,0.1299953884635082954528550086
SECTOR_SHOCK_LAG,596,False,92,6396.53,6396.53,7,0,0,0.3203264627815003007061813715
SECTOR_SHOCK_LAG,597,False,99,6690.97,6690.97,7,0,0,0.2890402691267194974487790054
SECTOR_SHOCK_LAG,598,False,105,8042.88,8042.88,8,1,0,0.2348844671975246462186463334
SECTOR_SHOCK_LAG,599,False,95,5692.66,5692.66,9,0,0,0.3951172966620551301749621195
SECTOR_SHOCK_LAG,600,False,100,8042.03,8042.03,7,1,0,0.1985867196289715500343304955
SECTOR_SHOCK_LAG,601,False,95,5857.93,5857.93,7,0,0,0.3775562681831608788695997739
SECTOR_SHOCK_LAG,602,False,88,7882.53,7882.53,7,1,0,0.2032083118163715920851582905
SECTOR_SHOCK_LAG,603,False,104,6140.16,6140.16,11,2,0,0.3475674676289264470555233244
SECTOR_SHOCK_LAG,604,False,89,6127.18,6127.18,12,1,0,0.3489466783123901572385184430
SECTOR_SHOCK_LAG,605,False,97,6526.89,6526.89,9,1,0,0.3064748522501960434291980389
SECTOR_SHOCK_LAG,606,False,92,7237.72,7237.72,9,1,0,0.2309444724253494248330177512
SECTOR_SHOCK_LAG,607,False,87,6696.97,6696.97,10,1,0,0.2884027295195714033734345746
SECTOR_SHOCK_LAG,608,False,91,8235.49,8235.49,8,1,0,0.1864117608123741038466060027
SECTOR_SHOCK_LAG,609,False,98,6637.72,6637.72,8,1,0,0.2946984331401588323674608285
SECTOR_SHOCK_LAG,610,False,93,8758.75,8758.75,8,1,0,0.1471143894814465348659785489
SECTOR_SHOCK_LAG,611,False,94,6497.99,6497.99,7,0,0,0.3095456680246260298921070472
SECTOR_SHOCK_LAG,612,False,97,7445.93,7445.93,5,0,0,0.2088207854912986469284404294
SECTOR_SHOCK_LAG,613,False,88,5162.73,5162.73,11,0,0,0.4514258573313867123995078194
SECTOR_SHOCK_LAG,614,False,95,5358.58,5358.58,8,0,0,0.4306155019880610082901400249
SECTOR_SHOCK_LAG,615,False,100,5892.77,5892.77,7,0,0,0.3738542881976542792720997792
SECTOR_SHOCK_LAG,616,False,97,8520.59,8520.59,9,1,0,0.1669006744508476100895813086
SECTOR_SHOCK_LAG,617,False,94,9191.35,9191.35,7,1,0,0.1151587792391602328294645305
SECTOR_SHOCK_LAG,618,False,96,5821.15,5821.15,9,1,0,0.3814643859749786955514611345
SECTOR_SHOCK_LAG,619,False,103,7787.57,7787.57,9,1,0,0.2209382882911600883204869102
SECTOR_SHOCK_LAG,620,False,105,6660.50,6660.50,10,1,0,0.2922779077650199018614031397
SECTOR_SHOCK_LAG,621,False,85,5604.54,5604.54,9,0,0,0.4044806283590368051615206595
SECTOR_SHOCK_LAG,622,False,106,5467.59,5467.59,10,1,0,0.4190324698921920524312572919
SECTOR_SHOCK_LAG,623,False,101,8777.44,8777.44,7,1,0,0.1974647851266418826128219992
SECTOR_SHOCK_LAG,624,False,89,6746.54,6746.54,7,1,0,0.2831355897985162328209640024
SECTOR_SHOCK_LAG,625,False,92,9770.15,9770.15,7,2,0,0.0937663331591129694616590756
SECTOR_SHOCK_LAG,626,False,92,7362.97,7362.97,3,0,0,0.2176358331261329610102027588
SECTOR_SHOCK_LAG,627,False,94,6347.41,6347.41,10,1,0,0.3255457870320193642030011114
SECTOR_SHOCK_LAG,628,False,97,5823.22,5823.22,11,2,0,0.3812444348105126030954673059
SECTOR_SHOCK_LAG,629,False,115,7940.39,7940.39,6,1,0,0.2793284157778301977010321766
SECTOR_SHOCK_LAG,630,False,92,8928.82,8928.82,7,1,0,0.1290433293168338083003406587
SECTOR_SHOCK_LAG,631,False,109,6468.18,6468.18,6,1,0,0.3127131773061401439564432940
SECTOR_SHOCK_LAG,632,False,108,8040.55,8040.55,6,1,0,0.1864176436961146211208371320
SECTOR_SHOCK_LAG,633,False,107,6946.16,6946.16,6,0,0,0.2619246470686991429342547906
SECTOR_SHOCK_LAG,634,False,101,6556.38,6556.38,6,0,0,0.3033413450810631610488801617
SECTOR_SHOCK_LAG,635,False,100,5598.18,5598.18,10,0,0,0.4051564203426137848813857561
SECTOR_SHOCK_LAG,636,False,83,6595.37,6595.37,6,0,0,0.2991984002006124630492669357
SECTOR_SHOCK_LAG,637,False,101,6426.34,6426.34,7,0,0,0.3171589534999861866418451246
SECTOR_SHOCK_LAG,638,False,97,4976.42,4976.42,10,0,0,0.4712225246993469469290779690
SECTOR_SHOCK_LAG,639,False,103,8008.91,8008.91,7,1,0,0.1905542131804938381796969137
SECTOR_SHOCK_LAG,640,False,109,5902.77,5902.77,7,0,0,0.3727917221857407891465257279
SECTOR_SHOCK_LAG,641,False,98,5604.40,5604.40,10,0,0,0.4044955042832035940232786962
SECTOR_SHOCK_LAG,642,False,105,6026.12,6026.12,7,0,0,0.3596849704287878884475698053
SECTOR_SHOCK_LAG,643,False,93,6073.48,6073.48,10,0,0,0.3546526577963655992128510984
SECTOR_SHOCK_LAG,644,False,104,5570.08,5570.08,8,0,0,0.4081422308360906921342488402
SECTOR_SHOCK_LAG,645,False,101,6998.45,6998.45,8,1,0,0.2563684893924035030676280764
SECTOR_SHOCK_LAG,646,False,93,5458.52,5458.52,10,1,0,0.4199962172649975879751529564
SECTOR_SHOCK_LAG,647,False,85,7013.81,7013.81,10,1,0,0.2547363879981043822347463336
SECTOR_SHOCK_LAG,648,False,97,5873.05,5873.05,9,1,0,0.3759496683731476817997318083
SECTOR_SHOCK_LAG,649,False,98,5751.38,5751.38,7,0,0,0.3888779090400991161575912904
SECTOR_SHOCK_LAG,650,False,96,8614.45,8614.45,8,1,0,0.1549564502569626126510556607
SECTOR_SHOCK_LAG,651,False,102,7821.37,7821.37,8,1,0,0.1821641919504249201481642047
SECTOR_SHOCK_LAG,652,False,108,7473.18,7473.18,6,0,0,0.2059252931088343863362511396
SECTOR_SHOCK_LAG,653,False,82,5872.30,5872.30,10,0,0,0.3760293608240411935591498622
SECTOR_SHOCK_LAG,654,False,79,6337.58,6337.58,10,1,0,0.3265902894217303249964404039
SECTOR_SHOCK_LAG,655,False,94,8242.84,8242.84,7,1,0,0.2173627536610711940479302277
SECTOR_SHOCK_LAG,656,False,82,7742.48,7742.48,9,1,0,0.2280316226184078416436263713
SECTOR_SHOCK_LAG,657,False,91,5978.15,5978.15,7,0,0,0.3647820995879369005799485293
SECTOR_SHOCK_LAG,658,False,86,9001.48,9001.48,6,1,0,0.1488654982690799665929245854
SECTOR_SHOCK_LAG,659,False,97,6567.43,6567.43,9,0,0,0.3021672096378987544601208350
SECTOR_SHOCK_LAG,660,False,104,6671.45,6671.45,10,1,0,0.2911143979819746301738995535
SECTOR_SHOCK_LAG,661,False,108,5800.94,5800.94,6,0,0,0.3836118318850558590952462922
SECTOR_SHOCK_LAG,662,False,73,6114.46,6114.46,8,0,0,0.3502982622795441166782486362
SECTOR_SHOCK_LAG,663,False,93,8661.01,8661.01,8,1,0,0.1665614565190196210510108835
SECTOR_SHOCK_LAG,664,False,82,8364.22,8364.22,8,1,0,0.1951335923772572521713692954
SECTOR_SHOCK_LAG,665,False,103,6755.18,6755.18,11,1,0,0.2992812803495417152790617117
SECTOR_SHOCK_LAG,666,False,90,7407.66,7407.66,8,1,0,0.2128872256188915736390123236
SECTOR_SHOCK_LAG,667,False,98,6013.50,6013.50,10,1,0,0.3610259287358227129860442580
SECTOR_SHOCK_LAG,668,False,99,6927.14,6927.14,4,0,0,0.2639456476233586011530966361
SECTOR_SHOCK_LAG,669,False,91,7151.75,7151.75,7,1,0,0.2584946839822423968089017530
SECTOR_SHOCK_LAG,670,False,85,6890.81,6890.81,6,0,0,0.2678059499446403107793071645
SECTOR_SHOCK_LAG,671,False,101,6955.33,6955.33,6,0,0,0.2609502740357744724891033855
SECTOR_SHOCK_LAG,672,False,97,5718.13,5718.13,7,0,0,0.3924109410297114708251250109
SECTOR_SHOCK_LAG,673,False,85,6828.20,6828.20,13,2,0,0.2784475485539539143869312881
SECTOR_SHOCK_LAG,674,False,105,5458.24,5458.24,8,0,0,0.4200259691133311656986690298
SECTOR_SHOCK_LAG,675,False,93,8780.55,8780.55,6,1,0,0.1462377725216179055123799566
SECTOR_SHOCK_LAG,676,False,91,7332.29,7332.29,9,1,0,0.2208957856506835487154639482
SECTOR_SHOCK_LAG,677,False,96,6566.86,6566.86,6,0,0,0.3022277759005778233972785559
SECTOR_SHOCK_LAG,678,False,99,8729.72,8729.72,7,1,0,0.1479134391224054794404102355
SECTOR_SHOCK_LAG,679,False,94,5592.57,5592.57,9,0,0,0.4057525198752972528418327989
SECTOR_SHOCK_LAG,680,False,89,5500.57,5500.57,9,0,0,0.4155281271849013619971140707
SECTOR_SHOCK_LAG,681,False,90,5819.16,5819.16,8,0,0,0.3816758366113494800864503707
SECTOR_SHOCK_LAG,682,False,79,6626.63,6626.63,8,1,0,0.2958768188473708929167224514
SECTOR_SHOCK_LAG,683,False,102,8589.52,8589.52,8,1,0,0.1553363306310452387414496379
SECTOR_SHOCK_LAG,684,False,101,5952.60,5952.60,9,1,0,0.3674969557483758678507902303
SECTOR_SHOCK_LAG,685,False,89,5720.02,5720.02,9,0,0,0.3922101160534598211913915152
SECTOR_SHOCK_LAG,686,False,86,7266.19,7266.19,3,0,0,0.2279193469894317184455084272
SECTOR_SHOCK_LAG,687,False,91,7561.91,7561.91,6,1,0,0.1964971448851259884520325825
SECTOR_SHOCK_LAG,688,False,100,5594.14,5594.14,8,0,0,0.4055856970114268348921176728
SECTOR_SHOCK_LAG,689,False,100,8151.26,8151.26,5,1,0,0.2263919944422721388520862359
SECTOR_SHOCK_LAG,690,False,100,6962.65,6962.65,6,0,0,0.2601724757150537977171831800
SECTOR_SHOCK_LAG,691,False,100,9073.94,9073.94,6,1,0,0.1326358650031133184149065261
SECTOR_SHOCK_LAG,692,False,92,6641.25,6641.25,8,1,0,0.2943233473379533703531331884
SECTOR_SHOCK_LAG,693,False,106,8362.70,8362.70,7,1,0,0.1873697028427891082733514820
SECTOR_SHOCK_LAG,694,False,99,6004.69,6004.69,12,2,0,0.3619620493923184977866749972
SECTOR_SHOCK_LAG,695,False,103,7334.34,7334.34,10,1,0,0.2206779596182412832397212677
SECTOR_SHOCK_LAG,696,False,95,6321.17,6321.17,8,0,0,0.3283339602472803622925074220
SECTOR_SHOCK_LAG,697,False,93,7279.11,7279.11,8,1,0,0.2673256701072554132425476933
SECTOR_SHOCK_LAG,698,False,88,6929.20,6929.20,11,2,0,0.2637267590249044221872283816
SECTOR_SHOCK_LAG,699,False,106,7560.23,7560.23,8,1,0,0.2457598303294592176538967483
SECTOR_SHOCK_LAG,700,False,93,6631.45,6631.45,10,1,0,0.2953646620296285906761957587
SECTOR_SHOCK_LAG,701,False,83,7727.28,7727.28,7,1,0,0.2067838464464604863577149730
SECTOR_SHOCK_LAG,702,False,81,7314.10,7314.10,6,0,0,0.2228285932263541872538831475
SECTOR_SHOCK_LAG,703,False,98,5905.98,5905.98,7,0,0,0.3724506384959165588162164574
SECTOR_SHOCK_LAG,704,False,91,6994.96,6994.96,9,1,0,0.2584946839822423968089017530
SECTOR_SHOCK_LAG,705,False,86,6946.08,6946.08,10,1,0,0.2619331475967944508552593830
SECTOR_SHOCK_LAG,706,False,81,5922.48,5922.48,10,0,0,0.3706974045762593001090192728
SECTOR_SHOCK_LAG,707,False,112,7494.98,7494.98,4,0,0,0.2036088992028629778624997078
SECTOR_SHOCK_LAG,708,False,109,9117.78,9117.78,7,1,0,0.1402332119882947728127609928
SECTOR_SHOCK_LAG,709,False,103,5615.70,5615.70,10,0,0,0.4032948046897413501813800182
SECTOR_SHOCK_LAG,710,False,96,5207.83,5207.83,11,0,0,0.4466336846176568719331688481
SECTOR_SHOCK_LAG,711,False,95,6893.27,6893.27,6,0,0,0.2675445587057095922084159478
SECTOR_SHOCK_LAG,712,False,91,7143.30,7143.30,10,1,0,0.2409772207098365985986879435
SECTOR_SHOCK_LAG,713,False,88,5781.19,5781.19,9,0,0,0.3857103997585850020932550435
SECTOR_SHOCK_LAG,714,False,103,6258.87,6258.87,7,0,0,0.3349537465015014057748337615
SECTOR_SHOCK_LAG,715,False,88,5891.11,5891.11,9,0,0,0.3740306741556319186329450717
SECTOR_SHOCK_LAG,716,False,96,6427.98,6427.98,9,1,0,0.3169846926740323742612509802
SECTOR_SHOCK_LAG,717,False,95,5734.48,5734.48,9,0,0,0.3906736456002329144698114370
SECTOR_SHOCK_LAG,718,False,86,7223.01,7223.01,10,2,0,0.2325075070288741688077371807
SECTOR_SHOCK_LAG,719,False,86,6172.32,6172.32,14,2,0,0.3441502553346126628116771754
SECTOR_SHOCK_LAG,720,False,87,5661.60,5661.60,11,1,0,0.3984176266950584305049951228
SECTOR_SHOCK_LAG,721,False,100,6871.10,6871.10,9,1,0,0.2699002675541217998168136195
SECTOR_SHOCK_LAG,722,False,78,6704.21,6704.21,10,1,0,0.2876334317269460365225189615
SECTOR_SHOCK_LAG,723,False,97,6883.60,6883.60,8,0,0,0.2685720600392299371598460554
SECTOR_SHOCK_LAG,724,False,91,6124.30,6124.30,12,2,0,0.3492526973238212423946837697
SECTOR_SHOCK_LAG,725,False,95,7216.43,7216.43,10,1,0,0.2332066754647132453103649064
SECTOR_SHOCK_LAG,726,False,92,5976.75,5976.75,10,1,0,0.3649308588296047891975288965
SECTOR_SHOCK_LAG,727,False,105,6258.72,6258.72,8,0,0,0.3349696849916801081267173723
SECTOR_SHOCK_LAG,728,False,96,7097.59,7097.59,5,0,0,0.2458342099502931619626869319
SECTOR_SHOCK_LAG,729,False,89,6315.43,6315.43,8,0,0,0.3289438731381187056245869275
SECTOR_SHOCK_LAG,730,False,91,7202.52,7202.52,10,1,0,0.2351639220586578941216723089
SECTOR_SHOCK_LAG,731,False,88,7863.66,7863.66,9,1,0,0.2171466629234624241030496164
SECTOR_SHOCK_LAG,732,False,85,7054.32,7054.32,6,0,0,0.2504319330838428337360458518
SECTOR_SHOCK_LAG,733,False,111,6788.25,6788.25,12,1,0,0.2787036269628250655071946345
SECTOR_SHOCK_LAG,734,False,84,8918.67,8918.67,6,1,0,0.1730941284727313684362641029
SECTOR_SHOCK_LAG,735,False,85,6461.91,6461.91,10,1,0,0.3133794061956099022651782242
SECTOR_SHOCK_LAG,736,False,113,7623.15,7623.15,5,0,0,0.1899899906281677749230170924
SECTOR_SHOCK_LAG,737,False,92,7225.69,7225.69,10,1,0,0.2782408138069086484963870537
SECTOR_SHOCK_LAG,738,False,83,5732.28,5732.28,10,0,0,0.3909074101228538822974377283
SECTOR_SHOCK_LAG,739,False,96,5867.99,5867.99,10,2,0,0.3764873267751759078032722783
SECTOR_SHOCK_LAG,740,False,102,7374.37,7374.37,11,1,0,0.2164245078725515822670483404
SECTOR_SHOCK_LAG,741,False,105,5740.79,5740.79,8,0,0,0.3900031664467155022005742107
SECTOR_SHOCK_LAG,742,False,84,9653.40,9653.40,8,1,0,0.1489961938885453258783701937
SECTOR_SHOCK_LAG,743,False,91,5877.71,5877.71,9,0,0,0.3754545126115959954012143004
SECTOR_SHOCK_LAG,744,False,99,6167.25,6167.25,8,0,0,0.3446889763026528023053432194
SECTOR_SHOCK_LAG,745,False,88,9455.79,9455.79,6,1,0,0.1498813113764692631529733785
SECTOR_SHOCK_LAG,746,False,82,7454.47,7454.47,7,1,0,0.2079133541171245263612001896
SECTOR_SHOCK_LAG,747,False,91,6361.91,6361.91,11,2,0,0.3240050663147448035209187371
SECTOR_SHOCK_LAG,748,False,87,7114.59,7114.59,4,0,0,0.2440278477300402287492110447
SECTOR_SHOCK_LAG,749,False,92,5126.32,5126.32,10,0,0,0.4552946601807637299467229402
SECTOR_SHOCK_LAG,750,False,93,7384.05,7384.05,7,1,0,0.2153959439730193238254926587
SECTOR_SHOCK_LAG,751,False,98,8556.22,8556.22,6,1,0,0.1840640599797262404926906084
SECTOR_SHOCK_LAG,752,False,103,7287.23,7287.23,9,1,0,0.2256837081003657352213006233
SECTOR_SHOCK_LAG,753,False,89,6892.26,6892.26,9,1,0,0.2676518778729128547110989270
SECTOR_SHOCK_LAG,754,False,114,6957.59,6957.59,6,1,0,0.2607101341170820237207236500
SECTOR_SHOCK_LAG,755,False,98,5719.99,5719.99,9,0,0,0.3922133037514955616617682374
SECTOR_SHOCK_LAG,756,False,88,6730.58,6730.58,10,1,0,0.2848314451535301630613801882
SECTOR_SHOCK_LAG,757,False,95,5227.32,5227.32,10,0,0,0.4445627434604374796784250222
SECTOR_SHOCK_LAG,758,False,86,7259.39,7259.39,9,1,0,0.2286418918775328917308987821
SECTOR_SHOCK_LAG,759,False,94,5938.99,5938.99,10,1,0,0.3689431080905901279116965141
SECTOR_SHOCK_LAG,760,False,98,8652.16,8652.16,8,1,0,0.1438087466183836670853176754
SECTOR_SHOCK_LAG,761,False,97,6758.77,6758.77,5,0,0,0.2818360715659460343973869377
SECTOR_SHOCK_LAG,762,False,87,4958.28,4958.28,12,0,0,0.4731500194449580180168692980
SECTOR_SHOCK_LAG,763,False,116,6233.71,6233.71,8,1,0,0.3376271625874757469307780746
SECTOR_SHOCK_LAG,764,False,94,6700.50,6700.50,11,1,0,0.2880276437173659413591069345
SECTOR_SHOCK_LAG,765,False,95,5960.38,5960.38,5,0,0,0.3666702793911071725330936184
SECTOR_SHOCK_LAG,766,False,98,6595.04,6595.04,10,1,0,0.2992334648790056082234108794
SECTOR_SHOCK_LAG,767,False,97,6082.54,6082.54,8,0,0,0.3536899729895719771590810079
SECTOR_SHOCK_LAG,768,False,110,6004.90,6004.90,7,0,0,0.3619397355060683144940379421
SECTOR_SHOCK_LAG,769,False,84,5682.51,5682.51,8,0,0,0.3961958011641473226524197816
SECTOR_SHOCK_LAG,770,False,95,6600.62,6600.62,12,1,0,0.2986405530443578807333405588
SECTOR_SHOCK_LAG,771,False,96,7191.48,7191.48,9,1,0,0.2358577776644374031736721644
SECTOR_SHOCK_LAG,772,False,93,5707.74,5707.74,11,1,0,0.3935149471160895870655964502
SECTOR_SHOCK_LAG,773,False,95,7371.15,7371.15,8,1,0,0.2167666541283877260874831849
SECTOR_SHOCK_LAG,774,False,87,7249.71,7249.71,10,1,0,0.2406212610958455794066206363
SECTOR_SHOCK_LAG,775,False,100,7380.39,7380.39,7,1,0,0.2206683965241340618285911012
SECTOR_SHOCK_LAG,776,False,98,6687.55,6687.55,9,1,0,0.2894036667027939110717253309
SECTOR_SHOCK_LAG,777,False,90,5921.59,5921.59,11,0,0,0.3707919729513196007301953634
SECTOR_SHOCK_LAG,778,False,95,6272.92,6272.92,8,0,0,0.3334608412547629521484022195
SECTOR_SHOCK_LAG,779,False,93,6497.07,6497.07,8,0,0,0.3096434240977220709836598599
SECTOR_SHOCK_LAG,780,False,88,6798.03,6798.03,7,0,0,0.2776644374031736721643832123
SECTOR_SHOCK_LAG,781,False,88,6570.77,6570.77,10,2,0,0.3018123125899196487581791019
SECTOR_SHOCK_LAG,782,False,103,7650.77,7650.77,8,1,0,0.2173627536610711940479302277
SECTOR_SHOCK_LAG,783,False,99,5365.47,5365.47,9,0,0,0.4298833940058526135936195036
SECTOR_SHOCK_LAG,784,False,95,5533.63,5533.63,10,1,0,0.4120152839495153636419662572
SECTOR_SHOCK_LAG,785,False,103,8096.35,8096.35,6,1,0,0.1804885253496373462201339258
SECTOR_SHOCK_LAG,786,False,104,6031.79,6031.79,7,0,0,0.3590824955000329395463693182
SECTOR_SHOCK_LAG,787,False,97,6294.10,6294.10,8,1,0,0.3312103264415301800624363789
SECTOR_SHOCK_LAG,788,False,96,9838.58,9838.58,6,1,0,0.1115832446090713385569078479
SECTOR_SHOCK_LAG,789,False,82,6010.76,6010.76,8,0,0,0.3613170718230870092804515481
SECTOR_SHOCK_LAG,790,False,82,5921.53,5921.53,12,1,0,0.3707983483473910816709488077
SECTOR_SHOCK_LAG,791,False,105,8207.59,8207.59,7,1,0,0.1857397265805138144207208873
SECTOR_SHOCK_LAG,792,False,96,7770.19,7770.19,7,1,0,0.2359064072155418933323893026
SECTOR_SHOCK_LAG,793,False,96,7916.99,7916.99,8,1,0,0.1730941284727313684362641029
SECTOR_SHOCK_LAG,794,False,104,6408.17,6408.17,9,0,0,0.3190896359436329982000131758
SECTOR_SHOCK_LAG,795,False,85,6684.77,6684.77,10,1,0,0.2896990600541058613266349172
SECTOR_SHOCK_LAG,796,False,92,7261.29,7261.29,10,1,0,0.2464919383116676123504172697
SECTOR_SHOCK_LAG,797,False,96,6612.14,6612.14,11,2,0,0.2974164769986335401086792517
SECTOR_SHOCK_LAG,798,False,99,7366.27,7366.27,11,2,0,0.2235596386425506684602780948
SECTOR_SHOCK_LAG,799,False,114,7876.33,7876.33,7,1,0,0.2209382882911600883204869102
SECTOR_SHOCK_LAG,800,False,80,10097.79,10097.79,5,1,0,0.1115832446090713385569078479
SECTOR_SHOCK_LAG,801,False,88,5535.41,5535.41,12,0,0,0.4118261471993947623996140760
SECTOR_SHOCK_LAG,802,False,92,5373.69,5373.69,12,1,0,0.4290099647440597247103976335
SECTOR_SHOCK_LAG,803,False,86,7294.78,7294.78,9,1,0,0.2551890411191795290282408795
SECTOR_SHOCK_LAG,804,False,94,7359.83,7359.83,10,2,0,0.2242439311542229561011477838
SECTOR_SHOCK_LAG,805,False,90,7318.45,7318.45,6,0,0,0.2223663770111718190492584352
SECTOR_SHOCK_LAG,806,False,93,8362.50,8362.50,7,1,0,0.2032083118163715920851582905
SECTOR_SHOCK_LAG,807,False,93,6666.65,6666.65,10,1,0,0.2916244296676931054341750981
SECTOR_SHOCK_LAG,808,False,94,7680.03,7680.03,10,1,0,0.1839461151524038430887518887
SECTOR_SHOCK_LAG,809,False,103,7777.53,7777.53,4,0,0,0.1735860965362473143644048887
SECTOR_SHOCK_LAG,810,False,102,7832.09,7832.09,8,1,0,0.2438907129569113406401175470
SECTOR_SHOCK_LAG,811,False,107,5558.89,5558.89,10,0,0,0.4093312422034218875847662036
SECTOR_SHOCK_LAG,812,False,94,7112.61,7112.61,9,1,0,0.2551890411191795290282408795
SECTOR_SHOCK_LAG,813,False,88,7285.71,7285.71,9,1,0,0.2696845666537033613213220871
SECTOR_SHOCK_LAG,814,False,95,8669.92,8669.92,6,1,0,0.1488654982690799665929245854
SECTOR_SHOCK_LAG,815,False,109,6150.74,6150.74,7,0,0,0.3464432727883219745026659781
SECTOR_SHOCK_LAG,816,False,88,5832.47,5832.47,13,1,0,0.3802615612494926247293113085
SECTOR_SHOCK_LAG,817,False,94,6796.98,6796.98,11,2,0,0.2777760068344245886275684877
SECTOR_SHOCK_LAG,818,False,100,8513.17,8513.17,7,1,0,0.1824997167182335509321410532
SECTOR_SHOCK_LAG,819,False,84,5709.84,5709.84,12,1,0,0.3932918082535877541392258994
SECTOR_SHOCK_LAG,820,False,95,6339.75,6339.75,10,1,0,0.3263597125971450976391908347
SECTOR_SHOCK_LAG,821,False,98,7651.75,7651.75,7,1,0,0.1869510518340951931638753058
SECTOR_SHOCK_LAG,822,False,99,5905.72,5905.72,12,2,0,0.3724782652122263095594813828
SECTOR_SHOCK_LAG,823,False,109,6607.88,6607.88,10,1,0,0.2978691301197086869021737975
SECTOR_SHOCK_LAG,824,False,102,6976.30,6976.30,6,0,0,0.2587220731087918836957746000
SECTOR_SHOCK_LAG,825,False,107,10279.18,10279.18,6,2,0,0.1299953884635082954528550086
SECTOR_SHOCK_LAG,826,False,107,6320.95,6320.95,8,0,0,0.3283573366995424590752700512
SECTOR_SHOCK_LAG,827,False,91,5945.14,5945.14,8,1,0,0.3682896299932633314844684726
SECTOR_SHOCK_LAG,828,False,99,7671.90,7671.90,8,1,0,0.2005763358048618770441113654
SECTOR_SHOCK_LAG,829,False,108,7268.54,7268.54,10,1,0,0.2276696439766320482659985252
SECTOR_SHOCK_LAG,830,False,94,6507.59,6507.59,9,0,0,0.3085256046531890793715559579
SECTOR_SHOCK_LAG,831,False,111,7193.91,7193.91,8,1,0,0.2355995741235424250731576699
SECTOR_SHOCK_LAG,832,False,104,4970.02,4970.02,10,1,0,0.4719025669469715806094453618
SECTOR_SHOCK_LAG,833,False,97,7911.42,7911.42,7,1,0,0.2009131692306384534139183397
SECTOR_SHOCK_LAG,834,False,93,7240.35,7240.35,9,1,0,0.2306650175642161769299917757
SECTOR_SHOCK_LAG,835,False,97,7150.37,7150.37,8,1,0,0.2402259865394137610799070892
SECTOR_SHOCK_LAG,836,False,90,6592.27,6592.27,8,1,0,0.2995277956643056449881948916
SECTOR_SHOCK_LAG,837,False,95,6485.71,6485.71,6,0,0,0.3108504990872557957663119821
SECTOR_SHOCK_LAG,838,False,95,7112.76,7112.76,11,2,0,0.2442222973102203974421910961
SECTOR_SHOCK_LAG,839,False,104,6818.24,6818.24,6,1,0,0.2755169914930965086205980547
SECTOR_SHOCK_LAG,840,False,104,6886.95,6886.95,8,1,0,0.2682161004252389179677787483
SECTOR_SHOCK_LAG,841,False,81,6493.51,6493.51,9,1,0,0.3100216975979632734683642221
SECTOR_SHOCK_LAG,842,False,96,7075.03,7075.03,5,0,0,0.2482313588731699956859819916
SECTOR_SHOCK_LAG,843,False,92,6848.88,6848.88,10,1,0,0.2722612892325935748758391615
SECTOR_SHOCK_LAG,844,False,96,5950.60,5950.60,13,1,0,0.3677094689507585658759050406
SECTOR_SHOCK_LAG,845,False,97,5658.73,5658.73,8,1,0,0.3987225831404776021710348755
SECTOR_SHOCK_LAG,846,False,103,5449.59,5449.59,10,0,0,0.4209450887136363346572905842
SECTOR_SHOCK_LAG,847,False,97,6319.30,6319.30,8,1,0,0.3285326600915081849459897696
SECTOR_SHOCK_LAG,848,False,91,5628.45,5628.45,10,1,0,0.4019400330245516502712731028
SECTOR_SHOCK_LAG,849,False,89,6349.06,6349.06,13,2,0,0.3253704636400536383322813930
SECTOR_SHOCK_LAG,850,False,86,5929.39,5929.39,10,1,0,0.3699631714620270784322476034
SECTOR_SHOCK_LAG,851,False,103,5595.97,5595.97,7,0,0,0.4053912474312466661991376214
SECTOR_SHOCK_LAG,852,False,102,6882.92,6882.92,5,0,0,0.2686443145280400544883850909
SECTOR_SHOCK_LAG,853,False,104,6598.81,6598.81,10,1,0,0.2988328774925142224460694621
SECTOR_SHOCK_LAG,854,False,105,8957.60,8957.60,5,1,0,0.1689575589883521513774043212
SECTOR_SHOCK_LAG,855,False,114,7243.52,7243.52,9,1,0,0.2303281841384396005601848015
SECTOR_SHOCK_LAG,856,False,102,9446.36,9446.36,6,2,0,0.1071400553313881335250177459
SECTOR_SHOCK_LAG,857,False,94,8033.60,8033.60,7,1,0,0.1879307376970794310596545810
SECTOR_SHOCK_LAG,858,False,90,8249.57,8249.57,7,1,0,0.1668413866097867406752067351
SECTOR_SHOCK_LAG,859,False,93,6707.94,6707.94,11,1,0,0.2872370946045023047056798404
SECTOR_SHOCK_LAG,860,False,94,7844.44,7844.44,6,1,0,0.2072556257557500759734698518
SECTOR_SHOCK_LAG,861,False,98,7026.45,7026.45,7,1,0,0.2533933045590457307160207328
SECTOR_SHOCK_LAG,862,False,97,6826.80,6826.80,6,0,0,0.2746074349868985610731066668
SECTOR_SHOCK_LAG,863,False,82,5389.38,5389.38,12,1,0,0.4273427986713674587033719470
SECTOR_SHOCK_LAG,864,False,94,5217.98,5217.98,11,0,0,0.4455551801155646794557111861
SECTOR_SHOCK_LAG,865,False,110,5973.87,5973.87,8,1,0,0.3652368778410358743536942233
SECTOR_SHOCK_LAG,866,False,85,7297.46,7297.46,8,1,0,0.2653758614753941588621193092
SECTOR_SHOCK_LAG,867,False,100,7176.55,7176.55,7,1,0,0.2374441887202242439311542230
SECTOR_SHOCK_LAG,868,False,105,5948.01,5948.01,8,1,0,0.3679846735478441598184287199
SECTOR_SHOCK_LAG,869,False,93,7685.97,7685.97,8,1,0,0.1837941682127002140007947994
SECTOR_SHOCK_LAG,870,False,96,5629.78,5629.78,11,0,0,0.4017987117449671560845717540
SECTOR_SHOCK_LAG,871,False,98,7045.47,7045.47,9,1,0,0.2513723040043862724971788872
SECTOR_SHOCK_LAG,872,False,81,6569.92,6569.92,10,1,0,0.3019026307009322954188528962
SECTOR_SHOCK_LAG,873,False,105,6980.70,6980.70,4,0,0,0.2582545440635499480405220174
SECTOR_SHOCK_LAG,874,False,113,7813.75,7813.75,7,1,0,0.1840640599797262404926906084
SECTOR_SHOCK_LAG,875,False,99,8176.67,8176.67,7,1,0,0.2206683965241340618285911012
SECTOR_SHOCK_LAG,876,False,100,7258.43,7258.43,9,1,0,0.2287438982146765867829538910
SECTOR_SHOCK_LAG,877,False,97,6466.17,6466.17,8,1,0,0.3129267530745347554716836783
SECTOR_SHOCK_LAG,878,False,104,6379.84,6379.84,10,2,0,0.3220998854553839157257644631
SECTOR_SHOCK_LAG,879,False,106,7162.52,7162.52,5,0,0,0.2389349688349388705773346169
SECTOR_SHOCK_LAG,880,False,89,5976.18,5976.18,12,1,0,0.3649914250922838581346866174
SECTOR_SHOCK_LAG,881,False,87,5625.67,5625.67,9,1,0,0.4022354263758636005261826891
SECTOR_SHOCK_LAG,882,False,90,6042.78,6042.78,8,0,0,0.3579147354529400138983634358
SECTOR_SHOCK_LAG,883,False,89,7028.60,7028.60,9,1,0,0.2531648528664843303390223118
SECTOR_SHOCK_LAG,884,False,101,6847.36,6847.36,7,0,0,0.2724227992664044253749264173
SECTOR_SHOCK_LAG,885,False,84,6955.55,6955.55,12,2,0,0.2784475485539539143869312881
SECTOR_SHOCK_LAG,886,False,103,6943.92,6943.92,5,0,0,0.2621626618553677647223833781
SECTOR_SHOCK_LAG,887,False,112,8173.55,8173.55,9,1,0,0.1823081109417079836892799834
SECTOR_SHOCK_LAG,888,False,96,6787.88,6787.88,7,0,0,0.2787429419052658646418408744
SECTOR_SHOCK_LAG,889,False,101,5863.46,5863.46,9,1,0,0.3769686691785727188301573235
SECTOR_SHOCK_LAG,890,False,102,6492.58,6492.58,6,0,0,0.3101205162370712280500426089
SECTOR_SHOCK_LAG,891,False,97,5536.07,5536.07,11,1,0,0.4117560178426084720513261886
SECTOR_SHOCK_LAG,892,False,101,9272.57,9272.57,9,1,0,0.1283654122012330016002244139
SECTOR_SHOCK_LAG,893,False,82,7976.32,7976.32,11,1,0,0.2313758742261863018240008161
SECTOR_SHOCK_LAG,894,False,87,5930.82,5930.82,9,0,0,0.3698112245223234493442905140
SECTOR_SHOCK_LAG,895,False,96,5666.05,5666.05,9,0,0,0.3979447848197569273991146700
SECTOR_SHOCK_LAG,896,False,93,5897.06,5897.06,8,1,0,0.3733984473785433920082285112
SECTOR_SHOCK_LAG,897,False,87,7108.22,7108.22,8,1,0,0.2447047022796291219592017154
SECTOR_SHOCK_LAG,898,False,93,8973.83,8973.83,6,1,0,0.1695185938426424741637074203
SECTOR_SHOCK_LAG,899,False,90,9813.70,9813.70,6,1,0,0.0941146593732135608924704447
SECTOR_SHOCK_LAG,900,False,106,6693.76,6693.76,7,1,0,0.2887438132093956337037438451
SECTOR_SHOCK_LAG,901,False,96,5766.41,5766.41,9,0,0,0.3872808723241931404988534913
SECTOR_SHOCK_LAG,902,False,99,6119.03,6119.03,6,0,0,0.3498126696120996516908612948
SECTOR_SHOCK_LAG,903,False,84,9405.06,9405.06,6,1,0,0.1059824591602753321050070236
SECTOR_SHOCK_LAG,904,False,92,5779.37,5779.37,10,1,0,0.3859037867727532572961095208
SECTOR_SHOCK_LAG,905,False,98,5843.16,5843.16,10,1,0,0.3791256781827571037850726476
SECTOR_SHOCK_LAG,906,False,99,7914.49,7914.49,8,1,0,0.2133214189156952241606895784
SECTOR_SHOCK_LAG,907,False,95,5914.13,5914.13,6,0,0,0.3715846471962070643638736056
SECTOR_SHOCK_LAG,908,False,96,6505.65,6505.65,11,1,0,0.3087317424595002964559173239
SECTOR_SHOCK_LAG,909,False,108,8373.50,8373.50,8,1,0,0.1637021074934280292163150636
SECTOR_SHOCK_LAG,910,False,84,10415.49,10415.49,5,2,0,0.1290433293168338083003406587
SECTOR_SHOCK_LAG,911,False,92,7099.97,7099.97,10,1,0,0.2455813192394577513128003077
SECTOR_SHOCK_LAG,912,False,101,5814.27,5814.27,11,2,0,0.3821954313911751767578560818
SECTOR_SHOCK_LAG,913,False,99,6078.49,6078.49,9,1,0,0.3541203122243969406599384987
SECTOR_SHOCK_LAG,914,False,102,6915.72,6915.72,6,1,0,0.2717289436606249163229265618
SECTOR_SHOCK_LAG,915,False,99,7224.38,7224.38,8,2,0,0.2961190838980871686653533351
SECTOR_SHOCK_LAG,916,False,105,6104.05,6104.05,8,0,0,0.3514043934979460598989712236
SECTOR_SHOCK_LAG,917,False,102,5792.35,5792.35,8,1,0,0.3845245760892895471131144022
SECTOR_SHOCK_LAG,918,False,93,6073.38,6073.38,9,1,0,0.3546632834564847341141068389
SECTOR_SHOCK_LAG,919,False,103,7644.92,7644.92,8,1,0,0.2009131692306384534139183397
SECTOR_SHOCK_LAG,920,False,82,8362.59,8362.59,7,1,0,0.2009131692306384534139183397
SECTOR_SHOCK_LAG,921,False,106,7573.09,7573.09,8,1,0,0.2854679221946663436465990450
SECTOR_SHOCK_LAG,922,False,113,6031.18,6031.18,8,1,0,0.3591473120267596624440293353
SECTOR_SHOCK_LAG,923,False,97,5850.19,5850.19,8,0,0,0.3783786942763819202267940896
SECTOR_SHOCK_LAG,924,False,95,6878.01,6878.01,11,1,0,0.2691660344398895781400419501
SECTOR_SHOCK_LAG,925,False,87,8755.41,8755.41,8,1,0,0.1852029359239347411151262248
SECTOR_SHOCK_LAG,926,False,84,4898.91,4898.91,13,0,0,0.4794584738576884088924024405
SECTOR_SHOCK_LAG,927,False,110,6702.84,6702.84,7,0,0,0.2877790032705781846697226065
SECTOR_SHOCK_LAG,928,False,108,8614.45,8614.45,8,1,0,0.1549564502569626126510556607
SECTOR_SHOCK_LAG,929,False,104,6287.69,6287.69,11,1,0,0.3318914312551667272329293457
SECTOR_SHOCK_LAG,930,False,98,7253.00,7253.00,6,1,0,0.2293208715591456119211406009
SECTOR_SHOCK_LAG,931,False,101,6924.89,6924.89,6,0,0,0.2641847249760391364313507977
SECTOR_SHOCK_LAG,932,False,96,5900.23,5900.23,14,2,0,0.3730616139527668156384215369
SECTOR_SHOCK_LAG,933,False,91,8048.41,8048.41,8,1,0,0.1984605410314912873872519094
SECTOR_SHOCK_LAG,934,False,90,8310.04,8310.04,5,1,0,0.1883855159501784048334002750
SECTOR_SHOCK_LAG,935,False,86,6494.10,6494.10,6,0,0,0.3099590062032603775509553531
SECTOR_SHOCK_LAG,936,False,100,6992.98,6992.98,5,0,0,0.2569497130009201821663170824
SECTOR_SHOCK_LAG,937,False,103,5478.91,5478.91,7,0,0,0.4178296451667059816091074658
SECTOR_SHOCK_LAG,938,False,94,6719.91,6719.91,8,1,0,0.2859652030882418570253677010
SECTOR_SHOCK_LAG,939,False,90,5799.86,5799.86,8,0,0,0.3837265890143425160288082897
SECTOR_SHOCK_LAG,940,False,93,5298.34,5298.34,8,0,0,0.4370163996438278728065981099
SECTOR_SHOCK_LAG,941,False,84,5683.99,5683.99,9,1,0,0.3960385413943841261138348220
SECTOR_SHOCK_LAG,942,False,88,5643.63,5643.63,8,0,0,0.4003270578184669722606516930
SECTOR_SHOCK_LAG,943,False,78,7507.03,7507.03,7,0,0,0.2023285071585072222611829760
SECTOR_SHOCK_LAG,944,False,98,5460.94,5460.94,10,1,0,0.4197390762901145233647640360
SECTOR_SHOCK_LAG,945,False,93,6461.22,6461.22,7,1,0,0.3134527232504319330838428337
SECTOR_SHOCK_LAG,946,False,104,5921.10,5921.10,8,0,0,0.3708440386859033617463484919
SECTOR_SHOCK_LAG,947,False,102,8070.66,8070.66,9,1,0,0.1690213129490669607849387643
SECTOR_SHOCK_LAG,948,False,100,6596.55,6596.55,9,1,0,0.2990730174112066712144491977
SECTOR_SHOCK_LAG,949,False,91,6499.05,6499.05,11,2,0,0.3094330360273631999387961977
SECTOR_SHOCK_LAG,950,False,107,5654.95,5654.95,11,1,0,0.3991242330929809014385018669
SECTOR_SHOCK_LAG,951,False,100,6223.94,6223.94,11,1,0,0.3386652895811152267834639227
SECTOR_SHOCK_LAG,952,False,98,8741.81,8741.81,9,2,0,0.1471313350679860954605366497
SECTOR_SHOCK_LAG,953,False,91,9649.33,9649.33,9,2,0,0.1492660856555713523702660028
SECTOR_SHOCK_LAG,954,False,84,8108.27,8108.27,9,1,0,0.2216182850252908034402020576
SECTOR_SHOCK_LAG,955,False,80,6326.74,6326.74,7,0,0,0.3277421109786445482925626755
SECTOR_SHOCK_LAG,956,False,92,5148.48,5148.48,10,0,0,0.4529400138983634358284508425
SECTOR_SHOCK_LAG,957,False,87,6208.46,6208.46,8,0,0,0.3403101417675573094978525541
SECTOR_SHOCK_LAG,958,False,88,7093.65,7093.65,10,1,0,0.2462528609589870770721631081
SECTOR_SHOCK_LAG,959,False,97,6806.95,6806.95,12,1,0,0.2767166285205468389723711586
SECTOR_SHOCK_LAG,960,False,83,6391.52,6391.52,11,2,0,0.3208588083534689592590939712
SECTOR_SHOCK_LAG,961,False,104,6631.70,6631.70,10,1,0,0.2953380978793307534230564074
SECTOR_SHOCK_LAG,962,False,90,5968.72,5968.72,13,1,0,0.3657840993371713217683648597
SECTOR_SHOCK_LAG,963,False,93,7782.53,7782.53,7,1,0,0.2009131692306384534139183397
SECTOR_SHOCK_LAG,964,False,95,6051.82,6051.82,8,0,0,0.3569541757781702188248444935
SECTOR_SHOCK_LAG,965,False,101,9636.15,9636.15,5,1,0,0.1508291202590960963449854322
SECTOR_SHOCK_LAG,966,False,94,7218.60,7218.60,8,1,0,0.2329760986401280179531153373
SECTOR_SHOCK_LAG,967,False,110,6056.50,6056.50,13,2,0,0.3564568948845947054460758375
SECTOR_SHOCK_LAG,968,False,101,7514.87,7514.87,8,1,0,0.2515956774047697533858038738
SECTOR_SHOCK_LAG,969,False,96,5819.62,5819.62,9,0,0,0.3816269585748014595406739644
SECTOR_SHOCK_LAG,970,False,83,6711.34,6711.34,12,1,0,0.2868758221604517180629846629
SECTOR_SHOCK_LAG,971,False,101,6864.71,6864.71,12,1,0,0.2784475485539539143869312881
SECTOR_SHOCK_LAG,972,False,94,8197.52,8197.52,7,1,0,0.1727987351214194181813545166
SECTOR_SHOCK_LAG,973,False,98,6995.13,6995.13,7,1,0,0.2567212613083587817893186614
SECTOR_SHOCK_LAG,974,False,92,7906.59,7906.59,10,1,0,0.2081302311233876597317298149
SECTOR_SHOCK_LAG,975,False,92,5940.75,5940.75,10,1,0,0.3687560964724933536495954811
SECTOR_SHOCK_LAG,976,False,87,5603.19,5603.19,10,1,0,0.4046240747706451263284731564
SECTOR_SHOCK_LAG,977,False,101,7076.58,7076.58,9,1,0,0.2480666611413234047165180137
SECTOR_SHOCK_LAG,978,False,89,6260.12,6260.12,10,1,0,0.3348209257500122195091370051
SECTOR_SHOCK_LAG,979,False,100,6341.58,6341.58,9,0,0,0.3261652630169649289462107833
SECTOR_SHOCK_LAG,980,False,89,6578.65,6578.65,9,1,0,0.3009750105725318185392267495
SECTOR_SHOCK_LAG,981,False,85,5988.75,5988.75,9,0,0,0.3636557796153086010468400349
SECTOR_SHOCK_LAG,982,False,94,5837.58,5837.58,9,0,0,0.3797185900174048312751429683
SECTOR_SHOCK_LAG,983,False,98,9093.34,9093.34,7,1,0,0.1373459366746607571111988100
SECTOR_SHOCK_LAG,984,False,99,7584.86,7584.86,9,1,0,0.2701180727297221874729356518
SECTOR_SHOCK_LAG,985,False,93,7786.32,7786.32,8,1,0,0.1869786785504049439071402311
SECTOR_SHOCK_LAG,986,False,103,5328.56,5328.56,12,1,0,0.4338053251558253056471133269
SECTOR_SHOCK_LAG,987,False,93,9778.92,9778.92,7,2,0,0.1038749318439030648479489024
SECTOR_SHOCK_LAG,988,False,87,7560.58,7560.58,5,1,0,0.2032083118163715920851582905
SECTOR_SHOCK_LAG,989,False,87,6530.90,6530.90,8,0,0,0.3060487632794187338888428444
SECTOR_SHOCK_LAG,990,False,96,7236.15,7236.15,9,2,0,0.2673256701072554132425476933
SECTOR_SHOCK_LAG,991,False,94,6744.83,6744.83,8,1,0,0.2833172885865534396324371652
SECTOR_SHOCK_LAG,992,False,99,9892.25,9892.25,7,2,0,0.0921861020615905763145535416
SECTOR_SHOCK_LAG,993,False,89,8480.77,8480.77,6,1,0,0.1697192378557988083419976229
SECTOR_SHOCK_LAG,994,False,96,4729.94,4729.94,11,0,0,0.4974126517609906515442271851
SECTOR_SHOCK_LAG,995,False,90,7462.04,7462.04,8,1,0,0.2071089916461060143361406327
SECTOR_SHOCK_LAG,996,False,94,5723.33,5723.33,11,1,0,0.3918584067035164559598265042
SECTOR_SHOCK_LAG,997,False,96,6831.07,6831.07,8,1,0,0.2741537192998115007894865469
SECTOR_SHOCK_LAG,998,False,111,6653.00,6653.00,9,1,0,0.2930748322739550194555836781
